WKT,Name,OBJECTID,UKATEGORIE,UTYP1,UART,UMONAT,USTUNDE,UWOCHENTAG,STRZUSTAND,ULICHTVERH,ISTRAD,ISTPKW,ISTFUSS,ISTKRAD,ISTGKFZ,ISTSONSTIG
"POINT (9.143812388000001 48.754455587999999)",Unfall 22562 (2016) Kat:2, Licht: 2,22562,2,1,9,01,22,3,,2,0,1,0,0,0,0
"POINT (9.181311273000000 48.791950491000001)",Unfall 22604 (2016) Kat:3, Licht: 2,22604,3,6,3,01,18,2,,2,0,1,0,0,0,0
"POINT (9.172121151000001 48.752873274999999)",Unfall 22628 (2016) Kat:3, Licht: 0,22628,3,6,2,01,11,3,,0,0,1,0,0,0,0
"POINT (9.207360960999999 48.803223047000003)",Unfall 22672 (2016) Kat:3, Licht: 2,22672,3,6,2,01,17,7,,2,0,1,0,0,0,1
"POINT (9.212111266999999 48.800460598000001)",Unfall 22695 (2016) Kat:3, Licht: 2,22695,3,6,2,01,06,2,,2,0,1,0,0,1,0
"POINT (9.175091895000000 48.805399319000003)",Unfall 22735 (2016) Kat:3, Licht: 2,22735,3,7,2,01,05,1,,2,0,1,0,0,0,0
"POINT (9.229369341000000 48.785419638999997)",Unfall 22776 (2016) Kat:3, Licht: 2,22776,3,1,8,01,04,3,,2,0,1,0,0,0,0
"POINT (9.174165505000000 48.821347428999999)",Unfall 22791 (2016) Kat:3, Licht: 0,22791,3,6,2,01,15,6,,0,0,1,0,0,0,0
"POINT (9.097543097000001 48.818644726000002)",Unfall 22817 (2016) Kat:3, Licht: 0,22817,3,3,5,01,15,7,,0,0,1,0,0,0,0
"POINT (9.210118995000000 48.805713480999998)",Unfall 22820 (2016) Kat:3, Licht: 2,22820,3,3,0,01,07,2,,2,1,1,0,0,0,0
"POINT (9.173354943000000 48.799705560000000)",Unfall 22886 (2016) Kat:2, Licht: 2,22886,2,4,6,01,19,7,,2,0,1,1,0,0,0
"POINT (9.177702570999999 48.815761576000000)",Unfall 22894 (2016) Kat:3, Licht: 2,22894,3,6,2,01,22,4,,2,0,1,0,1,0,0
"POINT (9.171635364000000 48.775270990000003)",Unfall 22918 (2016) Kat:3, Licht: 2,22918,3,7,2,01,22,1,,2,0,1,0,0,0,0
"POINT (9.131212507000001 48.728477716000000)",Unfall 22919 (2016) Kat:3, Licht: 0,22919,3,7,2,01,16,4,,0,0,1,0,0,0,0
"POINT (9.164107869000000 48.747134895999999)",Unfall 22960 (2016) Kat:3, Licht: 2,22960,3,3,5,01,18,4,,2,0,1,0,0,0,0
"POINT (9.107710761000000 48.739930520000001)",Unfall 22986 (2016) Kat:3, Licht: 0,22986,3,1,9,01,11,6,,0,0,1,0,0,0,0
"POINT (9.215387793000000 48.794782865999998)",Unfall 23044 (2016) Kat:3, Licht: 2,23044,3,6,2,01,00,6,,2,0,1,0,0,0,0
"POINT (9.090435769999999 48.781357651999997)",Unfall 23101 (2016) Kat:3, Licht: 0,23101,3,3,5,01,07,6,,0,0,1,0,0,0,0
"POINT (9.184657549000001 48.808906469999997)",Unfall 23107 (2016) Kat:3, Licht: 2,23107,3,6,2,01,21,5,,2,0,1,0,0,0,0
"POINT (9.180548557000000 48.758327491999999)",Unfall 23130 (2016) Kat:3, Licht: 0,23130,3,1,4,01,14,2,,0,0,1,0,1,0,0
"POINT (9.191958570000001 48.756140008999999)",Unfall 23167 (2016) Kat:3, Licht: 2,23167,3,6,2,01,22,3,,2,1,0,0,0,0,1
"POINT (9.201919479000001 48.795108814000002)",Unfall 23187 (2016) Kat:3, Licht: 0,23187,3,6,2,01,13,6,,0,0,1,0,0,0,0
"POINT (9.178254097000000 48.814924574000003)",Unfall 23192 (2016) Kat:3, Licht: 2,23192,3,6,2,01,20,4,,2,0,1,0,0,0,0
"POINT (9.209149267000001 48.799236774999997)",Unfall 23217 (2016) Kat:3, Licht: 0,23217,3,1,9,01,10,1,,0,0,1,0,0,0,0
"POINT (9.110045828000001 48.729845949999998)",Unfall 23250 (2016) Kat:3, Licht: 0,23250,3,3,5,01,15,6,,0,0,1,0,0,0,0
"POINT (9.203268749999999 48.777420216000003)",Unfall 23257 (2016) Kat:3, Licht: 0,23257,3,2,6,01,09,5,,0,0,1,1,0,0,0
"POINT (9.177402419000000 48.751848604000003)",Unfall 23271 (2016) Kat:3, Licht: 0,23271,3,3,5,01,11,7,,0,0,1,0,0,0,0
"POINT (9.156389584999999 48.847805409999999)",Unfall 23286 (2016) Kat:3, Licht: 0,23286,3,1,1,01,10,1,,0,0,1,0,0,0,0
"POINT (9.146255596000000 48.783671927999997)",Unfall 23321 (2016) Kat:3, Licht: 2,23321,3,6,8,01,18,6,,2,0,1,0,0,0,0
"POINT (9.177715677000000 48.815741590999998)",Unfall 23352 (2016) Kat:3, Licht: 2,23352,3,6,2,01,03,1,,2,0,1,0,0,0,0
"POINT (9.199897453000000 48.744589587999997)",Unfall 23387 (2016) Kat:3, Licht: 0,23387,3,1,2,01,09,6,,0,0,1,0,0,0,1
"POINT (9.180329406000000 48.786120992999997)",Unfall 23393 (2016) Kat:2, Licht: 2,23393,2,4,6,01,07,4,,2,0,0,1,0,0,1
"POINT (9.127713721999999 48.758435450999997)",Unfall 23408 (2016) Kat:3, Licht: 2,23408,3,1,8,01,20,7,,2,0,1,0,0,0,0
"POINT (9.207254767000000 48.801819064000000)",Unfall 23432 (2016) Kat:3, Licht: 0,23432,3,6,2,01,10,5,,0,0,1,0,0,0,0
"POINT (9.186854523999999 48.773459480000000)",Unfall 23436 (2016) Kat:2, Licht: 0,23436,2,6,0,01,14,3,,0,0,1,0,0,0,1
"POINT (9.092215107000000 48.784637525000001)",Unfall 23441 (2016) Kat:3, Licht: 0,23441,3,1,8,01,12,3,,0,0,1,0,0,0,0
"POINT (9.199085039000000 48.761095695000002)",Unfall 23449 (2016) Kat:3, Licht: 0,23449,3,6,2,01,08,3,,0,0,1,0,0,0,0
"POINT (9.147447378000001 48.754672351000004)",Unfall 23453 (2016) Kat:3, Licht: 0,23453,3,6,2,01,15,6,,0,0,1,0,0,0,0
"POINT (9.146152678000000 48.709193059000000)",Unfall 23456 (2016) Kat:3, Licht: 0,23456,3,6,2,01,09,3,,0,0,1,0,0,0,0
"POINT (9.182431900999999 48.798201177000003)",Unfall 23486 (2016) Kat:3, Licht: 2,23486,3,6,2,01,02,1,,2,0,1,0,0,0,0
"POINT (9.215392938999999 48.794777625000002)",Unfall 23489 (2016) Kat:3, Licht: 2,23489,3,6,3,01,20,3,,2,0,1,0,0,1,0
"POINT (9.169565247000000 48.749275935999997)",Unfall 23529 (2016) Kat:3, Licht: 0,23529,3,6,2,01,14,6,,0,0,1,0,0,0,0
"POINT (9.143628646000000 48.834592663999999)",Unfall 23576 (2016) Kat:3, Licht: 2,23576,3,3,5,01,00,2,,2,0,1,0,0,1,0
"POINT (9.153461745000000 48.834251276000003)",Unfall 23599 (2016) Kat:3, Licht: 0,23599,3,6,2,01,15,4,,0,0,1,0,0,0,0
"POINT (9.183090311999999 48.775783003999997)",Unfall 23607 (2016) Kat:3, Licht: 2,23607,3,6,2,01,17,6,,2,0,1,0,0,0,0
"POINT (9.200896716999999 48.794673256999999)",Unfall 23671 (2016) Kat:3, Licht: 0,23671,3,6,2,01,13,4,,0,0,1,0,0,0,0
"POINT (9.192062457000001 48.807225893999998)",Unfall 23676 (2016) Kat:3, Licht: 0,23676,3,3,3,01,08,6,,0,0,1,0,0,0,0
"POINT (9.081881394000000 48.718473783999997)",Unfall 23678 (2016) Kat:3, Licht: 2,23678,3,6,2,01,18,5,,2,0,1,0,0,0,0
"POINT (9.211403847000000 48.804654112000001)",Unfall 23689 (2016) Kat:3, Licht: 2,23689,3,6,2,01,20,5,,2,0,1,0,0,0,0
"POINT (9.091134995999999 48.755539239999997)",Unfall 23755 (2016) Kat:3, Licht: 1,23755,3,6,2,01,07,6,,1,0,1,0,0,0,0
"POINT (9.183590307999999 48.767761907000001)",Unfall 23817 (2016) Kat:3, Licht: 0,23817,3,6,2,01,13,4,,0,0,1,0,0,0,0
"POINT (9.177644237000001 48.815849833000001)",Unfall 23825 (2016) Kat:3, Licht: 2,23825,3,2,2,01,17,6,,2,0,1,1,0,0,0
"POINT (9.203949072000000 48.808153126999997)",Unfall 23837 (2016) Kat:3, Licht: 2,23837,3,1,9,01,23,5,,2,0,1,0,0,0,0
"POINT (9.173383887000000 48.754279462000000)",Unfall 23866 (2016) Kat:3, Licht: 0,23866,3,6,2,01,09,4,,0,0,1,0,0,0,0
"POINT (9.171619137000000 48.767219910999998)",Unfall 23899 (2016) Kat:3, Licht: 2,23899,3,6,2,01,21,5,,2,0,1,0,0,0,0
"POINT (9.085187600999999 48.830176762000001)",Unfall 23908 (2016) Kat:3, Licht: 2,23908,3,6,2,01,07,5,,2,0,1,0,0,0,0
"POINT (9.116433649999999 48.762355141000000)",Unfall 23916 (2016) Kat:3, Licht: 2,23916,3,6,2,01,17,3,,2,0,1,0,0,0,0
"POINT (9.179672904000000 48.761525908000003)",Unfall 23919 (2016) Kat:3, Licht: 2,23919,3,6,2,01,18,6,,2,0,1,0,0,0,0
"POINT (9.144238268000001 48.754526810000002)",Unfall 23925 (2016) Kat:2, Licht: 2,23925,2,1,8,01,23,7,,2,0,1,0,0,0,0
"POINT (9.112510968000001 48.745056597999998)",Unfall 23926 (2016) Kat:3, Licht: 0,23926,3,6,2,01,09,6,,0,0,1,0,0,0,0
"POINT (9.140352339000000 48.710126615999997)",Unfall 23983 (2016) Kat:3, Licht: 2,23983,3,1,9,01,19,3,,2,0,0,0,1,0,0
"POINT (9.213798008000000 48.744027518000003)",Unfall 24003 (2016) Kat:3, Licht: 0,24003,3,2,5,01,15,3,,0,1,1,0,0,0,0
"POINT (9.148129221000000 48.754672632000002)",Unfall 24012 (2016) Kat:3, Licht: 0,24012,3,6,2,01,09,6,,0,0,1,0,0,0,0
"POINT (9.146194048000000 48.783632849999996)",Unfall 24028 (2016) Kat:3, Licht: 0,24028,3,2,2,01,13,2,,0,0,1,0,0,0,0
"POINT (9.232446131000000 48.829819375000000)",Unfall 24031 (2016) Kat:3, Licht: 2,24031,3,4,6,01,07,4,,2,0,1,1,0,0,0
"POINT (9.211958650000000 48.692816331000003)",Unfall 24061 (2016) Kat:3, Licht: 0,24061,3,6,0,01,13,4,,0,0,1,0,0,1,0
"POINT (9.243474778000000 48.790839357999999)",Unfall 24064 (2016) Kat:3, Licht: 1,24064,3,6,2,01,16,5,,1,0,1,0,0,0,0
"POINT (9.187038611000000 48.770493584999997)",Unfall 24066 (2016) Kat:3, Licht: 0,24066,3,6,2,01,15,2,,0,0,1,0,0,0,0
"POINT (9.111898273000000 48.729833331999998)",Unfall 24082 (2016) Kat:3, Licht: 2,24082,3,6,2,01,18,3,,2,0,1,0,0,0,0
"POINT (9.146839367000000 48.766029142999997)",Unfall 24085 (2016) Kat:3, Licht: 2,24085,3,2,0,01,18,6,,2,1,0,0,0,0,1
"POINT (9.208673782000000 48.806434428999999)",Unfall 24092 (2016) Kat:3, Licht: 0,24092,3,6,2,01,15,6,,0,0,1,0,0,0,0
"POINT (9.135469497000001 48.728216979000003)",Unfall 24110 (2016) Kat:3, Licht: 2,24110,3,6,2,01,17,4,,2,0,1,0,0,0,0
"POINT (9.187902951000000 48.782852816999998)",Unfall 24169 (2016) Kat:3, Licht: 2,24169,3,6,2,01,06,5,,2,0,1,0,0,0,0
"POINT (9.200079314000000 48.761759030000000)",Unfall 24177 (2016) Kat:3, Licht: 0,24177,3,2,6,01,07,6,,0,0,1,1,0,0,0
"POINT (9.215795824000001 48.785712470999997)",Unfall 24195 (2016) Kat:3, Licht: 2,24195,3,6,2,01,18,7,,2,0,1,0,0,0,0
"POINT (9.147336695000000 48.728263265000002)",Unfall 24246 (2016) Kat:3, Licht: 2,24246,3,2,5,01,06,3,,2,1,1,0,0,0,0
"POINT (9.166779292999999 48.723777325000000)",Unfall 24254 (2016) Kat:3, Licht: 0,24254,3,2,5,01,15,6,,0,0,1,0,0,0,0
"POINT (9.173231867000000 48.801445106000003)",Unfall 24279 (2016) Kat:3, Licht: 0,24279,3,2,3,02,17,5,,0,1,1,0,0,0,0
"POINT (9.154843413000000 48.769749816999997)",Unfall 24280 (2016) Kat:3, Licht: 0,24280,3,6,3,02,10,2,,0,0,1,0,0,0,0
"POINT (9.117705190000001 48.758332672000002)",Unfall 24301 (2016) Kat:3, Licht: 2,24301,3,1,9,02,00,7,,2,0,1,0,0,0,0
"POINT (9.164500806000000 48.797147088999999)",Unfall 24319 (2016) Kat:2, Licht: 2,24319,2,2,5,02,22,7,,2,0,1,0,0,0,0
"POINT (9.194112837000001 48.768201462999997)",Unfall 24321 (2016) Kat:3, Licht: 0,24321,3,6,2,02,09,5,,0,0,1,0,0,0,0
"POINT (9.209275835000000 48.800081605000003)",Unfall 24326 (2016) Kat:3, Licht: 0,24326,3,6,2,02,14,4,,0,0,1,0,0,0,0
"POINT (9.093758383999999 48.735621940000001)",Unfall 24360 (2016) Kat:3, Licht: 2,24360,3,6,2,02,17,3,,2,0,1,0,0,0,1
"POINT (9.241355794000000 48.755308143000001)",Unfall 24366 (2016) Kat:2, Licht: 0,24366,2,1,8,02,16,5,,0,0,0,0,1,0,0
"POINT (9.144852923000000 48.754400553000004)",Unfall 24367 (2016) Kat:3, Licht: 0,24367,3,3,5,02,13,2,,0,0,1,0,0,0,0
"POINT (9.147298028000000 48.841945610000003)",Unfall 24371 (2016) Kat:3, Licht: 1,24371,3,2,5,02,07,2,,1,1,0,0,1,0,0
"POINT (9.201585621000000 48.794967051000000)",Unfall 24389 (2016) Kat:3, Licht: 2,24389,3,6,2,02,18,7,,2,0,1,0,0,0,0
"POINT (9.254955080000000 48.759630702999999)",Unfall 24399 (2016) Kat:3, Licht: 2,24399,3,2,6,02,17,3,,2,0,1,1,0,0,0
"POINT (9.176301283999999 48.817844545000000)",Unfall 24409 (2016) Kat:3, Licht: 0,24409,3,6,2,02,16,7,,0,0,1,0,0,0,1
"POINT (9.203812046000000 48.778247196999999)",Unfall 24410 (2016) Kat:3, Licht: 1,24410,3,3,5,02,17,5,,1,0,1,0,0,0,0
"POINT (9.164209288000000 48.747038603999997)",Unfall 24415 (2016) Kat:3, Licht: 0,24415,3,6,2,02,07,4,,0,0,1,0,0,0,0
"POINT (9.186903887000000 48.773398540000002)",Unfall 24425 (2016) Kat:3, Licht: 2,24425,3,6,2,02,20,6,,2,0,1,0,0,0,0
"POINT (9.137947660000000 48.778753207999998)",Unfall 24442 (2016) Kat:3, Licht: 0,24442,3,6,2,02,09,2,,0,0,1,0,0,0,0
"POINT (9.136709263000000 48.775421199999997)",Unfall 24460 (2016) Kat:3, Licht: 0,24460,3,6,4,02,12,5,,0,0,0,0,0,1,1
"POINT (9.177291951000001 48.807505620000001)",Unfall 24465 (2016) Kat:3, Licht: 0,24465,3,1,0,02,12,3,,0,0,0,0,1,0,0
"POINT (9.163941578999999 48.712208779999997)",Unfall 24496 (2016) Kat:3, Licht: 2,24496,3,6,2,02,17,5,,2,0,1,0,0,0,0
"POINT (9.193853652000000 48.779353051000001)",Unfall 24504 (2016) Kat:3, Licht: 0,24504,3,6,2,02,07,5,,0,0,1,0,0,0,0
"POINT (9.166779262000000 48.828252984000002)",Unfall 24509 (2016) Kat:3, Licht: 0,24509,3,6,4,02,14,4,,0,0,1,0,0,0,0
"POINT (9.170286601999999 48.747576156000001)",Unfall 24525 (2016) Kat:3, Licht: 0,24525,3,2,6,02,15,2,,0,0,1,1,0,0,0
"POINT (9.106357435000000 48.721766273000000)",Unfall 24532 (2016) Kat:3, Licht: 2,24532,3,2,5,02,19,4,,2,1,1,0,0,0,0
"POINT (9.086999074000000 48.802824944000001)",Unfall 24548 (2016) Kat:3, Licht: 1,24548,3,2,5,02,17,5,,1,0,1,0,0,0,1
"POINT (9.174189469000000 48.754774955000002)",Unfall 24573 (2016) Kat:3, Licht: 0,24573,3,6,2,02,11,7,,0,0,1,0,0,0,0
"POINT (9.242106072000000 48.818732349999998)",Unfall 24592 (2016) Kat:3, Licht: 0,24592,3,2,5,02,11,7,,0,0,1,0,1,0,0
"POINT (9.188657193999999 48.783979649999999)",Unfall 24594 (2016) Kat:3, Licht: 1,24594,3,6,2,02,17,5,,1,0,1,0,0,0,1
"POINT (9.176031825000001 48.818245349000001)",Unfall 24599 (2016) Kat:3, Licht: 2,24599,3,6,2,02,19,4,,2,0,1,0,0,0,0
"POINT (9.232654026000001 48.695382899999998)",Unfall 24629 (2016) Kat:3, Licht: 2,24629,3,7,2,02,19,5,,2,0,1,0,0,0,0
"POINT (9.264380654000000 48.765369669000002)",Unfall 24630 (2016) Kat:3, Licht: 2,24630,3,5,1,02,06,4,,2,1,1,0,0,0,0
"POINT (9.237562436999999 48.792729113999997)",Unfall 24642 (2016) Kat:3, Licht: 2,24642,3,2,3,02,18,5,,2,0,1,0,0,0,1
"POINT (9.174795221000000 48.721577756000002)",Unfall 24647 (2016) Kat:3, Licht: 2,24647,3,7,6,02,20,2,,2,1,0,1,0,0,0
"POINT (9.169991374000000 48.748279445000001)",Unfall 24660 (2016) Kat:3, Licht: 0,24660,3,2,0,02,14,5,,0,0,1,0,0,0,1
"POINT (9.248045775000000 48.782280339000003)",Unfall 24665 (2016) Kat:3, Licht: 2,24665,3,3,5,02,05,2,,2,0,1,0,1,0,0
"POINT (9.182759293000000 48.798524260999997)",Unfall 24668 (2016) Kat:3, Licht: 1,24668,3,6,2,02,17,3,,1,0,1,0,0,0,0
"POINT (9.179855305000000 48.810708142999999)",Unfall 24678 (2016) Kat:3, Licht: 0,24678,3,6,2,02,07,5,,0,0,1,0,0,0,0
"POINT (9.207747040999999 48.801880359000002)",Unfall 24685 (2016) Kat:3, Licht: 0,24685,3,6,2,02,15,4,,0,0,1,0,0,1,0
"POINT (9.084885535000000 48.716419735999999)",Unfall 24696 (2016) Kat:3, Licht: 2,24696,3,6,2,02,17,5,,2,0,1,0,0,0,0
"POINT (9.206724711000000 48.702634756000002)",Unfall 24737 (2016) Kat:3, Licht: 0,24737,3,6,2,02,09,4,,0,0,1,0,0,0,0
"POINT (9.173371067000000 48.822403035999997)",Unfall 24747 (2016) Kat:2, Licht: 0,24747,2,7,5,02,16,7,,0,0,1,0,0,0,1
"POINT (9.233094173000000 48.786917224000000)",Unfall 24748 (2016) Kat:3, Licht: 1,24748,3,6,2,02,06,2,,1,0,1,0,0,0,0
"POINT (9.220544963000000 48.788144715000001)",Unfall 24767 (2016) Kat:3, Licht: 0,24767,3,6,2,02,13,5,,0,0,1,0,0,0,0
"POINT (9.173316914000001 48.801725859999998)",Unfall 24769 (2016) Kat:3, Licht: 2,24769,3,7,3,02,03,1,,2,0,1,0,0,0,0
"POINT (9.181443396000001 48.792380885999997)",Unfall 24775 (2016) Kat:3, Licht: 0,24775,3,6,2,02,15,4,,0,0,1,0,0,0,0
"POINT (9.209859166999999 48.805739549999998)",Unfall 24800 (2016) Kat:3, Licht: 2,24800,3,6,2,02,20,7,,2,0,1,0,0,0,0
"POINT (9.143770758000001 48.834651436999998)",Unfall 24846 (2016) Kat:3, Licht: 0,24846,3,6,2,02,17,4,,0,0,1,0,0,0,0
"POINT (9.139266846000000 48.753816639000000)",Unfall 24877 (2016) Kat:3, Licht: 2,24877,3,6,3,02,18,5,,2,0,1,0,1,0,0
"POINT (9.178209992999999 48.771788686999997)",Unfall 24892 (2016) Kat:3, Licht: 0,24892,3,3,5,02,16,6,,0,0,1,0,0,0,1
"POINT (9.214248060999999 48.801455826000002)",Unfall 24901 (2016) Kat:3, Licht: 2,24901,3,3,5,02,06,4,,2,1,1,0,0,0,0
"POINT (9.095977999000001 48.823368815000002)",Unfall 24908 (2016) Kat:2, Licht: 2,24908,2,3,5,02,18,7,,2,0,1,0,0,0,1
"POINT (9.179695957000000 48.773544774999998)",Unfall 24910 (2016) Kat:3, Licht: 0,24910,3,7,5,02,13,2,,0,0,1,0,1,0,0
"POINT (9.182268084000000 48.794287160000003)",Unfall 24914 (2016) Kat:2, Licht: 0,24914,2,3,5,02,14,6,,0,0,1,0,1,0,0
"POINT (9.118301072000000 48.764872660000002)",Unfall 24931 (2016) Kat:3, Licht: 0,24931,3,1,8,02,08,1,,0,0,1,0,0,0,0
"POINT (9.227490390000000 48.815724705000001)",Unfall 24957 (2016) Kat:3, Licht: 1,24957,3,6,2,02,17,4,,1,0,1,0,0,0,0
"POINT (9.248849012999999 48.780625544999999)",Unfall 25003 (2016) Kat:3, Licht: 0,25003,3,6,3,02,08,2,,0,0,1,0,0,0,1
"POINT (9.233511957999999 48.783260275000004)",Unfall 25023 (2016) Kat:3, Licht: 2,25023,3,6,2,02,05,3,,2,0,1,0,0,0,0
"POINT (9.090293361000001 48.731729274000003)",Unfall 25050 (2016) Kat:3, Licht: 2,25050,3,6,1,02,05,1,,2,0,1,0,0,0,0
"POINT (9.168580831000000 48.828190493999998)",Unfall 25059 (2016) Kat:3, Licht: 0,25059,3,6,2,02,11,7,,0,0,1,0,0,0,1
"POINT (9.145981567000000 48.783497939999997)",Unfall 25065 (2016) Kat:3, Licht: 2,25065,3,6,2,02,18,2,,2,0,1,0,0,0,0
"POINT (9.220283500000001 48.740465221000001)",Unfall 25085 (2016) Kat:3, Licht: 0,25085,3,1,5,02,14,3,,0,0,1,0,0,0,1
"POINT (9.238991235000000 48.789281981000002)",Unfall 25098 (2016) Kat:3, Licht: 2,25098,3,6,2,02,18,4,,2,0,1,0,0,0,0
"POINT (9.177371387999999 48.782919872000001)",Unfall 25110 (2016) Kat:3, Licht: 0,25110,3,6,3,02,16,2,,0,0,1,0,1,0,0
"POINT (9.217835473999999 48.786714099000001)",Unfall 25130 (2016) Kat:3, Licht: 2,25130,3,6,2,02,00,1,,2,0,1,0,0,0,1
"POINT (9.253333947000000 48.757875349999999)",Unfall 25131 (2016) Kat:3, Licht: 0,25131,3,6,2,02,11,3,,0,0,1,0,0,0,0
"POINT (9.138586116000001 48.709896135000001)",Unfall 25138 (2016) Kat:3, Licht: 0,25138,3,6,2,02,16,3,,0,0,1,0,0,0,0
"POINT (9.201937726000001 48.795116561999997)",Unfall 25186 (2016) Kat:3, Licht: 0,25186,3,6,2,02,12,7,,0,0,1,0,0,0,0
"POINT (9.214249748000000 48.801457221000000)",Unfall 25192 (2016) Kat:3, Licht: 0,25192,3,3,5,02,08,2,,0,1,1,0,0,0,0
"POINT (9.229915888000001 48.749936046000002)",Unfall 25210 (2016) Kat:2, Licht: 2,25210,2,6,2,02,05,3,,2,1,1,0,0,0,0
"POINT (9.172768529000001 48.811171219999999)",Unfall 25224 (2016) Kat:2, Licht: 1,25224,2,1,0,02,17,6,,1,1,0,0,0,0,0
"POINT (9.209609810000000 48.799095575000003)",Unfall 25233 (2016) Kat:3, Licht: 0,25233,3,6,2,02,14,6,,0,0,1,0,0,0,0
"POINT (9.220270235999999 48.739260794000003)",Unfall 25248 (2016) Kat:3, Licht: 0,25248,3,6,2,02,11,7,,0,0,1,0,0,0,0
"POINT (9.182845867999999 48.776100505999999)",Unfall 25256 (2016) Kat:3, Licht: 2,25256,3,2,5,02,05,1,,2,0,1,0,0,0,0
"POINT (9.167852933000001 48.836938207999999)",Unfall 25292 (2016) Kat:2, Licht: 2,25292,2,1,9,02,02,7,,2,0,1,0,0,0,0
"POINT (9.182151684000001 48.766444083000003)",Unfall 25346 (2016) Kat:3, Licht: 0,25346,3,6,2,03,15,3,,0,0,1,0,0,0,0
"POINT (9.173327412000001 48.799951305000000)",Unfall 25356 (2016) Kat:3, Licht: 0,25356,3,6,2,02,16,2,,0,0,1,0,0,0,0
"POINT (9.232197790000001 48.829868175000001)",Unfall 25373 (2016) Kat:3, Licht: 1,25373,3,3,5,03,06,3,,1,0,1,0,0,0,0
"POINT (9.087715589000000 48.753120987999999)",Unfall 25387 (2016) Kat:2, Licht: 0,25387,2,7,8,02,11,6,,0,0,1,0,0,0,0
"POINT (9.091745086000000 48.790811533999999)",Unfall 25426 (2016) Kat:2, Licht: 1,25426,2,1,8,02,19,2,,1,1,0,0,0,0,0
"POINT (9.185429672000000 48.774298612000003)",Unfall 25451 (2016) Kat:3, Licht: 0,25451,3,4,6,02,09,7,,0,0,0,1,0,0,1
"POINT (9.091393349000001 48.714242425999998)",Unfall 25463 (2016) Kat:3, Licht: 2,25463,3,7,2,02,05,7,,2,0,1,0,0,1,0
"POINT (9.200318840000000 48.807308390999999)",Unfall 25487 (2016) Kat:3, Licht: 0,25487,3,6,2,03,13,3,,0,0,1,0,0,0,0
"POINT (9.166687109000000 48.706348527000003)",Unfall 25498 (2016) Kat:3, Licht: 1,25498,3,6,2,02,17,2,,1,0,1,0,0,0,0
"POINT (9.177611273000000 48.844930945000002)",Unfall 25523 (2016) Kat:3, Licht: 1,25523,3,3,5,02,06,2,,1,0,1,0,0,0,0
"POINT (9.131566362999999 48.812493656999997)",Unfall 25542 (2016) Kat:3, Licht: 0,25542,3,1,4,03,09,4,,0,0,1,0,0,0,0
"POINT (9.199778065000000 48.693353227999999)",Unfall 25554 (2016) Kat:2, Licht: 0,25554,2,3,5,02,09,5,,0,0,1,0,0,0,0
"POINT (9.192254407000000 48.695702904000001)",Unfall 25563 (2016) Kat:3, Licht: 0,25563,3,6,2,03,07,3,,0,0,1,0,0,1,0
"POINT (9.191761481000000 48.788934058000002)",Unfall 25570 (2016) Kat:3, Licht: 0,25570,3,6,2,02,12,5,,0,0,1,0,0,1,0
"POINT (9.133798163000000 48.787104929999998)",Unfall 25571 (2016) Kat:2, Licht: 0,25571,2,7,6,02,14,2,,0,0,1,1,0,0,0
"POINT (9.191426675000001 48.788651213999998)",Unfall 25582 (2016) Kat:3, Licht: 0,25582,3,6,2,02,12,5,,0,0,1,0,0,0,0
"POINT (9.209592346000001 48.782080923000002)",Unfall 25585 (2016) Kat:3, Licht: 0,25585,3,2,5,03,07,3,,0,0,1,0,0,0,0
"POINT (9.172595399000000 48.768342218999997)",Unfall 25587 (2016) Kat:3, Licht: 2,25587,3,1,8,02,18,5,,2,0,1,0,0,0,0
"POINT (9.195332480999999 48.779252976000002)",Unfall 25592 (2016) Kat:3, Licht: 0,25592,3,6,2,02,15,7,,0,0,1,0,0,0,0
"POINT (9.166204050999999 48.748135959000003)",Unfall 25597 (2016) Kat:3, Licht: 0,25597,3,6,2,02,15,6,,0,0,1,0,0,0,0
"POINT (9.254918291999999 48.810494460999998)",Unfall 25598 (2016) Kat:3, Licht: 2,25598,3,6,2,02,19,5,,2,0,1,0,0,0,0
"POINT (9.209769205000001 48.805917546000003)",Unfall 25614 (2016) Kat:3, Licht: 0,25614,3,6,2,02,09,5,,0,0,1,0,0,1,0
"POINT (9.227505896000000 48.815695212999998)",Unfall 25622 (2016) Kat:3, Licht: 0,25622,3,6,2,02,09,5,,0,0,1,0,0,0,0
"POINT (9.206859733000000 48.797428519999997)",Unfall 25637 (2016) Kat:3, Licht: 0,25637,3,6,2,02,16,2,,0,0,1,0,0,1,0
"POINT (9.186035781999999 48.780356093999998)",Unfall 25650 (2016) Kat:3, Licht: 0,25650,3,6,2,03,11,6,,0,0,1,0,0,0,0
"POINT (9.233971991000001 48.783220219000000)",Unfall 25674 (2016) Kat:3, Licht: 0,25674,3,6,2,03,08,2,,0,0,1,0,0,0,0
"POINT (9.224977267000000 48.794840053000001)",Unfall 25713 (2016) Kat:3, Licht: 2,25713,3,6,2,03,23,7,,2,0,1,0,0,0,0
"POINT (9.153616362999999 48.843457477999998)",Unfall 25770 (2016) Kat:2, Licht: 0,25770,2,3,5,03,13,5,,0,1,1,0,0,0,0
"POINT (9.204656910000001 48.807986040000003)",Unfall 25777 (2016) Kat:3, Licht: 2,25777,3,6,2,03,19,6,,2,0,1,0,0,0,0
"POINT (9.193797654999999 48.754159600999998)",Unfall 25783 (2016) Kat:3, Licht: 2,25783,3,6,2,03,19,5,,2,0,1,0,0,0,0