WKT,Name,OBJECTID,UKATEGORIE,UTYP1,UART,UMONAT,USTUNDE,UWOCHENTAG,STRZUSTAND,ULICHTVERH,ISTRAD,ISTPKW,ISTFUSS,ISTKRAD,ISTGKFZ,ISTSONSTIG
"POINT (9.191406051000000 48.788633762000003)",Unfall 29921 (2016) Kat:3, Licht: 0,29921,3,6,2,05,10,7,,0,0,1,0,0,0,0
"POINT (9.107137583000000 48.820743403999998)",Unfall 29922 (2016) Kat:2, Licht: 0,29922,2,3,5,05,17,1,,0,0,1,0,1,0,0
"POINT (9.256205307000000 48.760359598999997)",Unfall 29963 (2016) Kat:3, Licht: 0,29963,3,7,6,05,13,6,,0,0,1,1,0,0,0
"POINT (9.187362515000000 48.782049653000001)",Unfall 29965 (2016) Kat:3, Licht: 0,29965,3,6,2,05,20,7,,0,0,1,0,1,0,0
"POINT (9.255142405999999 48.776272302000002)",Unfall 29997 (2016) Kat:3, Licht: 0,29997,3,7,2,05,06,2,,0,0,1,0,0,0,0
"POINT (9.172440154000000 48.841300447999998)",Unfall 29998 (2016) Kat:2, Licht: 0,29998,2,1,9,05,09,1,,0,0,0,0,1,0,0
"POINT (9.177472008000001 48.815805769000001)",Unfall 30041 (2016) Kat:3, Licht: 0,30041,3,6,2,05,12,6,,0,0,1,0,0,1,0
"POINT (9.214929343000000 48.809193968999999)",Unfall 30047 (2016) Kat:3, Licht: 0,30047,3,6,2,05,09,3,,0,0,1,0,0,0,0
"POINT (9.203215210000000 48.777360453999997)",Unfall 30054 (2016) Kat:3, Licht: 0,30054,3,2,5,05,10,7,,0,0,1,0,0,0,0
"POINT (9.169412507000001 48.764416795000002)",Unfall 30067 (2016) Kat:3, Licht: 0,30067,3,6,2,05,11,3,,0,0,1,0,0,0,0
"POINT (9.232590859000000 48.803199929000002)",Unfall 30084 (2016) Kat:3, Licht: 0,30084,3,6,2,05,16,3,,0,0,1,0,0,0,0
"POINT (9.190388634000000 48.696466653000002)",Unfall 30111 (2016) Kat:3, Licht: 0,30111,3,1,9,05,07,2,,0,0,1,0,0,0,0
"POINT (9.232165228000000 48.829745973000001)",Unfall 30114 (2016) Kat:3, Licht: 0,30114,3,7,0,05,07,6,,0,0,0,0,1,0,0
"POINT (9.157606593000001 48.832388510999998)",Unfall 30125 (2016) Kat:3, Licht: 1,30125,3,7,0,05,20,7,,1,0,0,0,1,0,0
"POINT (9.203190019000001 48.777332336999997)",Unfall 30153 (2016) Kat:3, Licht: 0,30153,3,2,5,05,18,7,,0,0,1,0,0,0,0
"POINT (9.229402833000000 48.812299226000000)",Unfall 30155 (2016) Kat:3, Licht: 0,30155,3,7,2,05,12,1,,0,0,1,0,1,0,0
"POINT (9.185490494000000 48.774489105999997)",Unfall 30183 (2016) Kat:3, Licht: 0,30183,3,7,5,05,12,5,,0,0,1,0,0,0,0
"POINT (9.215889109000001 48.794272429999999)",Unfall 30198 (2016) Kat:3, Licht: 2,30198,3,6,2,05,22,3,,2,0,1,0,0,0,0
"POINT (9.211372538999999 48.799980658000003)",Unfall 30215 (2016) Kat:3, Licht: 0,30215,3,6,2,05,17,7,,0,0,1,0,0,0,0
"POINT (9.181607457000000 48.793128942999999)",Unfall 30216 (2016) Kat:3, Licht: 0,30216,3,6,2,05,10,3,,0,0,1,0,0,0,0
"POINT (9.163934655000000 48.851183183000003)",Unfall 30242 (2016) Kat:3, Licht: 0,30242,3,3,5,05,18,3,,0,0,1,0,1,0,0
"POINT (9.191452120999999 48.695785315000002)",Unfall 30249 (2016) Kat:3, Licht: 0,30249,3,7,8,05,13,2,,0,0,0,0,0,0,1
"POINT (9.218599832000001 48.832002697000000)",Unfall 30259 (2016) Kat:2, Licht: 0,30259,2,6,3,06,08,4,,0,0,1,0,1,0,0
"POINT (9.246860928000000 48.787513822000001)",Unfall 30263 (2016) Kat:2, Licht: 0,30263,2,4,6,05,16,2,,0,0,1,1,0,0,0
"POINT (9.163598068000001 48.796728708000003)",Unfall 30270 (2016) Kat:3, Licht: 0,30270,3,3,5,05,14,6,,0,0,1,0,1,0,0
"POINT (9.210926102000000 48.797575606000002)",Unfall 30281 (2016) Kat:3, Licht: 0,30281,3,6,2,06,16,4,,0,0,1,0,0,0,0
"POINT (9.186523419000000 48.770108372999999)",Unfall 30283 (2016) Kat:3, Licht: 0,30283,3,6,2,05,15,5,,0,0,1,0,0,0,0
"POINT (9.220729619000000 48.835450350999999)",Unfall 30290 (2016) Kat:3, Licht: 0,30290,3,6,2,05,18,4,,0,0,1,0,0,0,0
"POINT (9.217980567000000 48.786787066000002)",Unfall 30317 (2016) Kat:3, Licht: 0,30317,3,6,2,05,15,7,,0,0,1,0,0,0,0
"POINT (9.103334722000000 48.771650856000001)",Unfall 30332 (2016) Kat:3, Licht: 0,30332,3,6,2,05,11,1,,0,0,1,0,0,0,0
"POINT (9.210291110000000 48.799483393000003)",Unfall 30355 (2016) Kat:3, Licht: 0,30355,3,1,0,06,21,4,,0,0,0,0,1,0,0
"POINT (9.172472681000000 48.775799923000001)",Unfall 30374 (2016) Kat:3, Licht: 0,30374,3,2,5,05,17,5,,0,0,1,0,1,0,0
"POINT (9.176883646000000 48.811021605999997)",Unfall 30408 (2016) Kat:3, Licht: 0,30408,3,6,2,05,20,7,,0,0,1,0,0,0,0
"POINT (9.215184623000001 48.799650079000003)",Unfall 30447 (2016) Kat:3, Licht: 0,30447,3,7,8,06,17,4,,0,1,0,0,0,0,0
"POINT (9.220710478000001 48.740414121999997)",Unfall 30452 (2016) Kat:2, Licht: 0,30452,2,6,2,06,17,4,,0,0,1,0,1,0,0
"POINT (9.201138960000000 48.780312142000000)",Unfall 30463 (2016) Kat:3, Licht: 2,30463,3,2,5,05,04,6,,2,0,1,0,0,0,0
"POINT (9.152902935000000 48.725148013000002)",Unfall 30502 (2016) Kat:3, Licht: 0,30502,3,2,5,05,18,7,,0,0,1,0,1,0,0
"POINT (9.083712834000000 48.729333476000001)",Unfall 30506 (2016) Kat:3, Licht: 1,30506,3,1,3,05,19,1,,1,0,1,0,0,0,0
"POINT (9.219486615999999 48.803645205999999)",Unfall 30522 (2016) Kat:3, Licht: 0,30522,3,2,5,05,17,1,,0,1,1,0,0,0,0
"POINT (9.164334202999999 48.814760595000003)",Unfall 30546 (2016) Kat:3, Licht: 0,30546,3,6,3,06,17,4,,0,1,1,0,0,0,0
"POINT (9.208619653000000 48.781440015999998)",Unfall 30550 (2016) Kat:3, Licht: 2,30550,3,6,2,05,00,2,,2,0,1,0,0,0,0
"POINT (9.172932117000000 48.750259425000003)",Unfall 30561 (2016) Kat:2, Licht: 0,30561,2,1,0,06,11,4,,0,1,0,0,0,0,0
"POINT (9.175166697000000 48.819927892000003)",Unfall 30563 (2016) Kat:3, Licht: 0,30563,3,6,2,05,16,5,,0,0,1,0,0,0,0
"POINT (9.175130368000000 48.820001980999997)",Unfall 30605 (2016) Kat:2, Licht: 0,30605,2,1,0,05,12,7,,0,1,0,0,0,0,0
"POINT (9.207753534000000 48.801873454000003)",Unfall 30637 (2016) Kat:3, Licht: 0,30637,3,7,5,06,13,4,,0,0,1,0,0,0,0
"POINT (9.189861000000001 48.787432178000003)",Unfall 30667 (2016) Kat:2, Licht: 0,30667,2,4,6,05,10,3,,0,0,1,1,0,0,0
"POINT (9.231232452000000 48.841594280999999)",Unfall 30742 (2016) Kat:3, Licht: 0,30742,3,2,2,06,07,3,,0,0,1,0,0,0,0
"POINT (9.180012632000000 48.843897204000001)",Unfall 30839 (2016) Kat:3, Licht: 0,30839,3,6,1,06,17,5,,0,0,1,0,0,0,0
"POINT (9.217354994000001 48.813873804000004)",Unfall 30870 (2016) Kat:2, Licht: 0,30870,2,4,6,06,19,1,,0,0,0,1,0,0,1
"POINT (9.141497474000000 48.709818458999997)",Unfall 30891 (2016) Kat:3, Licht: 0,30891,3,6,3,06,16,3,,0,0,1,0,0,0,0
"POINT (9.090437322000000 48.781325903000003)",Unfall 30935 (2016) Kat:3, Licht: 0,30935,3,2,2,06,15,3,,0,0,1,0,0,0,0
"POINT (9.202792933000000 48.807771207000002)",Unfall 31029 (2016) Kat:3, Licht: 0,31029,3,6,2,06,12,3,,0,0,1,0,0,0,0
"POINT (9.224990177000001 48.791565419000001)",Unfall 31035 (2016) Kat:3, Licht: 0,31035,3,7,3,06,12,1,,0,0,1,0,0,0,0
"POINT (9.167444833999999 48.704596688000002)",Unfall 31088 (2016) Kat:3, Licht: 1,31088,3,6,1,06,20,3,,1,0,1,0,0,0,0
"POINT (9.195214313999999 48.769193659999999)",Unfall 31093 (2016) Kat:3, Licht: 2,31093,3,6,2,06,21,7,,2,0,1,0,0,0,0
"POINT (9.104054586000000 48.711126434000001)",Unfall 31097 (2016) Kat:3, Licht: 0,31097,3,7,3,06,09,2,,0,0,1,0,0,1,0
"POINT (9.106273153000000 48.808277181999998)",Unfall 31131 (2016) Kat:3, Licht: 0,31131,3,3,5,06,14,3,,0,0,1,0,0,0,0
"POINT (9.175611391000000 48.770538557000002)",Unfall 31156 (2016) Kat:2, Licht: 2,31156,2,3,5,06,01,6,,2,0,1,0,0,0,0
"POINT (9.163958410999999 48.851172302999998)",Unfall 31165 (2016) Kat:3, Licht: 0,31165,3,2,5,06,09,5,,0,0,1,0,0,0,0
"POINT (9.130587581000000 48.728497848000004)",Unfall 31206 (2016) Kat:3, Licht: 0,31206,3,3,5,06,17,4,,0,0,1,0,0,0,0
"POINT (9.153449771000000 48.834181227000002)",Unfall 31258 (2016) Kat:3, Licht: 0,31258,3,6,2,06,17,3,,0,0,1,0,0,0,0
"POINT (9.251010421000000 48.757078528000001)",Unfall 31264 (2016) Kat:3, Licht: 0,31264,3,6,2,06,16,2,,0,0,1,0,0,0,0
"POINT (9.187530214000001 48.697794174999999)",Unfall 31277 (2016) Kat:3, Licht: 2,31277,3,1,9,06,01,5,,2,0,1,0,0,0,0
"POINT (9.201661481000000 48.794999263000001)",Unfall 31360 (2016) Kat:3, Licht: 0,31360,3,6,2,06,18,3,,0,0,1,0,1,0,0
"POINT (9.179618752000000 48.761714673999997)",Unfall 31368 (2016) Kat:3, Licht: 0,31368,3,1,0,06,08,2,,0,0,0,0,1,0,0
"POINT (9.193592321000001 48.790189695000002)",Unfall 31381 (2016) Kat:3, Licht: 0,31381,3,6,2,06,16,5,,0,0,1,0,0,0,0
"POINT (9.266618360000001 48.760581061000003)",Unfall 31412 (2016) Kat:3, Licht: 0,31412,3,3,5,06,06,6,,0,1,1,0,0,0,0
"POINT (9.219490381000000 48.803757972000000)",Unfall 31424 (2016) Kat:1, Licht: 0,31424,1,4,6,06,14,4,,0,0,1,1,0,0,0
"POINT (9.179693794000000 48.843763183000000)",Unfall 31426 (2016) Kat:3, Licht: 2,31426,3,3,5,06,00,1,,2,0,1,0,0,0,0
"POINT (9.130382447000001 48.708925972999999)",Unfall 31464 (2016) Kat:3, Licht: 0,31464,3,6,1,06,18,6,,0,0,1,0,0,0,0
"POINT (9.159028166000001 48.813887966999999)",Unfall 31476 (2016) Kat:2, Licht: 0,31476,2,3,5,06,16,3,,0,1,1,0,0,0,0
"POINT (9.186787160000000 48.773716784000001)",Unfall 31479 (2016) Kat:3, Licht: 0,31479,3,4,0,06,11,6,,0,0,0,1,0,0,1
"POINT (9.163940703000000 48.851180413000002)",Unfall 31574 (2016) Kat:2, Licht: 0,31574,2,2,5,06,13,3,,0,0,1,0,0,1,0
"POINT (9.172287638000000 48.752484848999998)",Unfall 31581 (2016) Kat:3, Licht: 0,31581,3,6,3,06,08,2,,0,0,1,0,0,0,1
"POINT (9.150338776000000 48.811172364999997)",Unfall 31584 (2016) Kat:2, Licht: 0,31584,2,6,2,06,17,5,,0,0,1,0,0,0,1
"POINT (9.179379289000000 48.784079014000000)",Unfall 31592 (2016) Kat:3, Licht: 0,31592,3,3,5,06,10,6,,0,0,1,0,0,1,0
"POINT (9.160574916000000 48.812179104000002)",Unfall 31601 (2016) Kat:2, Licht: 0,31601,2,3,5,06,18,5,,0,0,1,0,1,0,0
"POINT (9.224944106000001 48.791530563000002)",Unfall 31617 (2016) Kat:3, Licht: 0,31617,3,6,0,06,16,5,,0,0,0,0,1,0,1
"POINT (9.224370027000001 48.787840864000003)",Unfall 31635 (2016) Kat:3, Licht: 0,31635,3,6,2,06,18,5,,0,0,1,0,0,0,0
"POINT (9.241324150000001 48.790151022000003)",Unfall 31638 (2016) Kat:3, Licht: 0,31638,3,6,3,06,07,4,,0,0,1,0,1,0,0
"POINT (9.164310004000001 48.814741220000002)",Unfall 31640 (2016) Kat:3, Licht: 0,31640,3,6,2,06,17,1,,0,0,1,0,0,0,0
"POINT (9.207272118000001 48.801783286000003)",Unfall 31683 (2016) Kat:3, Licht: 0,31683,3,7,4,06,17,3,,0,0,1,0,0,1,0
"POINT (9.170423801000000 48.749985764000002)",Unfall 31723 (2016) Kat:3, Licht: 0,31723,3,6,2,06,15,2,,0,0,1,0,0,0,0
"POINT (9.225590216000001 48.839572574999998)",Unfall 31728 (2016) Kat:3, Licht: 2,31728,3,2,5,06,23,2,,2,0,1,0,0,0,0
"POINT (9.205625372000000 48.780936482000001)",Unfall 31744 (2016) Kat:3, Licht: 0,31744,3,3,5,06,16,2,,0,1,0,0,1,0,0
"POINT (9.211359248999999 48.799975711999998)",Unfall 31749 (2016) Kat:2, Licht: 0,31749,2,6,2,06,13,3,,0,0,1,0,1,0,0
"POINT (9.231249605000000 48.841390969000003)",Unfall 31755 (2016) Kat:3, Licht: 2,31755,3,2,5,06,23,4,,2,0,1,0,1,0,0
"POINT (9.206870568999999 48.693019904000003)",Unfall 31790 (2016) Kat:3, Licht: 2,31790,3,6,2,06,23,1,,2,0,1,0,0,0,0
"POINT (9.143932292000001 48.767395348999997)",Unfall 31792 (2016) Kat:3, Licht: 0,31792,3,6,0,06,20,6,,0,0,1,0,1,0,0
"POINT (9.126059431000000 48.708742076999997)",Unfall 31798 (2016) Kat:3, Licht: 0,31798,3,6,1,06,11,7,,0,0,1,0,1,0,0
"POINT (9.186113036000000 48.755025742000001)",Unfall 31842 (2016) Kat:2, Licht: 0,31842,2,6,2,06,15,2,,0,0,1,0,1,0,0
"POINT (9.191283889999999 48.788473453999998)",Unfall 31901 (2016) Kat:3, Licht: 0,31901,3,6,2,06,09,4,,0,0,1,0,0,0,0
"POINT (9.130600789000001 48.728496739999997)",Unfall 31920 (2016) Kat:2, Licht: 0,31920,2,3,5,06,10,5,,0,0,1,0,0,0,0
"POINT (9.219651436000000 48.693401596999998)",Unfall 31938 (2016) Kat:3, Licht: 2,31938,3,6,2,06,02,1,,2,0,1,0,0,0,0
"POINT (9.208975497000001 48.799765121999997)",Unfall 31942 (2016) Kat:3, Licht: 0,31942,3,6,2,06,15,7,,0,0,1,0,0,0,1
"POINT (9.141855116000000 48.840013657999997)",Unfall 31957 (2016) Kat:2, Licht: 0,31957,2,6,3,06,15,2,,0,0,1,0,0,0,0
"POINT (9.207469536000000 48.781107499000001)",Unfall 31964 (2016) Kat:3, Licht: 0,31964,3,5,1,06,07,2,,0,0,1,0,1,0,0
"POINT (9.182161271000000 48.766452342000001)",Unfall 31971 (2016) Kat:3, Licht: 0,31971,3,6,2,06,15,7,,0,0,1,0,0,0,0
"POINT (9.167914280000000 48.748592969999997)",Unfall 31979 (2016) Kat:3, Licht: 0,31979,3,6,2,06,10,2,,0,0,1,0,0,0,0
"POINT (9.215898062999999 48.794263313000002)",Unfall 31984 (2016) Kat:3, Licht: 0,31984,3,6,3,06,12,3,,0,0,1,0,0,1,0
"POINT (9.179806694000000 48.785105098000002)",Unfall 32013 (2016) Kat:3, Licht: 2,32013,3,7,2,06,00,4,,2,0,1,0,1,0,0
"POINT (9.090270562000001 48.789483234000002)",Unfall 32026 (2016) Kat:3, Licht: 0,32026,3,6,4,06,16,6,,0,0,1,0,0,0,0
"POINT (9.194244406999999 48.695232343999997)",Unfall 32034 (2016) Kat:3, Licht: 0,32034,3,6,2,06,19,7,,0,0,1,0,0,0,0
"POINT (9.156927287000000 48.707161816999999)",Unfall 32040 (2016) Kat:3, Licht: 0,32040,3,6,1,06,08,5,,0,0,1,0,0,0,0
"POINT (9.193190463000001 48.807137918000002)",Unfall 32075 (2016) Kat:3, Licht: 0,32075,3,6,2,06,06,2,,0,0,1,0,0,0,1
"POINT (9.218130286999999 48.832280126999997)",Unfall 32094 (2016) Kat:2, Licht: 0,32094,2,6,3,06,16,3,,0,0,1,0,0,0,0
"POINT (9.213254764000000 48.784533817000003)",Unfall 32131 (2016) Kat:3, Licht: 0,32131,3,2,5,06,07,4,,0,1,0,0,0,1,0
"POINT (9.155491361999999 48.707703406000000)",Unfall 32140 (2016) Kat:3, Licht: 0,32140,3,6,2,06,16,7,,0,0,1,0,0,0,1
"POINT (9.220510939000000 48.788122221999998)",Unfall 32150 (2016) Kat:3, Licht: 0,32150,3,6,3,06,06,5,,0,0,1,0,1,1,0
"POINT (9.162853470000000 48.746486417000000)",Unfall 32163 (2016) Kat:3, Licht: 0,32163,3,6,2,06,17,1,,0,0,1,0,0,0,0
"POINT (9.121766417000000 48.708465265000001)",Unfall 32185 (2016) Kat:2, Licht: 0,32185,2,6,3,06,07,6,,0,0,1,0,0,1,0
"POINT (9.221440589000000 48.696500334000000)",Unfall 32192 (2016) Kat:3, Licht: 0,32192,3,6,2,06,17,2,,0,0,1,0,1,0,0
"POINT (9.177140895000001 48.810990457999999)",Unfall 32214 (2016) Kat:3, Licht: 0,32214,3,2,2,06,16,3,,0,1,1,0,0,0,0
"POINT (9.244853031000000 48.789963272000001)",Unfall 32238 (2016) Kat:3, Licht: 0,32238,3,2,5,06,13,7,,0,1,1,0,0,0,0
"POINT (9.103237909000001 48.805313902000002)",Unfall 32250 (2016) Kat:3, Licht: 0,32250,3,6,2,06,07,4,,0,0,1,0,0,0,0
"POINT (9.217942004999999 48.741750465000003)",Unfall 32268 (2016) Kat:3, Licht: 0,32268,3,2,5,06,07,5,,0,1,1,0,0,0,0
"POINT (9.235665854000001 48.806540533000003)",Unfall 32298 (2016) Kat:3, Licht: 0,32298,3,6,2,06,12,2,,0,0,1,0,0,0,0
"POINT (9.085030518000000 48.716345580999999)",Unfall 32317 (2016) Kat:2, Licht: 0,32317,2,6,3,06,15,2,,0,0,1,0,0,1,0
"POINT (9.252580649000000 48.809845119999999)",Unfall 32353 (2016) Kat:3, Licht: 0,32353,3,1,0,06,14,2,,0,0,0,0,1,0,0
"POINT (9.149468687000001 48.708540090000000)",Unfall 32362 (2016) Kat:3, Licht: 0,32362,3,6,2,06,09,4,,0,0,1,0,0,0,0
"POINT (9.166402958000001 48.828510424999997)",Unfall 32363 (2016) Kat:3, Licht: 0,32363,3,6,2,06,12,4,,0,0,1,0,1,0,0
"POINT (9.226100918000000 48.786953836999999)",Unfall 32373 (2016) Kat:3, Licht: 0,32373,3,6,2,06,17,3,,0,0,1,0,0,0,0
"POINT (9.211950171000000 48.701065440000001)",Unfall 32429 (2016) Kat:3, Licht: 0,32429,3,6,2,06,11,3,,0,0,1,0,0,0,0
"POINT (9.169685504000000 48.749143631000003)",Unfall 32464 (2016) Kat:3, Licht: 0,32464,3,4,6,06,11,2,,0,0,1,1,0,0,0
"POINT (9.180571676000000 48.701292917000004)",Unfall 32472 (2016) Kat:3, Licht: 0,32472,3,6,3,06,08,3,,0,0,1,0,0,0,0
"POINT (9.219485907999999 48.803757083999997)",Unfall 32485 (2016) Kat:3, Licht: 0,32485,3,2,5,06,11,3,,0,1,1,0,0,0,0
"POINT (9.157811636000000 48.770521969999997)",Unfall 32525 (2016) Kat:3, Licht: 0,32525,3,6,2,06,19,4,,0,0,1,0,0,0,0
"POINT (9.212072104000001 48.701054761000002)",Unfall 32536 (2016) Kat:3, Licht: 0,32536,3,4,6,06,09,3,,0,0,1,1,0,0,0
"POINT (9.170609498999999 48.766128402000000)",Unfall 32580 (2016) Kat:3, Licht: 0,32580,3,6,2,07,14,1,,0,0,1,0,0,0,0
"POINT (9.157236304000000 48.770372485999999)",Unfall 32629 (2016) Kat:2, Licht: 2,32629,2,1,1,07,04,6,,2,0,1,0,0,0,0
"POINT (9.191414141999999 48.756680381000002)",Unfall 32650 (2016) Kat:2, Licht: 0,32650,2,1,4,07,14,7,,0,0,1,0,0,0,0
"POINT (9.182809858000001 48.776140101000003)",Unfall 32659 (2016) Kat:3, Licht: 0,32659,3,2,5,07,17,6,,0,0,1,0,0,0,0
"POINT (9.204442987000000 48.780903500999997)",Unfall 32685 (2016) Kat:3, Licht: 0,32685,3,7,1,07,13,1,,0,0,1,0,0,0,0
"POINT (9.209475244000000 48.805852940000001)",Unfall 32686 (2016) Kat:3, Licht: 0,32686,3,6,2,06,11,5,,0,0,1,0,0,0,0
"POINT (9.156982183000000 48.846927954000002)",Unfall 32715 (2016) Kat:3, Licht: 0,32715,3,2,5,06,16,5,,0,1,1,0,0,0,0
"POINT (9.205597648000000 48.808060617999999)",Unfall 32727 (2016) Kat:3, Licht: 2,32727,3,5,0,06,00,5,,2,0,1,0,0,0,0
"POINT (9.221760099000001 48.789080798000001)",Unfall 32739 (2016) Kat:3, Licht: 0,32739,3,6,2,07,15,6,,0,0,1,0,0,0,0
"POINT (9.138954262000000 48.727907981000001)",Unfall 32747 (2016) Kat:3, Licht: 0,32747,3,3,5,06,07,5,,0,0,1,0,1,0,0
"POINT (9.134187538999999 48.764278011999998)",Unfall 32757 (2016) Kat:3, Licht: 0,32757,3,6,2,06,17,5,,0,0,1,0,0,0,0
"POINT (9.195888740999999 48.715672490999999)",Unfall 32779 (2016) Kat:2, Licht: 0,32779,2,3,5,07,14,6,,0,1,1,0,0,0,0
"POINT (9.153277661000001 48.708016608999998)",Unfall 32791 (2016) Kat:3, Licht: 1,32791,3,6,3,06,21,5,,1,0,1,0,0,1,0
"POINT (9.251115280000001 48.757036939000002)",Unfall 32800 (2016) Kat:3, Licht: 0,32800,3,3,0,07,13,6,,0,0,0,0,1,1,0
"POINT (9.220173515999999 48.701037126000003)",Unfall 32801 (2016) Kat:3, Licht: 0,32801,3,3,5,07,10,1,,0,0,1,0,0,0,0
"POINT (9.192213576000000 48.789121860000002)",Unfall 32826 (2016) Kat:3, Licht: 0,32826,3,1,8,07,20,7,,0,0,1,0,0,0,0
"POINT (9.127647761000000 48.758465024000003)",Unfall 32834 (2016) Kat:2, Licht: 0,32834,2,1,9,07,09,6,,0,0,0,0,1,0,0
"POINT (9.169978747000000 48.748310379000003)",Unfall 32870 (2016) Kat:3, Licht: 0,32870,3,3,5,07,08,6,,0,0,1,0,1,0,0
"POINT (9.172378309999999 48.751574499999997)",Unfall 32882 (2016) Kat:3, Licht: 0,32882,3,1,0,07,14,6,,0,0,0,0,1,0,0
"POINT (9.174345478999999 48.811328858000003)",Unfall 32893 (2016) Kat:3, Licht: 0,32893,3,6,2,07,19,4,,0,0,1,0,0,0,0
"POINT (9.165054971000000 48.815289579999998)",Unfall 32901 (2016) Kat:3, Licht: 0,32901,3,6,2,07,17,3,,0,0,1,0,1,0,0
"POINT (9.099174261000000 48.819522636999999)",Unfall 32938 (2016) Kat:3, Licht: 0,32938,3,6,3,07,15,6,,0,0,1,0,1,0,0
"POINT (9.165946119999999 48.812263369999997)",Unfall 32946 (2016) Kat:2, Licht: 2,32946,2,5,1,07,22,5,,2,0,1,0,0,0,0
"POINT (9.131789299999999 48.728462340000000)",Unfall 32970 (2016) Kat:3, Licht: 0,32970,3,6,3,07,16,3,,0,0,1,0,0,0,0
"POINT (9.194737822000000 48.757711125999997)",Unfall 33018 (2016) Kat:3, Licht: 2,33018,3,6,2,07,00,6,,2,0,1,0,0,0,0
"POINT (9.201167762000001 48.780223368999998)",Unfall 33029 (2016) Kat:3, Licht: 0,33029,3,2,5,07,06,4,,0,0,1,0,1,0,0
"POINT (9.170496360000000 48.811822413000002)",Unfall 33072 (2016) Kat:2, Licht: 0,33072,2,1,0,07,07,6,,0,0,0,0,1,0,0
"POINT (9.207267504000001 48.801792800999998)",Unfall 33101 (2016) Kat:3, Licht: 0,33101,3,7,4,07,10,4,,0,0,1,0,0,0,1
"POINT (9.220102057000000 48.835109635000002)",Unfall 33105 (2016) Kat:3, Licht: 0,33105,3,6,2,07,07,3,,0,0,1,0,0,0,0
"POINT (9.133305942000000 48.786698100000002)",Unfall 33133 (2016) Kat:3, Licht: 0,33133,3,1,0,07,15,6,,0,0,1,0,0,0,0
"POINT (9.173260182000000 48.800526808000001)",Unfall 33144 (2016) Kat:3, Licht: 0,33144,3,6,3,07,16,5,,0,0,0,0,0,1,1
"POINT (9.233702714000000 48.814262495999998)",Unfall 33162 (2016) Kat:3, Licht: 0,33162,3,2,5,07,09,4,,0,1,1,0,0,0,0
"POINT (9.241924764000000 48.697115615000001)",Unfall 33164 (2016) Kat:3, Licht: 0,33164,3,7,8,07,18,6,,0,0,1,0,0,0,0
"POINT (9.180255340000000 48.786639164000000)",Unfall 33194 (2016) Kat:3, Licht: 0,33194,3,6,2,07,14,4,,0,0,1,0,0,0,0
"POINT (9.182733911000000 48.776002665999997)",Unfall 33236 (2016) Kat:3, Licht: 0,33236,3,7,3,07,06,2,,0,0,1,0,1,0,0
"POINT (9.263091006000000 48.762847268999998)",Unfall 33274 (2016) Kat:3, Licht: 0,33274,3,2,5,07,14,4,,0,0,1,0,0,1,0
"POINT (9.169429377000000 48.764546774000003)",Unfall 33275 (2016) Kat:3, Licht: 2,33275,3,6,2,07,22,7,,2,0,1,0,0,0,0
"POINT (9.108770509999999 48.726596403999999)",Unfall 33310 (2016) Kat:3, Licht: 0,33310,3,6,3,07,17,2,,0,1,1,0,0,0,0
"POINT (9.239191930000001 48.789466605999998)",Unfall 33316 (2016) Kat:3, Licht: 0,33316,3,6,2,07,18,7,,0,0,1,0,0,0,0
"POINT (9.179344937000000 48.784158392000002)",Unfall 33326 (2016) Kat:3, Licht: 0,33326,3,6,2,07,11,5,,0,0,1,0,0,0,0
"POINT (9.200160167000000 48.694782508999999)",Unfall 33328 (2016) Kat:3, Licht: 0,33328,3,3,5,07,16,4,,0,0,1,0,0,0,0
"POINT (9.187294094000000 48.772690365999999)",Unfall 33336 (2016) Kat:3, Licht: 0,33336,3,6,2,07,13,7,,0,0,1,0,0,0,0
"POINT (9.201225491000001 48.794813582000003)",Unfall 33349 (2016) Kat:3, Licht: 0,33349,3,6,2,07,19,4,,0,0,1,0,0,0,1
"POINT (9.193217370999999 48.807135821999999)",Unfall 33368 (2016) Kat:3, Licht: 0,33368,3,3,5,07,09,2,,0,1,1,0,0,0,0
"POINT (9.170785960000000 48.825334998000002)",Unfall 33411 (2016) Kat:3, Licht: 0,33411,3,6,2,07,09,3,,0,0,1,0,0,0,0
"POINT (9.207271273000000 48.801785029999998)",Unfall 33433 (2016) Kat:3, Licht: 0,33433,3,7,4,07,11,1,,0,0,0,0,1,0,1
"POINT (9.209070831000000 48.798539634000001)",Unfall 33465 (2016) Kat:3, Licht: 0,33465,3,6,3,07,16,2,,0,0,1,0,1,0,0
"POINT (9.174977985000000 48.805182217999999)",Unfall 33479 (2016) Kat:3, Licht: 0,33479,3,6,2,07,13,5,,0,0,1,0,0,0,0
"POINT (9.208250455000000 48.747737133999998)",Unfall 33497 (2016) Kat:3, Licht: 0,33497,3,3,5,07,18,4,,0,1,1,0,0,0,0
"POINT (9.144583188000000 48.727783815000002)",Unfall 33524 (2016) Kat:3, Licht: 2,33524,3,2,5,07,22,2,,2,0,1,0,1,0,0
"POINT (9.158156361000000 48.770611543000001)",Unfall 33538 (2016) Kat:3, Licht: 0,33538,3,2,2,07,19,2,,0,0,1,0,0,0,0
"POINT (9.128057204999999 48.737245225000002)",Unfall 33553 (2016) Kat:3, Licht: 0,33553,3,6,3,07,16,7,,0,0,1,0,1,0,0
"POINT (9.179492257000000 48.784488158000002)",Unfall 33556 (2016) Kat:3, Licht: 0,33556,3,6,2,07,10,2,,0,0,1,0,1,0,0