WKT,Name,OBJECTID,UKATEGORIE,UTYP1,UART,UMONAT,USTUNDE,UWOCHENTAG,STRZUSTAND,ULICHTVERH,ISTRAD,ISTPKW,ISTFUSS,ISTKRAD,ISTGKFZ,ISTSONSTIG
"POINT (9.167488992999999 48.773018935000003)",Unfall 33574 (2016) Kat:3, Licht: 0,33574,3,6,2,07,12,3,,0,0,1,0,1,0,0
"POINT (9.155050401000000 48.803975542000003)",Unfall 33576 (2016) Kat:3, Licht: 0,33576,3,6,2,07,13,3,,0,0,1,0,0,0,0
"POINT (9.244179955000000 48.790778971999998)",Unfall 33613 (2016) Kat:3, Licht: 0,33613,3,3,5,07,16,2,,0,0,1,0,1,0,0
"POINT (9.130918005000000 48.782112931000000)",Unfall 33625 (2016) Kat:3, Licht: 0,33625,3,2,5,07,15,4,,0,0,1,0,0,0,0
"POINT (9.205842162000000 48.703167145000002)",Unfall 33693 (2016) Kat:3, Licht: 0,33693,3,2,5,07,19,7,,0,1,1,0,0,0,0
"POINT (9.103511966999999 48.739056855999998)",Unfall 33704 (2016) Kat:2, Licht: 0,33704,2,7,2,07,18,4,,0,0,1,0,0,0,0
"POINT (9.173776087000000 48.821556567999998)",Unfall 33721 (2016) Kat:3, Licht: 0,33721,3,6,2,07,10,2,,0,0,1,0,0,0,1
"POINT (9.180323338000001 48.786097900000001)",Unfall 33739 (2016) Kat:2, Licht: 0,33739,2,3,5,07,13,3,,0,0,1,0,1,0,0
"POINT (9.139385972000000 48.765921753000001)",Unfall 33786 (2016) Kat:3, Licht: 0,33786,3,6,2,07,08,4,,0,0,1,0,1,0,0
"POINT (9.133081050000000 48.773045987000003)",Unfall 33788 (2016) Kat:3, Licht: 0,33788,3,3,5,07,09,6,,0,0,1,0,1,0,0
"POINT (9.225931645999999 48.818752115000002)",Unfall 33790 (2016) Kat:3, Licht: 0,33790,3,7,0,07,14,1,,0,1,0,0,0,0,0
"POINT (9.243176895000000 48.792037088999997)",Unfall 33792 (2016) Kat:3, Licht: 0,33792,3,3,5,07,09,4,,0,1,0,0,0,0,1
"POINT (9.181976560000001 48.810736835999997)",Unfall 33800 (2016) Kat:3, Licht: 0,33800,3,6,2,07,19,2,,0,0,1,0,0,0,0
"POINT (9.091105810000000 48.790475530000002)",Unfall 33806 (2016) Kat:3, Licht: 0,33806,3,7,4,07,16,6,,0,0,1,0,0,0,0
"POINT (9.226387002999999 48.786807512999999)",Unfall 33842 (2016) Kat:3, Licht: 0,33842,3,6,2,07,13,3,,0,0,1,0,0,0,0
"POINT (9.195421775000000 48.769486260999997)",Unfall 33856 (2016) Kat:3, Licht: 0,33856,3,6,2,07,12,7,,0,0,1,0,1,0,0
"POINT (9.203198010000000 48.777341257000003)",Unfall 33859 (2016) Kat:3, Licht: 0,33859,3,2,5,07,20,2,,0,0,1,0,0,0,1
"POINT (9.182261470000000 48.810423737000001)",Unfall 33869 (2016) Kat:3, Licht: 0,33869,3,6,2,07,15,4,,0,0,1,0,1,0,0
"POINT (9.211929476000000 48.806455653000000)",Unfall 33900 (2016) Kat:3, Licht: 0,33900,3,3,5,07,06,3,,0,0,1,0,0,0,0
"POINT (9.243553685000000 48.777518557999997)",Unfall 33931 (2016) Kat:3, Licht: 0,33931,3,6,3,07,07,4,,0,0,1,0,1,0,0
"POINT (9.204813151000000 48.706868864000000)",Unfall 33949 (2016) Kat:3, Licht: 0,33949,3,6,2,07,07,4,,0,0,1,0,0,0,0
"POINT (9.240764079000000 48.789974493000003)",Unfall 33964 (2016) Kat:3, Licht: 0,33964,3,6,2,07,08,3,,0,0,1,0,0,0,0
"POINT (9.170060475000000 48.773884410000001)",Unfall 34039 (2016) Kat:3, Licht: 0,34039,3,7,3,07,14,6,,0,0,1,0,0,0,1
"POINT (9.131289210000000 48.812469681000003)",Unfall 34042 (2016) Kat:3, Licht: 0,34042,3,7,2,07,16,2,,0,0,1,0,1,0,0
"POINT (9.233537242000001 48.806050665999997)",Unfall 34051 (2016) Kat:3, Licht: 0,34051,3,6,2,07,10,3,,0,0,1,0,0,0,0
"POINT (9.188845799999999 48.784247393000001)",Unfall 34070 (2016) Kat:3, Licht: 0,34070,3,7,0,07,11,5,,0,0,0,0,1,0,0
"POINT (9.164555653000001 48.772274175000000)",Unfall 34133 (2016) Kat:3, Licht: 0,34133,3,6,2,07,18,2,,0,0,1,0,0,0,0
"POINT (9.089867177000000 48.789847936999998)",Unfall 34140 (2016) Kat:3, Licht: 0,34140,3,1,0,07,12,5,,0,0,0,0,1,0,0
"POINT (9.252589887999999 48.767123110999997)",Unfall 34142 (2016) Kat:3, Licht: 0,34142,3,6,2,07,14,7,,0,0,1,0,0,0,0
"POINT (9.163149670999999 48.830017820999998)",Unfall 34149 (2016) Kat:3, Licht: 0,34149,3,6,2,07,07,3,,0,0,1,0,0,0,0
"POINT (9.201900883000000 48.795100918000003)",Unfall 34157 (2016) Kat:3, Licht: 0,34157,3,6,2,07,18,1,,0,0,1,0,0,0,0
"POINT (9.191371122000000 48.697883546000000)",Unfall 34234 (2016) Kat:3, Licht: 0,34234,3,6,1,07,09,7,,0,0,1,0,0,0,0
"POINT (9.226021560000000 48.792346258999999)",Unfall 34237 (2016) Kat:3, Licht: 0,34237,3,1,0,07,08,3,,0,1,0,0,0,0,0
"POINT (9.125154310999999 48.729490200999997)",Unfall 34257 (2016) Kat:3, Licht: 0,34257,3,6,2,07,10,5,,0,0,1,0,0,0,0
"POINT (9.142338935000000 48.754055987999998)",Unfall 34259 (2016) Kat:3, Licht: 0,34259,3,6,2,07,15,7,,0,0,1,0,0,0,0
"POINT (9.140166904999999 48.810835562999998)",Unfall 34304 (2016) Kat:3, Licht: 0,34304,3,6,3,07,12,3,,0,0,1,0,0,1,0
"POINT (9.183054380000000 48.775577540999997)",Unfall 34317 (2016) Kat:3, Licht: 0,34317,3,2,2,07,14,2,,0,0,1,0,0,0,0
"POINT (9.091469740999999 48.820367513999997)",Unfall 34323 (2016) Kat:3, Licht: 0,34323,3,2,5,07,06,5,,0,0,1,0,0,0,0
"POINT (9.174534244000000 48.804335019000000)",Unfall 34406 (2016) Kat:3, Licht: 0,34406,3,6,2,07,13,2,,0,0,1,0,0,0,0
"POINT (9.076504297000000 48.721872738000002)",Unfall 34411 (2016) Kat:3, Licht: 0,34411,3,6,2,07,16,5,,0,0,1,0,0,0,0
"POINT (9.091424755000000 48.820282499999998)",Unfall 34412 (2016) Kat:3, Licht: 0,34412,3,6,2,07,08,5,,0,0,1,0,0,0,0
"POINT (9.214494781999999 48.795904776000000)",Unfall 34414 (2016) Kat:3, Licht: 0,34414,3,6,2,07,15,7,,0,0,1,0,0,0,0
"POINT (9.190356886000000 48.807272828999999)",Unfall 34446 (2016) Kat:3, Licht: 0,34446,3,6,2,08,16,2,,0,0,1,0,1,0,0
"POINT (9.157884150999999 48.770540810000000)",Unfall 34453 (2016) Kat:2, Licht: 0,34453,2,4,6,07,13,5,,0,0,0,1,0,0,1
"POINT (9.176674356000000 48.771156327000000)",Unfall 34508 (2016) Kat:3, Licht: 0,34508,3,3,5,07,07,6,,0,0,0,0,0,0,1
"POINT (9.185633960000001 48.779905040000003)",Unfall 34539 (2016) Kat:3, Licht: 0,34539,3,6,2,08,17,3,,0,0,1,0,0,0,0
"POINT (9.220239033000000 48.835191135000002)",Unfall 34553 (2016) Kat:3, Licht: 0,34553,3,7,3,07,16,5,,0,0,1,0,0,0,1
"POINT (9.148091056000000 48.810685263000003)",Unfall 34573 (2016) Kat:3, Licht: 0,34573,3,6,2,08,12,2,,0,0,1,0,0,1,0
"POINT (9.208643325000001 48.798584411999997)",Unfall 34612 (2016) Kat:3, Licht: 0,34612,3,6,3,08,13,3,,0,0,1,0,0,0,0
"POINT (9.128994307999999 48.757702950000002)",Unfall 34682 (2016) Kat:3, Licht: 0,34682,3,6,2,07,17,4,,0,0,1,0,0,0,0
"POINT (9.201135591000000 48.807596797000002)",Unfall 34693 (2016) Kat:3, Licht: 0,34693,3,6,2,07,15,4,,0,0,1,0,0,1,0
"POINT (9.207584022000001 48.802057840000003)",Unfall 34699 (2016) Kat:3, Licht: 0,34699,3,6,3,07,06,4,,0,0,1,0,1,0,0
"POINT (9.154273627000000 48.707713679999998)",Unfall 34702 (2016) Kat:3, Licht: 0,34702,3,6,2,07,18,4,,0,0,1,0,1,0,0
"POINT (9.244319543000000 48.776816762000003)",Unfall 34709 (2016) Kat:3, Licht: 0,34709,3,6,2,07,16,6,,0,0,1,0,0,0,0
"POINT (9.177512986000000 48.815743841000000)",Unfall 34716 (2016) Kat:3, Licht: 0,34716,3,3,5,07,15,4,,0,1,1,0,0,0,0
"POINT (9.250475007000000 48.756553463000003)",Unfall 34737 (2016) Kat:3, Licht: 0,34737,3,3,5,08,17,3,,0,1,1,0,0,0,0
"POINT (9.134378261000000 48.728317046999997)",Unfall 34749 (2016) Kat:3, Licht: 0,34749,3,3,5,07,18,5,,0,0,1,0,0,0,0
"POINT (9.186965531000000 48.770438722999998)",Unfall 34766 (2016) Kat:2, Licht: 0,34766,2,7,6,08,11,2,,0,1,0,1,0,0,0
"POINT (9.209919031000000 48.799281290000003)",Unfall 34803 (2016) Kat:3, Licht: 0,34803,3,6,2,07,15,6,,0,0,1,0,0,0,0
"POINT (9.239242991999999 48.807553331999998)",Unfall 34808 (2016) Kat:3, Licht: 0,34808,3,7,1,07,16,5,,0,0,1,0,0,0,0
"POINT (9.242341081999999 48.793127530000000)",Unfall 34828 (2016) Kat:3, Licht: 0,34828,3,6,2,08,17,3,,0,0,1,0,0,0,0
"POINT (9.095759206000000 48.730657323999999)",Unfall 34841 (2016) Kat:3, Licht: 0,34841,3,6,2,07,18,5,,0,0,1,0,0,0,0
"POINT (9.207536207000000 48.801825024999999)",Unfall 34864 (2016) Kat:3, Licht: 0,34864,3,6,2,08,12,2,,0,0,1,0,0,0,1
"POINT (9.172916879000001 48.753925672000001)",Unfall 34903 (2016) Kat:2, Licht: 2,34903,2,6,0,08,21,3,,2,0,1,0,1,0,0
"POINT (9.182097120000000 48.766392160000002)",Unfall 34964 (2016) Kat:3, Licht: 0,34964,3,6,2,08,11,2,,0,0,0,0,0,1,1
"POINT (9.230673578999999 48.738819204999999)",Unfall 35017 (2016) Kat:3, Licht: 0,35017,3,6,2,08,19,5,,0,0,1,0,0,0,0
"POINT (9.249288180000001 48.783549108999999)",Unfall 35021 (2016) Kat:3, Licht: 0,35021,3,6,2,08,13,4,,0,0,1,0,1,0,0
"POINT (9.171359507000000 48.750628157999998)",Unfall 35077 (2016) Kat:3, Licht: 0,35077,3,6,2,08,17,3,,0,0,1,0,0,0,0
"POINT (9.218814434000000 48.704388074999997)",Unfall 35122 (2016) Kat:3, Licht: 1,35122,3,6,2,08,05,1,,1,0,1,0,0,0,0
"POINT (9.240183058000000 48.755793658000002)",Unfall 35148 (2016) Kat:3, Licht: 0,35148,3,1,0,08,07,5,,0,0,0,0,1,0,0
"POINT (9.184024726000001 48.809398037999998)",Unfall 35188 (2016) Kat:3, Licht: 0,35188,3,6,2,08,10,2,,0,0,1,0,0,0,0
"POINT (9.226037061000000 48.792358315000001)",Unfall 35242 (2016) Kat:2, Licht: 0,35242,2,7,0,08,14,5,,0,1,0,0,0,0,0
"POINT (9.136722753000001 48.775472237000002)",Unfall 35246 (2016) Kat:2, Licht: 0,35246,2,3,5,08,16,4,,0,0,1,0,1,0,0
"POINT (9.185486536000001 48.774491703999999)",Unfall 35294 (2016) Kat:3, Licht: 0,35294,3,4,6,08,14,3,,0,0,0,1,1,0,0
"POINT (9.232687085000000 48.803008478999999)",Unfall 35326 (2016) Kat:3, Licht: 1,35326,3,1,0,08,19,2,,1,1,0,0,0,0,0
"POINT (9.169215979000001 48.741746333000002)",Unfall 35341 (2016) Kat:2, Licht: 0,35341,2,7,1,08,17,1,,0,0,1,0,1,0,0
"POINT (9.160858514999999 48.743099346000001)",Unfall 35351 (2016) Kat:3, Licht: 0,35351,3,6,2,08,09,4,,0,0,1,0,0,0,0
"POINT (9.207259670999999 48.801808952000002)",Unfall 35355 (2016) Kat:3, Licht: 0,35355,3,7,4,08,08,4,,0,0,1,0,0,0,0
"POINT (9.216900423000000 48.803095904999999)",Unfall 35363 (2016) Kat:3, Licht: 2,35363,3,5,1,08,21,5,,2,0,1,0,0,0,1
"POINT (9.257982889999999 48.760981850999997)",Unfall 35386 (2016) Kat:3, Licht: 0,35386,3,6,2,08,18,7,,0,0,1,0,0,0,1
"POINT (9.123641160000000 48.708485861000000)",Unfall 35388 (2016) Kat:3, Licht: 0,35388,3,6,2,08,13,5,,0,0,1,0,0,0,0
"POINT (9.134241062999999 48.764317535000004)",Unfall 35401 (2016) Kat:3, Licht: 1,35401,3,3,5,08,21,3,,1,0,1,0,0,0,0
"POINT (9.203053338000000 48.795733120999998)",Unfall 35496 (2016) Kat:3, Licht: 0,35496,3,6,2,08,15,3,,0,0,1,0,0,0,0
"POINT (9.094215632999999 48.735991890999998)",Unfall 35547 (2016) Kat:3, Licht: 0,35547,3,1,8,08,06,1,,0,0,1,0,0,0,0
"POINT (9.153620983000000 48.843459858999999)",Unfall 35565 (2016) Kat:3, Licht: 0,35565,3,3,5,08,18,4,,0,0,1,0,0,0,0
"POINT (9.172457356000001 48.822237608000002)",Unfall 35571 (2016) Kat:2, Licht: 0,35571,2,7,0,08,16,7,,0,0,0,0,1,0,0
"POINT (9.180186471000001 48.773630781000001)",Unfall 35582 (2016) Kat:3, Licht: 0,35582,3,6,2,08,15,3,,0,0,1,0,0,1,0
"POINT (9.182568790000000 48.776591603000000)",Unfall 35584 (2016) Kat:3, Licht: 0,35584,3,6,2,08,19,5,,0,0,1,0,0,0,0
"POINT (9.207272118000001 48.801783286000003)",Unfall 35627 (2016) Kat:3, Licht: 1,35627,3,3,5,08,05,6,,1,0,1,0,0,0,0
"POINT (9.163115244000000 48.706807015999999)",Unfall 35634 (2016) Kat:2, Licht: 0,35634,2,1,9,08,18,2,,0,0,0,0,1,0,0
"POINT (9.177358300000000 48.807537302000000)",Unfall 35696 (2016) Kat:3, Licht: 0,35696,3,6,3,08,17,4,,0,1,1,0,0,0,0
"POINT (9.191340187000000 48.788578029999996)",Unfall 35737 (2016) Kat:3, Licht: 0,35737,3,6,2,08,13,3,,0,0,1,0,0,0,0
"POINT (9.231469218000001 48.785926572000001)",Unfall 35750 (2016) Kat:3, Licht: 2,35750,3,6,2,08,21,7,,2,0,1,0,0,0,0
"POINT (9.208348930000000 48.806621419999999)",Unfall 35801 (2016) Kat:3, Licht: 0,35801,3,6,2,08,06,2,,0,0,1,0,0,0,0
"POINT (9.214569795999999 48.743565359000002)",Unfall 35803 (2016) Kat:3, Licht: 0,35803,3,5,1,08,10,2,,0,1,1,0,0,0,0
"POINT (9.183666726000000 48.776980518000002)",Unfall 35824 (2016) Kat:3, Licht: 0,35824,3,6,0,08,06,5,,0,0,0,0,1,0,0
"POINT (9.108937997000000 48.755486007000002)",Unfall 35973 (2016) Kat:3, Licht: 0,35973,3,6,2,08,17,3,,0,0,1,0,0,0,0
"POINT (9.177691278999999 48.815778795999996)",Unfall 35987 (2016) Kat:3, Licht: 2,35987,3,6,2,08,01,7,,2,0,1,0,1,0,0
"POINT (9.263038670000000 48.762828700999997)",Unfall 36077 (2016) Kat:3, Licht: 0,36077,3,6,2,08,12,6,,0,0,1,0,1,0,0
"POINT (9.215221345000000 48.802246306000001)",Unfall 36106 (2016) Kat:3, Licht: 0,36106,3,7,0,08,17,3,,0,1,0,1,0,0,0
"POINT (9.211954395999999 48.806473279999999)",Unfall 36128 (2016) Kat:3, Licht: 0,36128,3,3,5,08,05,5,,0,0,1,0,0,0,0
"POINT (9.156473588000001 48.847699618000000)",Unfall 36135 (2016) Kat:3, Licht: 0,36135,3,2,3,08,14,4,,0,1,1,0,0,0,0
"POINT (9.197727816000000 48.772313292000000)",Unfall 36181 (2016) Kat:3, Licht: 0,36181,3,6,2,08,08,5,,0,0,1,0,0,0,0
"POINT (9.212452302999999 48.744867599000003)",Unfall 36235 (2016) Kat:3, Licht: 0,36235,3,3,5,08,12,5,,0,1,1,0,0,0,0
"POINT (9.181958343000000 48.776885505999999)",Unfall 36236 (2016) Kat:3, Licht: 0,36236,3,6,2,08,20,6,,0,0,1,0,0,0,0
"POINT (9.188539951999999 48.783814759999999)",Unfall 36289 (2016) Kat:3, Licht: 0,36289,3,6,3,08,11,5,,0,0,1,0,0,1,0
"POINT (9.263108609000000 48.762853712999998)",Unfall 36296 (2016) Kat:3, Licht: 0,36296,3,2,5,08,14,4,,0,0,1,0,1,0,0
"POINT (9.136088350000000 48.747796821000001)",Unfall 36415 (2016) Kat:3, Licht: 0,36415,3,7,2,08,13,3,,0,0,1,0,0,0,1
"POINT (9.186560904000000 48.773851080000000)",Unfall 36428 (2016) Kat:3, Licht: 0,36428,3,4,2,08,17,4,,0,0,1,1,0,0,0
"POINT (9.213436374000001 48.800865758000000)",Unfall 36435 (2016) Kat:3, Licht: 0,36435,3,3,5,08,13,2,,0,0,1,0,0,1,0
"POINT (9.204862077000000 48.807998423999997)",Unfall 36441 (2016) Kat:3, Licht: 0,36441,3,2,5,08,09,7,,0,1,0,0,0,0,1
"POINT (9.179196798000000 48.784256077999999)",Unfall 36504 (2016) Kat:3, Licht: 0,36504,3,6,2,08,14,4,,0,0,1,0,0,0,0
"POINT (9.215342151000000 48.831855787000002)",Unfall 36544 (2016) Kat:3, Licht: 1,36544,3,1,1,08,20,1,,1,0,1,0,0,0,0
"POINT (9.130591183000000 48.728497546000000)",Unfall 36546 (2016) Kat:2, Licht: 0,36546,2,3,5,08,15,4,,0,0,1,0,0,0,0
"POINT (9.175455110000000 48.778615590999998)",Unfall 36555 (2016) Kat:3, Licht: 0,36555,3,6,2,08,12,2,,0,0,1,0,0,0,0
"POINT (9.183549104000001 48.775297451999997)",Unfall 36605 (2016) Kat:3, Licht: 0,36605,3,6,3,08,15,4,,0,0,1,0,1,0,0
"POINT (9.100635473000001 48.802865032000000)",Unfall 36622 (2016) Kat:3, Licht: 0,36622,3,1,8,09,08,1,,0,0,1,0,0,0,0
"POINT (9.177869930000000 48.810914378000000)",Unfall 36672 (2016) Kat:3, Licht: 0,36672,3,3,5,09,16,5,,0,1,1,0,0,0,0
"POINT (9.145071900000000 48.771451990000003)",Unfall 36690 (2016) Kat:3, Licht: 0,36690,3,6,3,09,14,7,,0,0,1,0,1,0,0
"POINT (9.184178028000000 48.805120776000003)",Unfall 36755 (2016) Kat:3, Licht: 0,36755,3,1,9,09,13,1,,0,0,0,0,1,0,0
"POINT (9.207574709999999 48.801823212000002)",Unfall 36762 (2016) Kat:3, Licht: 0,36762,3,7,2,09,14,6,,0,0,1,0,1,0,0
"POINT (9.116228044000000 48.758540729000003)",Unfall 36824 (2016) Kat:3, Licht: 0,36824,3,1,9,09,16,7,,0,0,0,0,1,0,0
"POINT (9.204274077000001 48.808193199999998)",Unfall 36875 (2016) Kat:3, Licht: 2,36875,3,1,9,09,22,6,,2,0,1,0,0,0,0
"POINT (9.172005329999999 48.767806346000000)",Unfall 36890 (2016) Kat:3, Licht: 0,36890,3,6,2,09,14,7,,0,0,1,0,0,0,0
"POINT (9.209084117000000 48.800479953000000)",Unfall 36891 (2016) Kat:3, Licht: 0,36891,3,6,2,09,18,1,,0,0,1,0,0,0,0
"POINT (9.155968704999999 48.810691366000000)",Unfall 36920 (2016) Kat:3, Licht: 0,36920,3,3,5,09,15,2,,0,0,1,0,0,0,0
"POINT (9.225594568000000 48.693971261000002)",Unfall 36940 (2016) Kat:3, Licht: 0,36940,3,6,2,09,17,5,,0,0,1,0,0,0,0
"POINT (9.180561999000000 48.812212326000001)",Unfall 36951 (2016) Kat:3, Licht: 0,36951,3,6,2,09,13,3,,0,0,1,0,0,0,0
"POINT (9.233726029000000 48.787149722999999)",Unfall 36961 (2016) Kat:3, Licht: 2,36961,3,6,2,09,21,6,,2,0,1,0,0,0,0
"POINT (9.123806019000000 48.708493253000000)",Unfall 36975 (2016) Kat:3, Licht: 0,36975,3,6,2,09,07,5,,0,0,1,0,0,0,0
"POINT (9.173588470000000 48.822343906000000)",Unfall 36978 (2016) Kat:3, Licht: 0,36978,3,6,2,09,17,4,,0,0,1,0,0,0,0
"POINT (9.207271099000000 48.801785387000002)",Unfall 36987 (2016) Kat:3, Licht: 0,36987,3,7,5,09,13,5,,0,0,1,0,0,0,0
"POINT (9.176104363000000 48.817849133000003)",Unfall 37008 (2016) Kat:3, Licht: 0,37008,3,6,2,09,13,7,,0,0,1,0,0,0,0
"POINT (9.203708095000000 48.710481825999999)",Unfall 37024 (2016) Kat:3, Licht: 0,37024,3,2,6,09,17,3,,0,0,1,1,0,0,0
"POINT (9.102090798000001 48.804284918999997)",Unfall 37029 (2016) Kat:3, Licht: 0,37029,3,6,2,09,19,3,,0,0,1,0,0,0,1
"POINT (9.180044156999999 48.773807134000002)",Unfall 37067 (2016) Kat:3, Licht: 0,37067,3,3,5,09,18,7,,0,1,1,0,0,0,0
"POINT (9.180421519999999 48.787329911000000)",Unfall 37086 (2016) Kat:3, Licht: 0,37086,3,6,2,09,07,7,,0,0,1,0,1,0,0
"POINT (9.211433058000001 48.804839164000001)",Unfall 37090 (2016) Kat:3, Licht: 0,37090,3,2,2,09,17,3,,0,0,1,0,0,0,0
"POINT (9.180171258000000 48.786282999999997)",Unfall 37096 (2016) Kat:3, Licht: 0,37096,3,6,3,09,15,6,,0,0,1,0,1,0,0
"POINT (9.254398767000000 48.776692105999999)",Unfall 37108 (2016) Kat:3, Licht: 0,37108,3,2,2,09,19,3,,0,0,1,0,0,0,0
"POINT (9.186595455999999 48.781455784000002)",Unfall 37142 (2016) Kat:3, Licht: 0,37142,3,3,5,09,16,5,,0,0,1,0,0,0,0
"POINT (9.103261619000000 48.805336552999997)",Unfall 37167 (2016) Kat:2, Licht: 0,37167,2,2,0,09,16,7,,0,0,1,0,0,0,1
"POINT (9.227032092000000 48.739949402000001)",Unfall 37233 (2016) Kat:3, Licht: 0,37233,3,6,2,09,13,4,,0,0,1,0,0,0,0
"POINT (9.090421423000000 48.784181717000003)",Unfall 37243 (2016) Kat:2, Licht: 2,37243,2,1,9,09,23,7,,2,0,1,0,0,0,0
"POINT (9.109688554000000 48.727474196999999)",Unfall 37252 (2016) Kat:3, Licht: 0,37252,3,2,5,09,13,6,,0,1,1,0,0,0,0
"POINT (9.171565692000000 48.774966108000001)",Unfall 37269 (2016) Kat:3, Licht: 0,37269,3,1,8,09,13,3,,0,0,1,0,0,0,0
"POINT (9.101211428999999 48.803443520000002)",Unfall 37300 (2016) Kat:3, Licht: 0,37300,3,3,5,09,15,7,,0,0,1,0,1,0,0
"POINT (9.222873753000000 48.789961654000003)",Unfall 37312 (2016) Kat:3, Licht: 0,37312,3,6,2,09,17,3,,0,0,1,0,0,0,0
"POINT (9.174319484000000 48.769395250999999)",Unfall 37341 (2016) Kat:2, Licht: 1,37341,2,3,0,09,05,1,,1,1,1,0,0,0,0
"POINT (9.195840568000000 48.769644081000003)",Unfall 37361 (2016) Kat:3, Licht: 0,37361,3,6,2,09,18,6,,0,0,1,0,0,0,0
"POINT (9.206036354000000 48.807808750000000)",Unfall 37382 (2016) Kat:3, Licht: 0,37382,3,6,2,09,15,4,,0,0,1,0,0,0,0
"POINT (9.181975905000000 48.766276689999998)",Unfall 37419 (2016) Kat:3, Licht: 1,37419,3,1,0,09,20,5,,1,1,0,0,0,0,0
"POINT (9.165000999000000 48.710181489000000)",Unfall 37441 (2016) Kat:3, Licht: 0,37441,3,6,3,09,12,4,,0,0,1,0,0,1,0
"POINT (9.174683351000001 48.820538251000002)",Unfall 37482 (2016) Kat:3, Licht: 0,37482,3,6,2,09,07,5,,0,0,1,0,0,0,1
"POINT (9.215282304000001 48.802290949000003)",Unfall 37522 (2016) Kat:3, Licht: 1,37522,3,2,2,09,06,6,,1,0,1,0,0,0,0
"POINT (9.214344147000000 48.801535319999999)",Unfall 37540 (2016) Kat:3, Licht: 0,37540,3,6,2,09,06,4,,0,0,1,0,0,0,0
"POINT (9.154578347999999 48.754885463999997)",Unfall 37546 (2016) Kat:3, Licht: 2,37546,3,1,8,09,03,2,,2,0,1,0,0,0,0
"POINT (9.248884024000001 48.780433522999999)",Unfall 37559 (2016) Kat:3, Licht: 0,37559,3,6,3,09,16,5,,0,0,1,0,1,0,0
"POINT (9.169661922000000 48.749178653000001)",Unfall 37588 (2016) Kat:3, Licht: 0,37588,3,7,6,09,16,3,,0,1,0,1,0,0,0
"POINT (9.236432587000000 48.806873672999998)",Unfall 37602 (2016) Kat:3, Licht: 0,37602,3,6,2,09,16,4,,0,0,1,0,0,0,0
"POINT (9.169526582000000 48.764010876000000)",Unfall 37621 (2016) Kat:3, Licht: 2,37621,3,6,2,09,20,4,,2,0,1,0,0,0,0
"POINT (9.189872224000000 48.786274472000002)",Unfall 37685 (2016) Kat:3, Licht: 0,37685,3,3,5,09,13,6,,0,1,1,0,0,0,0
"POINT (9.097771031000001 48.820381185000002)",Unfall 37704 (2016) Kat:3, Licht: 0,37704,3,3,5,09,07,4,,0,0,1,0,0,0,0
"POINT (9.127925348000000 48.728972280000001)",Unfall 37710 (2016) Kat:3, Licht: 0,37710,3,6,3,09,17,2,,0,0,0,0,1,1,0
"POINT (9.224346889000000 48.788052692999997)",Unfall 37722 (2016) Kat:2, Licht: 0,37722,2,6,2,09,17,5,,0,0,1,0,0,0,0
"POINT (9.167250523000000 48.798065622000003)",Unfall 37727 (2016) Kat:3, Licht: 0,37727,3,6,3,09,07,3,,0,0,1,0,0,1,0
"POINT (9.211063015000001 48.726086655000003)",Unfall 37745 (2016) Kat:2, Licht: 2,37745,2,1,8,09,21,4,,2,0,1,0,0,0,0
"POINT (9.164190291000001 48.747180358999998)",Unfall 37757 (2016) Kat:3, Licht: 0,37757,3,6,2,09,17,3,,0,0,1,0,1,0,0
"POINT (9.226806144999999 48.793050366000003)",Unfall 37760 (2016) Kat:2, Licht: 0,37760,2,1,8,09,14,1,,0,0,1,0,0,0,0
"POINT (9.254778309000001 48.759572491000000)",Unfall 37766 (2016) Kat:2, Licht: 0,37766,2,6,2,09,13,2,,0,0,1,0,1,0,0
"POINT (9.257304894000001 48.760025947000003)",Unfall 37805 (2016) Kat:3, Licht: 2,37805,3,6,2,09,23,6,,2,0,1,0,0,0,0
"POINT (9.156100563000001 48.755006823000002)",Unfall 37850 (2016) Kat:3, Licht: 0,37850,3,6,2,09,15,1,,0,0,1,0,0,0,0
"POINT (9.129991927000001 48.709108589000003)",Unfall 37876 (2016) Kat:3, Licht: 0,37876,3,7,9,09,12,5,,0,0,1,0,0,0,0
"POINT (9.146705538999999 48.836039595000003)",Unfall 37877 (2016) Kat:2, Licht: 0,37877,2,3,5,09,12,7,,0,0,1,0,1,0,0
"POINT (9.157014697999999 48.810999572999997)",Unfall 37920 (2016) Kat:3, Licht: 0,37920,3,3,5,09,16,3,,0,1,1,0,0,0,0
"POINT (9.123235586000000 48.764490918000000)",Unfall 37925 (2016) Kat:3, Licht: 2,37925,3,6,2,09,19,6,,2,0,1,0,0,0,0
"POINT (9.110960578000000 48.823283549000003)",Unfall 37935 (2016) Kat:3, Licht: 0,37935,3,3,5,09,13,4,,0,1,1,0,0,0,0
"POINT (9.181327446999999 48.811748524000002)",Unfall 37957 (2016) Kat:3, Licht: 0,37957,3,6,3,09,11,2,,0,0,1,0,0,0,1
"POINT (9.112972521000000 48.745747540000004)",Unfall 37967 (2016) Kat:3, Licht: 0,37967,3,6,2,09,15,7,,0,0,1,0,0,0,0
"POINT (9.110853873000000 48.729847892999999)",Unfall 37999 (2016) Kat:3, Licht: 0,37999,3,2,5,09,16,7,,0,1,1,0,0,0,0
"POINT (9.248746387000001 48.790534460000003)",Unfall 38020 (2016) Kat:3, Licht: 0,38020,3,1,1,09,10,7,,0,0,1,0,0,0,0