WKT,Name,OBJECTID,UKATEGORIE,UTYP1,UART,UMONAT,USTUNDE,UWOCHENTAG,STRZUSTAND,ULICHTVERH,ISTRAD,ISTPKW,ISTFUSS,ISTKRAD,ISTGKFZ,ISTSONSTIG
"POINT (9.211068269000000 48.825515738000000)",Unfall 38038 (2016) Kat:3, Licht: 2,38038,3,7,0,09,05,1,,2,0,1,0,0,0,0
"POINT (9.203285652000000 48.794104885000003)",Unfall 38041 (2016) Kat:3, Licht: 0,38041,3,6,2,09,15,7,,0,0,1,0,0,0,0
"POINT (9.194784750000000 48.779266174999997)",Unfall 38045 (2016) Kat:3, Licht: 0,38045,3,6,2,09,17,2,,0,0,1,0,1,0,0
"POINT (9.211252547999999 48.802396051000002)",Unfall 38084 (2016) Kat:3, Licht: 0,38084,3,3,5,09,13,6,,0,1,0,0,0,0,1
"POINT (9.087810943999999 48.754197224000002)",Unfall 38155 (2016) Kat:2, Licht: 0,38155,2,1,8,09,16,7,,0,0,0,0,1,0,0
"POINT (9.175510909000000 48.811187812999997)",Unfall 38220 (2016) Kat:1, Licht: 0,38220,1,7,0,09,17,4,,0,0,1,0,0,0,1
"POINT (9.227168436000000 48.786665905000000)",Unfall 38254 (2016) Kat:3, Licht: 0,38254,3,6,3,09,13,3,,0,0,1,0,0,1,0
"POINT (9.182909070999999 48.776030894999998)",Unfall 38265 (2016) Kat:2, Licht: 2,38265,2,2,5,09,23,6,,2,0,1,0,0,0,0
"POINT (9.166020036000001 48.850682145999997)",Unfall 38325 (2016) Kat:2, Licht: 0,38325,2,2,5,09,06,4,,0,0,1,0,0,0,0
"POINT (9.187005190000001 48.781539297999998)",Unfall 38332 (2016) Kat:3, Licht: 0,38332,3,2,3,09,18,5,,0,0,1,0,1,0,0
"POINT (9.226369475000000 48.741472649999999)",Unfall 38351 (2016) Kat:3, Licht: 2,38351,3,6,3,09,23,4,,2,0,1,0,0,0,1
"POINT (9.247852529999999 48.756009409999997)",Unfall 38354 (2016) Kat:3, Licht: 0,38354,3,2,5,09,08,3,,0,0,1,0,1,0,0
"POINT (9.180840329000001 48.765077613000003)",Unfall 38364 (2016) Kat:3, Licht: 0,38364,3,1,0,09,15,6,,0,0,0,0,1,0,0
"POINT (9.129574539000000 48.781210375999997)",Unfall 38409 (2016) Kat:3, Licht: 0,38409,3,6,2,09,15,2,,0,0,1,0,0,0,0
"POINT (9.173254427000000 48.800566402000001)",Unfall 38425 (2016) Kat:3, Licht: 0,38425,3,6,3,09,15,4,,0,0,1,0,1,0,0
"POINT (9.116068336000000 48.732032007000001)",Unfall 38431 (2016) Kat:3, Licht: 0,38431,3,1,0,09,16,5,,0,1,0,0,0,0,0
"POINT (9.220428283000000 48.788067578000003)",Unfall 38441 (2016) Kat:3, Licht: 0,38441,3,6,2,10,16,7,,0,0,1,0,0,0,0
"POINT (9.214520900000000 48.801681551999998)",Unfall 38500 (2016) Kat:3, Licht: 0,38500,3,6,0,09,15,1,,0,0,1,0,1,0,0
"POINT (9.206461981000000 48.797231193999998)",Unfall 38553 (2016) Kat:3, Licht: 2,38553,3,6,2,09,19,4,,2,0,1,0,0,0,0
"POINT (9.238371454999999 48.696455561000001)",Unfall 38555 (2016) Kat:3, Licht: 2,38555,3,6,2,09,22,3,,2,0,1,0,0,1,0
"POINT (9.222330670000000 48.789081951999997)",Unfall 38556 (2016) Kat:3, Licht: 0,38556,3,6,2,09,09,3,,0,0,1,0,0,0,0
"POINT (9.179483663999999 48.783963128000003)",Unfall 38568 (2016) Kat:3, Licht: 0,38568,3,6,2,09,12,6,,0,0,1,0,0,0,0
"POINT (9.090336234000001 48.784094940000003)",Unfall 38589 (2016) Kat:3, Licht: 0,38589,3,1,0,09,17,2,,0,1,0,0,0,0,0
"POINT (9.180137949000001 48.786119503000002)",Unfall 38613 (2016) Kat:3, Licht: 0,38613,3,6,3,09,08,2,,0,0,1,0,1,0,0
"POINT (9.230566068000000 48.841400170999997)",Unfall 38630 (2016) Kat:3, Licht: 0,38630,3,6,2,09,08,4,,0,0,1,0,0,0,0
"POINT (9.182808957000001 48.776141093000000)",Unfall 38636 (2016) Kat:3, Licht: 0,38636,3,2,5,09,17,5,,0,0,1,0,0,0,0
"POINT (9.212717529000001 48.800339059999999)",Unfall 38643 (2016) Kat:3, Licht: 1,38643,3,6,2,10,20,7,,1,0,1,0,0,0,0
"POINT (9.144836250000001 48.709374638000000)",Unfall 38686 (2016) Kat:3, Licht: 0,38686,3,6,2,09,07,2,,0,0,1,0,0,0,0
"POINT (9.172178448000000 48.752581577999997)",Unfall 38743 (2016) Kat:3, Licht: 1,38743,3,7,2,10,06,5,,1,0,1,0,0,0,0
"POINT (9.226767743000000 48.805150646000001)",Unfall 38764 (2016) Kat:3, Licht: 0,38764,3,4,6,10,14,6,,0,0,1,1,0,0,0
"POINT (9.114911619000001 48.758054813999998)",Unfall 38765 (2016) Kat:3, Licht: 2,38765,3,1,9,10,20,7,,2,0,1,0,0,0,0
"POINT (9.175229331000001 48.805656812999999)",Unfall 38800 (2016) Kat:3, Licht: 0,38800,3,6,2,10,08,4,,0,0,1,0,0,0,0
"POINT (9.145450157000001 48.708934908000003)",Unfall 38824 (2016) Kat:3, Licht: 0,38824,3,2,5,10,12,7,,0,0,1,0,0,0,1
"POINT (9.152537733000001 48.834774652999997)",Unfall 38842 (2016) Kat:3, Licht: 0,38842,3,6,2,10,13,6,,0,0,1,0,0,0,1
"POINT (9.141346006999999 48.839609027000002)",Unfall 38847 (2016) Kat:3, Licht: 0,38847,3,6,2,10,13,5,,0,0,1,0,0,1,0
"POINT (9.213380288000000 48.784600545000004)",Unfall 38858 (2016) Kat:3, Licht: 0,38858,3,2,6,10,09,2,,0,0,1,1,0,0,0
"POINT (9.202396457000001 48.780430725999999)",Unfall 38866 (2016) Kat:3, Licht: 2,38866,3,3,5,10,21,1,,2,0,1,0,0,0,0
"POINT (9.202212630000000 48.795223235000002)",Unfall 38867 (2016) Kat:3, Licht: 2,38867,3,6,2,10,20,6,,2,0,1,0,0,0,0
"POINT (9.209363226000001 48.805936641000002)",Unfall 38889 (2016) Kat:3, Licht: 2,38889,3,6,2,10,01,2,,2,0,1,0,0,0,0
"POINT (9.166318359000000 48.850699609000003)",Unfall 38945 (2016) Kat:3, Licht: 2,38945,3,1,0,10,22,6,,2,0,0,0,1,0,0
"POINT (9.172324682999999 48.752299766999997)",Unfall 38957 (2016) Kat:3, Licht: 1,38957,3,6,2,10,06,5,,1,0,1,0,0,0,0
"POINT (9.207543245000000 48.803191177999999)",Unfall 38999 (2016) Kat:3, Licht: 0,38999,3,6,2,10,11,3,,0,0,1,0,0,0,0
"POINT (9.202338442000000 48.807829040999998)",Unfall 39012 (2016) Kat:3, Licht: 2,39012,3,1,0,10,00,4,,2,1,0,0,0,0,0
"POINT (9.129257565000000 48.757758631999998)",Unfall 39051 (2016) Kat:2, Licht: 2,39051,2,7,9,10,05,6,,2,0,1,0,1,0,0
"POINT (9.170453396999999 48.774036807000002)",Unfall 39055 (2016) Kat:3, Licht: 2,39055,3,2,5,10,00,5,,2,1,1,0,0,0,0
"POINT (9.119368346000000 48.708583582000003)",Unfall 39061 (2016) Kat:3, Licht: 2,39061,3,6,2,10,06,2,,2,0,1,0,0,0,0
"POINT (9.221707108000000 48.789040899000000)",Unfall 39078 (2016) Kat:3, Licht: 2,39078,3,6,2,10,00,6,,2,0,1,0,0,0,0
"POINT (9.252896853999999 48.766924140999997)",Unfall 39115 (2016) Kat:3, Licht: 2,39115,3,6,2,10,00,4,,2,0,1,0,0,1,0
"POINT (9.172017140000000 48.822398868999997)",Unfall 39157 (2016) Kat:3, Licht: 0,39157,3,6,2,10,12,6,,0,0,1,0,0,0,0
"POINT (9.200854021000000 48.775214474000002)",Unfall 39161 (2016) Kat:3, Licht: 0,39161,3,6,2,10,08,5,,0,0,1,0,0,0,0
"POINT (9.177914787000001 48.815139905000002)",Unfall 39166 (2016) Kat:3, Licht: 0,39166,3,6,2,10,18,5,,0,0,1,0,0,0,0
"POINT (9.185134563000000 48.779258513999999)",Unfall 39170 (2016) Kat:3, Licht: 0,39170,3,6,2,10,17,2,,0,0,1,0,0,0,0
"POINT (9.249010133000001 48.780509881999997)",Unfall 39178 (2016) Kat:3, Licht: 2,39178,3,2,5,10,00,1,,2,0,1,0,0,0,1
"POINT (9.127969425000000 48.737375935999999)",Unfall 39180 (2016) Kat:3, Licht: 0,39180,3,2,5,10,15,6,,0,0,1,0,0,0,0
"POINT (9.227096777000000 48.816157103999998)",Unfall 39203 (2016) Kat:3, Licht: 0,39203,3,1,9,10,14,2,,0,0,1,0,0,0,0
"POINT (9.135785134000001 48.709469497999997)",Unfall 39238 (2016) Kat:3, Licht: 2,39238,3,6,2,10,07,4,,2,0,1,0,0,0,0
"POINT (9.179938781000001 48.808583626000001)",Unfall 39253 (2016) Kat:3, Licht: 0,39253,3,2,4,10,14,7,,0,0,1,0,1,0,0
"POINT (9.087055904000000 48.802821389000002)",Unfall 39269 (2016) Kat:3, Licht: 2,39269,3,2,5,10,18,2,,2,0,1,0,1,0,0
"POINT (9.175057197999999 48.779409063999999)",Unfall 39288 (2016) Kat:2, Licht: 2,39288,2,1,9,10,01,1,,2,0,1,0,0,0,0
"POINT (9.118740001999999 48.764781902999999)",Unfall 39293 (2016) Kat:3, Licht: 2,39293,3,2,2,10,18,4,,2,0,1,0,0,0,0
"POINT (9.139354810000000 48.780387916000002)",Unfall 39316 (2016) Kat:3, Licht: 0,39316,3,6,2,10,17,4,,0,0,1,0,0,0,0
"POINT (9.119450656000000 48.708576581999999)",Unfall 39328 (2016) Kat:3, Licht: 1,39328,3,6,2,10,18,5,,1,0,1,0,0,0,0
"POINT (9.162769397000000 48.840972663000002)",Unfall 39365 (2016) Kat:3, Licht: 0,39365,3,6,3,10,15,4,,0,0,1,0,0,1,0
"POINT (9.252606751000000 48.810063550000002)",Unfall 39366 (2016) Kat:3, Licht: 0,39366,3,3,5,10,13,3,,0,0,1,0,0,1,0
"POINT (9.137386528000000 48.755443618000001)",Unfall 39380 (2016) Kat:2, Licht: 0,39380,2,6,3,10,10,4,,0,0,1,0,1,1,0
"POINT (9.166650084000001 48.723836560999999)",Unfall 39406 (2016) Kat:3, Licht: 0,39406,3,6,2,10,11,7,,0,0,1,0,0,0,0
"POINT (9.163297029000001 48.841229923000000)",Unfall 39419 (2016) Kat:3, Licht: 1,39419,3,6,2,10,07,3,,1,0,1,0,0,0,0
"POINT (9.182609459000000 48.776140218000002)",Unfall 39445 (2016) Kat:3, Licht: 2,39445,3,6,2,10,20,5,,2,0,1,0,0,0,0
"POINT (9.221527011999999 48.694908445999999)",Unfall 39456 (2016) Kat:2, Licht: 2,39456,2,6,3,10,05,3,,2,0,1,0,1,0,0
"POINT (9.139129226000000 48.727874008999997)",Unfall 39472 (2016) Kat:3, Licht: 1,39472,3,3,5,10,07,5,,1,1,1,0,0,0,0
"POINT (9.229365583000000 48.785269800999998)",Unfall 39483 (2016) Kat:3, Licht: 0,39483,3,6,2,10,18,3,,0,0,1,0,0,0,0
"POINT (9.241986591000000 48.753835031000001)",Unfall 39497 (2016) Kat:2, Licht: 2,39497,2,1,3,10,06,4,,2,0,1,0,0,0,0
"POINT (9.226853810000000 48.694170024999998)",Unfall 39519 (2016) Kat:2, Licht: 2,39519,2,6,2,10,21,7,,2,0,1,0,0,0,0
"POINT (9.213529556999999 48.744195108000000)",Unfall 39554 (2016) Kat:3, Licht: 0,39554,3,2,5,10,12,4,,0,1,1,0,0,0,0
"POINT (9.183126458000000 48.775730635000002)",Unfall 39570 (2016) Kat:3, Licht: 2,39570,3,6,2,10,20,3,,2,0,1,0,0,0,0
"POINT (9.217509172000000 48.833440717000002)",Unfall 39601 (2016) Kat:3, Licht: 0,39601,3,6,2,10,16,4,,0,0,1,0,0,0,1
"POINT (9.173831035999999 48.821494895999997)",Unfall 39620 (2016) Kat:3, Licht: 2,39620,3,6,2,10,05,2,,2,0,1,0,0,0,0
"POINT (9.227578354000000 48.815549775000001)",Unfall 39643 (2016) Kat:3, Licht: 0,39643,3,6,2,10,15,7,,0,0,1,0,1,0,0
"POINT (9.092161184000000 48.731098865000000)",Unfall 39659 (2016) Kat:3, Licht: 0,39659,3,6,2,10,14,4,,0,0,1,0,0,0,0
"POINT (9.177923809999999 48.772131062000000)",Unfall 39677 (2016) Kat:3, Licht: 0,39677,3,6,2,10,13,1,,0,0,1,0,0,0,0
"POINT (9.124234939000001 48.708518902000002)",Unfall 39681 (2016) Kat:3, Licht: 2,39681,3,6,2,10,06,5,,2,0,1,0,0,0,0
"POINT (9.137376977000001 48.765297091000001)",Unfall 39683 (2016) Kat:3, Licht: 0,39683,3,6,2,10,08,5,,0,0,1,0,0,0,0
"POINT (9.217025466000001 48.803558162999998)",Unfall 39711 (2016) Kat:3, Licht: 0,39711,3,6,3,10,17,5,,0,0,1,0,1,0,0
"POINT (9.229465306000000 48.809195512999999)",Unfall 39736 (2016) Kat:3, Licht: 0,39736,3,2,0,10,08,4,,0,0,1,0,1,0,0
"POINT (9.165538235000000 48.725511758000003)",Unfall 39758 (2016) Kat:3, Licht: 0,39758,3,2,5,10,10,7,,0,0,1,0,0,0,0
"POINT (9.173683592000000 48.822458540000000)",Unfall 39771 (2016) Kat:3, Licht: 0,39771,3,7,0,10,13,3,,0,0,0,0,1,0,1
"POINT (9.149076690999999 48.754690355000001)",Unfall 39825 (2016) Kat:3, Licht: 0,39825,3,6,2,10,14,1,,0,0,1,0,0,0,0
"POINT (9.191460641000001 48.788679956000003)",Unfall 39835 (2016) Kat:3, Licht: 2,39835,3,1,2,10,20,6,,2,0,1,0,0,0,0
"POINT (9.210738748000001 48.797466327000002)",Unfall 39852 (2016) Kat:3, Licht: 2,39852,3,1,8,10,06,7,,2,0,1,0,0,0,0
"POINT (9.166782949000000 48.723791120000001)",Unfall 39873 (2016) Kat:2, Licht: 2,39873,2,2,5,10,06,6,,2,0,1,0,0,0,0
"POINT (9.220328431000000 48.740016693999998)",Unfall 39876 (2016) Kat:3, Licht: 2,39876,3,4,6,10,20,5,,2,0,1,1,0,0,0
"POINT (9.163958410999999 48.851172302999998)",Unfall 39883 (2016) Kat:2, Licht: 0,39883,2,3,5,10,17,5,,0,0,1,0,0,1,0
"POINT (9.203412617000000 48.779308905000001)",Unfall 39890 (2016) Kat:3, Licht: 0,39890,3,2,2,10,08,6,,0,0,1,0,0,0,0
"POINT (9.187934270000000 48.697602265000000)",Unfall 39898 (2016) Kat:3, Licht: 2,39898,3,1,8,10,22,2,,2,0,1,0,0,0,0
"POINT (9.175488547000001 48.750507661000000)",Unfall 39902 (2016) Kat:3, Licht: 0,39902,3,6,2,10,14,7,,0,0,1,0,0,0,0
"POINT (9.221927041000001 48.795845344999996)",Unfall 39919 (2016) Kat:3, Licht: 0,39919,3,3,5,10,15,5,,0,0,1,0,1,0,0
"POINT (9.168390523999999 48.826453712000003)",Unfall 39946 (2016) Kat:3, Licht: 2,39946,3,3,5,10,05,6,,2,1,0,0,1,0,0
"POINT (9.136623315000000 48.842127642999998)",Unfall 39998 (2016) Kat:3, Licht: 0,39998,3,6,2,10,13,6,,0,0,1,0,0,0,0
"POINT (9.166002265000000 48.747957528000001)",Unfall 40010 (2016) Kat:3, Licht: 0,40010,3,6,2,10,12,7,,0,0,1,0,0,0,0
"POINT (9.194474251000001 48.753054650999999)",Unfall 40055 (2016) Kat:3, Licht: 2,40055,3,6,3,10,07,6,,2,0,1,0,1,0,0
"POINT (9.242496750999999 48.790408868999997)",Unfall 40076 (2016) Kat:2, Licht: 2,40076,2,6,2,10,06,2,,2,0,1,0,0,0,0
"POINT (9.227177798000000 48.740199677000000)",Unfall 40102 (2016) Kat:3, Licht: 0,40102,3,6,2,10,15,5,,0,0,1,0,0,0,0
"POINT (9.208802757000001 48.781560665999997)",Unfall 40112 (2016) Kat:3, Licht: 0,40112,3,6,2,10,12,7,,0,0,1,0,0,0,0
"POINT (9.220787028000000 48.738755040000001)",Unfall 40114 (2016) Kat:2, Licht: 0,40114,2,3,5,10,13,6,,0,1,1,0,0,0,0
"POINT (9.179597377000000 48.784575789999998)",Unfall 40180 (2016) Kat:2, Licht: 2,40180,2,6,3,10,19,6,,2,0,1,0,1,0,0
"POINT (9.187488137000001 48.781147015000002)",Unfall 40200 (2016) Kat:3, Licht: 0,40200,3,6,2,10,10,5,,0,0,1,0,0,0,0
"POINT (9.214000892000000 48.796255469999998)",Unfall 40207 (2016) Kat:3, Licht: 1,40207,3,6,3,10,07,4,,1,0,1,0,1,1,0
"POINT (9.207905835000000 48.801609477000000)",Unfall 40234 (2016) Kat:3, Licht: 0,40234,3,6,2,10,13,5,,0,0,1,0,0,0,0
"POINT (9.195084785000001 48.806993132999999)",Unfall 40245 (2016) Kat:3, Licht: 0,40245,3,7,6,10,11,6,,0,0,1,1,0,0,0
"POINT (9.198738828000000 48.695132035999997)",Unfall 40258 (2016) Kat:3, Licht: 0,40258,3,1,8,10,13,3,,0,0,1,0,0,0,0
"POINT (9.181150452000001 48.790432725999999)",Unfall 40319 (2016) Kat:2, Licht: 2,40319,2,6,2,10,21,3,,2,0,1,0,0,0,0
"POINT (9.189503558000000 48.780453567999999)",Unfall 40335 (2016) Kat:3, Licht: 1,40335,3,6,2,10,18,4,,1,0,1,0,0,0,0
"POINT (9.172105662000000 48.767927155000002)",Unfall 40340 (2016) Kat:3, Licht: 0,40340,3,6,4,10,17,5,,0,0,1,0,0,0,0
"POINT (9.177277793000000 48.782006211000002)",Unfall 40372 (2016) Kat:3, Licht: 0,40372,3,6,3,10,13,6,,0,0,1,0,0,1,0
"POINT (9.132009194000000 48.728455861000000)",Unfall 40394 (2016) Kat:3, Licht: 1,40394,3,6,2,10,07,4,,1,0,1,0,0,0,0
"POINT (9.175149162000000 48.805508461999999)",Unfall 40400 (2016) Kat:2, Licht: 2,40400,2,6,2,11,18,5,,2,0,1,0,0,0,0
"POINT (9.129212449000001 48.780942146999998)",Unfall 40404 (2016) Kat:3, Licht: 2,40404,3,2,6,11,06,4,,2,0,1,1,0,0,0
"POINT (9.175955163999999 48.721580107000001)",Unfall 40436 (2016) Kat:2, Licht: 0,40436,2,3,5,11,13,6,,0,1,1,0,0,0,0
"POINT (9.181359426000000 48.792182732999997)",Unfall 40447 (2016) Kat:3, Licht: 0,40447,3,6,2,11,09,5,,0,0,1,0,0,0,0
"POINT (9.214246214999999 48.801454298000003)",Unfall 40466 (2016) Kat:3, Licht: 1,40466,3,3,5,11,16,4,,1,1,1,0,0,0,0
"POINT (9.187837365000000 48.782741807000001)",Unfall 40489 (2016) Kat:3, Licht: 0,40489,3,6,3,11,11,4,,0,0,0,0,1,1,0
"POINT (9.206271577000001 48.797136733999999)",Unfall 40510 (2016) Kat:3, Licht: 0,40510,3,6,2,11,09,5,,0,0,1,0,0,0,0
"POINT (9.218736216000000 48.791348939999999)",Unfall 40535 (2016) Kat:3, Licht: 2,40535,3,6,2,11,17,4,,2,0,1,0,0,0,0
"POINT (9.213967042000000 48.801250643000003)",Unfall 40538 (2016) Kat:3, Licht: 0,40538,3,7,1,11,12,4,,0,0,1,0,0,0,0
"POINT (9.151482787000001 48.708263281999997)",Unfall 40561 (2016) Kat:3, Licht: 1,40561,3,6,2,11,17,5,,1,0,1,0,0,0,0
"POINT (9.138961603000000 48.727906932000003)",Unfall 40578 (2016) Kat:3, Licht: 2,40578,3,6,2,11,17,3,,2,0,1,0,0,0,0
"POINT (9.174231988000001 48.777499237999997)",Unfall 40600 (2016) Kat:3, Licht: 2,40600,3,5,1,11,17,5,,2,1,1,0,0,0,0
"POINT (9.202639053000000 48.749745736000001)",Unfall 40604 (2016) Kat:3, Licht: 0,40604,3,6,2,11,12,4,,0,0,1,0,0,0,0
"POINT (9.161815743000000 48.745958475999998)",Unfall 40623 (2016) Kat:3, Licht: 0,40623,3,6,3,11,08,4,,0,0,1,0,1,0,0
"POINT (9.218481498999999 48.791584673000003)",Unfall 40646 (2016) Kat:3, Licht: 0,40646,3,6,3,11,08,5,,0,0,1,0,0,1,0
"POINT (9.129285207000001 48.757746961000002)",Unfall 40654 (2016) Kat:3, Licht: 0,40654,3,1,9,10,13,1,,0,0,1,0,0,0,0
"POINT (9.185433601000000 48.774296090999997)",Unfall 40669 (2016) Kat:3, Licht: 0,40669,3,4,0,11,14,4,,0,0,0,1,0,0,1
"POINT (9.180636903000000 48.787452694999999)",Unfall 40724 (2016) Kat:3, Licht: 0,40724,3,6,2,10,12,2,,0,0,1,0,0,0,0
"POINT (9.181185121000000 48.810531210999997)",Unfall 40750 (2016) Kat:3, Licht: 0,40750,3,6,2,11,07,4,,0,0,1,0,0,0,0
"POINT (9.181243738999999 48.810523193000002)",Unfall 40751 (2016) Kat:3, Licht: 0,40751,3,6,2,11,08,4,,0,0,1,0,0,0,0
"POINT (9.169728552000001 48.763757095999999)",Unfall 40784 (2016) Kat:3, Licht: 0,40784,3,6,2,11,13,3,,0,0,1,0,0,0,0
"POINT (9.186326805000000 48.780520502000002)",Unfall 40824 (2016) Kat:3, Licht: 0,40824,3,6,3,11,14,4,,0,0,1,0,0,1,0
"POINT (9.229130146999999 48.808812834000001)",Unfall 40837 (2016) Kat:3, Licht: 0,40837,3,1,9,11,13,6,,0,0,1,0,0,0,0
"POINT (9.124635883000000 48.729645939000001)",Unfall 40846 (2016) Kat:3, Licht: 0,40846,3,6,2,11,08,2,,0,0,1,0,0,0,0
"POINT (9.216957721000000 48.786269038999997)",Unfall 40853 (2016) Kat:3, Licht: 0,40853,3,3,5,11,07,3,,0,1,1,0,0,0,0
"POINT (9.189137074000000 48.784669178000001)",Unfall 40856 (2016) Kat:3, Licht: 2,40856,3,6,2,11,18,5,,2,0,1,0,0,0,0
"POINT (9.263243114000000 48.762902959000002)",Unfall 40908 (2016) Kat:3, Licht: 0,40908,3,3,5,11,08,7,,0,0,1,0,0,1,0
"POINT (9.207509814000000 48.807233635000003)",Unfall 40912 (2016) Kat:3, Licht: 2,40912,3,6,2,11,17,4,,2,0,1,0,0,0,0
"POINT (9.166785936000000 48.723802397999997)",Unfall 40914 (2016) Kat:3, Licht: 2,40914,3,2,5,11,17,6,,2,0,1,0,0,0,0
"POINT (9.205435926000000 48.703404247000002)",Unfall 40921 (2016) Kat:3, Licht: 0,40921,3,6,0,11,07,2,,0,0,1,0,0,0,1
"POINT (9.176011362000001 48.770771013000001)",Unfall 40928 (2016) Kat:2, Licht: 2,40928,2,4,6,11,21,7,,2,0,1,1,0,0,0
"POINT (9.256278783000001 48.760267732999999)",Unfall 40944 (2016) Kat:3, Licht: 2,40944,3,6,2,11,19,3,,2,0,1,0,0,0,0
"POINT (9.101942060000001 48.804238443000003)",Unfall 40987 (2016) Kat:3, Licht: 2,40987,3,4,6,11,19,4,,2,0,1,1,0,0,0
"POINT (9.154881061999999 48.769759622000002)",Unfall 40994 (2016) Kat:3, Licht: 2,40994,3,6,2,11,17,6,,2,0,1,0,0,0,0
"POINT (9.229421945000000 48.812581391999998)",Unfall 41004 (2016) Kat:3, Licht: 0,41004,3,2,5,11,08,2,,0,1,0,0,0,0,1
"POINT (9.250133947000000 48.780788639000001)",Unfall 41010 (2016) Kat:3, Licht: 0,41010,3,3,5,11,14,3,,0,1,1,0,0,0,0
"POINT (9.191455951000000 48.788545425999999)",Unfall 41015 (2016) Kat:3, Licht: 0,41015,3,6,2,11,12,5,,0,0,1,0,0,1,0
"POINT (9.177546289000000 48.782932821999999)",Unfall 41023 (2016) Kat:3, Licht: 2,41023,3,6,2,11,02,1,,2,0,1,0,0,0,0
"POINT (9.106031785000001 48.770289484000003)",Unfall 41072 (2016) Kat:3, Licht: 2,41072,3,1,2,11,21,6,,2,0,1,0,0,0,0
"POINT (9.230243745999999 48.785068301999999)",Unfall 41080 (2016) Kat:3, Licht: 2,41080,3,6,2,11,18,2,,2,0,1,0,0,0,0
"POINT (9.249050704000000 48.780506496000001)",Unfall 41086 (2016) Kat:3, Licht: 2,41086,3,3,5,11,06,3,,2,0,1,0,0,0,0
"POINT (9.212898210000001 48.797218485999998)",Unfall 41090 (2016) Kat:3, Licht: 0,41090,3,6,2,11,09,4,,0,0,1,0,0,0,0
"POINT (9.169161809000000 48.825499929000003)",Unfall 41094 (2016) Kat:3, Licht: 0,41094,3,6,2,11,15,5,,0,0,1,0,0,0,1
"POINT (9.238258706000000 48.792299671999999)",Unfall 41123 (2016) Kat:3, Licht: 0,41123,3,6,2,11,16,6,,0,0,1,0,0,0,0
"POINT (9.193995354000000 48.767821253000001)",Unfall 41165 (2016) Kat:3, Licht: 2,41165,3,6,2,11,16,1,,2,0,1,0,0,0,0
"POINT (9.130594420000000 48.728497275000002)",Unfall 41172 (2016) Kat:3, Licht: 0,41172,3,3,5,11,13,5,,0,0,1,0,0,0,0
"POINT (9.228050010000001 48.814552708999997)",Unfall 41173 (2016) Kat:3, Licht: 2,41173,3,7,2,11,16,4,,2,0,1,0,0,0,1
"POINT (9.173382044000000 48.799463756999998)",Unfall 41179 (2016) Kat:3, Licht: 0,41179,3,6,2,11,14,2,,0,0,1,0,0,0,0
"POINT (9.112573257999999 48.729814892000000)",Unfall 41185 (2016) Kat:3, Licht: 0,41185,3,6,2,11,16,3,,0,0,1,0,0,0,0
"POINT (9.112642074000000 48.729814179999998)",Unfall 41196 (2016) Kat:2, Licht: 0,41196,2,2,6,11,15,3,,0,0,1,1,0,0,0
"POINT (9.248520696000000 48.772816294000002)",Unfall 41220 (2016) Kat:3, Licht: 2,41220,3,6,2,11,18,6,,2,0,1,0,0,0,0
"POINT (9.197031375000000 48.792228526999999)",Unfall 41281 (2016) Kat:3, Licht: 2,41281,3,3,5,11,18,5,,2,0,1,0,1,0,0
"POINT (9.178703007999999 48.843939286999998)",Unfall 41282 (2016) Kat:3, Licht: 0,41282,3,6,3,11,13,4,,0,0,1,0,0,1,0
"POINT (9.137709472999999 48.778482935000000)",Unfall 41308 (2016) Kat:3, Licht: 0,41308,3,6,2,11,14,6,,0,0,1,0,0,0,0
"POINT (9.167869372000000 48.705113271999998)",Unfall 41309 (2016) Kat:2, Licht: 2,41309,2,6,3,11,21,6,,2,0,1,0,0,0,1
"POINT (9.215855249000001 48.794306906000003)",Unfall 41312 (2016) Kat:3, Licht: 2,41312,3,6,2,11,22,3,,2,0,1,0,0,0,0
"POINT (9.177082663000000 48.810997508000000)",Unfall 41335 (2016) Kat:3, Licht: 2,41335,3,6,2,11,17,2,,2,0,1,0,0,0,0
"POINT (9.194935155000000 48.807003461999997)",Unfall 41345 (2016) Kat:3, Licht: 1,41345,3,6,2,11,16,1,,1,0,1,0,0,0,0
"POINT (9.174906298000000 48.805045587999999)",Unfall 41352 (2016) Kat:3, Licht: 0,41352,3,6,2,11,07,5,,0,0,1,0,0,0,0
"POINT (9.152245770000000 48.770107578000001)",Unfall 41353 (2016) Kat:3, Licht: 2,41353,3,7,6,11,17,4,,2,0,1,1,0,0,0
"POINT (9.181683399000001 48.700761053000001)",Unfall 41354 (2016) Kat:3, Licht: 0,41354,3,6,2,11,07,6,,0,0,1,0,0,0,0
"POINT (9.159010261000001 48.723471918000001)",Unfall 41361 (2016) Kat:3, Licht: 1,41361,3,3,5,11,07,3,,1,0,1,0,0,0,0
"POINT (9.257750508000001 48.795175440000001)",Unfall 41437 (2016) Kat:3, Licht: 0,41437,3,6,4,11,15,5,,0,0,1,0,0,0,0
"POINT (9.104617118000000 48.806665957000000)",Unfall 41457 (2016) Kat:3, Licht: 2,41457,3,6,2,11,18,3,,2,0,1,0,0,0,0
"POINT (9.172434082000001 48.768293536999998)",Unfall 41459 (2016) Kat:3, Licht: 0,41459,3,6,2,11,15,4,,0,0,1,0,0,0,0
"POINT (9.200484570000000 48.794473347000000)",Unfall 41460 (2016) Kat:3, Licht: 2,41460,3,6,2,11,18,7,,2,0,1,0,0,0,0