WKT,Name,OBJECTID,UKATEGORIE,UTYP1,UART,UMONAT,USTUNDE,UWOCHENTAG,STRZUSTAND,ULICHTVERH,ISTRAD,ISTPKW,ISTFUSS,ISTKRAD,ISTGKFZ,ISTSONSTIG
"POINT (9.238767534999999 48.780625673000003)",Unfall 41481 (2016) Kat:3, Licht: 0,41481,3,6,2,11,13,6,,0,0,1,0,0,0,1
"POINT (9.165250605000001 48.705280289000001)",Unfall 41507 (2016) Kat:3, Licht: 2,41507,3,6,2,11,18,6,,2,0,1,0,0,0,0
"POINT (9.192096946000000 48.807223170999997)",Unfall 41510 (2016) Kat:3, Licht: 0,41510,3,3,5,11,14,2,,0,1,1,0,0,0,0
"POINT (9.203158357000000 48.777305288999997)",Unfall 41517 (2016) Kat:2, Licht: 2,41517,2,7,0,11,00,3,,2,1,0,0,0,0,0
"POINT (9.201080374000000 48.780208543000001)",Unfall 41526 (2016) Kat:3, Licht: 2,41526,3,6,2,11,20,5,,2,0,1,0,0,0,0
"POINT (9.156829233000000 48.707506617000000)",Unfall 41565 (2016) Kat:3, Licht: 1,41565,3,3,5,11,16,5,,1,0,1,0,0,1,0
"POINT (9.093594794000000 48.735464888000003)",Unfall 41579 (2016) Kat:3, Licht: 2,41579,3,6,2,11,05,7,,2,0,1,0,0,0,0
"POINT (9.182754885000000 48.798459608000002)",Unfall 41593 (2016) Kat:3, Licht: 2,41593,3,4,6,11,16,7,,2,0,1,1,0,0,0
"POINT (9.160075769000001 48.723263965999998)",Unfall 41614 (2016) Kat:1, Licht: 2,41614,1,4,6,11,18,7,,2,0,1,1,0,0,0
"POINT (9.153205418000001 48.834316379999997)",Unfall 41618 (2016) Kat:3, Licht: 2,41618,3,6,2,11,06,2,,2,0,1,0,0,0,0
"POINT (9.202456311000001 48.711420609999998)",Unfall 41626 (2016) Kat:3, Licht: 2,41626,3,2,6,11,18,5,,2,0,0,1,0,0,1
"POINT (9.149079451000000 48.785736782999997)",Unfall 41627 (2016) Kat:3, Licht: 0,41627,3,6,2,11,07,6,,0,0,1,0,0,0,0
"POINT (9.248200874000000 48.756032044000001)",Unfall 41631 (2016) Kat:3, Licht: 2,41631,3,2,5,11,16,4,,2,0,1,0,1,0,0
"POINT (9.222610177000000 48.789752454000002)",Unfall 41632 (2016) Kat:3, Licht: 0,41632,3,7,3,11,13,7,,0,0,1,0,0,0,0
"POINT (9.186618225000000 48.773818239000001)",Unfall 41647 (2016) Kat:3, Licht: 0,41647,3,4,2,11,11,1,,0,1,1,1,0,0,0
"POINT (9.200634214999999 48.794551863000002)",Unfall 41654 (2016) Kat:3, Licht: 2,41654,3,6,2,11,17,7,,2,0,1,0,0,0,0
"POINT (9.133725221000001 48.709605381000003)",Unfall 41686 (2016) Kat:2, Licht: 2,41686,2,6,3,11,22,7,,2,0,1,0,0,0,0
"POINT (9.196403447000000 48.791855192000000)",Unfall 41709 (2016) Kat:3, Licht: 2,41709,3,7,6,11,02,7,,2,0,1,1,0,0,0
"POINT (9.208253208000000 48.701702806000000)",Unfall 41727 (2016) Kat:3, Licht: 2,41727,3,3,5,11,18,7,,2,0,1,0,0,0,1
"POINT (9.177402419000000 48.751848604000003)",Unfall 41747 (2016) Kat:3, Licht: 0,41747,3,2,5,11,13,7,,0,1,1,0,0,0,0
"POINT (9.219376452000001 48.803737658000003)",Unfall 41750 (2016) Kat:2, Licht: 0,41750,2,4,6,11,18,7,,0,0,1,1,0,0,0
"POINT (9.106452153999999 48.718068244000001)",Unfall 41751 (2016) Kat:3, Licht: 1,41751,3,3,5,11,07,4,,1,0,0,0,1,0,1
"POINT (9.227451613000000 48.741272934999998)",Unfall 41779 (2016) Kat:3, Licht: 0,41779,3,6,2,11,14,2,,0,0,1,0,0,0,0
"POINT (9.173774384000000 48.821558480000000)",Unfall 41819 (2016) Kat:3, Licht: 2,41819,3,6,2,11,18,3,,2,0,1,0,0,0,0
"POINT (9.244806755000001 48.753829953000000)",Unfall 41834 (2016) Kat:2, Licht: 0,41834,2,7,4,11,10,2,,0,0,1,0,0,1,0
"POINT (9.249260314000001 48.780489003000000)",Unfall 41871 (2016) Kat:3, Licht: 0,41871,3,7,0,11,13,7,,0,0,0,0,0,1,1
"POINT (9.225480299999999 48.713031461000000)",Unfall 41899 (2016) Kat:3, Licht: 0,41899,3,6,2,11,12,5,,0,0,1,0,0,0,0
"POINT (9.179652280000001 48.773160627000003)",Unfall 41900 (2016) Kat:3, Licht: 2,41900,3,6,2,11,18,6,,2,0,1,0,0,0,0
"POINT (9.183795158000001 48.809774785999998)",Unfall 41904 (2016) Kat:3, Licht: 0,41904,3,4,6,11,17,4,,0,0,1,1,0,0,0
"POINT (9.243975725000000 48.755928636000000)",Unfall 41920 (2016) Kat:2, Licht: 2,41920,2,7,6,11,04,1,,2,0,0,1,0,0,1
"POINT (9.248998709000000 48.784376444000003)",Unfall 41963 (2016) Kat:3, Licht: 0,41963,3,3,5,11,15,2,,0,0,1,0,0,0,1
"POINT (9.091161222000000 48.755554230000001)",Unfall 42016 (2016) Kat:2, Licht: 2,42016,2,6,2,11,17,3,,2,0,1,0,0,0,0
"POINT (9.085336881000000 48.756325431999997)",Unfall 42029 (2016) Kat:3, Licht: 2,42029,3,1,8,12,19,3,,2,0,0,0,1,0,0
"POINT (9.228498595000000 48.805723497999999)",Unfall 42043 (2016) Kat:3, Licht: 2,42043,3,6,2,12,06,2,,2,0,1,0,0,0,0
"POINT (9.206391883000000 48.807677274000000)",Unfall 42053 (2016) Kat:3, Licht: 2,42053,3,6,2,12,19,7,,2,0,1,0,0,0,0
"POINT (9.120477398000000 48.708508553000001)",Unfall 42071 (2016) Kat:3, Licht: 2,42071,3,6,1,12,06,2,,2,0,1,0,0,0,0
"POINT (9.126259236999999 48.764227175000002)",Unfall 42100 (2016) Kat:3, Licht: 2,42100,3,6,2,12,19,3,,2,0,1,0,0,0,0
"POINT (9.229391903000000 48.812573489999998)",Unfall 42111 (2016) Kat:3, Licht: 2,42111,3,2,5,11,19,3,,2,0,1,0,0,0,0
"POINT (9.126231754000001 48.758766561000002)",Unfall 42114 (2016) Kat:2, Licht: 2,42114,2,1,9,12,22,6,,2,0,1,0,0,0,0
"POINT (9.211369646000000 48.801976646999996)",Unfall 42122 (2016) Kat:3, Licht: 0,42122,3,6,3,12,15,1,,0,0,1,0,0,0,0
"POINT (9.216938982000000 48.798636522999999)",Unfall 42156 (2016) Kat:3, Licht: 2,42156,3,3,5,12,05,7,,2,0,1,0,0,0,0
"POINT (9.186313085000000 48.781000614000000)",Unfall 42170 (2016) Kat:3, Licht: 2,42170,3,6,2,12,18,2,,2,0,1,0,0,1,0
"POINT (9.182281007000000 48.700468966999999)",Unfall 42182 (2016) Kat:2, Licht: 0,42182,2,6,2,11,10,4,,0,0,1,0,0,0,0
"POINT (9.176420825999999 48.817667176999997)",Unfall 42212 (2016) Kat:3, Licht: 2,42212,3,6,2,11,21,3,,2,0,1,0,0,0,0
"POINT (9.209271958000000 48.806040715999998)",Unfall 42215 (2016) Kat:3, Licht: 0,42215,3,6,2,12,13,6,,0,0,1,0,1,0,0
"POINT (9.217293424999999 48.703711050000003)",Unfall 42227 (2016) Kat:3, Licht: 1,42227,3,7,3,12,07,5,,1,0,1,0,0,0,0
"POINT (9.240723234000001 48.779360449999999)",Unfall 42233 (2016) Kat:3, Licht: 2,42233,3,6,2,12,18,3,,2,0,1,0,0,0,0
"POINT (9.102701052000001 48.711559805000000)",Unfall 42246 (2016) Kat:3, Licht: 0,42246,3,6,2,11,16,1,,0,0,1,0,0,0,0
"POINT (9.186329516000001 48.770115228999998)",Unfall 42271 (2016) Kat:3, Licht: 1,42271,3,3,5,12,16,2,,1,0,1,0,0,0,0
"POINT (9.209605002000000 48.782089454000001)",Unfall 42308 (2016) Kat:3, Licht: 1,42308,3,3,5,11,07,4,,1,0,1,0,0,0,0
"POINT (9.185309617000000 48.774375683999999)",Unfall 42319 (2016) Kat:3, Licht: 0,42319,3,2,5,11,13,3,,0,0,1,0,0,0,1
"POINT (9.205637372000000 48.808051919999997)",Unfall 42330 (2016) Kat:3, Licht: 0,42330,3,6,2,12,16,1,,0,0,1,0,0,0,0
"POINT (9.210795133000000 48.799476769999998)",Unfall 42345 (2016) Kat:3, Licht: 2,42345,3,6,2,12,16,2,,2,0,1,0,1,0,0
"POINT (9.185477657000000 48.774497533999998)",Unfall 42360 (2016) Kat:3, Licht: 0,42360,3,3,5,12,11,7,,0,0,1,0,0,0,0
"POINT (9.193113055000000 48.779486894000001)",Unfall 42397 (2016) Kat:3, Licht: 2,42397,3,6,2,12,16,5,,2,0,1,0,0,0,0
"POINT (9.220938341000000 48.796382217000001)",Unfall 42414 (2016) Kat:3, Licht: 0,42414,3,6,2,11,10,3,,0,0,1,0,0,0,0
"POINT (9.175547234000000 48.819379161000001)",Unfall 42417 (2016) Kat:3, Licht: 0,42417,3,6,2,12,09,6,,0,0,1,0,0,1,0
"POINT (9.219996309000001 48.790564054000001)",Unfall 42425 (2016) Kat:3, Licht: 2,42425,3,6,3,12,22,1,,2,0,1,0,0,0,0
"POINT (9.193801428000000 48.779357976000000)",Unfall 42433 (2016) Kat:3, Licht: 2,42433,3,6,2,11,08,2,,2,0,1,0,0,0,0
"POINT (9.164543534000000 48.814773588999998)",Unfall 42436 (2016) Kat:3, Licht: 2,42436,3,6,2,12,18,3,,2,0,1,0,0,0,0
"POINT (9.173389514000000 48.799397122000002)",Unfall 42442 (2016) Kat:3, Licht: 0,42442,3,6,2,11,08,2,,0,0,1,0,0,0,0
"POINT (9.230600484000000 48.806066354000002)",Unfall 42474 (2016) Kat:3, Licht: 0,42474,3,3,5,12,15,2,,0,1,1,0,0,0,0
"POINT (9.252058533000000 48.767881756000001)",Unfall 42506 (2016) Kat:3, Licht: 2,42506,3,6,2,11,19,4,,2,0,1,0,0,0,0
"POINT (9.172374922000000 48.753535444000001)",Unfall 42528 (2016) Kat:3, Licht: 2,42528,3,6,3,12,17,7,,2,0,1,0,0,0,0
"POINT (9.177572611000000 48.771685312999999)",Unfall 42536 (2016) Kat:3, Licht: 0,42536,3,6,2,12,10,3,,0,0,1,0,0,0,0
"POINT (9.102143967000000 48.804329885999998)",Unfall 42540 (2016) Kat:3, Licht: 0,42540,3,4,6,12,11,4,,0,0,1,1,0,0,0
"POINT (9.146841676999999 48.784083692000003)",Unfall 42542 (2016) Kat:3, Licht: 0,42542,3,4,6,12,15,5,,0,0,1,1,0,0,0
"POINT (9.148700657999999 48.766336078999998)",Unfall 42575 (2016) Kat:3, Licht: 0,42575,3,1,4,12,13,5,,0,0,1,0,0,0,0
"POINT (9.144750748000000 48.754785380000001)",Unfall 42601 (2016) Kat:3, Licht: 2,42601,3,6,2,12,17,1,,2,0,1,0,0,0,0
"POINT (9.116981873000000 48.729808427000002)",Unfall 42634 (2016) Kat:3, Licht: 2,42634,3,2,5,12,06,4,,2,0,1,0,0,0,0
"POINT (9.145537369000000 48.754502914000000)",Unfall 42636 (2016) Kat:3, Licht: 2,42636,3,1,3,12,20,3,,2,0,1,0,0,0,0
"POINT (9.184821846000000 48.805720076000000)",Unfall 42642 (2016) Kat:3, Licht: 2,42642,3,6,2,12,06,5,,2,0,1,0,0,0,0
"POINT (9.095832248000001 48.825196159999997)",Unfall 42654 (2016) Kat:3, Licht: 0,42654,3,6,2,12,12,2,,0,0,1,0,0,0,1
"POINT (9.078884686000000 48.720144869999999)",Unfall 42677 (2016) Kat:3, Licht: 2,42677,3,7,2,12,21,4,,2,0,1,0,0,0,0
"POINT (9.090134788000000 48.785533516999998)",Unfall 42699 (2016) Kat:3, Licht: 0,42699,3,1,9,12,13,6,,0,0,1,0,0,0,0
"POINT (9.209559171000000 48.805801090999999)",Unfall 42714 (2016) Kat:3, Licht: 0,42714,3,6,3,12,16,1,,0,0,1,0,0,0,0
"POINT (9.086472313000000 48.715670412999998)",Unfall 42723 (2016) Kat:3, Licht: 2,42723,3,6,3,12,18,3,,2,0,1,0,0,1,0
"POINT (9.133176712999999 48.775914108000002)",Unfall 42752 (2016) Kat:3, Licht: 2,42752,3,7,4,12,18,3,,2,0,1,0,0,0,0
"POINT (9.209210740000000 48.692805745000001)",Unfall 42776 (2016) Kat:3, Licht: 2,42776,3,1,8,12,16,7,,2,0,1,0,0,0,0
"POINT (9.203596964000001 48.794165470999999)",Unfall 42797 (2016) Kat:3, Licht: 2,42797,3,2,6,12,07,5,,2,0,1,1,0,0,0
"POINT (9.221555725000000 48.788926912999997)",Unfall 42818 (2016) Kat:3, Licht: 2,42818,3,6,2,12,00,1,,2,0,1,0,0,0,0
"POINT (9.153053893999999 48.809642873000001)",Unfall 42857 (2016) Kat:3, Licht: 1,42857,3,4,6,12,08,3,,1,0,1,1,0,0,0
"POINT (9.163146302000000 48.830019266000001)",Unfall 42863 (2016) Kat:3, Licht: 2,42863,3,6,2,12,16,5,,2,0,1,0,0,0,0
"POINT (9.171862872000000 48.822806337999999)",Unfall 42872 (2016) Kat:2, Licht: 0,42872,2,1,2,12,10,2,,0,0,1,0,0,0,0
"POINT (9.215299419000001 48.802303367000000)",Unfall 42902 (2016) Kat:3, Licht: 2,42902,3,2,5,12,22,5,,2,1,1,0,0,0,0
"POINT (9.083644825000000 48.717146096000000)",Unfall 42930 (2016) Kat:3, Licht: 0,42930,3,6,2,12,16,6,,0,0,1,0,0,0,0
"POINT (9.185701786999999 48.779811930000001)",Unfall 42976 (2016) Kat:3, Licht: 0,42976,3,6,2,12,14,2,,0,0,1,0,0,0,0
"POINT (9.265943104000000 48.761688538999998)",Unfall 43022 (2016) Kat:2, Licht: 2,43022,2,2,4,12,23,6,,2,0,1,0,1,0,0
"POINT (9.179682592000001 48.843749141000004)",Unfall 43031 (2016) Kat:3, Licht: 2,43031,3,3,5,12,00,1,,2,0,1,0,0,0,0
"POINT (9.181200561000001 48.792188998999997)",Unfall 43050 (2016) Kat:3, Licht: 2,43050,3,2,6,12,20,2,,2,0,1,1,0,0,0
"POINT (9.176535560000000 48.817496941999998)",Unfall 43068 (2016) Kat:3, Licht: 2,43068,3,6,3,12,20,2,,2,0,1,0,0,1,0
"POINT (9.085996601000000 48.830878898999998)",Unfall 43072 (2016) Kat:2, Licht: 0,43072,2,6,3,12,14,7,,0,0,1,0,0,0,0
"POINT (9.181107000000001 48.791609006000002)",Unfall 43082 (2016) Kat:3, Licht: 2,43082,3,6,2,12,19,7,,2,0,1,0,0,0,0
"POINT (9.226725710000000 48.805139513999997)",Unfall 43102 (2016) Kat:3, Licht: 2,43102,3,2,5,12,00,6,,2,0,1,0,0,0,0
"POINT (9.176713616000001 48.780239502999997)",Unfall 43119 (2016) Kat:3, Licht: 2,43119,3,6,2,12,01,5,,2,0,1,0,0,0,0
"POINT (9.128932501000000 48.810286007999999)",Unfall 43125 (2016) Kat:2, Licht: 0,43125,2,6,4,12,15,6,,0,0,1,0,0,0,0
"POINT (9.207790155000000 48.797890092000003)",Unfall 43137 (2016) Kat:3, Licht: 2,43137,3,6,2,12,18,6,,2,0,1,0,0,0,0
"POINT (9.177047502000001 48.780290674000000)",Unfall 43153 (2016) Kat:3, Licht: 0,43153,3,3,5,12,13,6,,0,0,1,0,0,0,0
"POINT (9.155382860000000 48.833310449999999)",Unfall 43156 (2016) Kat:3, Licht: 0,43156,3,6,2,12,14,3,,0,0,1,0,0,1,0
"POINT (9.146560101000000 48.835919677000000)",Unfall 43158 (2016) Kat:3, Licht: 0,43158,3,6,2,12,12,2,,0,0,1,0,0,0,1
"POINT (9.080915042000001 48.719093864000001)",Unfall 43159 (2016) Kat:3, Licht: 2,43159,3,6,1,12,18,5,,2,0,1,0,0,0,0
"POINT (9.173393311000000 48.769024162000001)",Unfall 43189 (2016) Kat:3, Licht: 2,43189,3,6,2,12,17,5,,2,0,1,0,0,0,0
"POINT (9.234664636000000 48.814720911000002)",Unfall 43191 (2016) Kat:3, Licht: 2,43191,3,2,6,12,17,2,,2,0,1,1,0,0,0
"POINT (9.175585306000000 48.770523396000002)",Unfall 43202 (2016) Kat:3, Licht: 1,43202,3,2,5,12,17,7,,1,1,1,0,0,0,0
"POINT (9.183595959000000 48.809905350000001)",Unfall 43286 (2016) Kat:3, Licht: 1,43286,3,6,2,12,07,6,,1,0,1,0,0,0,0
"POINT (9.207470730000001 48.803100280000002)",Unfall 43317 (2016) Kat:3, Licht: 0,43317,3,1,0,12,14,2,,0,0,0,0,1,0,0
"POINT (9.263091006000000 48.762847268999998)",Unfall 43322 (2016) Kat:2, Licht: 0,43322,2,3,5,12,15,2,,0,1,1,0,0,0,0
"POINT (9.151825271000000 48.798793166999999)",Unfall 43376 (2016) Kat:3, Licht: 1,43376,3,6,3,12,16,7,,1,0,1,0,0,0,0
"POINT (9.226945029000000 48.805197601000003)",Unfall 43379 (2016) Kat:3, Licht: 0,43379,3,6,2,12,13,5,,0,0,1,0,0,0,1
"POINT (9.208252918000000 48.747735001000002)",Unfall 43408 (2016) Kat:3, Licht: 2,43408,3,3,5,12,07,6,,2,1,1,0,0,0,0
"POINT (9.159239442000001 48.811470254000000)",Unfall 43411 (2016) Kat:3, Licht: 0,43411,3,4,6,12,08,3,,0,0,1,1,0,0,0
"POINT (9.145098612000000 48.771464424999998)",Unfall 43443 (2016) Kat:3, Licht: 0,43443,3,6,2,12,10,4,,0,0,1,0,0,0,0
"POINT (9.186607465000000 48.770170985999997)",Unfall 43448 (2016) Kat:3, Licht: 0,43448,3,6,2,12,08,2,,0,0,1,0,0,0,0
"POINT (9.178997009000000 48.772532855999998)",Unfall 43449 (2016) Kat:3, Licht: 2,43449,3,6,2,12,16,5,,2,0,1,0,0,0,0
"POINT (9.211896854000001 48.806432579999999)",Unfall 43462 (2016) Kat:2, Licht: 0,43462,2,4,6,12,14,7,,0,0,1,1,0,0,0
"POINT (9.172232311000000 48.768079653999997)",Unfall 43498 (2016) Kat:3, Licht: 1,43498,3,3,5,12,16,1,,1,0,1,0,0,0,0
"POINT (9.156459396000001 48.770170612000001)",Unfall 43538 (2016) Kat:3, Licht: 2,43538,3,2,5,12,00,3,,2,1,1,0,0,0,0
"POINT (9.244838211999999 48.786476946999997)",Unfall 43540 (2016) Kat:3, Licht: 2,43540,3,6,2,12,17,2,,2,0,1,0,0,0,0
"POINT (9.169225505000000 48.705260471000003)",Unfall 43542 (2016) Kat:3, Licht: 2,43542,3,6,3,12,20,3,,2,0,1,0,0,1,0
"POINT (9.180838334000001 48.811934743999998)",Unfall 43544 (2016) Kat:3, Licht: 0,43544,3,6,2,12,13,6,,0,0,1,0,0,0,0
"POINT (9.163161879000001 48.714828038000000)",Unfall 43571 (2016) Kat:2, Licht: 2,43571,2,1,8,12,06,2,,2,0,1,0,0,0,0
"POINT (9.187188090999999 48.773371912999998)",Unfall 43585 (2016) Kat:3, Licht: 2,43585,3,6,2,12,17,6,,2,0,1,0,0,0,0
"POINT (9.215206639000000 48.802465734000002)",Unfall 43661 (2016) Kat:3, Licht: 2,43661,3,4,6,12,20,6,,2,0,1,1,0,0,0
"POINT (9.147417515000001 48.765879732000002)",Unfall 43664 (2016) Kat:2, Licht: 0,43664,2,1,4,12,15,3,,0,0,1,0,0,0,0
"POINT (9.073021169000000 48.724064304999999)",Unfall 43682 (2016) Kat:3, Licht: 2,43682,3,6,2,12,17,5,,2,0,1,0,0,0,0
"POINT (9.143967010000001 48.770168013000003)",Unfall 43814 (2016) Kat:3, Licht: 0,43814,3,1,8,12,10,7,,0,0,1,0,0,0,0
"POINT (9.111743350999999 48.813684682000002)",Unfall 108980 (2016) Kat:3, Licht: 0,108980,3,3,5,01,15,1,,0,0,1,0,0,0,0
"POINT (9.229857439000000 48.799262986999999)",Unfall 108981 (2016) Kat:3, Licht: 2,108981,3,3,5,01,18,7,,2,0,1,0,0,0,0
"POINT (9.230810520000000 48.841855428000002)",Unfall 108997 (2016) Kat:3, Licht: 2,108997,3,3,5,01,05,2,,2,0,1,0,0,0,0
"POINT (9.218992542000001 48.801698276000003)",Unfall 109085 (2016) Kat:3, Licht: 2,109085,3,7,1,01,17,7,,2,0,1,0,0,0,0
"POINT (9.189844687000001 48.793160982000003)",Unfall 109111 (2016) Kat:3, Licht: 0,109111,3,4,0,01,15,4,,0,0,0,1,0,0,1
"POINT (9.162243427000000 48.773393294000002)",Unfall 109115 (2016) Kat:2, Licht: 2,109115,2,7,0,01,19,3,,2,1,0,0,0,0,1
"POINT (9.178929049000001 48.763514518000001)",Unfall 109151 (2016) Kat:3, Licht: 0,109151,3,6,2,01,10,5,,0,0,1,0,0,0,0
"POINT (9.169280294000000 48.827867988000001)",Unfall 109152 (2016) Kat:3, Licht: 2,109152,3,7,6,01,17,1,,2,0,1,1,0,0,0
"POINT (9.149842403999999 48.774780444000001)",Unfall 109156 (2016) Kat:3, Licht: 2,109156,3,3,5,01,05,2,,2,0,1,0,0,0,0
"POINT (9.209363279000000 48.826299308999999)",Unfall 109236 (2016) Kat:2, Licht: 0,109236,2,1,8,01,10,7,,0,0,1,0,0,0,0
"POINT (9.170922979000000 48.707212108000000)",Unfall 109256 (2016) Kat:3, Licht: 0,109256,3,1,0,01,09,6,,0,0,0,0,1,0,0
"POINT (9.092754241000000 48.738779575000002)",Unfall 109261 (2016) Kat:3, Licht: 0,109261,3,7,6,01,09,4,,0,0,1,1,0,0,0
"POINT (9.173932073000000 48.779406191000000)",Unfall 109270 (2016) Kat:3, Licht: 0,109270,3,6,2,01,13,6,,0,0,1,0,0,0,0
"POINT (9.159584401000000 48.759621820000000)",Unfall 109278 (2016) Kat:3, Licht: 0,109278,3,7,6,01,15,3,,0,0,0,1,0,0,1
"POINT (9.110482556999999 48.747008211000001)",Unfall 109286 (2016) Kat:3, Licht: 2,109286,3,3,5,01,06,2,,2,0,1,0,0,0,0
"POINT (9.124815406000000 48.814514191999997)",Unfall 109303 (2016) Kat:2, Licht: 2,109303,2,4,6,01,19,5,,2,0,1,1,0,0,0
"POINT (9.178562776000000 48.780378448999997)",Unfall 109347 (2016) Kat:3, Licht: 2,109347,3,6,2,01,01,1,,2,0,1,0,0,0,0
"POINT (9.122739929000000 48.814619489999998)",Unfall 109362 (2016) Kat:2, Licht: 2,109362,2,4,6,01,17,4,,2,0,0,1,0,0,1
"POINT (9.222551516999999 48.800717050000003)",Unfall 109371 (2016) Kat:3, Licht: 0,109371,3,3,6,01,15,2,,0,0,1,1,0,0,0
"POINT (9.153490161000001 48.831750558000003)",Unfall 109376 (2016) Kat:2, Licht: 1,109376,2,4,6,01,07,2,,1,0,1,1,0,0,0
"POINT (9.117870885000000 48.727915107999998)",Unfall 109380 (2016) Kat:3, Licht: 2,109380,3,6,2,01,17,3,,2,0,1,0,0,0,1
"POINT (9.159829541000001 48.756565109999997)",Unfall 109404 (2016) Kat:3, Licht: 2,109404,3,6,2,01,17,5,,2,0,1,0,0,0,0
"POINT (9.181135582000000 48.773619294000000)",Unfall 109415 (2016) Kat:3, Licht: 0,109415,3,3,0,01,09,4,,0,1,1,0,0,0,0
"POINT (9.271375840999999 48.784870376000001)",Unfall 109424 (2016) Kat:3, Licht: 0,109424,3,1,0,01,07,6,,0,0,0,0,1,0,0
"POINT (9.194362071000001 48.797313570999997)",Unfall 109437 (2016) Kat:3, Licht: 0,109437,3,3,5,01,10,2,,0,0,1,0,0,0,1
"POINT (9.208972774999999 48.807261167000000)",Unfall 109467 (2016) Kat:3, Licht: 1,109467,3,6,2,01,07,5,,1,0,1,0,0,0,0
"POINT (9.238767812000001 48.834699008999998)",Unfall 109477 (2016) Kat:3, Licht: 2,109477,3,2,5,01,18,2,,2,1,1,0,0,0,0
"POINT (9.103913300000000 48.743134605999998)",Unfall 109487 (2016) Kat:3, Licht: 2,109487,3,3,5,01,22,3,,2,0,1,0,1,0,0
"POINT (9.217842037000001 48.787029099000002)",Unfall 109501 (2016) Kat:3, Licht: 0,109501,3,4,0,01,09,2,,0,0,0,1,0,0,1
"POINT (9.256321089000000 48.771099663999998)",Unfall 109503 (2016) Kat:3, Licht: 2,109503,3,7,0,01,05,7,,2,0,1,0,0,0,0
"POINT (9.191421595000000 48.752541295000000)",Unfall 109515 (2016) Kat:3, Licht: 0,109515,3,3,5,01,10,4,,0,0,1,0,0,0,0
"POINT (9.162511083000000 48.779620207000001)",Unfall 109516 (2016) Kat:3, Licht: 0,109516,3,2,5,01,12,5,,0,1,1,0,0,0,0
"POINT (9.159760273000000 48.779912607000000)",Unfall 109533 (2016) Kat:2, Licht: 0,109533,2,4,6,01,10,1,,0,0,1,1,0,0,0
"POINT (9.180373742000000 48.774311347000001)",Unfall 109553 (2016) Kat:3, Licht: 1,109553,3,7,6,01,17,2,,1,0,1,1,0,0,0
"POINT (9.241238216999999 48.807235955000003)",Unfall 109586 (2016) Kat:3, Licht: 2,109586,3,5,1,01,22,2,,2,0,1,0,0,0,0
"POINT (9.220170641999999 48.801449591999997)",Unfall 109594 (2016) Kat:3, Licht: 0,109594,3,3,5,01,11,2,,0,1,1,0,0,0,0
"POINT (9.166467921000001 48.771580309999997)",Unfall 109597 (2016) Kat:3, Licht: 0,109597,3,4,6,01,14,1,,0,1,0,1,0,0,0
"POINT (9.192453050999999 48.779858935999997)",Unfall 109612 (2016) Kat:3, Licht: 0,109612,3,6,4,01,11,7,,0,0,0,0,0,0,1
"POINT (9.219009585000000 48.805470213000000)",Unfall 109615 (2016) Kat:3, Licht: 2,109615,3,1,0,01,23,2,,2,1,0,0,0,0,0
"POINT (9.175404626000001 48.799517919000003)",Unfall 109619 (2016) Kat:3, Licht: 0,109619,3,3,5,01,13,4,,0,0,1,0,0,0,0
"POINT (9.132054716000001 48.724467648000001)",Unfall 109643 (2016) Kat:2, Licht: 2,109643,2,1,4,01,06,2,,2,0,1,0,0,0,0
"POINT (9.113486898000000 48.813646128999999)",Unfall 109649 (2016) Kat:3, Licht: 2,109649,3,4,6,01,07,2,,2,0,1,1,0,0,0
"POINT (9.194702682000001 48.798768881000001)",Unfall 109658 (2016) Kat:3, Licht: 0,109658,3,3,5,01,08,2,,0,0,1,0,0,0,0
"POINT (9.152710633000000 48.755711736999999)",Unfall 109682 (2016) Kat:3, Licht: 0,109682,3,1,4,01,13,2,,0,0,1,0,0,0,0
"POINT (9.232485647000001 48.781621696999999)",Unfall 109699 (2016) Kat:3, Licht: 0,109699,3,3,5,01,09,2,,0,0,1,0,0,0,1
"POINT (9.123366902000001 48.814475891999997)",Unfall 109708 (2016) Kat:3, Licht: 0,109708,3,6,2,01,15,2,,0,0,1,0,0,0,0
"POINT (9.131579197000001 48.725373824000002)",Unfall 109728 (2016) Kat:3, Licht: 2,109728,3,6,2,01,17,6,,2,0,1,0,0,0,0
"POINT (9.232183667999999 48.830786803000002)",Unfall 109729 (2016) Kat:3, Licht: 2,109729,3,4,6,01,19,4,,2,0,1,1,0,0,0
"POINT (9.212235808999999 48.789865044000003)",Unfall 109746 (2016) Kat:3, Licht: 0,109746,3,3,5,01,13,3,,0,0,1,0,0,0,0
"POINT (9.254471755000001 48.759663641000003)",Unfall 109748 (2016) Kat:2, Licht: 0,109748,2,4,6,01,11,6,,0,0,1,1,0,0,0
"POINT (9.140503670999999 48.842165098000002)",Unfall 109751 (2016) Kat:3, Licht: 1,109751,3,6,4,02,07,3,,1,1,1,0,0,0,0
"POINT (9.191597153000000 48.780859466999999)",Unfall 109761 (2016) Kat:3, Licht: 0,109761,3,7,5,01,15,3,,0,0,1,0,1,0,0
"POINT (9.235621922000000 48.799249795999998)",Unfall 109794 (2016) Kat:3, Licht: 0,109794,3,6,2,01,13,3,,0,0,1,0,0,0,1
"POINT (9.231036466999999 48.779713979999997)",Unfall 109796 (2016) Kat:3, Licht: 0,109796,3,6,2,01,13,6,,0,0,1,0,0,0,0