WKT,Name,OBJECTID,UKATEGORIE,UTYP1,UART,UMONAT,USTUNDE,UWOCHENTAG,STRZUSTAND,ULICHTVERH,ISTRAD,ISTPKW,ISTFUSS,ISTKRAD,ISTGKFZ,ISTSONSTIG
"POINT (9.209286252000000 48.706838247999997)",Unfall 109797 (2016) Kat:3, Licht: 1,109797,3,3,6,01,07,3,,1,0,0,1,0,0,1
"POINT (9.170924782000000 48.784837961999997)",Unfall 109805 (2016) Kat:3, Licht: 0,109805,3,7,5,02,07,2,,0,1,1,0,0,0,0
"POINT (9.181163775000000 48.773693334000001)",Unfall 109809 (2016) Kat:3, Licht: 0,109809,3,7,6,01,10,3,,0,0,1,1,0,0,0
"POINT (9.215875070999999 48.844243300000002)",Unfall 109815 (2016) Kat:3, Licht: 0,109815,3,4,6,01,16,1,,0,0,0,1,0,0,1
"POINT (9.160601073000001 48.763044452999999)",Unfall 109840 (2016) Kat:2, Licht: 2,109840,2,2,5,02,06,2,,2,1,0,0,0,0,1
"POINT (9.267326708000001 48.753597479000000)",Unfall 109855 (2016) Kat:3, Licht: 0,109855,3,3,6,02,13,3,,0,0,0,1,0,1,0
"POINT (9.189068284999999 48.807040837999999)",Unfall 109868 (2016) Kat:3, Licht: 0,109868,3,2,2,01,15,4,,0,0,1,0,0,0,1
"POINT (9.146560095000000 48.724493625000001)",Unfall 109879 (2016) Kat:3, Licht: 2,109879,3,3,0,01,22,1,,2,0,1,0,0,0,1
"POINT (9.207625029000001 48.789000119000001)",Unfall 109899 (2016) Kat:3, Licht: 2,109899,3,1,9,01,19,5,,2,0,1,0,0,0,0
"POINT (9.155415289000001 48.730632817000000)",Unfall 109904 (2016) Kat:2, Licht: 0,109904,2,7,5,01,13,5,,0,0,1,0,0,0,0
"POINT (9.200528777000001 48.836760599000002)",Unfall 109910 (2016) Kat:3, Licht: 0,109910,3,6,2,02,07,2,,0,0,1,0,0,0,1
"POINT (9.101416365000000 48.733507054999997)",Unfall 109987 (2016) Kat:3, Licht: 0,109987,3,2,5,01,16,1,,0,0,1,0,0,0,0
"POINT (9.187116275999999 48.829473123000000)",Unfall 109991 (2016) Kat:3, Licht: 0,109991,3,6,2,01,08,3,,0,0,1,0,0,0,1
"POINT (9.213215220000000 48.819180488000001)",Unfall 109997 (2016) Kat:3, Licht: 0,109997,3,1,9,02,07,4,,0,0,1,0,0,0,0
"POINT (9.146844226000001 48.811851933000000)",Unfall 110000 (2016) Kat:3, Licht: 0,110000,3,3,5,02,09,3,,0,0,1,0,0,0,0
"POINT (9.241136297000001 48.773707702999999)",Unfall 110003 (2016) Kat:3, Licht: 0,110003,3,2,3,02,13,7,,0,1,1,0,0,0,0
"POINT (9.160478060999999 48.714569799000003)",Unfall 110007 (2016) Kat:3, Licht: 2,110007,3,1,0,02,04,6,,2,1,0,0,0,0,0
"POINT (9.179453700000000 48.768162079000000)",Unfall 110008 (2016) Kat:3, Licht: 0,110008,3,6,2,02,16,5,,0,0,1,0,0,0,0
"POINT (9.101389095000000 48.733450142000002)",Unfall 110011 (2016) Kat:3, Licht: 0,110011,3,6,2,02,15,6,,0,0,1,0,0,0,1
"POINT (9.093104584000001 48.738770825000003)",Unfall 110078 (2016) Kat:3, Licht: 0,110078,3,2,2,02,12,6,,0,0,1,0,0,0,0
"POINT (9.213680018000000 48.806206136000000)",Unfall 110081 (2016) Kat:3, Licht: 0,110081,3,6,2,02,12,6,,0,0,1,0,0,0,0
"POINT (9.242153553000000 48.774451575000001)",Unfall 110114 (2016) Kat:3, Licht: 2,110114,3,3,5,02,06,4,,2,1,1,0,0,0,0
"POINT (9.167984275000000 48.763629665000003)",Unfall 110127 (2016) Kat:3, Licht: 0,110127,3,2,5,02,12,5,,0,0,0,0,1,0,1
"POINT (9.207553782000000 48.779821609999999)",Unfall 110132 (2016) Kat:3, Licht: 0,110132,3,3,5,02,09,7,,0,0,1,0,0,0,0
"POINT (9.235442605999999 48.814398851999997)",Unfall 110156 (2016) Kat:3, Licht: 2,110156,3,7,6,02,19,3,,2,0,1,1,0,0,0
"POINT (9.233371526000001 48.789645235999998)",Unfall 110162 (2016) Kat:3, Licht: 2,110162,3,7,0,02,20,3,,2,0,1,0,0,0,1
"POINT (9.220622018000000 48.799030535000000)",Unfall 110163 (2016) Kat:3, Licht: 2,110163,3,4,2,02,20,1,,2,0,1,1,0,0,0
"POINT (9.217527805000000 48.738589513999997)",Unfall 110183 (2016) Kat:3, Licht: 2,110183,3,3,5,02,00,6,,2,0,1,0,0,0,0
"POINT (9.177474617000000 48.785454755000004)",Unfall 110187 (2016) Kat:3, Licht: 0,110187,3,2,0,02,13,6,,0,1,0,0,0,0,0
"POINT (9.180179504000000 48.833714993000001)",Unfall 110193 (2016) Kat:3, Licht: 2,110193,3,6,2,02,00,1,,2,0,1,0,0,0,0
"POINT (9.169074637000000 48.770591406999998)",Unfall 110213 (2016) Kat:3, Licht: 2,110213,3,6,4,02,00,3,,2,0,1,0,0,0,0
"POINT (9.193773637000000 48.801076291000001)",Unfall 110218 (2016) Kat:2, Licht: 2,110218,2,1,9,02,00,4,,2,0,1,0,0,0,0
"POINT (9.159650632000000 48.841956420999999)",Unfall 110236 (2016) Kat:3, Licht: 2,110236,3,6,2,02,19,6,,2,0,1,0,0,0,0
"POINT (9.228590237000001 48.844994700000001)",Unfall 110257 (2016) Kat:2, Licht: 0,110257,2,3,5,02,11,2,,0,1,1,0,0,0,0
"POINT (9.172105049000001 48.825755444000002)",Unfall 110278 (2016) Kat:3, Licht: 1,110278,3,3,5,02,06,4,,1,0,1,0,0,0,0
"POINT (9.197191504999999 48.824303424000000)",Unfall 110285 (2016) Kat:3, Licht: 0,110285,3,2,2,02,11,6,,0,0,1,0,0,0,0
"POINT (9.209946174000001 48.811167867999998)",Unfall 110291 (2016) Kat:3, Licht: 0,110291,3,6,6,02,07,3,,0,0,0,1,0,0,1
"POINT (9.207547502000001 48.779795376000003)",Unfall 110294 (2016) Kat:3, Licht: 0,110294,3,2,2,02,09,6,,0,0,1,0,1,0,0
"POINT (9.161932542000001 48.832738376999998)",Unfall 110297 (2016) Kat:3, Licht: 1,110297,3,1,1,02,19,2,,1,0,0,0,1,1,0
"POINT (9.238899121999999 48.789510344999997)",Unfall 110300 (2016) Kat:3, Licht: 0,110300,3,3,5,02,16,2,,0,0,1,0,0,0,1
"POINT (9.174585927000001 48.772656937999997)",Unfall 110305 (2016) Kat:3, Licht: 0,110305,3,4,6,02,15,6,,0,0,1,1,0,0,0
"POINT (9.109264752000000 48.731409538999998)",Unfall 110319 (2016) Kat:3, Licht: 0,110319,3,3,5,02,16,6,,0,1,1,0,0,0,0
"POINT (9.186400932000000 48.775357262999997)",Unfall 110332 (2016) Kat:3, Licht: 0,110332,3,3,5,02,14,4,,0,0,1,0,0,0,0
"POINT (9.162197010000000 48.761419213000003)",Unfall 110385 (2016) Kat:2, Licht: 2,110385,2,4,6,02,18,1,,2,0,1,1,0,0,0
"POINT (9.218964842000000 48.805518079999999)",Unfall 110387 (2016) Kat:3, Licht: 0,110387,3,4,6,02,08,4,,0,0,1,1,0,0,0
"POINT (9.173260472999999 48.829038023000003)",Unfall 110393 (2016) Kat:3, Licht: 2,110393,3,3,5,02,20,5,,2,0,1,0,0,0,0
"POINT (9.118992058000000 48.724575858999998)",Unfall 110409 (2016) Kat:3, Licht: 0,110409,3,5,1,02,09,4,,0,1,1,0,0,0,0
"POINT (9.184296617999999 48.791953430000000)",Unfall 110441 (2016) Kat:3, Licht: 0,110441,3,3,5,02,08,4,,0,0,1,0,0,0,0
"POINT (9.215357738000000 48.803387532999999)",Unfall 110457 (2016) Kat:3, Licht: 1,110457,3,7,6,02,07,3,,1,1,0,1,0,0,0
"POINT (9.161855149000001 48.777142843999997)",Unfall 110489 (2016) Kat:3, Licht: 0,110489,3,3,5,02,08,2,,0,0,1,0,0,0,1
"POINT (9.176628439000000 48.772920044000003)",Unfall 110502 (2016) Kat:2, Licht: 0,110502,2,4,6,02,11,5,,0,0,1,1,0,0,0
"POINT (9.207925139000000 48.781976536000002)",Unfall 110511 (2016) Kat:3, Licht: 0,110511,3,7,3,02,08,4,,0,0,1,0,0,0,0
"POINT (9.190878441000001 48.795437907999997)",Unfall 110527 (2016) Kat:3, Licht: 0,110527,3,3,5,02,15,2,,0,0,1,0,0,0,0
"POINT (9.220576404999999 48.738679838000003)",Unfall 110536 (2016) Kat:3, Licht: 0,110536,3,4,6,02,09,2,,0,0,0,1,1,0,0
"POINT (9.242918613000001 48.772435580000000)",Unfall 110558 (2016) Kat:2, Licht: 0,110558,2,7,8,03,11,6,,0,0,1,0,0,0,0
"POINT (9.191436785000001 48.752546647000003)",Unfall 110588 (2016) Kat:3, Licht: 2,110588,3,3,5,03,23,3,,2,0,1,0,0,0,0
"POINT (9.189547178000000 48.791991207000002)",Unfall 110599 (2016) Kat:3, Licht: 2,110599,3,6,2,03,19,3,,2,0,1,0,0,0,0
"POINT (9.159431962999999 48.841976162000002)",Unfall 110634 (2016) Kat:3, Licht: 2,110634,3,3,5,02,01,1,,2,0,1,0,0,0,0
"POINT (9.172735304000000 48.823211243000003)",Unfall 110637 (2016) Kat:3, Licht: 0,110637,3,6,2,03,13,4,,0,0,1,0,0,0,0
"POINT (9.175406113999999 48.836440224999997)",Unfall 110638 (2016) Kat:3, Licht: 0,110638,3,6,2,02,17,1,,0,0,1,0,0,0,0
"POINT (9.197010920000000 48.738539136000000)",Unfall 110648 (2016) Kat:3, Licht: 2,110648,3,1,9,02,00,1,,2,0,1,0,0,0,0
"POINT (9.159961192000001 48.761824412999999)",Unfall 110661 (2016) Kat:3, Licht: 0,110661,3,3,5,02,16,7,,0,1,0,0,0,0,0
"POINT (9.170640636000000 48.782183451000002)",Unfall 110663 (2016) Kat:3, Licht: 0,110663,3,2,0,02,13,7,,0,0,1,0,0,0,1
"POINT (9.174936536000001 48.829632185999998)",Unfall 110671 (2016) Kat:3, Licht: 0,110671,3,2,5,02,17,6,,0,0,1,0,0,0,1
"POINT (9.177545766000000 48.784279501000000)",Unfall 110734 (2016) Kat:3, Licht: 2,110734,3,4,6,03,18,5,,2,0,1,1,0,0,0
"POINT (9.182434177999999 48.792266146000003)",Unfall 110775 (2016) Kat:3, Licht: 0,110775,3,3,5,03,12,5,,0,1,1,0,0,0,0
"POINT (9.171183394000000 48.768440188000000)",Unfall 110776 (2016) Kat:3, Licht: 0,110776,3,3,5,03,16,6,,0,1,1,0,0,0,0
"POINT (9.157931722000001 48.812965661000000)",Unfall 110787 (2016) Kat:3, Licht: 2,110787,3,6,2,03,18,5,,2,1,0,0,1,0,0
"POINT (9.162376321000000 48.761027761999998)",Unfall 110789 (2016) Kat:3, Licht: 1,110789,3,2,5,03,06,5,,1,1,1,0,0,0,0
"POINT (9.167441729000000 48.778089244999997)",Unfall 110797 (2016) Kat:2, Licht: 0,110797,2,4,6,03,13,3,,0,0,0,1,0,0,1
"POINT (9.124543087999999 48.777313636000002)",Unfall 110800 (2016) Kat:3, Licht: 0,110800,3,3,5,03,11,1,,0,0,1,0,0,0,0
"POINT (9.262862425000000 48.770159065999998)",Unfall 110808 (2016) Kat:3, Licht: 0,110808,3,7,0,03,10,3,,0,0,0,0,1,0,0
"POINT (9.169853562000000 48.765014022000003)",Unfall 110829 (2016) Kat:3, Licht: 2,110829,3,3,5,03,18,6,,2,1,1,0,0,0,0
"POINT (9.184336031000001 48.833986146000001)",Unfall 110831 (2016) Kat:3, Licht: 0,110831,3,6,2,03,10,7,,0,0,1,0,0,0,0
"POINT (9.237192337000000 48.792486670000002)",Unfall 110845 (2016) Kat:3, Licht: 0,110845,3,7,3,03,16,7,,0,0,1,0,0,0,0
"POINT (9.118242485000000 48.810354123000003)",Unfall 110850 (2016) Kat:3, Licht: 0,110850,3,3,5,03,07,6,,0,0,1,0,0,0,0
"POINT (9.178331621000000 48.782674890999999)",Unfall 110854 (2016) Kat:3, Licht: 0,110854,3,7,4,03,11,6,,0,0,1,0,1,0,0
"POINT (9.180038420000001 48.781983507000000)",Unfall 110856 (2016) Kat:3, Licht: 0,110856,3,7,9,03,15,2,,0,0,1,0,0,0,0
"POINT (9.233312678000001 48.830655139999998)",Unfall 110857 (2016) Kat:3, Licht: 2,110857,3,3,5,03,20,6,,2,1,1,0,0,0,0
"POINT (9.207707112000000 48.786780200999999)",Unfall 110861 (2016) Kat:3, Licht: 0,110861,3,6,2,03,20,7,,0,0,1,0,0,0,0
"POINT (9.115503642000000 48.808116745000000)",Unfall 110864 (2016) Kat:3, Licht: 0,110864,3,1,8,03,17,2,,0,0,0,0,1,0,0
"POINT (9.252830374000000 48.779185898999998)",Unfall 110867 (2016) Kat:3, Licht: 0,110867,3,2,2,03,07,6,,0,0,1,0,0,0,0
"POINT (9.203838055000000 48.834813748999998)",Unfall 110876 (2016) Kat:3, Licht: 0,110876,3,3,5,03,14,2,,0,0,1,0,1,0,0
"POINT (9.187554777000001 48.773645643999998)",Unfall 110879 (2016) Kat:2, Licht: 0,110879,2,6,2,03,15,6,,0,0,1,0,1,0,0
"POINT (9.109045473000000 48.816029804999999)",Unfall 110883 (2016) Kat:3, Licht: 0,110883,3,5,1,03,14,2,,0,1,1,0,0,0,0
"POINT (9.155888472999999 48.848542205000001)",Unfall 110886 (2016) Kat:3, Licht: 2,110886,3,6,2,03,18,2,,2,0,1,0,0,0,0
"POINT (9.158599098000000 48.845259829000000)",Unfall 110902 (2016) Kat:3, Licht: 0,110902,3,3,5,03,09,5,,0,0,1,0,0,0,0
"POINT (9.193057780000000 48.819300437000003)",Unfall 110906 (2016) Kat:3, Licht: 0,110906,3,7,3,03,16,5,,0,0,1,0,0,0,1
"POINT (9.152376257000000 48.809667341000001)",Unfall 110914 (2016) Kat:3, Licht: 0,110914,3,6,2,03,14,5,,0,0,1,0,0,0,0
"POINT (9.165568316000000 48.771937401999999)",Unfall 110916 (2016) Kat:3, Licht: 1,110916,3,3,5,03,17,5,,1,0,1,0,0,0,0
"POINT (9.096463965000000 48.823341657999997)",Unfall 110917 (2016) Kat:2, Licht: 0,110917,2,7,0,03,15,4,,0,0,0,0,1,0,1
"POINT (9.251537268000000 48.763723331999998)",Unfall 110919 (2016) Kat:2, Licht: 2,110919,2,1,1,03,20,4,,2,0,1,0,0,1,0
"POINT (9.197200005999999 48.824394466000001)",Unfall 110922 (2016) Kat:3, Licht: 0,110922,3,2,2,03,17,4,,0,0,1,0,0,0,0
"POINT (9.145298965000000 48.812239664000003)",Unfall 110929 (2016) Kat:3, Licht: 0,110929,3,5,1,03,07,4,,0,1,1,0,0,0,0
"POINT (9.171128038999999 48.829142228000002)",Unfall 110931 (2016) Kat:3, Licht: 0,110931,3,3,0,03,07,4,,0,0,1,0,1,0,0
"POINT (9.161140545000000 48.783351787999997)",Unfall 111052 (2016) Kat:3, Licht: 0,111052,3,2,5,03,10,1,,0,1,1,0,0,0,0
"POINT (9.177320464999999 48.811536191000002)",Unfall 111054 (2016) Kat:3, Licht: 0,111054,3,2,5,03,11,2,,0,0,1,0,1,0,0
"POINT (9.157143016999999 48.814038685000000)",Unfall 111057 (2016) Kat:3, Licht: 0,111057,3,7,0,03,07,2,,0,1,0,0,0,0,0
"POINT (9.221491331999999 48.810381460000002)",Unfall 111071 (2016) Kat:3, Licht: 2,111071,3,3,5,03,06,6,,2,1,1,0,0,0,0
"POINT (9.160587048000000 48.782214779999997)",Unfall 111099 (2016) Kat:3, Licht: 0,111099,3,3,5,03,11,2,,0,0,1,0,0,0,0
"POINT (9.175500738000000 48.798710192000001)",Unfall 111136 (2016) Kat:3, Licht: 0,111136,3,3,5,03,08,6,,0,0,1,0,0,0,0
"POINT (9.162485133000001 48.773073089000000)",Unfall 111153 (2016) Kat:2, Licht: 0,111153,2,2,6,03,17,2,,0,0,1,1,0,0,0
"POINT (9.197640230999999 48.789354709999998)",Unfall 111160 (2016) Kat:3, Licht: 2,111160,3,3,5,03,18,5,,2,0,1,0,0,0,1
"POINT (9.205939275000000 48.777366469999997)",Unfall 111163 (2016) Kat:3, Licht: 2,111163,3,7,1,03,03,5,,2,0,1,0,0,0,0
"POINT (9.160829902000000 48.710153853999998)",Unfall 111173 (2016) Kat:3, Licht: 0,111173,3,7,5,03,09,5,,0,0,1,0,0,1,0
"POINT (9.106420424000000 48.721795155000002)",Unfall 111199 (2016) Kat:3, Licht: 2,111199,3,3,5,03,20,2,,2,1,1,0,0,0,0
"POINT (9.215889093000000 48.806774605999998)",Unfall 111208 (2016) Kat:3, Licht: 0,111208,3,7,2,03,17,1,,0,0,1,0,0,0,0
"POINT (9.159896227999999 48.779722258000000)",Unfall 111230 (2016) Kat:3, Licht: 0,111230,3,3,0,03,10,4,,0,0,1,0,1,0,0
"POINT (9.134332359000000 48.844339327000000)",Unfall 111234 (2016) Kat:3, Licht: 0,111234,3,4,6,03,14,6,,0,0,1,1,0,0,0
"POINT (9.237304184999999 48.775890304000001)",Unfall 111261 (2016) Kat:3, Licht: 0,111261,3,7,6,03,16,4,,0,0,1,1,0,0,0
"POINT (9.129641311000000 48.729036811000000)",Unfall 111302 (2016) Kat:3, Licht: 0,111302,3,6,2,03,11,2,,0,0,1,0,0,0,0
"POINT (9.157260658000000 48.834860327000001)",Unfall 111309 (2016) Kat:3, Licht: 2,111309,3,4,6,03,05,3,,2,0,0,1,1,0,0
"POINT (9.248725155000001 48.788270122000000)",Unfall 111319 (2016) Kat:3, Licht: 2,111319,3,3,5,03,02,5,,2,0,1,0,0,0,0
"POINT (9.106647996000000 48.738420192000000)",Unfall 111325 (2016) Kat:3, Licht: 0,111325,3,3,5,04,14,1,,0,0,1,0,1,0,0
"POINT (9.157016050999999 48.835888332000003)",Unfall 111351 (2016) Kat:3, Licht: 0,111351,3,6,2,03,14,5,,0,0,1,0,0,0,0
"POINT (9.125517177000001 48.723445140000003)",Unfall 111370 (2016) Kat:3, Licht: 0,111370,3,7,5,03,14,5,,0,0,1,0,0,0,1
"POINT (9.163542938999999 48.774722521999998)",Unfall 111390 (2016) Kat:2, Licht: 0,111390,2,3,5,04,14,7,,0,1,1,0,0,0,0
"POINT (9.233829797000000 48.777644664000000)",Unfall 111391 (2016) Kat:3, Licht: 0,111391,3,7,6,04,11,6,,0,0,0,1,0,1,0
"POINT (9.164441297000000 48.783009917999998)",Unfall 111396 (2016) Kat:3, Licht: 0,111396,3,3,5,03,11,1,,0,1,1,0,0,0,0
"POINT (9.220778962000001 48.801041884000000)",Unfall 111416 (2016) Kat:3, Licht: 0,111416,3,5,1,03,18,3,,0,0,1,0,0,0,0
"POINT (9.164059591999999 48.783699585999997)",Unfall 111432 (2016) Kat:3, Licht: 0,111432,3,3,0,03,17,4,,0,0,1,0,0,0,1
"POINT (9.158729729999999 48.778358652000001)",Unfall 111443 (2016) Kat:3, Licht: 0,111443,3,3,5,03,13,1,,0,0,1,0,0,0,0
"POINT (9.174970194000000 48.773341838999997)",Unfall 111450 (2016) Kat:3, Licht: 0,111450,3,7,6,03,17,7,,0,0,1,1,0,0,0
"POINT (9.103762232999999 48.740806053999997)",Unfall 111453 (2016) Kat:3, Licht: 0,111453,3,3,5,03,16,5,,0,0,1,0,0,0,0
"POINT (9.168819753999999 48.771088673000001)",Unfall 111463 (2016) Kat:3, Licht: 1,111463,3,6,2,03,06,3,,1,0,1,0,1,0,0
"POINT (9.220120852000001 48.780950451000002)",Unfall 111491 (2016) Kat:3, Licht: 0,111491,3,6,2,04,15,7,,0,0,1,0,0,0,0
"POINT (9.207111320999999 48.778666231000003)",Unfall 111494 (2016) Kat:2, Licht: 0,111494,2,2,5,04,19,1,,0,1,1,0,0,0,0
"POINT (9.186488378000000 48.790677315000003)",Unfall 111502 (2016) Kat:3, Licht: 0,111502,3,6,3,03,15,3,,0,0,1,0,0,0,0
"POINT (9.246474264000000 48.777901669000002)",Unfall 111522 (2016) Kat:3, Licht: 0,111522,3,2,5,03,15,5,,0,0,1,0,0,0,0
"POINT (9.215319532000001 48.806769344999999)",Unfall 111539 (2016) Kat:3, Licht: 0,111539,3,6,2,04,12,7,,0,0,1,0,0,0,0
"POINT (9.149235992000000 48.726515544999998)",Unfall 111540 (2016) Kat:3, Licht: 0,111540,3,3,5,04,17,6,,0,0,1,0,0,0,0
"POINT (9.101144342000000 48.725374365000000)",Unfall 111574 (2016) Kat:3, Licht: 0,111574,3,6,2,04,13,2,,0,0,1,0,0,0,0
"POINT (9.254029721000000 48.781071980000000)",Unfall 111577 (2016) Kat:3, Licht: 0,111577,3,3,5,04,07,2,,0,0,1,0,1,0,0
"POINT (9.166791860000000 48.779242844999999)",Unfall 111591 (2016) Kat:3, Licht: 0,111591,3,6,2,04,13,1,,0,0,1,0,0,0,0
"POINT (9.232875496000000 48.842819998000003)",Unfall 111593 (2016) Kat:3, Licht: 1,111593,3,1,0,04,17,3,,1,1,1,0,0,0,0
"POINT (9.119876882000000 48.724443340000001)",Unfall 111601 (2016) Kat:3, Licht: 0,111601,3,7,5,04,18,3,,0,0,1,0,1,0,0
"POINT (9.164730072999999 48.832268935000002)",Unfall 111603 (2016) Kat:3, Licht: 2,111603,3,1,0,04,21,4,,2,1,0,0,0,0,0
"POINT (9.140553311000000 48.777842088000000)",Unfall 111613 (2016) Kat:3, Licht: 0,111613,3,6,2,04,11,2,,0,0,1,0,0,0,0
"POINT (9.196335896000001 48.824994425000000)",Unfall 111616 (2016) Kat:3, Licht: 0,111616,3,6,3,04,09,4,,0,0,1,0,0,0,0
"POINT (9.212902269000001 48.816291253999999)",Unfall 111623 (2016) Kat:3, Licht: 0,111623,3,3,5,04,13,6,,0,0,1,0,0,0,0
"POINT (9.108613498000000 48.737184071999998)",Unfall 111645 (2016) Kat:3, Licht: 0,111645,3,6,2,04,19,2,,0,0,1,0,0,0,0
"POINT (9.253524354000000 48.783673479000001)",Unfall 111650 (2016) Kat:3, Licht: 0,111650,3,6,2,04,14,4,,0,0,1,0,1,0,0
"POINT (9.103783757000000 48.740829046999998)",Unfall 111658 (2016) Kat:3, Licht: 0,111658,3,3,5,04,12,4,,0,0,1,0,0,0,0
"POINT (9.101375547000000 48.733497024000002)",Unfall 111668 (2016) Kat:3, Licht: 0,111668,3,2,5,04,07,4,,0,1,1,0,0,0,0
"POINT (9.220703468000000 48.845722059000003)",Unfall 111694 (2016) Kat:2, Licht: 0,111694,2,4,6,04,18,1,,0,0,1,1,0,0,0
"POINT (9.157951120000000 48.762259677000003)",Unfall 111709 (2016) Kat:3, Licht: 0,111709,3,3,5,04,08,5,,0,0,1,0,1,0,0
"POINT (9.168601079000000 48.782636463000003)",Unfall 111723 (2016) Kat:3, Licht: 0,111723,3,2,5,04,09,7,,0,0,1,0,0,0,0
"POINT (9.159340090000001 48.762693014000000)",Unfall 111744 (2016) Kat:3, Licht: 2,111744,3,4,2,04,00,1,,2,0,1,1,0,0,0
"POINT (9.170396357000000 48.752995700000000)",Unfall 111747 (2016) Kat:3, Licht: 0,111747,3,6,3,04,16,2,,0,1,1,0,0,0,0
"POINT (9.197092357000001 48.767728523000002)",Unfall 111767 (2016) Kat:3, Licht: 0,111767,3,7,6,04,10,2,,0,0,1,1,0,0,0
"POINT (9.159528048000000 48.759315801000000)",Unfall 111793 (2016) Kat:3, Licht: 0,111793,3,1,0,04,16,6,,0,1,0,0,0,0,0
"POINT (9.174195134000000 48.793665861999997)",Unfall 111818 (2016) Kat:3, Licht: 0,111818,3,2,5,04,16,2,,0,0,1,0,1,0,0
"POINT (9.171029280999999 48.828451772000001)",Unfall 111833 (2016) Kat:3, Licht: 0,111833,3,3,5,04,11,7,,0,0,1,0,0,0,0
"POINT (9.174168529999999 48.831693303999998)",Unfall 111863 (2016) Kat:3, Licht: 0,111863,3,3,5,04,17,1,,0,1,0,0,0,0,1
"POINT (9.266243248000000 48.751770833000002)",Unfall 111868 (2016) Kat:3, Licht: 0,111868,3,6,2,04,08,2,,0,0,1,0,0,1,0
"POINT (9.162569214000000 48.784054208000001)",Unfall 111889 (2016) Kat:3, Licht: 0,111889,3,4,6,04,08,5,,0,1,0,1,0,0,0
"POINT (9.123268676000000 48.725823712999997)",Unfall 111891 (2016) Kat:2, Licht: 0,111891,2,3,5,04,08,6,,0,1,1,0,0,0,0
"POINT (9.220371102000000 48.800529523000002)",Unfall 111901 (2016) Kat:3, Licht: 0,111901,3,6,2,04,14,7,,0,0,1,0,0,0,0
"POINT (9.220622021000001 48.799030512000002)",Unfall 111914 (2016) Kat:2, Licht: 0,111914,2,3,5,04,17,4,,0,0,1,0,1,0,0
"POINT (9.155673293000000 48.837720533999999)",Unfall 111950 (2016) Kat:3, Licht: 0,111950,3,3,5,04,09,3,,0,0,0,0,1,0,1
"POINT (9.149602927000000 48.757535787999998)",Unfall 111955 (2016) Kat:2, Licht: 0,111955,2,3,5,04,19,1,,0,1,1,0,0,0,0
"POINT (9.094283965000001 48.816746416999997)",Unfall 111959 (2016) Kat:2, Licht: 2,111959,2,6,4,04,22,3,,2,0,1,0,0,0,0
"POINT (9.174878142000001 48.783320007999997)",Unfall 111967 (2016) Kat:3, Licht: 2,111967,3,6,2,04,20,3,,2,0,1,0,0,0,0
"POINT (9.219311826000000 48.808919822999997)",Unfall 111972 (2016) Kat:3, Licht: 1,111972,3,6,2,04,06,3,,1,0,1,0,0,0,0
"POINT (9.223498316000001 48.810913649000000)",Unfall 111995 (2016) Kat:3, Licht: 0,111995,3,3,5,04,13,6,,0,0,1,0,1,0,0
"POINT (9.177013257000001 48.750209841000000)",Unfall 112003 (2016) Kat:2, Licht: 0,112003,2,4,6,04,16,7,,0,0,1,1,0,0,0
"POINT (9.226796555000000 48.793014298000003)",Unfall 112018 (2016) Kat:3, Licht: 1,112018,3,6,2,04,19,1,,1,0,1,0,0,0,0
"POINT (9.175256972000000 48.770815579000001)",Unfall 112023 (2016) Kat:3, Licht: 1,112023,3,3,5,04,19,2,,1,0,1,0,1,0,0
"POINT (9.208118759000000 48.813651364999998)",Unfall 112068 (2016) Kat:3, Licht: 0,112068,3,6,2,04,08,2,,0,0,1,0,0,0,0
"POINT (9.163558198000001 48.770672898999997)",Unfall 112074 (2016) Kat:3, Licht: 0,112074,3,7,5,04,16,2,,0,0,1,0,1,0,0
"POINT (9.228392937000001 48.799566098000000)",Unfall 112081 (2016) Kat:3, Licht: 2,112081,3,3,5,04,20,4,,2,0,1,0,0,0,0
"POINT (9.218770772999999 48.826793621000000)",Unfall 112088 (2016) Kat:3, Licht: 0,112088,3,2,5,04,07,4,,0,1,1,0,0,0,0
"POINT (9.194540768000000 48.798060374000002)",Unfall 112111 (2016) Kat:3, Licht: 0,112111,3,2,2,04,15,7,,0,0,1,0,0,0,0
"POINT (9.193599793000001 48.788227558000003)",Unfall 112115 (2016) Kat:3, Licht: 0,112115,3,2,5,04,14,3,,0,0,1,0,0,0,0
"POINT (9.174698585000000 48.829132968000003)",Unfall 112119 (2016) Kat:3, Licht: 0,112119,3,6,2,04,10,3,,0,0,1,0,0,0,0
"POINT (9.167052214000000 48.777987013000001)",Unfall 112124 (2016) Kat:3, Licht: 2,112124,3,2,6,04,00,3,,2,0,1,1,0,0,0
"POINT (9.197358067000000 48.785855754000004)",Unfall 112125 (2016) Kat:3, Licht: 0,112125,3,3,5,04,19,4,,0,0,1,0,1,0,0
"POINT (9.158231016000000 48.756233197000000)",Unfall 112129 (2016) Kat:2, Licht: 0,112129,2,1,8,04,16,3,,0,0,1,0,0,0,0