WKT,Name,OBJECTID,UKATEGORIE,UTYP1,UART,UMONAT,USTUNDE,UWOCHENTAG,STRZUSTAND,ULICHTVERH,ISTRAD,ISTPKW,ISTFUSS,ISTKRAD,ISTGKFZ,ISTSONSTIG
"POINT (9.227614297000001 48.781628237000000)",Unfall 112135 (2016) Kat:3, Licht: 0,112135,3,6,2,04,15,6,,0,0,1,0,0,0,0
"POINT (9.168296990000000 48.829759252999999)",Unfall 112146 (2016) Kat:3, Licht: 0,112146,3,7,6,04,16,6,,0,0,1,1,0,0,0
"POINT (9.235022948999999 48.777127415999999)",Unfall 112166 (2016) Kat:3, Licht: 0,112166,3,2,5,04,10,7,,0,0,1,0,0,0,0
"POINT (9.112550087000001 48.729340026000003)",Unfall 112167 (2016) Kat:3, Licht: 2,112167,3,1,0,04,20,2,,2,1,0,0,0,0,0
"POINT (9.212661718000000 48.790933844999998)",Unfall 112177 (2016) Kat:3, Licht: 0,112177,3,7,6,04,18,6,,0,0,0,1,0,0,1
"POINT (9.210362675000001 48.785204720999999)",Unfall 112190 (2016) Kat:3, Licht: 0,112190,3,7,0,04,18,6,,0,1,0,0,0,0,0
"POINT (9.184227140000001 48.793517868000002)",Unfall 112249 (2016) Kat:2, Licht: 0,112249,2,4,6,04,08,5,,0,0,0,1,0,0,1
"POINT (9.173046458000000 48.825674667000001)",Unfall 112273 (2016) Kat:3, Licht: 0,112273,3,6,2,04,12,7,,0,0,1,0,0,0,0
"POINT (9.153940726000000 48.714083000999999)",Unfall 112279 (2016) Kat:3, Licht: 0,112279,3,7,5,04,15,5,,0,0,1,0,1,0,0
"POINT (9.231763623999999 48.846314692000000)",Unfall 112280 (2016) Kat:3, Licht: 0,112280,3,3,5,04,18,5,,0,1,1,0,0,0,0
"POINT (9.124425413000001 48.814513324000004)",Unfall 112286 (2016) Kat:2, Licht: 1,112286,2,4,6,04,20,4,,1,0,0,1,0,0,1
"POINT (9.130192907000000 48.729199297999997)",Unfall 112346 (2016) Kat:3, Licht: 0,112346,3,6,2,05,16,2,,0,0,1,0,0,0,0
"POINT (9.180934752000001 48.770089630000001)",Unfall 112393 (2016) Kat:2, Licht: 2,112393,2,2,6,04,23,7,,2,0,1,1,0,0,0
"POINT (9.185734530000000 48.830629569000003)",Unfall 112404 (2016) Kat:3, Licht: 0,112404,3,4,0,05,10,3,,0,0,0,1,0,0,1
"POINT (9.107564425000000 48.717051888000000)",Unfall 112408 (2016) Kat:3, Licht: 0,112408,3,7,0,04,11,7,,0,0,1,1,0,0,0
"POINT (9.183150428999999 48.782015755000003)",Unfall 112429 (2016) Kat:3, Licht: 0,112429,3,7,6,04,09,5,,0,0,0,0,0,0,1
"POINT (9.199053728000001 48.789294738000002)",Unfall 112438 (2016) Kat:2, Licht: 0,112438,2,1,0,04,11,5,,0,0,0,0,1,0,0
"POINT (9.196008599000001 48.789614084000000)",Unfall 112440 (2016) Kat:3, Licht: 0,112440,3,2,0,04,11,3,,0,0,1,0,0,0,1
"POINT (9.173008346000000 48.825036810000000)",Unfall 112442 (2016) Kat:3, Licht: 0,112442,3,6,3,05,16,3,,0,0,1,0,1,0,0
"POINT (9.192641729000000 48.784853361000003)",Unfall 112457 (2016) Kat:3, Licht: 0,112457,3,5,1,05,16,3,,0,0,1,0,0,0,1
"POINT (9.179989969999999 48.783543635000001)",Unfall 112466 (2016) Kat:3, Licht: 0,112466,3,6,2,04,15,6,,0,0,1,0,0,0,0
"POINT (9.122384750000000 48.727534509000002)",Unfall 112468 (2016) Kat:3, Licht: 0,112468,3,4,6,04,08,6,,0,0,0,1,0,0,1
"POINT (9.109563512999999 48.746107721999998)",Unfall 112474 (2016) Kat:3, Licht: 0,112474,3,6,2,04,10,6,,0,0,1,0,0,1,0
"POINT (9.185074004000001 48.791512951999998)",Unfall 112495 (2016) Kat:3, Licht: 0,112495,3,6,3,05,17,3,,0,0,1,0,0,1,0
"POINT (9.176524752000001 48.817225497000003)",Unfall 112531 (2016) Kat:3, Licht: 0,112531,3,6,2,05,15,1,,0,0,1,0,0,0,0
"POINT (9.179288661999999 48.783895407000003)",Unfall 112558 (2016) Kat:3, Licht: 0,112558,3,6,3,05,11,2,,0,0,1,0,1,0,0
"POINT (9.159199337000000 48.763593911999997)",Unfall 112561 (2016) Kat:2, Licht: 0,112561,2,4,6,05,18,2,,0,1,0,1,0,0,0
"POINT (9.207912076000000 48.786070553999998)",Unfall 112564 (2016) Kat:3, Licht: 0,112564,3,1,0,05,13,3,,0,1,0,0,0,0,0
"POINT (9.165998724000000 48.787573125999998)",Unfall 112574 (2016) Kat:3, Licht: 0,112574,3,3,5,05,08,2,,0,0,1,0,0,0,0
"POINT (9.168849744999999 48.778544509000000)",Unfall 112598 (2016) Kat:3, Licht: 0,112598,3,6,2,05,14,2,,0,0,1,0,0,0,0
"POINT (9.163236567000000 48.763554673999998)",Unfall 112600 (2016) Kat:3, Licht: 0,112600,3,4,0,05,16,3,,0,0,0,1,0,0,1
"POINT (9.107633497000000 48.813622697000000)",Unfall 112605 (2016) Kat:3, Licht: 0,112605,3,3,5,05,10,1,,0,0,1,0,0,0,0
"POINT (9.164400080000000 48.787353011999997)",Unfall 112609 (2016) Kat:3, Licht: 0,112609,3,6,2,05,07,2,,0,0,1,0,0,0,0
"POINT (9.161027992999999 48.766388358999997)",Unfall 112623 (2016) Kat:3, Licht: 0,112623,3,6,2,05,09,4,,0,0,1,0,0,0,0
"POINT (9.171526026000000 48.782196319999997)",Unfall 112624 (2016) Kat:3, Licht: 2,112624,3,2,5,05,21,2,,2,0,1,0,1,0,0
"POINT (9.272752488000000 48.788296152999997)",Unfall 112636 (2016) Kat:2, Licht: 0,112636,2,7,0,05,19,1,,0,1,0,0,0,0,0
"POINT (9.234475548000001 48.814630711000000)",Unfall 112637 (2016) Kat:3, Licht: 0,112637,3,6,2,05,18,4,,0,0,1,0,0,0,0
"POINT (9.183300266000000 48.792146129999999)",Unfall 112661 (2016) Kat:3, Licht: 1,112661,3,3,5,05,20,4,,1,0,1,0,0,0,0
"POINT (9.202717590000001 48.837568918000002)",Unfall 112662 (2016) Kat:3, Licht: 0,112662,3,6,2,05,17,2,,0,0,1,0,1,0,0
"POINT (9.179415438000000 48.812670615000002)",Unfall 112665 (2016) Kat:3, Licht: 0,112665,3,6,2,05,08,2,,0,0,1,0,0,0,0
"POINT (9.167112811999999 48.780425424999997)",Unfall 112676 (2016) Kat:3, Licht: 0,112676,3,3,5,05,11,4,,0,1,0,0,0,0,1
"POINT (9.183039312000000 48.782409665000003)",Unfall 112725 (2016) Kat:3, Licht: 0,112725,3,6,2,05,11,6,,0,0,1,0,0,0,0
"POINT (9.179390096000001 48.763864826999999)",Unfall 112729 (2016) Kat:3, Licht: 0,112729,3,6,2,05,20,6,,0,0,1,0,0,0,0
"POINT (9.169842825000000 48.832333994999999)",Unfall 112730 (2016) Kat:3, Licht: 0,112730,3,4,6,05,16,4,,0,0,1,1,0,0,0
"POINT (9.193683771000000 48.785259637999999)",Unfall 112732 (2016) Kat:2, Licht: 0,112732,2,2,5,05,14,6,,0,1,1,0,0,0,0
"POINT (9.173245124999999 48.829038556999997)",Unfall 112733 (2016) Kat:3, Licht: 0,112733,3,3,5,05,07,4,,0,0,1,0,0,0,0
"POINT (9.185562152999999 48.781662074000003)",Unfall 112739 (2016) Kat:3, Licht: 0,112739,3,6,3,05,17,6,,0,0,1,0,1,0,0
"POINT (9.185364494000000 48.831289638999998)",Unfall 112743 (2016) Kat:3, Licht: 0,112743,3,6,2,05,12,6,,0,0,1,0,0,0,0
"POINT (9.216595573999999 48.770089100000000)",Unfall 112757 (2016) Kat:3, Licht: 0,112757,3,6,3,05,17,5,,0,1,1,0,0,0,0
"POINT (9.216538356999999 48.807147299000000)",Unfall 112786 (2016) Kat:2, Licht: 0,112786,2,7,5,05,17,4,,0,0,1,1,0,0,0
"POINT (9.182775255999999 48.792217827000002)",Unfall 112800 (2016) Kat:3, Licht: 0,112800,3,6,2,05,08,4,,0,0,1,0,0,0,0
"POINT (9.172811830000001 48.825724041000001)",Unfall 112818 (2016) Kat:3, Licht: 0,112818,3,6,2,05,13,7,,0,0,1,0,0,0,0
"POINT (9.179810157000000 48.782085254000002)",Unfall 112826 (2016) Kat:3, Licht: 0,112826,3,7,6,05,15,4,,0,0,1,1,0,0,0
"POINT (9.173619037000000 48.819139872999997)",Unfall 112835 (2016) Kat:3, Licht: 0,112835,3,6,2,05,18,7,,0,0,1,0,0,0,0
"POINT (9.160103149999999 48.817334123000002)",Unfall 112843 (2016) Kat:3, Licht: 2,112843,3,1,0,05,22,4,,2,0,0,0,1,0,0
"POINT (9.247751021999999 48.768709145999999)",Unfall 112846 (2016) Kat:3, Licht: 0,112846,3,7,9,05,18,7,,0,0,1,0,0,0,0
"POINT (9.151000190000000 48.768809992000001)",Unfall 112848 (2016) Kat:3, Licht: 0,112848,3,6,3,05,18,7,,0,0,1,0,1,0,0
"POINT (9.173191570000000 48.835537096000003)",Unfall 112859 (2016) Kat:3, Licht: 0,112859,3,7,3,05,12,1,,0,0,1,0,0,0,0
"POINT (9.169426488999999 48.770080960999998)",Unfall 112872 (2016) Kat:3, Licht: 0,112872,3,6,3,05,08,4,,0,1,1,0,0,0,0
"POINT (9.236637728000000 48.796083826999997)",Unfall 112900 (2016) Kat:3, Licht: 2,112900,3,1,4,05,19,5,,2,0,1,0,0,0,0
"POINT (9.230807299000000 48.841858061000003)",Unfall 112951 (2016) Kat:3, Licht: 0,112951,3,2,5,05,10,7,,0,0,1,0,0,0,0
"POINT (9.150506007000001 48.750137656000000)",Unfall 112979 (2016) Kat:3, Licht: 0,112979,3,1,4,05,07,7,,0,0,1,0,0,0,0
"POINT (9.179551446000000 48.786115709999997)",Unfall 112983 (2016) Kat:3, Licht: 1,112983,3,7,6,05,20,6,,1,0,1,1,0,0,0
"POINT (9.227128950999999 48.815425032999997)",Unfall 112999 (2016) Kat:3, Licht: 0,112999,3,3,5,05,11,6,,0,1,1,0,0,0,0
"POINT (9.086018107999999 48.811922256000003)",Unfall 113014 (2016) Kat:3, Licht: 0,113014,3,6,4,05,13,6,,0,0,1,0,0,1,0
"POINT (9.173607952999999 48.832750871999998)",Unfall 113039 (2016) Kat:3, Licht: 0,113039,3,3,5,05,20,3,,0,1,1,0,0,0,0
"POINT (9.169516077000001 48.766381887999998)",Unfall 113041 (2016) Kat:3, Licht: 0,113041,3,1,0,05,14,6,,0,1,0,0,0,0,0
"POINT (9.161217775000001 48.766081743999997)",Unfall 113043 (2016) Kat:2, Licht: 2,113043,2,1,0,05,02,3,,2,1,0,0,0,0,0
"POINT (9.170511999000000 48.778937048000003)",Unfall 113049 (2016) Kat:1, Licht: 0,113049,1,4,6,05,16,3,,0,0,0,1,0,0,1
"POINT (9.182031826999999 48.770889357000001)",Unfall 113061 (2016) Kat:3, Licht: 0,113061,3,6,2,05,19,3,,0,1,1,0,0,0,0
"POINT (9.171280040999999 48.835869209000002)",Unfall 113071 (2016) Kat:3, Licht: 0,113071,3,1,0,05,17,3,,0,1,0,1,0,0,0
"POINT (9.098490422999999 48.731445856999997)",Unfall 113075 (2016) Kat:3, Licht: 0,113075,3,3,5,05,14,3,,0,0,1,0,0,0,0
"POINT (9.109182024000001 48.718155594000002)",Unfall 113084 (2016) Kat:2, Licht: 0,113084,2,7,1,05,06,3,,0,1,1,0,0,0,0
"POINT (9.191699602000000 48.793680805000001)",Unfall 113115 (2016) Kat:3, Licht: 2,113115,3,7,0,05,22,4,,2,0,1,1,0,0,0
"POINT (9.182790484000000 48.782125851000004)",Unfall 113126 (2016) Kat:3, Licht: 0,113126,3,7,6,05,07,4,,0,1,0,1,0,0,0
"POINT (9.206671891999999 48.814741046999998)",Unfall 113129 (2016) Kat:3, Licht: 0,113129,3,6,2,05,13,4,,0,0,1,0,0,0,1
"POINT (9.167617337999999 48.811611825000000)",Unfall 113140 (2016) Kat:3, Licht: 2,113140,3,2,5,05,00,4,,2,1,1,0,0,0,0
"POINT (9.200950983000000 48.792532434999998)",Unfall 113147 (2016) Kat:3, Licht: 0,113147,3,3,5,05,12,4,,0,1,1,0,0,0,0
"POINT (9.227654641000001 48.781296236999999)",Unfall 113150 (2016) Kat:2, Licht: 0,113150,2,3,5,05,06,2,,0,1,0,0,0,0,1
"POINT (9.163034969000000 48.837048527999997)",Unfall 113160 (2016) Kat:3, Licht: 0,113160,3,3,5,05,14,3,,0,1,1,0,0,0,0
"POINT (9.230840064000001 48.841831276000001)",Unfall 113183 (2016) Kat:3, Licht: 0,113183,3,7,0,05,18,4,,0,0,0,0,1,0,0
"POINT (9.130523575000000 48.732549349000003)",Unfall 113188 (2016) Kat:2, Licht: 2,113188,2,6,4,05,22,6,,2,0,1,0,1,0,0
"POINT (9.199190853999999 48.814372362999997)",Unfall 113194 (2016) Kat:3, Licht: 0,113194,3,7,6,05,18,6,,0,0,1,1,0,0,0
"POINT (9.159121968999999 48.763236030999998)",Unfall 113199 (2016) Kat:2, Licht: 0,113199,2,1,0,05,07,6,,0,0,0,0,1,0,0
"POINT (9.170575419000000 48.817852666000000)",Unfall 113229 (2016) Kat:3, Licht: 0,113229,3,3,5,05,11,2,,0,0,1,0,1,1,0
"POINT (9.235123208999999 48.744887988000002)",Unfall 113250 (2016) Kat:3, Licht: 0,113250,3,5,1,05,16,2,,0,0,1,0,0,0,0
"POINT (9.252863494000000 48.785167932000000)",Unfall 113270 (2016) Kat:1, Licht: 0,113270,1,4,6,05,13,3,,0,0,1,1,0,0,0
"POINT (9.229204612000000 48.812518740999998)",Unfall 113323 (2016) Kat:2, Licht: 0,113323,2,4,6,05,16,3,,0,0,0,1,0,0,1
"POINT (9.114999107999999 48.808457910999998)",Unfall 113324 (2016) Kat:3, Licht: 0,113324,3,1,0,05,11,3,,0,1,0,0,0,0,0
"POINT (9.251903713000001 48.763036700999997)",Unfall 113336 (2016) Kat:3, Licht: 0,113336,3,7,2,05,15,3,,0,0,1,0,0,0,0
"POINT (9.166738682000000 48.783090164999997)",Unfall 113338 (2016) Kat:3, Licht: 0,113338,3,3,5,05,07,1,,0,0,1,0,0,0,0
"POINT (9.177250780000000 48.829737412000000)",Unfall 113347 (2016) Kat:3, Licht: 2,113347,3,1,8,05,04,1,,2,0,1,0,0,0,0
"POINT (9.232796914000000 48.782720716000000)",Unfall 113350 (2016) Kat:3, Licht: 0,113350,3,6,2,05,16,1,,0,0,1,0,0,0,0
"POINT (9.203252043000001 48.785557990999997)",Unfall 113355 (2016) Kat:3, Licht: 0,113355,3,3,5,05,20,1,,0,1,1,0,0,0,0
"POINT (9.282472444000000 48.775214591999998)",Unfall 113359 (2016) Kat:3, Licht: 0,113359,3,7,1,05,12,1,,0,1,1,0,0,0,0
"POINT (9.251344746999999 48.769668609000000)",Unfall 113361 (2016) Kat:3, Licht: 1,113361,3,3,5,05,21,1,,1,0,1,0,0,0,0
"POINT (9.149642526999999 48.757550807999998)",Unfall 113366 (2016) Kat:3, Licht: 0,113366,3,3,5,05,16,3,,0,0,1,0,0,0,0
"POINT (9.168833503000000 48.748105178000003)",Unfall 113368 (2016) Kat:3, Licht: 0,113368,3,7,6,05,16,1,,0,0,1,1,0,0,0
"POINT (9.204260272999999 48.771685501000000)",Unfall 113375 (2016) Kat:2, Licht: 0,113375,2,6,4,05,17,1,,0,1,1,0,0,0,0
"POINT (9.235482475000000 48.820152657000001)",Unfall 113390 (2016) Kat:3, Licht: 0,113390,3,1,8,05,17,7,,0,0,0,0,1,0,0
"POINT (9.189126639000000 48.807604083000001)",Unfall 113401 (2016) Kat:3, Licht: 0,113401,3,6,2,05,16,7,,0,0,1,0,1,0,0
"POINT (9.180494828000001 48.783451749999998)",Unfall 113413 (2016) Kat:3, Licht: 2,113413,3,3,5,05,23,4,,2,1,1,0,0,0,0
"POINT (9.174936263999999 48.783415335999997)",Unfall 113432 (2016) Kat:3, Licht: 0,113432,3,4,6,05,11,3,,0,0,1,1,0,0,0
"POINT (9.196651743000000 48.831709044999997)",Unfall 113450 (2016) Kat:3, Licht: 0,113450,3,6,2,05,12,6,,0,0,1,0,0,0,0
"POINT (9.222951068000000 48.795670737000002)",Unfall 113482 (2016) Kat:3, Licht: 2,113482,3,7,0,05,22,5,,2,1,0,0,0,0,0
"POINT (9.207093210000000 48.789015335000002)",Unfall 113485 (2016) Kat:3, Licht: 0,113485,3,3,5,05,13,3,,0,0,1,0,0,0,0
"POINT (9.178135363000001 48.785665045999998)",Unfall 113501 (2016) Kat:3, Licht: 0,113501,3,1,0,05,14,6,,0,1,0,0,0,0,0
"POINT (9.236593524000000 48.796199407000003)",Unfall 113504 (2016) Kat:2, Licht: 0,113504,2,1,0,05,10,4,,0,0,0,0,1,0,0
"POINT (9.173941008000000 48.827699355000000)",Unfall 113512 (2016) Kat:3, Licht: 2,113512,3,7,3,05,22,4,,2,0,1,0,0,0,1
"POINT (9.147798139000001 48.775462525000002)",Unfall 113518 (2016) Kat:3, Licht: 0,113518,3,3,5,05,12,4,,0,0,1,0,0,0,0
"POINT (9.148537631000000 48.850011082999998)",Unfall 113527 (2016) Kat:2, Licht: 0,113527,2,3,5,05,17,4,,0,1,1,0,0,0,0
"POINT (9.183330116000001 48.782448668999997)",Unfall 113535 (2016) Kat:3, Licht: 0,113535,3,6,3,05,18,4,,0,0,1,0,0,0,1
"POINT (9.184285771000001 48.791956345000003)",Unfall 113536 (2016) Kat:3, Licht: 0,113536,3,3,5,05,17,3,,0,0,1,0,0,0,0
"POINT (9.167418484000001 48.778079882000000)",Unfall 113563 (2016) Kat:3, Licht: 0,113563,3,2,6,05,09,2,,0,0,1,1,0,0,0
"POINT (9.117686780000000 48.716253551999998)",Unfall 113585 (2016) Kat:3, Licht: 0,113585,3,3,5,05,08,7,,0,0,1,0,0,0,0
"POINT (9.155987683999999 48.761713022000002)",Unfall 113602 (2016) Kat:3, Licht: 0,113602,3,7,6,05,16,6,,0,0,0,1,0,0,1
"POINT (9.168717681000000 48.765431022000001)",Unfall 113637 (2016) Kat:2, Licht: 0,113637,2,2,5,05,16,3,,0,1,1,0,0,0,0
"POINT (9.201035498000000 48.780528527000001)",Unfall 113690 (2016) Kat:3, Licht: 2,113690,3,6,2,06,22,2,,2,0,1,0,0,0,0
"POINT (9.202586757000001 48.819618239000000)",Unfall 113714 (2016) Kat:3, Licht: 0,113714,3,1,0,06,09,6,,0,0,0,0,1,0,1
"POINT (9.143414286000001 48.717751620000001)",Unfall 113741 (2016) Kat:2, Licht: 0,113741,2,6,2,06,11,2,,0,0,1,0,0,0,0
"POINT (9.252054509000001 48.819067048000001)",Unfall 113749 (2016) Kat:3, Licht: 0,113749,3,3,5,06,11,7,,0,1,1,0,0,0,0
"POINT (9.156056049000000 48.775008325999998)",Unfall 113780 (2016) Kat:3, Licht: 0,113780,3,2,5,06,19,6,,0,0,1,0,1,0,0
"POINT (9.171127213000000 48.829136452000000)",Unfall 113783 (2016) Kat:2, Licht: 0,113783,2,3,5,06,14,5,,0,1,1,0,0,0,0
"POINT (9.153647550000001 48.759710394000003)",Unfall 113793 (2016) Kat:3, Licht: 0,113793,3,7,5,06,12,5,,0,1,1,0,0,0,0
"POINT (9.215971399000001 48.806809014999999)",Unfall 113794 (2016) Kat:3, Licht: 0,113794,3,6,2,06,10,2,,0,0,1,0,0,0,0
"POINT (9.157319284000000 48.775016694000001)",Unfall 113819 (2016) Kat:2, Licht: 0,113819,2,1,0,06,16,5,,0,1,0,0,0,0,0
"POINT (9.276412194000001 48.774533222999999)",Unfall 113838 (2016) Kat:3, Licht: 0,113838,3,3,5,06,15,4,,0,0,1,0,1,0,0
"POINT (9.100610196000000 48.732676617000003)",Unfall 113842 (2016) Kat:3, Licht: 0,113842,3,7,3,06,15,2,,0,0,1,0,1,0,0
"POINT (9.220559260000000 48.802157811999997)",Unfall 113843 (2016) Kat:3, Licht: 0,113843,3,5,1,06,19,4,,0,1,1,0,0,0,0
"POINT (9.189570133000000 48.834474004000000)",Unfall 113849 (2016) Kat:3, Licht: 0,113849,3,1,0,06,11,7,,0,0,0,0,1,0,0
"POINT (9.251408095000000 48.769686407000002)",Unfall 113854 (2016) Kat:3, Licht: 0,113854,3,7,0,06,16,4,,0,0,1,0,0,0,0
"POINT (9.155320897999999 48.712929860000003)",Unfall 113855 (2016) Kat:3, Licht: 0,113855,3,3,5,06,09,4,,0,1,1,0,0,0,0
"POINT (9.188227219000000 48.789089382000000)",Unfall 113856 (2016) Kat:3, Licht: 2,113856,3,3,5,06,00,1,,2,0,1,0,1,0,0
"POINT (9.217178785000000 48.738329211000000)",Unfall 113882 (2016) Kat:3, Licht: 0,113882,3,6,2,06,08,6,,0,0,1,0,0,0,0
"POINT (9.151260682000000 48.758212401000002)",Unfall 113892 (2016) Kat:2, Licht: 0,113892,2,1,0,06,07,2,,0,1,0,0,0,0,0
"POINT (9.231395840999999 48.842030899999997)",Unfall 113895 (2016) Kat:3, Licht: 0,113895,3,2,5,06,16,2,,0,0,1,0,1,0,0
"POINT (9.107829149000001 48.735721075999997)",Unfall 113929 (2016) Kat:3, Licht: 0,113929,3,3,0,06,11,5,,0,0,1,0,1,0,0
"POINT (9.180503434000000 48.736245654000001)",Unfall 113941 (2016) Kat:3, Licht: 0,113941,3,3,5,06,09,7,,0,0,1,0,0,0,0
"POINT (9.107034403000000 48.732513607000001)",Unfall 113946 (2016) Kat:3, Licht: 0,113946,3,2,0,06,17,6,,0,1,1,0,0,0,0
"POINT (9.258077775000000 48.776104027999999)",Unfall 113962 (2016) Kat:2, Licht: 0,113962,2,7,5,06,16,6,,0,0,1,0,1,0,0
"POINT (9.162293328000001 48.776450242000003)",Unfall 113968 (2016) Kat:3, Licht: 0,113968,3,4,6,06,13,5,,0,0,1,1,0,0,0
"POINT (9.203410385000000 48.812815180999998)",Unfall 113982 (2016) Kat:3, Licht: 0,113982,3,6,2,06,14,7,,0,0,1,0,0,0,0
"POINT (9.166133784000000 48.811171731999998)",Unfall 114017 (2016) Kat:3, Licht: 0,114017,3,2,5,06,09,6,,0,1,1,0,0,0,0
"POINT (9.168667240000000 48.765280408999999)",Unfall 114035 (2016) Kat:3, Licht: 0,114035,3,5,1,06,07,5,,0,0,1,0,1,0,0
"POINT (9.165398734000000 48.781544443999998)",Unfall 114047 (2016) Kat:3, Licht: 0,114047,3,7,3,06,12,7,,0,0,1,0,0,0,1
"POINT (9.190290993000000 48.783558857000003)",Unfall 114065 (2016) Kat:3, Licht: 0,114065,3,6,3,06,18,6,,0,1,1,0,0,0,0
"POINT (9.231145617999999 48.815539121000000)",Unfall 114100 (2016) Kat:3, Licht: 0,114100,3,1,1,06,20,6,,0,1,1,0,0,0,0
"POINT (9.206782504000000 48.778153760999999)",Unfall 114109 (2016) Kat:2, Licht: 0,114109,2,3,5,06,18,3,,0,0,1,0,1,0,0
"POINT (9.174130858000000 48.776271338000001)",Unfall 114110 (2016) Kat:3, Licht: 0,114110,3,7,6,06,11,3,,0,0,1,1,0,0,0
"POINT (9.157157458000000 48.789068911999998)",Unfall 114117 (2016) Kat:3, Licht: 0,114117,3,5,1,06,11,4,,0,0,1,0,0,0,0
"POINT (9.173014128000000 48.825681471000003)",Unfall 114120 (2016) Kat:3, Licht: 1,114120,3,6,2,06,17,4,,1,0,1,0,0,0,0
"POINT (9.215926997000000 48.806780809000003)",Unfall 114130 (2016) Kat:3, Licht: 0,114130,3,4,6,06,07,4,,0,0,0,1,0,0,1
"POINT (9.228485217999999 48.820599477999998)",Unfall 114139 (2016) Kat:3, Licht: 0,114139,3,2,2,06,07,5,,0,1,0,0,0,0,0
"POINT (9.190148657000000 48.783181650000003)",Unfall 114150 (2016) Kat:3, Licht: 0,114150,3,7,6,06,13,7,,0,0,1,1,0,0,0
"POINT (9.228620447999999 48.844989347999999)",Unfall 114170 (2016) Kat:3, Licht: 0,114170,3,3,5,06,07,6,,0,0,0,0,0,1,1
"POINT (9.161728331000001 48.776058845000001)",Unfall 114182 (2016) Kat:3, Licht: 0,114182,3,4,6,06,15,4,,0,0,1,1,0,0,0
"POINT (9.170679963000000 48.767584708999998)",Unfall 114187 (2016) Kat:3, Licht: 0,114187,3,7,6,06,21,5,,0,0,1,1,0,0,0
"POINT (9.248623855000000 48.776467431999997)",Unfall 114201 (2016) Kat:3, Licht: 0,114201,3,4,6,06,16,7,,0,1,0,1,0,0,0
"POINT (9.169058143999999 48.816424369000003)",Unfall 114206 (2016) Kat:3, Licht: 0,114206,3,7,6,06,13,4,,0,0,1,1,0,0,0
"POINT (9.123408515000000 48.814342611000001)",Unfall 114210 (2016) Kat:3, Licht: 0,114210,3,4,6,06,12,5,,0,0,1,1,0,0,0
"POINT (9.269352463000001 48.762430682999998)",Unfall 114220 (2016) Kat:3, Licht: 0,114220,3,3,5,06,18,4,,0,0,1,0,0,0,0
"POINT (9.159677068000001 48.760653439000002)",Unfall 114237 (2016) Kat:3, Licht: 0,114237,3,3,5,06,11,1,,0,0,1,0,0,0,0
"POINT (9.193032503000000 48.743439049999999)",Unfall 114238 (2016) Kat:3, Licht: 0,114238,3,7,0,06,07,5,,0,0,0,0,1,0,0
"POINT (9.202798418000000 48.789149479999999)",Unfall 114239 (2016) Kat:3, Licht: 0,114239,3,3,5,06,17,1,,0,0,1,0,0,0,0
"POINT (9.162471710000000 48.773068699000000)",Unfall 114240 (2016) Kat:3, Licht: 0,114240,3,2,6,06,09,5,,0,0,1,1,0,0,0
"POINT (9.282349041000000 48.775250094000000)",Unfall 114247 (2016) Kat:3, Licht: 1,114247,3,6,2,06,05,5,,1,1,1,0,0,0,0
"POINT (9.182338742000001 48.794184600999998)",Unfall 114266 (2016) Kat:2, Licht: 0,114266,2,1,0,06,12,3,,0,0,0,0,1,0,0
"POINT (9.176839893000000 48.797073734000001)",Unfall 114274 (2016) Kat:3, Licht: 0,114274,3,2,5,06,16,6,,0,0,1,0,0,0,0
"POINT (9.253202772000000 48.763265443999998)",Unfall 114303 (2016) Kat:3, Licht: 0,114303,3,3,5,06,11,2,,0,0,1,0,0,0,0
"POINT (9.217968154999999 48.802016614000003)",Unfall 114306 (2016) Kat:3, Licht: 0,114306,3,4,6,06,16,7,,0,0,1,1,0,0,0
"POINT (9.170760337000001 48.778990061999998)",Unfall 114311 (2016) Kat:2, Licht: 0,114311,2,2,5,06,12,2,,0,0,1,0,0,0,1
"POINT (9.156070241000000 48.850348433000001)",Unfall 114315 (2016) Kat:3, Licht: 0,114315,3,1,8,06,18,2,,0,0,0,0,1,0,0
"POINT (9.158866542000000 48.772764746999997)",Unfall 114322 (2016) Kat:3, Licht: 0,114322,3,7,6,06,07,6,,0,1,0,1,0,0,0
"POINT (9.120641988999999 48.823550949000001)",Unfall 114344 (2016) Kat:3, Licht: 0,114344,3,7,1,06,12,1,,0,0,1,0,0,0,0
"POINT (9.204626713000000 48.836470341999998)",Unfall 114357 (2016) Kat:3, Licht: 0,114357,3,3,5,06,14,6,,0,1,1,0,0,0,0
"POINT (9.118341128999999 48.810294771999999)",Unfall 114370 (2016) Kat:1, Licht: 0,114370,1,3,5,06,13,3,,0,1,1,0,0,0,0
"POINT (9.269084360000001 48.762305210999997)",Unfall 114391 (2016) Kat:2, Licht: 0,114391,2,3,0,06,15,5,,0,1,0,0,1,0,0
"POINT (9.249151157000000 48.788486595999998)",Unfall 114414 (2016) Kat:3, Licht: 2,114414,3,3,5,06,22,4,,2,0,1,0,0,0,1