WKT,Name,OBJECTID,UKATEGORIE,UTYP1,UART,UMONAT,USTUNDE,UWOCHENTAG,STRZUSTAND,ULICHTVERH,ISTRAD,ISTPKW,ISTFUSS,ISTKRAD,ISTGKFZ,ISTSONSTIG
"POINT (9.231126615000001 48.777017518999997)",Unfall 114420 (2016) Kat:3, Licht: 0,114420,3,7,2,06,13,3,,0,1,1,0,0,0,0
"POINT (9.181517071000000 48.770355447999997)",Unfall 114428 (2016) Kat:3, Licht: 0,114428,3,5,1,06,08,6,,0,1,1,0,0,0,0
"POINT (9.164460777000000 48.718712115000002)",Unfall 114430 (2016) Kat:3, Licht: 0,114430,3,2,5,06,18,4,,0,1,1,0,0,0,0
"POINT (9.168129603000001 48.772099912000002)",Unfall 114446 (2016) Kat:2, Licht: 2,114446,2,7,0,06,21,3,,2,1,0,0,0,0,0
"POINT (9.218471638000001 48.786501192999999)",Unfall 114474 (2016) Kat:3, Licht: 0,114474,3,6,2,06,11,5,,0,0,1,0,0,0,0
"POINT (9.176963434999999 48.815560947999998)",Unfall 114509 (2016) Kat:3, Licht: 0,114509,3,3,5,06,15,3,,0,0,1,0,0,1,0
"POINT (9.179065092000000 48.777300791999998)",Unfall 114530 (2016) Kat:3, Licht: 0,114530,3,7,6,06,13,5,,0,0,0,1,0,0,1
"POINT (9.261169465000000 48.773060848999997)",Unfall 114536 (2016) Kat:2, Licht: 0,114536,2,3,5,06,08,2,,0,1,0,0,0,0,1
"POINT (9.185330892000000 48.791338539000002)",Unfall 114547 (2016) Kat:3, Licht: 0,114547,3,3,5,06,07,2,,0,1,1,0,0,0,0
"POINT (9.219435974000000 48.803860035000000)",Unfall 114552 (2016) Kat:2, Licht: 2,114552,2,7,5,06,22,3,,2,0,1,0,0,0,0
"POINT (9.249109639000000 48.768339329000000)",Unfall 114555 (2016) Kat:3, Licht: 0,114555,3,3,5,06,18,2,,0,1,1,0,0,0,0
"POINT (9.107043825000000 48.731285618999998)",Unfall 114556 (2016) Kat:3, Licht: 1,114556,3,3,5,06,21,2,,1,0,1,0,0,0,0
"POINT (9.177404855000001 48.797346523000002)",Unfall 114562 (2016) Kat:3, Licht: 0,114562,3,7,2,06,07,2,,0,0,1,0,0,0,0
"POINT (9.227390356000001 48.800358525999997)",Unfall 114578 (2016) Kat:3, Licht: 0,114578,3,3,5,06,17,5,,0,1,1,0,0,0,0
"POINT (9.180262501000000 48.783427652000000)",Unfall 114598 (2016) Kat:3, Licht: 0,114598,3,4,6,06,20,3,,0,0,1,1,0,0,0
"POINT (9.168360031000001 48.832335686000000)",Unfall 114603 (2016) Kat:2, Licht: 0,114603,2,4,6,06,17,4,,0,0,1,1,0,0,0
"POINT (9.199947927000000 48.785400434000003)",Unfall 114629 (2016) Kat:3, Licht: 0,114629,3,6,2,06,15,5,,0,0,1,0,0,0,0
"POINT (9.086596318000000 48.808234783000003)",Unfall 114631 (2016) Kat:3, Licht: 1,114631,3,2,5,06,17,4,,1,0,1,0,0,0,0
"POINT (9.179260016000001 48.783911160999999)",Unfall 114635 (2016) Kat:3, Licht: 0,114635,3,6,3,06,07,4,,0,0,1,0,0,1,0
"POINT (9.151136361000001 48.768709942000001)",Unfall 114684 (2016) Kat:3, Licht: 0,114684,3,6,3,06,18,5,,0,1,1,0,0,0,0
"POINT (9.109061049999999 48.725097982999998)",Unfall 114694 (2016) Kat:3, Licht: 0,114694,3,3,5,06,14,7,,0,0,1,0,0,0,0
"POINT (9.131349620000000 48.721086270000001)",Unfall 114907 (2016) Kat:2, Licht: 0,114907,2,3,5,06,13,2,,0,1,1,0,0,0,0
"POINT (9.162868261000000 48.775708504000001)",Unfall 114913 (2016) Kat:3, Licht: 0,114913,3,3,5,06,15,6,,0,1,1,0,0,0,0
"POINT (9.163240721999999 48.770604450999997)",Unfall 114917 (2016) Kat:3, Licht: 0,114917,3,2,5,06,20,6,,0,1,1,0,0,0,0
"POINT (9.176365297000000 48.839384394000000)",Unfall 114918 (2016) Kat:3, Licht: 0,114918,3,2,5,06,07,3,,0,1,1,0,0,0,0
"POINT (9.202946952000000 48.774850876999999)",Unfall 114924 (2016) Kat:2, Licht: 0,114924,2,1,8,06,16,6,,0,1,0,0,0,0,0
"POINT (9.180693715000000 48.783244127000003)",Unfall 114925 (2016) Kat:3, Licht: 0,114925,3,7,0,06,18,3,,0,0,0,0,1,0,0
"POINT (9.216175758000000 48.747120068000001)",Unfall 114932 (2016) Kat:3, Licht: 0,114932,3,5,1,06,11,7,,0,1,1,0,0,0,0
"POINT (9.159627192000000 48.760214390999998)",Unfall 114933 (2016) Kat:3, Licht: 0,114933,3,6,2,06,14,6,,0,0,1,0,0,0,0
"POINT (9.194220695000000 48.808056590000000)",Unfall 114936 (2016) Kat:3, Licht: 2,114936,3,7,6,06,21,2,,2,0,1,1,0,0,0
"POINT (9.174862655000000 48.783340557999999)",Unfall 114941 (2016) Kat:3, Licht: 2,114941,3,6,2,06,00,1,,2,0,1,0,0,0,0
"POINT (9.173112766999999 48.774273301999997)",Unfall 114944 (2016) Kat:3, Licht: 0,114944,3,7,6,06,11,4,,0,0,1,1,0,0,0
"POINT (9.239121236000001 48.774666170000003)",Unfall 114950 (2016) Kat:3, Licht: 2,114950,3,2,1,06,22,2,,2,0,1,0,1,0,0
"POINT (9.226489673000000 48.799026396000002)",Unfall 114967 (2016) Kat:3, Licht: 0,114967,3,1,1,07,21,3,,0,0,1,0,1,0,0
"POINT (9.173942679000000 48.827702592000001)",Unfall 114979 (2016) Kat:3, Licht: 0,114979,3,7,5,07,10,3,,0,0,1,0,0,0,1
"POINT (9.167606454000000 48.832228362000002)",Unfall 114992 (2016) Kat:3, Licht: 0,114992,3,7,6,07,16,2,,0,0,1,1,0,0,0
"POINT (9.176479117000000 48.764115480999997)",Unfall 115001 (2016) Kat:3, Licht: 2,115001,3,1,1,07,02,1,,2,0,1,0,0,0,1
"POINT (9.182213159000000 48.775509808000002)",Unfall 115002 (2016) Kat:3, Licht: 0,115002,3,3,5,07,12,2,,0,1,1,0,0,0,0
"POINT (9.190020573000000 48.783459856000000)",Unfall 115012 (2016) Kat:3, Licht: 0,115012,3,3,5,07,19,2,,0,1,1,0,0,0,0
"POINT (9.161239477000001 48.810509998999997)",Unfall 115017 (2016) Kat:3, Licht: 0,115017,3,4,6,07,12,2,,0,0,1,1,0,0,0
"POINT (9.177402419000000 48.751848604000003)",Unfall 115028 (2016) Kat:3, Licht: 0,115028,3,3,5,07,11,2,,0,0,1,0,0,0,0
"POINT (9.232121102000001 48.806742368999998)",Unfall 115037 (2016) Kat:3, Licht: 0,115037,3,4,6,07,16,2,,0,0,0,1,0,0,1
"POINT (9.199105886000000 48.835568565000003)",Unfall 115079 (2016) Kat:3, Licht: 0,115079,3,1,0,07,13,7,,0,0,0,0,1,0,0
"POINT (9.255217404000000 48.763929906999998)",Unfall 115114 (2016) Kat:3, Licht: 0,115114,3,1,1,06,17,5,,0,0,1,0,0,1,1
"POINT (9.165335250000000 48.781632799000000)",Unfall 115117 (2016) Kat:3, Licht: 0,115117,3,4,6,07,09,6,,0,0,0,1,0,0,1
"POINT (9.179130701000000 48.813705065999997)",Unfall 115121 (2016) Kat:2, Licht: 0,115121,2,3,5,06,18,5,,0,1,1,0,0,0,0
"POINT (9.185874973000001 48.805951268999998)",Unfall 115126 (2016) Kat:3, Licht: 0,115126,3,1,0,07,11,6,,0,1,0,0,0,0,0
"POINT (9.211227653000000 48.810653766999998)",Unfall 115130 (2016) Kat:3, Licht: 0,115130,3,7,6,06,16,5,,0,0,1,1,0,0,0
"POINT (9.142998671000001 48.810162900999998)",Unfall 115217 (2016) Kat:2, Licht: 0,115217,2,7,2,07,12,7,,0,0,1,0,0,0,0
"POINT (9.243799860999999 48.776067372999997)",Unfall 115339 (2016) Kat:3, Licht: 2,115339,3,3,5,07,03,1,,2,0,1,0,0,0,0
"POINT (9.218727821000000 48.808496755000000)",Unfall 115351 (2016) Kat:3, Licht: 0,115351,3,6,4,07,09,1,,0,0,1,0,0,0,0
"POINT (9.176126672000001 48.829583225999997)",Unfall 115378 (2016) Kat:3, Licht: 0,115378,3,1,0,07,10,1,,0,1,0,0,0,0,0
"POINT (9.209742660000000 48.809460596999998)",Unfall 115379 (2016) Kat:3, Licht: 0,115379,3,2,5,07,18,5,,0,0,1,0,0,0,1
"POINT (9.248499922000001 48.768843324999999)",Unfall 115386 (2016) Kat:2, Licht: 0,115386,2,2,5,07,13,5,,0,0,1,0,0,0,1
"POINT (9.267351379000001 48.786857410000003)",Unfall 115393 (2016) Kat:2, Licht: 0,115393,2,4,6,07,09,6,,0,0,0,1,0,0,1
"POINT (9.265531334000000 48.754682420000002)",Unfall 115395 (2016) Kat:2, Licht: 0,115395,2,7,5,07,20,5,,0,0,1,0,1,0,0
"POINT (9.104198842000001 48.821769826000001)",Unfall 115401 (2016) Kat:2, Licht: 0,115401,2,6,4,07,16,6,,0,0,1,0,1,0,0
"POINT (9.129690761000001 48.720883608000001)",Unfall 115402 (2016) Kat:3, Licht: 0,115402,3,7,6,07,07,5,,0,0,1,0,0,0,1
"POINT (9.215016316000000 48.704741873000003)",Unfall 115409 (2016) Kat:3, Licht: 0,115409,3,1,0,07,17,5,,0,1,0,0,0,0,0
"POINT (9.120182386000000 48.746445336000001)",Unfall 115412 (2016) Kat:3, Licht: 2,115412,3,1,0,07,00,5,,2,0,0,0,1,0,0
"POINT (9.166134188999999 48.781775201000002)",Unfall 115422 (2016) Kat:3, Licht: 0,115422,3,7,4,07,20,5,,0,1,1,0,0,0,0
"POINT (9.218174083999999 48.802115485000002)",Unfall 115488 (2016) Kat:2, Licht: 0,115488,2,4,6,07,18,6,,0,0,1,1,0,0,0
"POINT (9.249679719000000 48.787769937000000)",Unfall 115494 (2016) Kat:3, Licht: 0,115494,3,5,1,07,17,3,,0,0,1,0,1,0,0
"POINT (9.190519909000001 48.808899117000003)",Unfall 115503 (2016) Kat:3, Licht: 0,115503,3,2,2,07,07,3,,0,0,1,0,1,0,0
"POINT (9.153333532000000 48.829435725000003)",Unfall 115506 (2016) Kat:3, Licht: 0,115506,3,7,1,07,06,3,,0,1,1,0,0,0,0
"POINT (9.225311852999999 48.759902519999997)",Unfall 115513 (2016) Kat:3, Licht: 0,115513,3,7,0,07,17,3,,0,0,0,0,1,0,0
"POINT (9.242708562000001 48.774175126000003)",Unfall 115515 (2016) Kat:2, Licht: 0,115515,2,4,6,07,16,6,,0,0,1,1,0,0,0
"POINT (9.156041975000001 48.834400031999998)",Unfall 115527 (2016) Kat:3, Licht: 0,115527,3,7,0,07,11,6,,0,0,0,0,1,0,0
"POINT (9.114802865000000 48.738262781000003)",Unfall 115615 (2016) Kat:3, Licht: 0,115615,3,6,2,07,19,4,,0,0,1,0,0,0,0
"POINT (9.191618723000000 48.779899974999999)",Unfall 115623 (2016) Kat:3, Licht: 0,115623,3,1,0,07,13,4,,0,0,0,0,1,0,0
"POINT (9.215560222000001 48.803384598999997)",Unfall 115634 (2016) Kat:3, Licht: 0,115634,3,4,6,07,14,4,,0,0,1,1,0,0,0
"POINT (9.173072269000000 48.825258093000002)",Unfall 115644 (2016) Kat:3, Licht: 0,115644,3,6,2,07,07,4,,0,0,1,0,0,0,0
"POINT (9.162877047000000 48.775711385999998)",Unfall 115646 (2016) Kat:3, Licht: 0,115646,3,3,0,07,16,4,,0,0,1,0,0,0,1
"POINT (9.184079421000000 48.791917118999997)",Unfall 115719 (2016) Kat:3, Licht: 0,115719,3,6,2,07,07,6,,0,0,1,0,0,0,0
"POINT (9.106790316000000 48.823376969000002)",Unfall 115727 (2016) Kat:3, Licht: 0,115727,3,7,5,07,16,6,,0,0,1,0,0,1,0
"POINT (9.155983251000000 48.778443371000002)",Unfall 115732 (2016) Kat:3, Licht: 0,115732,3,2,6,07,13,5,,0,0,1,1,0,0,0
"POINT (9.203410742999999 48.817947107999998)",Unfall 115735 (2016) Kat:2, Licht: 0,115735,2,4,6,07,16,2,,0,0,1,1,0,0,0
"POINT (9.179818999000000 48.774589699000003)",Unfall 115736 (2016) Kat:3, Licht: 0,115736,3,7,1,07,12,5,,0,0,1,0,0,0,0
"POINT (9.189644467999999 48.803651440000003)",Unfall 115757 (2016) Kat:3, Licht: 0,115757,3,3,0,07,19,2,,0,1,0,0,0,0,0
"POINT (9.131804440000000 48.723026144000002)",Unfall 115772 (2016) Kat:3, Licht: 0,115772,3,6,2,07,14,4,,0,0,1,0,0,0,0
"POINT (9.181514025000000 48.783026085000003)",Unfall 115794 (2016) Kat:3, Licht: 0,115794,3,4,6,07,09,3,,0,0,1,1,0,0,0
"POINT (9.159112550000000 48.833095647000000)",Unfall 115799 (2016) Kat:3, Licht: 0,115799,3,2,5,07,12,2,,0,0,1,0,0,0,0
"POINT (9.109819712000000 48.816771668999998)",Unfall 115807 (2016) Kat:3, Licht: 0,115807,3,4,6,07,10,2,,0,0,1,1,0,0,0
"POINT (9.149924242000001 48.754459290000000)",Unfall 115820 (2016) Kat:3, Licht: 0,115820,3,1,0,07,11,1,,0,0,1,0,1,0,0
"POINT (9.190137806999999 48.783304614999999)",Unfall 115828 (2016) Kat:2, Licht: 2,115828,2,1,0,07,01,1,,2,1,0,0,0,0,0
"POINT (9.237980854000000 48.774042928999997)",Unfall 115835 (2016) Kat:3, Licht: 0,115835,3,3,5,07,17,3,,0,0,1,0,0,0,0
"POINT (9.213026293000000 48.805890316999999)",Unfall 115839 (2016) Kat:3, Licht: 0,115839,3,2,5,07,06,4,,0,1,1,0,0,0,0
"POINT (9.149534177000000 48.753896226999998)",Unfall 115845 (2016) Kat:2, Licht: 0,115845,2,1,4,07,11,3,,0,0,1,0,0,0,1
"POINT (9.146828509000001 48.756517355000000)",Unfall 115866 (2016) Kat:3, Licht: 0,115866,3,7,1,07,18,2,,0,1,0,0,0,0,1
"POINT (9.170628487000000 48.826108943000001)",Unfall 115878 (2016) Kat:3, Licht: 0,115878,3,6,2,07,13,4,,0,0,1,0,1,0,0
"POINT (9.181955261000001 48.782873662000000)",Unfall 115894 (2016) Kat:3, Licht: 0,115894,3,6,3,07,17,2,,0,0,1,0,0,0,1
"POINT (9.238323693000000 48.799436841000002)",Unfall 115899 (2016) Kat:3, Licht: 2,115899,3,1,1,07,01,3,,2,0,1,0,1,0,0
"POINT (9.178142985999999 48.829151707000001)",Unfall 115940 (2016) Kat:3, Licht: 0,115940,3,5,1,07,09,4,,0,1,1,0,0,0,0
"POINT (9.253128408000000 48.761297855000002)",Unfall 115947 (2016) Kat:2, Licht: 0,115947,2,3,5,07,07,3,,0,1,1,0,0,0,0
"POINT (9.183323935000001 48.833904394000001)",Unfall 115952 (2016) Kat:3, Licht: 0,115952,3,6,2,07,16,2,,0,0,1,0,1,0,0
"POINT (9.083722453000000 48.751654260000002)",Unfall 115963 (2016) Kat:3, Licht: 0,115963,3,6,3,07,11,7,,0,1,1,0,0,0,0
"POINT (9.199272157999999 48.837770450999997)",Unfall 115967 (2016) Kat:3, Licht: 0,115967,3,6,0,07,19,7,,0,0,1,0,1,0,0
"POINT (9.177195759000000 48.829699894999997)",Unfall 115978 (2016) Kat:3, Licht: 0,115978,3,3,5,07,09,4,,0,0,1,0,0,0,1
"POINT (9.191450614000001 48.779842170999999)",Unfall 115990 (2016) Kat:3, Licht: 0,115990,3,3,5,07,10,4,,0,0,1,0,0,0,0
"POINT (9.220527383000000 48.827468760999999)",Unfall 115996 (2016) Kat:3, Licht: 0,115996,3,7,2,07,09,3,,0,1,1,0,0,0,0
"POINT (9.181387421000000 48.833783341000000)",Unfall 115998 (2016) Kat:3, Licht: 0,115998,3,3,5,07,12,3,,0,0,1,0,0,0,0
"POINT (9.155307370999999 48.723731055000002)",Unfall 116013 (2016) Kat:3, Licht: 0,116013,3,5,1,07,12,7,,0,1,1,0,0,0,0
"POINT (9.200491680000001 48.789233711000001)",Unfall 116031 (2016) Kat:3, Licht: 0,116031,3,6,2,07,15,2,,0,0,1,0,0,0,0
"POINT (9.167248683000000 48.712257792999999)",Unfall 116039 (2016) Kat:3, Licht: 0,116039,3,5,1,07,17,1,,0,0,1,0,0,0,0
"POINT (9.186797878000000 48.773937324000002)",Unfall 116123 (2016) Kat:2, Licht: 0,116123,2,7,1,07,19,7,,0,0,1,0,0,0,1
"POINT (9.181734997000000 48.782948134000002)",Unfall 116140 (2016) Kat:3, Licht: 0,116140,3,2,0,07,07,2,,0,0,1,0,0,0,1
"POINT (9.155332696000000 48.784784104000003)",Unfall 116145 (2016) Kat:3, Licht: 0,116145,3,4,6,07,19,1,,0,0,1,1,0,0,0
"POINT (9.249139956000001 48.778056092999996)",Unfall 116160 (2016) Kat:3, Licht: 0,116160,3,7,6,07,15,5,,0,0,1,1,0,0,0
"POINT (9.199658541000000 48.836422632999998)",Unfall 116163 (2016) Kat:3, Licht: 2,116163,3,2,5,07,21,6,,2,0,1,0,0,0,0
"POINT (9.130045587000000 48.722552440000001)",Unfall 116169 (2016) Kat:3, Licht: 0,116169,3,6,2,07,10,5,,0,0,1,0,0,0,0
"POINT (9.116764430000000 48.719916894999997)",Unfall 116170 (2016) Kat:2, Licht: 0,116170,2,7,5,07,15,7,,0,1,0,0,0,0,0
"POINT (9.227245435000000 48.803405177000002)",Unfall 116171 (2016) Kat:3, Licht: 0,116171,3,2,5,07,11,6,,0,1,1,0,0,0,0
"POINT (9.192531346000001 48.833405972000001)",Unfall 116215 (2016) Kat:3, Licht: 0,116215,3,5,1,07,17,6,,0,1,1,0,0,0,0
"POINT (9.245296429000000 48.772642283000003)",Unfall 116250 (2016) Kat:3, Licht: 2,116250,3,1,1,07,04,1,,2,0,1,0,0,0,0
"POINT (9.197577876000000 48.789387386000001)",Unfall 116293 (2016) Kat:3, Licht: 0,116293,3,3,5,07,16,4,,0,0,1,0,0,0,1
"POINT (9.136172727000000 48.826770418000002)",Unfall 116295 (2016) Kat:3, Licht: 0,116295,3,5,1,07,19,7,,0,1,1,0,0,0,0
"POINT (9.099333404999999 48.724927162000000)",Unfall 116311 (2016) Kat:3, Licht: 0,116311,3,1,0,07,11,5,,0,1,0,0,0,0,0
"POINT (9.083698398999999 48.751760838999999)",Unfall 116317 (2016) Kat:3, Licht: 2,116317,3,3,5,07,23,5,,2,0,1,0,0,0,0
"POINT (9.219683700999999 48.803004575000003)",Unfall 116353 (2016) Kat:3, Licht: 0,116353,3,6,2,07,16,6,,0,0,1,0,0,0,0
"POINT (9.189771757999999 48.802652373000001)",Unfall 116356 (2016) Kat:3, Licht: 0,116356,3,6,3,07,07,5,,0,1,0,0,0,0,0
"POINT (9.257450448000000 48.771434964999997)",Unfall 116361 (2016) Kat:3, Licht: 0,116361,3,3,5,07,13,4,,0,0,1,0,1,0,0
"POINT (9.140710932999999 48.772227012999998)",Unfall 116366 (2016) Kat:3, Licht: 0,116366,3,2,5,07,09,5,,0,1,1,0,0,0,0
"POINT (9.208945812000000 48.745478703000003)",Unfall 116401 (2016) Kat:3, Licht: 0,116401,3,3,5,07,16,6,,0,0,1,1,0,0,0
"POINT (9.207984848000001 48.729298397000001)",Unfall 116404 (2016) Kat:3, Licht: 0,116404,3,2,5,07,07,5,,0,1,1,0,0,0,1
"POINT (9.186511740000000 48.770064345000002)",Unfall 116412 (2016) Kat:3, Licht: 0,116412,3,6,2,07,12,4,,0,0,1,0,0,0,0
"POINT (9.235392396000000 48.788426071000004)",Unfall 116418 (2016) Kat:3, Licht: 0,116418,3,3,5,07,16,5,,0,0,1,0,1,0,0
"POINT (9.134712386000000 48.813762738999998)",Unfall 116466 (2016) Kat:3, Licht: 0,116466,3,3,5,07,07,4,,0,1,0,0,0,0,1
"POINT (9.196813552000000 48.768086126000000)",Unfall 116471 (2016) Kat:3, Licht: 0,116471,3,3,5,07,08,5,,0,1,1,0,0,0,0
"POINT (9.173084724000001 48.785491592000000)",Unfall 116482 (2016) Kat:3, Licht: 0,116482,3,2,5,07,09,5,,0,0,1,0,1,0,0
"POINT (9.212909163999999 48.805841725999997)",Unfall 116501 (2016) Kat:3, Licht: 0,116501,3,4,6,07,15,3,,0,0,1,1,0,0,0
"POINT (9.220840644000001 48.845611791000003)",Unfall 116507 (2016) Kat:3, Licht: 0,116507,3,3,5,07,11,6,,0,0,1,0,0,0,1
"POINT (9.174390646999999 48.763526517999999)",Unfall 116508 (2016) Kat:3, Licht: 2,116508,3,3,5,07,23,3,,2,0,1,0,1,0,0
"POINT (9.186021092000001 48.823549262000000)",Unfall 116509 (2016) Kat:3, Licht: 2,116509,3,6,0,07,22,5,,2,1,1,0,0,0,0
"POINT (9.177024015000001 48.793347746000002)",Unfall 116515 (2016) Kat:3, Licht: 0,116515,3,6,4,07,14,4,,0,0,1,0,0,0,0
"POINT (9.138240502000000 48.842170516000003)",Unfall 116519 (2016) Kat:3, Licht: 0,116519,3,3,5,07,16,5,,0,1,1,0,0,0,0
"POINT (9.188919533000000 48.796830776000000)",Unfall 116525 (2016) Kat:3, Licht: 0,116525,3,6,3,08,13,5,,0,0,0,0,1,1,0
"POINT (9.200248483999999 48.789244033999999)",Unfall 116534 (2016) Kat:3, Licht: 0,116534,3,1,0,08,19,5,,0,0,0,0,1,0,0
"POINT (9.227660594000000 48.812087427999998)",Unfall 116542 (2016) Kat:2, Licht: 0,116542,2,3,5,07,14,1,,0,0,1,0,0,0,0
"POINT (9.175233164000000 48.773260663999999)",Unfall 116545 (2016) Kat:3, Licht: 0,116545,3,7,6,08,13,7,,0,1,0,1,0,0,0
"POINT (9.191589310000000 48.775655972999999)",Unfall 116565 (2016) Kat:2, Licht: 0,116565,2,7,0,08,16,5,,0,1,0,0,0,0,0
"POINT (9.250940361000000 48.780207273999999)",Unfall 116578 (2016) Kat:3, Licht: 0,116578,3,7,6,08,15,5,,0,0,1,1,0,0,0
"POINT (9.189532037999999 48.803870539000002)",Unfall 116582 (2016) Kat:3, Licht: 0,116582,3,3,5,07,16,1,,0,0,1,0,0,0,1
"POINT (9.159624505000000 48.760619681000001)",Unfall 116585 (2016) Kat:3, Licht: 0,116585,3,3,5,07,08,1,,0,0,1,0,0,0,0
"POINT (9.111376451000000 48.734956351999998)",Unfall 116592 (2016) Kat:3, Licht: 0,116592,3,3,5,07,10,1,,0,0,1,0,0,0,0
"POINT (9.179873403000000 48.774562400999997)",Unfall 116626 (2016) Kat:3, Licht: 0,116626,3,3,5,08,15,7,,0,1,1,0,0,0,0
"POINT (9.141606566000000 48.840313367000000)",Unfall 116627 (2016) Kat:3, Licht: 0,116627,3,6,2,07,19,1,,0,0,1,0,0,0,0
"POINT (9.173423077000001 48.773483855000002)",Unfall 116664 (2016) Kat:3, Licht: 0,116664,3,7,6,08,12,2,,0,0,1,1,0,0,0
"POINT (9.180689893000000 48.777102081999999)",Unfall 116731 (2016) Kat:3, Licht: 0,116731,3,4,6,08,13,4,,0,1,0,1,0,0,0
"POINT (9.238631786999999 48.776058479000000)",Unfall 116739 (2016) Kat:2, Licht: 0,116739,2,3,5,08,14,3,,0,1,1,0,0,0,0
"POINT (9.186847444000000 48.775896623999998)",Unfall 116775 (2016) Kat:3, Licht: 0,116775,3,6,3,08,17,5,,0,0,1,0,1,0,0
"POINT (9.159136046000000 48.806127386000000)",Unfall 116822 (2016) Kat:3, Licht: 0,116822,3,5,1,08,07,6,,0,1,1,0,0,0,0
"POINT (9.214750171000000 48.744851150999999)",Unfall 116857 (2016) Kat:3, Licht: 0,116857,3,6,3,08,10,4,,0,0,1,0,1,0,0
"POINT (9.266658367000000 48.765608489999998)",Unfall 116866 (2016) Kat:3, Licht: 0,116866,3,3,5,08,09,4,,0,1,1,0,0,0,0
"POINT (9.220264186000000 48.801146789999997)",Unfall 116869 (2016) Kat:3, Licht: 0,116869,3,3,5,08,12,4,,0,1,1,0,0,0,0
"POINT (9.155511814000001 48.807683814000001)",Unfall 116917 (2016) Kat:3, Licht: 2,116917,3,7,2,08,22,3,,2,0,1,0,1,0,0
"POINT (9.233741676999999 48.777849871000001)",Unfall 116922 (2016) Kat:3, Licht: 0,116922,3,3,5,08,20,3,,0,1,1,0,0,0,0
"POINT (9.149772561000001 48.838118958000003)",Unfall 116934 (2016) Kat:2, Licht: 0,116934,2,5,1,08,12,5,,0,1,1,0,0,0,0
"POINT (9.171706330999999 48.832066867000002)",Unfall 116944 (2016) Kat:2, Licht: 0,116944,2,6,2,08,14,5,,0,0,1,0,0,0,0
"POINT (9.151797846999999 48.761660884999998)",Unfall 116945 (2016) Kat:3, Licht: 0,116945,3,6,2,08,18,2,,0,1,1,0,0,0,0
"POINT (9.209912333000000 48.811054497999997)",Unfall 116958 (2016) Kat:3, Licht: 0,116958,3,6,2,08,06,5,,0,0,1,0,0,0,0
"POINT (9.172615567999999 48.772870181999998)",Unfall 116969 (2016) Kat:3, Licht: 0,116969,3,7,0,08,17,5,,0,0,0,1,1,0,0
"POINT (9.182173097000000 48.803079914999998)",Unfall 116989 (2016) Kat:3, Licht: 0,116989,3,6,4,08,16,2,,0,0,1,0,0,0,0
"POINT (9.239923876000001 48.774232943000001)",Unfall 116998 (2016) Kat:3, Licht: 0,116998,3,5,0,08,15,6,,0,0,1,0,1,0,0
"POINT (9.112063578000001 48.814107108999998)",Unfall 117000 (2016) Kat:3, Licht: 0,117000,3,4,6,08,19,2,,0,0,1,1,0,0,0
"POINT (9.176872877999999 48.773953016000000)",Unfall 117009 (2016) Kat:3, Licht: 0,117009,3,3,5,08,17,2,,0,1,1,0,0,0,0
"POINT (9.209451641999999 48.814107120000003)",Unfall 117052 (2016) Kat:3, Licht: 0,117052,3,4,6,08,17,5,,0,0,1,1,0,0,0
"POINT (9.179209037000000 48.812019677999999)",Unfall 117080 (2016) Kat:2, Licht: 0,117080,2,6,0,08,17,7,,0,0,1,0,1,0,0
"POINT (9.194102366999999 48.786041937000000)",Unfall 117153 (2016) Kat:3, Licht: 0,117153,3,7,1,08,12,7,,0,1,1,0,0,0,0
"POINT (9.247687251000000 48.808224293999999)",Unfall 117189 (2016) Kat:3, Licht: 0,117189,3,2,6,08,14,7,,0,0,1,1,0,0,0
"POINT (9.216397210000000 48.814077453000003)",Unfall 117212 (2016) Kat:1, Licht: 0,117212,1,6,4,08,06,4,,0,0,1,0,0,0,0
"POINT (9.167552390999999 48.711825679000000)",Unfall 117217 (2016) Kat:3, Licht: 0,117217,3,3,5,08,14,4,,0,1,1,0,0,0,0
"POINT (9.121390043000000 48.811342893999999)",Unfall 117220 (2016) Kat:3, Licht: 0,117220,3,3,5,08,08,6,,0,1,1,0,0,0,0
"POINT (9.214551304000000 48.784096042999998)",Unfall 117231 (2016) Kat:3, Licht: 0,117231,3,2,5,08,16,3,,0,0,1,0,0,0,0
"POINT (9.174344023000000 48.831652769000002)",Unfall 117235 (2016) Kat:3, Licht: 0,117235,3,6,2,08,09,4,,0,0,1,0,0,0,0
"POINT (9.229960321000000 48.756106279000001)",Unfall 117238 (2016) Kat:3, Licht: 0,117238,3,6,3,08,15,4,,0,0,1,0,0,0,0
"POINT (9.251621462999999 48.769746353999999)",Unfall 117239 (2016) Kat:3, Licht: 0,117239,3,6,2,08,15,3,,0,0,1,0,1,0,0
"POINT (9.129661822999999 48.740346539000001)",Unfall 117242 (2016) Kat:3, Licht: 0,117242,3,6,4,08,13,4,,0,1,1,0,0,0,0
"POINT (9.165175220000000 48.720532302999999)",Unfall 117243 (2016) Kat:3, Licht: 0,117243,3,3,5,08,19,7,,0,0,1,0,0,0,1