WKT,Name,OBJECTID,UKATEGORIE,UTYP1,UART,UMONAT,USTUNDE,UWOCHENTAG,STRZUSTAND,ULICHTVERH,ISTRAD,ISTPKW,ISTFUSS,ISTKRAD,ISTGKFZ,ISTSONSTIG
"POINT (9.180563806000000 48.773066628999999)",Unfall 117246 (2016) Kat:3, Licht: 1,117246,3,1,1,08,20,4,,1,1,1,0,0,0,0
"POINT (9.206186745000000 48.777039363999997)",Unfall 117249 (2016) Kat:3, Licht: 0,117249,3,7,1,08,15,3,,0,0,1,0,1,0,0
"POINT (9.108655337000000 48.807217626000003)",Unfall 117306 (2016) Kat:2, Licht: 0,117306,2,3,5,08,16,6,,0,1,1,0,0,0,0
"POINT (9.167764900000000 48.778206468999997)",Unfall 117309 (2016) Kat:2, Licht: 0,117309,2,3,5,08,12,7,,0,0,1,0,1,0,0
"POINT (9.164153492000001 48.834967321000001)",Unfall 117316 (2016) Kat:3, Licht: 0,117316,3,3,5,08,06,6,,0,0,1,0,1,0,0
"POINT (9.166633737000000 48.809828520000003)",Unfall 117328 (2016) Kat:2, Licht: 0,117328,2,3,0,08,15,1,,0,1,1,0,0,0,0
"POINT (9.222917179000000 48.829461117999998)",Unfall 117332 (2016) Kat:3, Licht: 0,117332,3,5,1,08,18,6,,0,1,1,0,0,0,0
"POINT (9.225092485999999 48.811584398999997)",Unfall 117335 (2016) Kat:2, Licht: 0,117335,2,4,0,08,15,6,,0,1,0,1,0,0,0
"POINT (9.253629278000000 48.766368272999998)",Unfall 117363 (2016) Kat:3, Licht: 0,117363,3,6,2,08,09,7,,0,0,1,0,0,0,0
"POINT (9.211867627000000 48.788924495000003)",Unfall 117397 (2016) Kat:2, Licht: 0,117397,2,6,2,08,10,4,,0,0,1,0,0,0,0
"POINT (9.254397042000001 48.765185641999999)",Unfall 117405 (2016) Kat:3, Licht: 0,117405,3,6,2,08,14,4,,0,0,1,0,0,0,0
"POINT (9.163911926999999 48.788353020999999)",Unfall 117416 (2016) Kat:2, Licht: 0,117416,2,7,0,08,19,7,,0,1,0,0,0,0,0
"POINT (9.126889363000000 48.824505670999997)",Unfall 117469 (2016) Kat:3, Licht: 0,117469,3,3,5,08,14,7,,0,0,1,0,0,0,0
"POINT (9.183403877000000 48.782314220000004)",Unfall 117489 (2016) Kat:3, Licht: 2,117489,3,6,3,08,21,1,,2,0,1,0,0,0,0
"POINT (9.153538138000000 48.781563949000002)",Unfall 117522 (2016) Kat:3, Licht: 0,117522,3,6,2,08,13,7,,0,0,1,0,0,0,0
"POINT (9.205033608000001 48.812178998000000)",Unfall 117538 (2016) Kat:3, Licht: 0,117538,3,3,5,08,15,3,,0,1,1,0,0,0,0
"POINT (9.207488244000000 48.779506603000002)",Unfall 117548 (2016) Kat:2, Licht: 0,117548,2,4,6,08,17,3,,0,0,1,1,0,0,0
"POINT (9.177199441000001 48.829703862000002)",Unfall 117550 (2016) Kat:3, Licht: 0,117550,3,3,0,08,10,3,,0,0,1,0,0,0,1
"POINT (9.167563596000001 48.832335499000003)",Unfall 117556 (2016) Kat:3, Licht: 0,117556,3,3,5,08,08,3,,0,1,1,0,0,0,0
"POINT (9.158088888000000 48.782960525999997)",Unfall 117558 (2016) Kat:3, Licht: 0,117558,3,6,2,08,16,5,,0,0,1,0,1,0,0
"POINT (9.207363767000000 48.785958577000002)",Unfall 117559 (2016) Kat:3, Licht: 0,117559,3,4,6,08,18,3,,0,0,0,1,1,0,0
"POINT (9.207695697000000 48.780414485999998)",Unfall 117595 (2016) Kat:3, Licht: 0,117595,3,3,5,08,13,4,,0,0,1,0,0,0,0
"POINT (9.216070280000000 48.806871825999998)",Unfall 117612 (2016) Kat:3, Licht: 0,117612,3,6,2,09,15,6,,0,0,1,0,0,0,0
"POINT (9.159634068000001 48.760148276000002)",Unfall 117625 (2016) Kat:3, Licht: 2,117625,3,6,2,09,20,6,,2,0,1,0,0,0,0
"POINT (9.125550064000001 48.723438631999997)",Unfall 117638 (2016) Kat:3, Licht: 0,117638,3,2,2,09,09,6,,0,0,1,0,0,1,0
"POINT (9.104374243000001 48.720368907999998)",Unfall 117649 (2016) Kat:3, Licht: 0,117649,3,5,1,08,10,3,,0,0,1,0,0,0,0
"POINT (9.202351900000000 48.771309684999999)",Unfall 117654 (2016) Kat:3, Licht: 0,117654,3,7,5,08,08,3,,0,1,1,0,0,0,0
"POINT (9.215941452999999 48.806789991999999)",Unfall 117666 (2016) Kat:3, Licht: 0,117666,3,2,5,09,19,5,,0,0,0,0,1,0,0
"POINT (9.104134477000001 48.824875808000002)",Unfall 117676 (2016) Kat:3, Licht: 0,117676,3,3,5,09,12,5,,0,0,1,0,0,0,0
"POINT (9.228975829000000 48.819133305000001)",Unfall 117692 (2016) Kat:3, Licht: 0,117692,3,6,4,09,16,5,,0,1,0,0,0,0,0
"POINT (9.150444522000001 48.731515502999997)",Unfall 117746 (2016) Kat:3, Licht: 0,117746,3,3,5,09,10,7,,0,0,1,0,1,0,0
"POINT (9.168726982000001 48.812560146000003)",Unfall 117751 (2016) Kat:3, Licht: 0,117751,3,1,0,09,16,7,,0,1,0,0,0,0,0
"POINT (9.235821055000001 48.799134500999997)",Unfall 117806 (2016) Kat:3, Licht: 0,117806,3,1,0,09,17,7,,0,0,0,0,1,0,0
"POINT (9.167406006000000 48.790945270999998)",Unfall 117846 (2016) Kat:2, Licht: 0,117846,2,6,0,09,07,4,,0,1,1,0,0,0,0
"POINT (9.159214443000000 48.780620075000002)",Unfall 117954 (2016) Kat:3, Licht: 0,117954,3,5,1,09,08,6,,0,1,1,0,0,0,0
"POINT (9.172574666999999 48.831949301999998)",Unfall 117958 (2016) Kat:3, Licht: 0,117958,3,3,5,09,14,6,,0,1,1,0,0,0,0
"POINT (9.211498214000001 48.785778653000001)",Unfall 117969 (2016) Kat:3, Licht: 0,117969,3,3,5,09,16,6,,0,1,1,0,0,0,0
"POINT (9.190013516000001 48.783414026999999)",Unfall 117985 (2016) Kat:3, Licht: 0,117985,3,3,5,09,08,7,,0,1,1,0,0,0,0
"POINT (9.176809117000000 48.773039400999998)",Unfall 118049 (2016) Kat:3, Licht: 2,118049,3,7,4,09,22,3,,2,1,1,0,0,0,0
"POINT (9.218032444000000 48.823056137000002)",Unfall 118060 (2016) Kat:3, Licht: 0,118060,3,6,4,09,06,3,,0,0,1,0,1,0,0
"POINT (9.128207086000000 48.814137494000001)",Unfall 118069 (2016) Kat:2, Licht: 0,118069,2,2,5,09,19,3,,0,1,0,0,0,0,1
"POINT (9.152334970000000 48.809584131999998)",Unfall 118076 (2016) Kat:3, Licht: 0,118076,3,6,2,09,14,3,,0,0,1,0,0,1,0
"POINT (9.135718007000000 48.727878894000000)",Unfall 118085 (2016) Kat:3, Licht: 0,118085,3,1,0,09,13,3,,0,0,0,0,1,0,0
"POINT (9.106343987000001 48.744350114000000)",Unfall 118091 (2016) Kat:2, Licht: 2,118091,2,3,5,09,21,2,,2,1,1,0,0,0,0
"POINT (9.162585607000001 48.768867159000003)",Unfall 118092 (2016) Kat:3, Licht: 0,118092,3,7,5,09,12,4,,0,0,1,0,0,0,0
"POINT (9.203252601999999 48.813018065999998)",Unfall 118095 (2016) Kat:2, Licht: 2,118095,2,6,2,09,05,2,,2,0,1,0,1,0,0
"POINT (9.184309196999999 48.791950049999997)",Unfall 118098 (2016) Kat:2, Licht: 0,118098,2,3,5,09,19,7,,0,0,1,0,0,0,0
"POINT (9.236008098999999 48.828037168000002)",Unfall 118100 (2016) Kat:3, Licht: 0,118100,3,7,3,09,11,2,,0,0,0,0,0,0,1
"POINT (9.178149551000001 48.791194644000001)",Unfall 118101 (2016) Kat:3, Licht: 2,118101,3,5,1,09,19,4,,2,0,1,0,1,0,0
"POINT (9.147480459000001 48.743498019000000)",Unfall 118105 (2016) Kat:2, Licht: 0,118105,2,1,0,09,08,4,,0,1,0,0,0,0,0
"POINT (9.190324231000000 48.831837182999998)",Unfall 118115 (2016) Kat:3, Licht: 0,118115,3,2,5,09,17,3,,0,0,1,0,0,0,1
"POINT (9.172943206999999 48.831899403000001)",Unfall 118145 (2016) Kat:2, Licht: 0,118145,2,4,6,09,14,4,,0,0,1,1,0,0,0
"POINT (9.227398775999999 48.815548747999998)",Unfall 118164 (2016) Kat:3, Licht: 0,118164,3,3,5,09,17,3,,0,0,1,0,1,0,0
"POINT (9.175785102000001 48.838211884000003)",Unfall 118169 (2016) Kat:3, Licht: 0,118169,3,4,6,09,16,2,,0,0,1,1,0,0,0
"POINT (9.225751002000001 48.814793225000003)",Unfall 118172 (2016) Kat:3, Licht: 0,118172,3,6,2,09,08,2,,0,0,1,0,1,0,0
"POINT (9.170562396999999 48.767627036000000)",Unfall 118192 (2016) Kat:2, Licht: 0,118192,2,2,5,09,15,5,,0,1,0,0,1,0,0
"POINT (9.207408710999999 48.788415104999999)",Unfall 118212 (2016) Kat:2, Licht: 0,118212,2,5,1,09,14,2,,0,0,1,0,0,0,1
"POINT (9.206766135000001 48.778098499000002)",Unfall 118217 (2016) Kat:2, Licht: 0,118217,2,2,6,09,09,3,,0,0,1,1,0,0,0
"POINT (9.165111744000001 48.763809928000001)",Unfall 118221 (2016) Kat:3, Licht: 0,118221,3,7,5,09,13,2,,0,0,1,0,1,0,0
"POINT (9.190040850000001 48.792873417000003)",Unfall 118239 (2016) Kat:3, Licht: 0,118239,3,6,2,09,13,5,,0,0,1,0,1,0,0
"POINT (9.083721251000000 48.815833402000003)",Unfall 118248 (2016) Kat:3, Licht: 0,118248,3,7,5,09,06,4,,0,0,1,0,1,0,0
"POINT (9.225946621000000 48.803156549000001)",Unfall 118267 (2016) Kat:2, Licht: 0,118267,2,4,6,09,14,3,,0,0,1,1,0,0,0
"POINT (9.205163641000000 48.783284919000003)",Unfall 118312 (2016) Kat:3, Licht: 2,118312,3,1,0,09,21,3,,2,0,0,0,1,0,0
"POINT (9.159372554000001 48.818637410999997)",Unfall 118339 (2016) Kat:2, Licht: 2,118339,2,6,4,09,06,5,,2,0,1,0,1,0,0
"POINT (9.217263487000000 48.803970673999999)",Unfall 118361 (2016) Kat:3, Licht: 2,118361,3,5,1,09,21,1,,2,1,1,0,0,0,0
"POINT (9.177148573000000 48.791541565000003)",Unfall 118368 (2016) Kat:3, Licht: 2,118368,3,1,4,09,00,1,,2,0,1,0,0,0,0
"POINT (9.187989543000001 48.789263532000000)",Unfall 118391 (2016) Kat:3, Licht: 0,118391,3,6,2,09,17,3,,0,0,1,0,0,0,0
"POINT (9.087331697000000 48.809792047999998)",Unfall 118420 (2016) Kat:3, Licht: 0,118420,3,6,2,09,15,7,,0,0,1,0,0,0,0
"POINT (9.199033605000000 48.790125402999998)",Unfall 118427 (2016) Kat:3, Licht: 0,118427,3,2,6,09,12,4,,0,0,1,1,0,0,0
"POINT (9.206613149000001 48.814766908000003)",Unfall 118432 (2016) Kat:3, Licht: 0,118432,3,3,5,09,15,3,,0,1,1,0,0,0,0
"POINT (9.171805564000000 48.777522933999997)",Unfall 118445 (2016) Kat:3, Licht: 0,118445,3,3,5,09,13,3,,0,1,1,0,0,0,0
"POINT (9.156710231000000 48.731440997000000)",Unfall 118446 (2016) Kat:3, Licht: 0,118446,3,3,0,09,15,5,,0,0,1,0,1,0,0
"POINT (9.152568489000000 48.772867257000001)",Unfall 118459 (2016) Kat:3, Licht: 2,118459,3,1,0,09,21,2,,2,1,0,0,0,0,0
"POINT (9.159683045000000 48.760685045999999)",Unfall 118472 (2016) Kat:3, Licht: 2,118472,3,2,5,09,20,1,,2,0,1,0,0,0,0
"POINT (9.212100317999999 48.702956489999998)",Unfall 118481 (2016) Kat:3, Licht: 0,118481,3,5,1,09,16,3,,0,1,1,0,0,0,0
"POINT (9.157046668000000 48.839264972999999)",Unfall 118523 (2016) Kat:3, Licht: 0,118523,3,2,5,09,18,7,,0,0,1,0,0,0,1
"POINT (9.193525155000000 48.788182777999999)",Unfall 118530 (2016) Kat:3, Licht: 0,118530,3,2,5,09,15,4,,0,1,1,0,0,0,0
"POINT (9.254953730000000 48.778389460000000)",Unfall 118535 (2016) Kat:2, Licht: 0,118535,2,4,6,09,17,3,,0,0,1,1,0,0,0
"POINT (9.240335053000001 48.746489646999997)",Unfall 118540 (2016) Kat:2, Licht: 2,118540,2,6,4,09,21,6,,2,0,1,0,0,0,1
"POINT (9.162071314000000 48.760474700000003)",Unfall 118545 (2016) Kat:3, Licht: 0,118545,3,4,6,09,12,6,,0,0,1,1,0,0,0
"POINT (9.176203046000000 48.771427160999998)",Unfall 118547 (2016) Kat:3, Licht: 0,118547,3,7,6,09,13,3,,0,0,0,1,0,0,1
"POINT (9.248977570999999 48.816823306000003)",Unfall 118561 (2016) Kat:3, Licht: 0,118561,3,3,5,09,13,2,,0,0,1,0,0,0,1
"POINT (9.073800927000001 48.748835000000000)",Unfall 118582 (2016) Kat:2, Licht: 0,118582,2,7,1,09,09,4,,0,0,1,0,0,0,0
"POINT (9.185063244000000 48.832242850000000)",Unfall 118585 (2016) Kat:3, Licht: 0,118585,3,6,2,09,08,3,,0,0,1,0,0,0,1
"POINT (9.148237264000001 48.729631660000003)",Unfall 118594 (2016) Kat:3, Licht: 2,118594,3,7,6,09,20,5,,2,0,1,1,0,0,0
"POINT (9.190592907999999 48.778240615999998)",Unfall 118624 (2016) Kat:3, Licht: 0,118624,3,1,0,09,16,1,,0,1,0,0,0,0,0
"POINT (9.184750993000000 48.782060897000001)",Unfall 118640 (2016) Kat:3, Licht: 0,118640,3,7,6,09,09,4,,0,1,0,1,0,0,0
"POINT (9.175721263000000 48.831132826999998)",Unfall 118643 (2016) Kat:3, Licht: 0,118643,3,7,1,09,14,3,,0,1,1,0,0,0,0
"POINT (9.093095109000000 48.738626641000003)",Unfall 118661 (2016) Kat:3, Licht: 2,118661,3,1,0,09,00,2,,2,0,0,0,1,0,0
"POINT (9.105070577999999 48.739800096000003)",Unfall 118731 (2016) Kat:3, Licht: 0,118731,3,6,2,09,17,1,,0,0,1,0,0,0,0
"POINT (9.170300667999999 48.825970677999997)",Unfall 118744 (2016) Kat:3, Licht: 0,118744,3,3,5,09,18,4,,0,0,1,0,0,0,1
"POINT (9.155036986000001 48.788306235000000)",Unfall 118747 (2016) Kat:3, Licht: 1,118747,3,2,6,09,07,3,,1,0,1,1,0,0,0
"POINT (9.088522565000000 48.729682435999997)",Unfall 118767 (2016) Kat:3, Licht: 0,118767,3,7,0,09,18,2,,0,1,0,0,0,0,0
"POINT (9.210096440999999 48.811616102999999)",Unfall 118798 (2016) Kat:3, Licht: 0,118798,3,4,6,09,18,3,,0,0,1,1,0,0,0
"POINT (9.169297420000000 48.827866884000002)",Unfall 118812 (2016) Kat:3, Licht: 0,118812,3,6,4,09,12,7,,0,0,1,0,0,0,0
"POINT (9.230779688000000 48.791035905000001)",Unfall 118829 (2016) Kat:3, Licht: 1,118829,3,7,6,09,19,5,,1,1,0,1,0,0,0
"POINT (9.167974700000000 48.763640715999998)",Unfall 118835 (2016) Kat:3, Licht: 0,118835,3,2,5,09,15,1,,0,1,1,0,0,0,0
"POINT (9.092190728000000 48.803190424999997)",Unfall 118836 (2016) Kat:3, Licht: 0,118836,3,7,6,09,13,5,,0,1,0,1,0,0,0
"POINT (9.212991738000000 48.817632762999999)",Unfall 118843 (2016) Kat:3, Licht: 0,118843,3,4,0,09,07,5,,0,0,0,1,0,0,1
"POINT (9.233470598000000 48.803866501000002)",Unfall 118871 (2016) Kat:3, Licht: 2,118871,3,3,5,09,06,2,,2,0,1,0,1,0,0
"POINT (9.187990041000001 48.816085297000001)",Unfall 118873 (2016) Kat:3, Licht: 0,118873,3,3,5,09,07,5,,0,1,1,0,0,0,0
"POINT (9.150777246000001 48.732813428999997)",Unfall 118882 (2016) Kat:3, Licht: 0,118882,3,4,6,10,12,3,,0,0,1,1,0,0,0
"POINT (9.199805663999999 48.791812855000003)",Unfall 118894 (2016) Kat:2, Licht: 0,118894,2,2,5,09,16,6,,0,0,1,0,0,0,1
"POINT (9.152604564000001 48.752681232999997)",Unfall 118913 (2016) Kat:3, Licht: 0,118913,3,5,1,09,16,6,,0,0,1,0,1,0,0
"POINT (9.161196612000000 48.832796264000002)",Unfall 118917 (2016) Kat:3, Licht: 0,118917,3,2,2,09,17,5,,0,1,1,0,0,0,0
"POINT (9.223263066000000 48.810848985000000)",Unfall 118918 (2016) Kat:3, Licht: 0,118918,3,6,2,10,15,2,,0,0,1,0,1,0,0
"POINT (9.102621006000000 48.728427740999997)",Unfall 118920 (2016) Kat:2, Licht: 0,118920,2,3,5,09,15,6,,0,1,1,0,0,0,0
"POINT (9.161181756000000 48.784408190000001)",Unfall 118923 (2016) Kat:2, Licht: 1,118923,2,1,9,09,18,5,,1,0,1,0,0,0,0
"POINT (9.234427448000000 48.789085084000000)",Unfall 118930 (2016) Kat:2, Licht: 0,118930,2,1,0,09,10,5,,0,0,1,0,0,0,0
"POINT (9.182191247000000 48.775524415000000)",Unfall 118933 (2016) Kat:3, Licht: 0,118933,3,3,5,10,08,3,,0,1,1,0,0,0,0
"POINT (9.232611319000000 48.781576350000002)",Unfall 118940 (2016) Kat:3, Licht: 0,118940,3,2,5,09,11,5,,0,0,1,0,0,0,0
"POINT (9.200380447000001 48.766580982000001)",Unfall 118948 (2016) Kat:3, Licht: 2,118948,3,6,2,09,19,5,,2,0,1,0,0,0,0
"POINT (9.159399675000000 48.744099445000003)",Unfall 118951 (2016) Kat:2, Licht: 0,118951,2,3,5,09,16,5,,0,1,0,0,0,0,0
"POINT (9.172380974999999 48.769927011000000)",Unfall 118954 (2016) Kat:3, Licht: 0,118954,3,5,1,09,08,5,,0,1,1,0,0,0,0
"POINT (9.136696117000000 48.774091173000002)",Unfall 118959 (2016) Kat:3, Licht: 0,118959,3,6,2,09,14,5,,0,0,1,0,1,0,0
"POINT (9.175330582999999 48.767453736000000)",Unfall 118989 (2016) Kat:3, Licht: 0,118989,3,5,1,10,15,3,,0,0,1,0,0,0,0
"POINT (9.171360535000000 48.816583860000001)",Unfall 119023 (2016) Kat:3, Licht: 0,119023,3,2,5,10,11,2,,0,0,1,0,1,0,0
"POINT (9.156695033000000 48.772509237999998)",Unfall 119036 (2016) Kat:3, Licht: 0,119036,3,3,5,10,07,3,,0,1,1,0,0,0,0
"POINT (9.110991806000000 48.780473022000002)",Unfall 119090 (2016) Kat:3, Licht: 0,119090,3,7,0,10,14,2,,0,0,0,0,1,0,0
"POINT (9.252882042000000 48.809548847999999)",Unfall 119094 (2016) Kat:3, Licht: 0,119094,3,3,5,09,07,6,,0,0,0,0,1,0,1
"POINT (9.161207994000000 48.756233940000001)",Unfall 119135 (2016) Kat:3, Licht: 0,119135,3,7,5,10,14,6,,0,1,1,0,0,0,0
"POINT (9.164658714000000 48.769948104999997)",Unfall 119144 (2016) Kat:3, Licht: 2,119144,3,4,6,10,00,6,,2,0,1,1,0,0,0
"POINT (9.186491182999999 48.790657533999997)",Unfall 119148 (2016) Kat:3, Licht: 1,119148,3,6,2,10,18,6,,1,0,1,0,0,0,0
"POINT (9.223302089000001 48.810859712000003)",Unfall 119154 (2016) Kat:3, Licht: 0,119154,3,6,2,10,11,7,,0,0,1,0,0,0,0
"POINT (9.112217567000000 48.726967981000001)",Unfall 119170 (2016) Kat:2, Licht: 2,119170,2,7,6,10,19,5,,2,0,0,1,0,0,1
"POINT (9.221716431000001 48.802381574000002)",Unfall 119173 (2016) Kat:3, Licht: 0,119173,3,6,2,10,15,7,,0,0,1,0,0,0,0
"POINT (9.228443923000000 48.792323357000001)",Unfall 119179 (2016) Kat:3, Licht: 2,119179,3,2,5,10,19,1,,2,0,1,0,1,0,0
"POINT (9.211916390000001 48.796859646000001)",Unfall 119228 (2016) Kat:3, Licht: 2,119228,3,6,4,10,18,3,,2,0,1,0,0,0,0
"POINT (9.114329125999999 48.732025616999998)",Unfall 119233 (2016) Kat:3, Licht: 0,119233,3,4,6,10,15,2,,0,1,0,1,0,0,0
"POINT (9.206643835000000 48.814787135000003)",Unfall 119235 (2016) Kat:3, Licht: 2,119235,3,2,5,10,20,4,,2,0,1,0,0,0,0
"POINT (9.264813537000000 48.767418155999998)",Unfall 119280 (2016) Kat:3, Licht: 0,119280,3,1,0,10,08,3,,0,0,0,0,1,0,0
"POINT (9.228304108000000 48.821057093999997)",Unfall 119290 (2016) Kat:3, Licht: 0,119290,3,6,2,10,18,1,,0,1,0,0,1,0,0
"POINT (9.245166832000001 48.807641449000002)",Unfall 119309 (2016) Kat:3, Licht: 0,119309,3,5,1,10,15,7,,0,1,1,0,0,0,0
"POINT (9.172418655000000 48.769974585000000)",Unfall 119336 (2016) Kat:3, Licht: 2,119336,3,5,1,10,23,5,,2,1,1,0,0,0,0
"POINT (9.255194116000000 48.782368583999997)",Unfall 119361 (2016) Kat:3, Licht: 0,119361,3,3,5,10,12,1,,0,0,1,0,0,0,0
"POINT (9.174451771999999 48.830886456000002)",Unfall 119365 (2016) Kat:2, Licht: 2,119365,2,4,6,10,19,7,,2,0,1,1,0,0,0
"POINT (9.228957908000000 48.844913101000003)",Unfall 119391 (2016) Kat:2, Licht: 0,119391,2,6,4,10,11,3,,0,0,1,0,0,0,0
"POINT (9.166016608000000 48.782848475000002)",Unfall 119397 (2016) Kat:3, Licht: 2,119397,3,5,1,10,20,2,,2,0,1,0,0,0,0
"POINT (9.115806681000001 48.810696356999998)",Unfall 119402 (2016) Kat:3, Licht: 2,119402,3,1,1,10,04,7,,2,0,1,0,0,0,0
"POINT (9.186220399000000 48.790737427000003)",Unfall 119408 (2016) Kat:3, Licht: 2,119408,3,6,2,10,00,4,,2,0,1,0,0,0,0
"POINT (9.189829806000001 48.792932290000003)",Unfall 119421 (2016) Kat:3, Licht: 0,119421,3,4,0,10,10,4,,0,0,0,1,0,0,1
"POINT (9.197636859999999 48.832205784000003)",Unfall 119448 (2016) Kat:2, Licht: 0,119448,2,4,6,10,17,1,,0,0,1,1,0,0,0
"POINT (9.248292847000000 48.768783945999999)",Unfall 119460 (2016) Kat:3, Licht: 0,119460,3,4,6,10,16,4,,0,0,1,1,0,0,0
"POINT (9.177314405000001 48.834176311999997)",Unfall 119464 (2016) Kat:3, Licht: 0,119464,3,3,5,10,08,4,,0,0,1,0,0,0,0
"POINT (9.195823003999999 48.789394524999999)",Unfall 119476 (2016) Kat:3, Licht: 0,119476,3,1,0,10,11,1,,0,0,0,0,1,0,0
"POINT (9.253472422000000 48.762991227999997)",Unfall 119497 (2016) Kat:2, Licht: 2,119497,2,1,8,10,02,1,,2,0,1,0,0,0,0
"POINT (9.139857892000000 48.711010594000001)",Unfall 119509 (2016) Kat:2, Licht: 0,119509,2,7,3,10,14,6,,0,0,1,0,1,0,0
"POINT (9.173361563000000 48.748072172999997)",Unfall 119512 (2016) Kat:2, Licht: 0,119512,2,1,0,10,16,1,,0,1,0,0,0,0,0
"POINT (9.121071799999999 48.809612627999996)",Unfall 119514 (2016) Kat:3, Licht: 2,119514,3,1,1,10,20,6,,2,0,1,0,1,0,0
"POINT (9.222188909000000 48.807540809000002)",Unfall 119524 (2016) Kat:3, Licht: 2,119524,3,7,0,10,22,6,,2,0,0,0,1,0,0
"POINT (9.106787541999999 48.733569797999998)",Unfall 119622 (2016) Kat:3, Licht: 0,119622,3,3,5,10,15,5,,0,0,1,0,0,0,0
"POINT (9.160582033000001 48.775735480000002)",Unfall 119632 (2016) Kat:3, Licht: 0,119632,3,2,5,10,09,7,,0,0,1,0,0,0,1
"POINT (9.199632335000000 48.836445038000001)",Unfall 119634 (2016) Kat:3, Licht: 0,119634,3,2,5,10,10,7,,0,0,1,0,0,0,1
"POINT (9.104496473999999 48.731785690999999)",Unfall 119661 (2016) Kat:3, Licht: 0,119661,3,3,5,10,13,7,,0,1,1,0,0,0,0
"POINT (9.206784677000000 48.778152763999998)",Unfall 119667 (2016) Kat:3, Licht: 0,119667,3,3,5,10,12,3,,0,0,1,0,0,0,0
"POINT (9.251344746999999 48.769668609000000)",Unfall 119672 (2016) Kat:3, Licht: 0,119672,3,2,2,10,12,5,,0,0,1,0,0,0,0
"POINT (9.206198400000000 48.841260220000002)",Unfall 119681 (2016) Kat:2, Licht: 2,119681,2,2,6,10,19,3,,2,0,1,1,0,0,0
"POINT (9.183807779000000 48.782322268999998)",Unfall 119687 (2016) Kat:3, Licht: 1,119687,3,6,2,10,17,5,,1,0,1,0,0,0,0
"POINT (9.151507351999999 48.736052946000001)",Unfall 119706 (2016) Kat:3, Licht: 0,119706,3,3,5,10,17,2,,0,0,1,0,0,0,0
"POINT (9.176182600000001 48.764978591999999)",Unfall 119715 (2016) Kat:3, Licht: 0,119715,3,6,2,10,10,5,,0,0,1,0,0,0,0
"POINT (9.103716240000001 48.718374877999999)",Unfall 119720 (2016) Kat:2, Licht: 1,119720,2,4,6,10,18,3,,1,1,0,1,0,0,0
"POINT (9.154607936000000 48.761359083999999)",Unfall 119725 (2016) Kat:3, Licht: 2,119725,3,1,0,10,00,3,,2,1,0,0,0,0,0
"POINT (9.168217347000001 48.765597128000003)",Unfall 119729 (2016) Kat:3, Licht: 2,119729,3,3,5,10,19,5,,2,1,1,0,0,0,0
"POINT (9.143111411000000 48.770367129000000)",Unfall 119754 (2016) Kat:3, Licht: 0,119754,3,2,5,10,12,6,,0,0,1,0,0,0,0
"POINT (9.192845241000001 48.784366306999999)",Unfall 119757 (2016) Kat:3, Licht: 0,119757,3,4,6,10,16,6,,0,0,1,1,0,0,0
"POINT (9.169117864000000 48.816480751999997)",Unfall 119766 (2016) Kat:3, Licht: 0,119766,3,6,2,10,14,6,,0,0,1,0,0,0,0
"POINT (9.179672188000000 48.843736098999997)",Unfall 119772 (2016) Kat:3, Licht: 2,119772,3,2,5,10,05,6,,2,0,1,0,0,0,0
"POINT (9.176533836000001 48.763842859000000)",Unfall 119875 (2016) Kat:3, Licht: 0,119875,3,6,2,10,09,4,,0,0,1,0,0,0,0
"POINT (9.105898447000000 48.739017382999997)",Unfall 119882 (2016) Kat:3, Licht: 1,119882,3,3,5,10,07,4,,1,1,1,0,0,0,0
"POINT (9.128313526000000 48.814274583000000)",Unfall 119886 (2016) Kat:3, Licht: 2,119886,3,1,8,10,01,4,,2,0,1,0,0,0,0
"POINT (9.146030649000000 48.729344331000000)",Unfall 119894 (2016) Kat:3, Licht: 0,119894,3,7,0,10,09,4,,0,0,1,0,0,0,1
"POINT (9.143128636000000 48.770362992999999)",Unfall 119918 (2016) Kat:3, Licht: 0,119918,3,2,5,10,12,7,,0,0,1,0,1,0,0
"POINT (9.179266698999999 48.779530195000000)",Unfall 119933 (2016) Kat:3, Licht: 0,119933,3,7,0,10,12,4,,0,1,0,0,0,0,0
"POINT (9.209522648000000 48.812409559000002)",Unfall 119946 (2016) Kat:2, Licht: 0,119946,2,2,6,10,16,6,,0,0,1,1,0,0,0
"POINT (9.170692686000001 48.782625957000000)",Unfall 119951 (2016) Kat:3, Licht: 0,119951,3,4,6,10,10,6,,0,0,1,1,0,0,0
"POINT (9.156090613000000 48.789195669000001)",Unfall 119954 (2016) Kat:3, Licht: 0,119954,3,5,1,10,12,7,,0,1,1,0,0,0,0
"POINT (9.216770427000000 48.805384961999998)",Unfall 119956 (2016) Kat:2, Licht: 2,119956,2,2,5,10,06,6,,2,0,1,0,1,0,0
"POINT (9.117343347000000 48.726666109000000)",Unfall 119959 (2016) Kat:3, Licht: 2,119959,3,3,5,10,21,6,,2,0,1,0,0,0,0