WKT,Name,OBJECTID,UKATEGORIE,UTYP1,UART,UMONAT,USTUNDE,UWOCHENTAG,STRZUSTAND,ULICHTVERH,ISTRAD,ISTPKW,ISTFUSS,ISTKRAD,ISTGKFZ,ISTSONSTIG
"POINT (9.171259156000000 48.776205902999997)",Unfall 119965 (2016) Kat:3, Licht: 2,119965,3,7,6,10,23,7,,2,0,1,1,0,0,0
"POINT (9.207985781000000 48.786011399000003)",Unfall 119996 (2016) Kat:3, Licht: 2,119996,3,3,5,10,06,5,,2,0,0,0,1,0,1
"POINT (9.178660215000001 48.765988757999999)",Unfall 120005 (2016) Kat:3, Licht: 0,120005,3,2,5,10,10,5,,0,0,1,0,1,0,0
"POINT (9.107828815000000 48.735726397000001)",Unfall 120008 (2016) Kat:3, Licht: 0,120008,3,3,5,10,09,5,,0,0,1,0,1,0,0
"POINT (9.170536590999999 48.767596887000003)",Unfall 120011 (2016) Kat:3, Licht: 2,120011,3,2,5,10,07,5,,2,1,1,0,0,0,0
"POINT (9.199673777999999 48.791777218999997)",Unfall 120016 (2016) Kat:2, Licht: 0,120016,2,4,6,10,15,5,,0,0,1,1,0,0,0
"POINT (9.208053684999999 48.815598481999999)",Unfall 120029 (2016) Kat:3, Licht: 1,120029,3,5,1,10,07,5,,1,0,1,0,0,0,0
"POINT (9.184163190000000 48.773090666000002)",Unfall 120036 (2016) Kat:3, Licht: 0,120036,3,5,1,10,15,2,,0,1,1,0,0,0,0
"POINT (9.134701339999999 48.813833117000001)",Unfall 120038 (2016) Kat:3, Licht: 0,120038,3,3,5,10,13,2,,0,0,1,0,1,0,0
"POINT (9.155785243000000 48.774966644000003)",Unfall 120043 (2016) Kat:3, Licht: 1,120043,3,4,6,10,07,5,,1,0,1,1,0,0,0
"POINT (9.220229657000001 48.801165533999999)",Unfall 120060 (2016) Kat:3, Licht: 0,120060,3,3,5,10,11,1,,0,0,1,0,1,0,0
"POINT (9.203487253000001 48.817992887000003)",Unfall 120066 (2016) Kat:3, Licht: 0,120066,3,2,3,10,08,2,,0,0,0,0,1,1,0
"POINT (9.150973699000000 48.829247434999999)",Unfall 120071 (2016) Kat:3, Licht: 2,120071,3,5,1,10,01,1,,2,0,1,0,0,0,0
"POINT (9.193436815000000 48.834893659000002)",Unfall 120076 (2016) Kat:2, Licht: 0,120076,2,2,5,10,13,1,,0,0,1,0,1,0,0
"POINT (9.175525671999999 48.773902376999999)",Unfall 120078 (2016) Kat:2, Licht: 0,120078,2,7,6,10,10,2,,0,0,1,1,0,0,0
"POINT (9.170726727000000 48.826027842000002)",Unfall 120079 (2016) Kat:3, Licht: 0,120079,3,3,2,10,15,1,,0,0,1,0,0,0,0
"POINT (9.181865010999999 48.802396055999999)",Unfall 120085 (2016) Kat:2, Licht: 0,120085,2,2,2,10,09,4,,0,1,1,0,0,0,0
"POINT (9.182552999000000 48.782563475000003)",Unfall 120102 (2016) Kat:3, Licht: 0,120102,3,2,0,10,17,3,,0,0,1,0,0,0,1
"POINT (9.174512544000001 48.775581162000002)",Unfall 120110 (2016) Kat:3, Licht: 2,120110,3,7,0,10,04,3,,2,0,1,0,0,0,0
"POINT (9.199263579000000 48.789285833000001)",Unfall 120208 (2016) Kat:3, Licht: 2,120208,3,1,0,11,03,7,,2,1,0,0,0,0,0
"POINT (9.178532368999999 48.766735322999999)",Unfall 120218 (2016) Kat:3, Licht: 2,120218,3,6,2,11,20,7,,2,0,1,0,0,0,0
"POINT (9.205332092000001 48.761509457999999)",Unfall 120249 (2016) Kat:2, Licht: 0,120249,2,1,8,11,16,1,,0,0,1,0,0,0,0
"POINT (9.174513657000000 48.831496053000002)",Unfall 120311 (2016) Kat:3, Licht: 2,120311,3,3,5,11,17,3,,2,1,1,0,0,0,0
"POINT (9.168994983999999 48.770708018000001)",Unfall 120326 (2016) Kat:3, Licht: 0,120326,3,3,5,11,09,4,,0,0,1,0,0,0,0
"POINT (9.169408873000000 48.778683262999998)",Unfall 120335 (2016) Kat:2, Licht: 2,120335,2,4,6,11,18,5,,2,0,0,1,0,0,1
"POINT (9.083947580000000 48.749561987000000)",Unfall 120345 (2016) Kat:2, Licht: 1,120345,2,2,5,11,17,5,,1,1,1,0,0,0,0
"POINT (9.150641142000000 48.811173598000003)",Unfall 120355 (2016) Kat:3, Licht: 0,120355,3,4,6,11,10,5,,0,0,1,1,0,0,0
"POINT (9.175154629000000 48.829606400999999)",Unfall 120359 (2016) Kat:3, Licht: 0,120359,3,6,0,11,11,5,,0,0,1,0,0,1,0
"POINT (9.222468757000000 48.802003026000001)",Unfall 120367 (2016) Kat:3, Licht: 0,120367,3,1,0,11,11,5,,0,1,0,0,0,0,0
"POINT (9.161934277000000 48.715398626999999)",Unfall 120379 (2016) Kat:3, Licht: 2,120379,3,6,4,11,22,6,,2,0,1,0,0,0,0
"POINT (9.209726993000000 48.809453773999998)",Unfall 120403 (2016) Kat:3, Licht: 2,120403,3,3,5,11,06,2,,2,0,1,0,1,0,0
"POINT (9.197717812000001 48.789351418999999)",Unfall 120417 (2016) Kat:3, Licht: 2,120417,3,6,3,11,17,2,,2,0,1,0,0,0,1
"POINT (9.089316917000000 48.806280311999998)",Unfall 120419 (2016) Kat:3, Licht: 0,120419,3,3,5,11,13,4,,0,1,1,0,0,0,0
"POINT (9.232344106999999 48.778804229999999)",Unfall 120422 (2016) Kat:3, Licht: 0,120422,3,3,5,11,11,2,,0,0,1,0,0,0,0
"POINT (9.189643514000000 48.768864893000000)",Unfall 120430 (2016) Kat:3, Licht: 2,120430,3,7,2,11,17,4,,2,0,0,0,1,0,1
"POINT (9.175082977000001 48.829609364000000)",Unfall 120456 (2016) Kat:3, Licht: 2,120456,3,7,2,11,18,3,,2,0,1,0,1,0,0
"POINT (9.138190855000000 48.719025813999998)",Unfall 120466 (2016) Kat:2, Licht: 0,120466,2,6,2,11,11,3,,0,0,1,0,0,0,0
"POINT (9.146522911000000 48.725651528000000)",Unfall 120467 (2016) Kat:3, Licht: 0,120467,3,2,5,11,13,4,,0,0,1,0,0,0,0
"POINT (9.175057404000000 48.833504714999997)",Unfall 120494 (2016) Kat:3, Licht: 2,120494,3,7,5,11,20,7,,2,0,1,0,0,0,0
"POINT (9.221628131999999 48.810385832999998)",Unfall 120509 (2016) Kat:3, Licht: 0,120509,3,2,2,11,13,5,,0,0,1,0,0,0,0
"POINT (9.160651987000000 48.769783447999998)",Unfall 120530 (2016) Kat:3, Licht: 2,120530,3,3,5,11,19,6,,2,0,1,0,0,0,0
"POINT (9.182801128000000 48.782484267999997)",Unfall 120558 (2016) Kat:3, Licht: 2,120558,3,6,3,11,20,7,,2,0,1,0,0,0,0
"POINT (9.116188726000001 48.812454567000003)",Unfall 120559 (2016) Kat:3, Licht: 2,120559,3,3,5,11,20,2,,2,0,1,0,0,0,0
"POINT (9.239426935999999 48.789691423000001)",Unfall 120572 (2016) Kat:3, Licht: 0,120572,3,3,5,11,14,3,,0,0,1,0,1,0,0
"POINT (9.160581959000000 48.760963906000001)",Unfall 120590 (2016) Kat:3, Licht: 2,120590,3,2,5,11,22,5,,2,0,1,0,1,0,0
"POINT (9.260798959000001 48.792199967999998)",Unfall 120613 (2016) Kat:3, Licht: 0,120613,3,3,5,11,11,5,,0,1,1,0,0,0,0
"POINT (9.171596342999999 48.763129683999999)",Unfall 120614 (2016) Kat:3, Licht: 0,120614,3,3,5,11,08,5,,0,1,1,0,0,0,0
"POINT (9.160859694000001 48.765737184999999)",Unfall 120626 (2016) Kat:3, Licht: 2,120626,3,4,6,11,17,5,,2,0,1,1,0,0,0
"POINT (9.190317443000000 48.780512080999998)",Unfall 120628 (2016) Kat:3, Licht: 0,120628,3,4,6,11,07,6,,0,0,1,1,0,0,0
"POINT (9.100118044000000 48.733817154000000)",Unfall 120635 (2016) Kat:3, Licht: 2,120635,3,2,5,11,18,4,,2,1,1,0,0,0,0
"POINT (9.156294817999999 48.710287106999999)",Unfall 120642 (2016) Kat:3, Licht: 1,120642,3,3,5,11,16,5,,1,1,1,0,0,0,0
"POINT (9.115678738000000 48.728347687999999)",Unfall 120648 (2016) Kat:3, Licht: 2,120648,3,1,5,11,19,7,,2,0,1,0,0,0,1
"POINT (9.092907773000000 48.738551147000003)",Unfall 120659 (2016) Kat:2, Licht: 0,120659,2,7,2,11,12,2,,0,1,0,0,0,1,0
"POINT (9.190435153999999 48.831850365000001)",Unfall 120675 (2016) Kat:2, Licht: 2,120675,2,4,6,11,23,3,,2,0,0,1,1,0,0
"POINT (9.265936190000000 48.786449875000002)",Unfall 120679 (2016) Kat:2, Licht: 2,120679,2,3,5,11,18,5,,2,0,1,0,1,0,0
"POINT (9.176597120000000 48.772106467999997)",Unfall 120709 (2016) Kat:3, Licht: 2,120709,3,1,0,11,20,2,,2,1,0,0,0,0,0
"POINT (9.232427841000000 48.778746587000001)",Unfall 120746 (2016) Kat:3, Licht: 0,120746,3,3,5,11,13,2,,0,1,1,0,0,0,0
"POINT (9.182067759000001 48.782719454999999)",Unfall 120808 (2016) Kat:3, Licht: 2,120808,3,4,6,11,20,5,,2,0,1,1,0,0,0
"POINT (9.159379845000000 48.783877033000003)",Unfall 120814 (2016) Kat:3, Licht: 0,120814,3,4,6,11,09,2,,0,0,1,1,0,0,0
"POINT (9.170184673000000 48.817487896999999)",Unfall 120817 (2016) Kat:2, Licht: 2,120817,2,4,6,11,19,7,,2,0,1,1,0,0,0
"POINT (9.150366298000000 48.728940508000001)",Unfall 120826 (2016) Kat:3, Licht: 2,120826,3,6,2,11,19,7,,2,0,1,0,0,0,0
"POINT (9.181403982999999 48.776329525000001)",Unfall 120829 (2016) Kat:3, Licht: 2,120829,3,7,1,11,07,3,,2,1,1,0,0,0,0
"POINT (9.156851261000000 48.780952221000000)",Unfall 120847 (2016) Kat:3, Licht: 0,120847,3,3,5,11,11,6,,0,0,1,0,0,0,0
"POINT (9.149503535999999 48.754342860999998)",Unfall 120889 (2016) Kat:3, Licht: 2,120889,3,1,4,11,18,1,,2,0,1,0,0,0,0
"POINT (9.140908265000000 48.772289633000000)",Unfall 120893 (2016) Kat:3, Licht: 0,120893,3,6,0,11,09,5,,0,0,1,0,0,0,1
"POINT (9.173206421000000 48.825742269000003)",Unfall 120913 (2016) Kat:3, Licht: 0,120913,3,7,2,11,12,5,,0,0,1,0,1,0,0
"POINT (9.114616039000000 48.818537440000000)",Unfall 120917 (2016) Kat:3, Licht: 0,120917,3,3,5,11,08,2,,0,1,1,0,0,0,0
"POINT (9.196218567000001 48.789497537999999)",Unfall 120933 (2016) Kat:2, Licht: 2,120933,2,6,2,11,01,6,,2,0,1,0,0,0,1
"POINT (9.203925504000001 48.774487020999999)",Unfall 120935 (2016) Kat:3, Licht: 1,120935,3,3,5,11,07,3,,1,0,1,0,1,0,0
"POINT (9.227811912000000 48.792665223000000)",Unfall 120941 (2016) Kat:3, Licht: 2,120941,3,6,2,11,16,6,,2,0,1,0,0,0,0
"POINT (9.146874142000000 48.710955114000001)",Unfall 120950 (2016) Kat:3, Licht: 2,120950,3,6,3,11,16,6,,2,1,1,0,0,0,0
"POINT (9.152679059000000 48.805253157999999)",Unfall 120952 (2016) Kat:3, Licht: 0,120952,3,3,5,11,11,6,,0,0,1,0,0,0,0
"POINT (9.156911466000000 48.772202516999997)",Unfall 120960 (2016) Kat:3, Licht: 0,120960,3,5,1,11,09,5,,0,1,1,0,0,0,0
"POINT (9.174651152999999 48.779568048000002)",Unfall 120961 (2016) Kat:2, Licht: 0,120961,2,3,5,11,09,6,,0,1,1,0,0,0,0
"POINT (9.267358484000001 48.753558634999997)",Unfall 121010 (2016) Kat:3, Licht: 0,121010,3,6,2,12,12,6,,0,0,1,0,0,0,1
"POINT (9.087482291000001 48.810162034000001)",Unfall 121012 (2016) Kat:3, Licht: 1,121012,3,7,0,12,08,7,,1,1,0,0,0,0,0
"POINT (9.195882277999999 48.789429708000000)",Unfall 121020 (2016) Kat:3, Licht: 0,121020,3,6,2,11,10,2,,0,0,1,0,0,0,0
"POINT (9.277313699000001 48.773550647999997)",Unfall 121025 (2016) Kat:3, Licht: 2,121025,3,6,4,11,06,2,,2,0,1,0,0,0,1
"POINT (9.194761032000001 48.772311727000002)",Unfall 121032 (2016) Kat:3, Licht: 2,121032,3,1,0,11,00,2,,2,1,0,0,0,0,0
"POINT (9.203189093000001 48.714772818000000)",Unfall 121047 (2016) Kat:3, Licht: 0,121047,3,3,5,12,09,5,,0,0,1,0,0,0,0
"POINT (9.159159722000000 48.765012292000002)",Unfall 121085 (2016) Kat:3, Licht: 1,121085,3,4,6,11,16,4,,1,0,1,1,0,0,0
"POINT (9.122467684000000 48.724053965000003)",Unfall 121102 (2016) Kat:3, Licht: 0,121102,3,6,2,11,11,7,,0,0,1,0,0,0,0
"POINT (9.211465033000000 48.825180918999997)",Unfall 121115 (2016) Kat:3, Licht: 2,121115,3,7,0,12,06,6,,2,1,0,0,0,0,1
"POINT (9.222920013000000 48.811318679999999)",Unfall 121117 (2016) Kat:3, Licht: 0,121117,3,7,6,12,13,7,,0,0,1,1,0,0,0
"POINT (9.111376691000000 48.734962906000000)",Unfall 121120 (2016) Kat:3, Licht: 0,121120,3,3,5,12,16,6,,0,0,1,0,0,0,0
"POINT (9.118089392000000 48.823229652999999)",Unfall 121129 (2016) Kat:3, Licht: 0,121129,3,5,1,11,11,7,,0,1,1,0,0,0,0
"POINT (9.224900954000001 48.819883558999997)",Unfall 121140 (2016) Kat:3, Licht: 0,121140,3,7,6,11,10,7,,0,0,0,1,0,0,1
"POINT (9.169783884999999 48.766717489999998)",Unfall 121145 (2016) Kat:3, Licht: 0,121145,3,2,5,11,12,1,,0,1,1,0,0,0,0
"POINT (9.176764923000000 48.776849437999999)",Unfall 121255 (2016) Kat:3, Licht: 0,121255,3,3,5,12,08,2,,0,1,0,0,0,0,1
"POINT (9.166437937000000 48.774350535000004)",Unfall 121256 (2016) Kat:2, Licht: 0,121256,2,3,5,12,15,6,,0,0,0,0,1,0,1
"POINT (9.115438891000000 48.817497346000003)",Unfall 121260 (2016) Kat:3, Licht: 0,121260,3,6,6,12,14,3,,0,1,1,1,0,0,0
"POINT (9.267560999000001 48.763427503000003)",Unfall 121264 (2016) Kat:3, Licht: 1,121264,3,2,5,12,07,3,,1,0,1,0,1,0,0
"POINT (9.155836047999999 48.775087730999999)",Unfall 121265 (2016) Kat:3, Licht: 0,121265,3,2,5,12,13,5,,0,0,1,0,0,0,1
"POINT (9.160135108000000 48.775670148000003)",Unfall 121269 (2016) Kat:3, Licht: 2,121269,3,6,2,12,19,2,,2,0,1,0,0,0,0
"POINT (9.220342467000000 48.801411291999997)",Unfall 121271 (2016) Kat:3, Licht: 0,121271,3,6,2,12,11,3,,0,0,1,0,0,0,0
"POINT (9.143291244000000 48.770452010000000)",Unfall 121277 (2016) Kat:3, Licht: 0,121277,3,6,2,12,15,2,,0,0,1,0,0,0,0
"POINT (9.137851463000001 48.774311206000000)",Unfall 121282 (2016) Kat:3, Licht: 2,121282,3,7,6,12,07,2,,2,0,1,0,0,0,1
"POINT (9.210423044000001 48.808270401999998)",Unfall 121301 (2016) Kat:3, Licht: 0,121301,3,3,5,12,08,2,,0,0,1,0,1,0,0
"POINT (9.196086010000000 48.789724100999997)",Unfall 121311 (2016) Kat:3, Licht: 0,121311,3,4,6,12,08,2,,0,0,1,1,0,0,0
"POINT (9.162866374000000 48.761671989000000)",Unfall 121340 (2016) Kat:2, Licht: 0,121340,2,3,5,12,09,4,,0,0,1,0,1,0,0
"POINT (9.219662219000000 48.779453914000001)",Unfall 121348 (2016) Kat:3, Licht: 2,121348,3,3,5,12,00,4,,2,1,1,0,0,0,0
"POINT (9.231998926999999 48.799968878999998)",Unfall 121400 (2016) Kat:3, Licht: 0,121400,3,7,2,12,13,4,,0,1,1,0,0,0,0
"POINT (9.174362660000000 48.783105694000000)",Unfall 121402 (2016) Kat:3, Licht: 0,121402,3,3,5,12,10,1,,0,0,1,0,1,0,0
"POINT (9.151995317000001 48.713081299000002)",Unfall 121405 (2016) Kat:3, Licht: 2,121405,3,1,0,12,00,4,,2,1,0,0,0,0,0
"POINT (9.151131933000000 48.759680996000000)",Unfall 121407 (2016) Kat:3, Licht: 0,121407,3,1,0,12,11,1,,0,0,1,0,0,0,0
"POINT (9.121270782000000 48.814382100000003)",Unfall 121416 (2016) Kat:3, Licht: 2,121416,3,1,1,12,04,1,,2,0,1,0,0,0,0
"POINT (9.173084564000000 48.774369682000000)",Unfall 121417 (2016) Kat:3, Licht: 2,121417,3,7,6,12,01,6,,2,0,1,1,0,0,0
"POINT (9.173979893000000 48.827774726000001)",Unfall 121437 (2016) Kat:3, Licht: 0,121437,3,6,2,12,12,7,,0,0,1,0,0,0,0
"POINT (9.179370413999999 48.782449776999997)",Unfall 121504 (2016) Kat:3, Licht: 2,121504,3,6,6,12,17,3,,2,1,0,1,0,0,0
"POINT (9.155962420000000 48.775093360000000)",Unfall 121511 (2016) Kat:3, Licht: 0,121511,3,2,6,12,07,5,,0,0,1,1,0,0,0
"POINT (9.190152134000000 48.798036568999997)",Unfall 121520 (2016) Kat:3, Licht: 0,121520,3,3,5,12,14,5,,0,1,1,0,0,0,0
"POINT (9.156850694999999 48.842934321999998)",Unfall 121532 (2016) Kat:2, Licht: 0,121532,2,7,0,12,15,4,,0,0,1,0,0,0,0
"POINT (9.195604167999999 48.832873556999999)",Unfall 121535 (2016) Kat:3, Licht: 0,121535,3,4,6,12,13,4,,0,0,0,1,0,0,1
"POINT (9.216442161000000 48.803607114999998)",Unfall 121545 (2016) Kat:3, Licht: 0,121545,3,7,6,12,12,4,,0,0,0,1,0,1,0
"POINT (9.261236529000000 48.772796485000001)",Unfall 121554 (2016) Kat:3, Licht: 0,121554,3,3,5,12,15,4,,0,1,1,0,0,0,0
"POINT (9.220379538000000 48.800479152000001)",Unfall 121557 (2016) Kat:2, Licht: 0,121557,2,3,6,12,14,4,,0,0,1,1,0,0,0
"POINT (9.212158078000000 48.808167160000004)",Unfall 121562 (2016) Kat:3, Licht: 1,121562,3,6,4,12,08,3,,1,1,1,0,0,0,0
"POINT (9.176690102000000 48.809408965999999)",Unfall 121568 (2016) Kat:3, Licht: 0,121568,3,2,6,12,14,4,,0,0,1,1,0,0,0
"POINT (9.263091006000000 48.762847268999998)",Unfall 121569 (2016) Kat:3, Licht: 2,121569,3,3,5,12,06,6,,2,0,1,0,0,1,0
"POINT (9.171489939000001 48.821206332999999)",Unfall 121579 (2016) Kat:3, Licht: 0,121579,3,6,6,12,12,4,,0,0,1,1,0,0,0
"POINT (9.171893716000000 48.776681635000003)",Unfall 121585 (2016) Kat:3, Licht: 0,121585,3,3,5,12,16,4,,0,0,1,0,0,0,0
"POINT (9.140793971000001 48.755377959999997)",Unfall 121612 (2016) Kat:3, Licht: 2,121612,3,1,8,12,17,3,,2,1,0,0,0,0,0
"POINT (9.162213218000000 48.714068859000001)",Unfall 121632 (2016) Kat:3, Licht: 2,121632,3,6,4,12,21,1,,2,0,1,0,0,0,0
"POINT (9.154904403000000 48.778117580999997)",Unfall 121675 (2016) Kat:3, Licht: 2,121675,3,1,0,12,17,6,,2,0,1,0,1,0,0
"POINT (9.156794800000000 48.777686512999999)",Unfall 121677 (2016) Kat:3, Licht: 2,121677,3,3,5,12,20,2,,2,1,1,0,0,0,0
"POINT (9.251865439000000 48.763081018000001)",Unfall 121681 (2016) Kat:1, Licht: 2,121681,1,4,6,12,07,3,,2,0,0,1,0,0,1
"POINT (9.114468455000001 48.738487394000003)",Unfall 121682 (2016) Kat:3, Licht: 0,121682,3,6,2,12,15,2,,0,0,1,0,0,0,0
"POINT (9.264943420000000 48.767418333000002)",Unfall 121684 (2016) Kat:3, Licht: 1,121684,3,6,4,12,16,5,,1,1,1,0,0,0,0
"POINT (9.174620520000000 48.830075631000000)",Unfall 121710 (2016) Kat:3, Licht: 0,121710,3,4,6,12,12,5,,0,0,1,1,0,0,0
"POINT (9.212975295000000 48.818412745000003)",Unfall 121715 (2016) Kat:3, Licht: 0,121715,3,4,6,12,10,5,,0,0,1,1,0,0,0
"POINT (9.150414399000001 48.729934886999999)",Unfall 121720 (2016) Kat:3, Licht: 0,121720,3,4,6,12,10,3,,0,0,1,1,0,0,0
"POINT (9.181682643000000 48.782965834999999)",Unfall 121723 (2016) Kat:3, Licht: 2,121723,3,2,0,12,17,5,,2,0,1,0,0,0,1
"POINT (9.112328856000000 48.726953180999999)",Unfall 121742 (2016) Kat:3, Licht: 1,121742,3,7,6,12,07,6,,1,0,0,1,0,0,1
"POINT (9.121327172999999 48.814414327000001)",Unfall 121775 (2016) Kat:3, Licht: 2,121775,3,2,5,12,18,4,,2,0,1,0,1,0,0
"POINT (9.158149633000001 48.779154145000000)",Unfall 121788 (2016) Kat:3, Licht: 0,121788,3,3,5,12,14,2,,0,0,1,0,0,0,0
"POINT (9.118146523000000 48.810351664999999)",Unfall 121803 (2016) Kat:2, Licht: 2,121803,2,3,5,12,04,3,,2,0,1,0,1,0,0
"POINT (9.247748049000000 48.768625681000003)",Unfall 121851 (2016) Kat:2, Licht: 0,121851,2,2,5,12,15,6,,0,0,1,0,0,0,0
"POINT (9.220414711000000 48.800252053999998)",Unfall 121855 (2016) Kat:3, Licht: 0,121855,3,2,5,12,14,6,,0,0,1,0,0,0,0
"POINT (9.255000869000000 48.782488972000003)",Unfall 121863 (2016) Kat:3, Licht: 0,121863,3,3,5,12,14,4,,0,0,1,0,0,0,0
"POINT (9.193462969000001 48.795226665999998)",Unfall 121865 (2016) Kat:2, Licht: 2,121865,2,4,6,12,22,6,,2,0,1,1,0,0,0
"POINT (9.249298405999999 48.766393997000002)",Unfall 121871 (2016) Kat:3, Licht: 0,121871,3,7,0,12,15,7,,0,0,1,0,1,0,0
"POINT (9.164485859999999 48.777073745999999)",Unfall 121883 (2016) Kat:3, Licht: 2,121883,3,4,0,12,16,5,,2,0,0,1,0,0,1
"POINT (9.154252928000000 48.770517624000000)",Unfall 121885 (2016) Kat:3, Licht: 2,121885,3,3,5,12,05,7,,2,0,1,0,0,0,0
"POINT (9.101886044000001 48.740388748999997)",Unfall 121932 (2016) Kat:3, Licht: 2,121932,3,4,6,12,18,3,,2,0,1,1,0,0,0
"POINT (9.178249730999999 48.771704218000004)",Unfall 121936 (2016) Kat:2, Licht: 0,121936,2,7,1,12,12,4,,0,0,1,0,0,0,0
"POINT (9.159074859000000 48.836221240999997)",Unfall 121939 (2016) Kat:3, Licht: 0,121939,3,7,4,12,12,3,,0,0,1,0,1,0,0
"POINT (9.091523970000001 48.739303796000002)",Unfall 121942 (2016) Kat:3, Licht: 0,121942,3,3,9,12,15,4,,0,0,1,0,0,0,0
"POINT (9.247723956000000 48.768618682000003)",Unfall 121945 (2016) Kat:3, Licht: 0,121945,3,2,5,12,13,3,,0,0,0,0,0,0,1
"POINT (9.155192741000001 48.808054153999997)",Unfall 121951 (2016) Kat:3, Licht: 1,121951,3,3,5,12,07,3,,1,1,1,0,0,0,0
"POINT (9.207764884000000 48.784095270999998)",Unfall 121968 (2016) Kat:3, Licht: 2,121968,3,3,5,12,16,3,,2,0,1,0,0,0,0
"POINT (9.180436625000001 48.793011497999998)",Unfall 121971 (2016) Kat:2, Licht: 0,121971,2,7,6,12,12,4,,0,0,1,1,0,0,0
"POINT (9.219978158000000 48.801977094000002)",Unfall 121986 (2016) Kat:3, Licht: 2,121986,3,1,5,12,21,2,,2,0,1,0,0,0,0
"POINT (9.220880049000000 48.782672255000001)",Unfall 121996 (2016) Kat:3, Licht: 2,121996,3,6,6,12,16,2,,2,0,1,1,0,0,0
"POINT (9.159525659000000 48.778620654000001)",Unfall 122047 (2016) Kat:3, Licht: 2,122047,3,5,1,12,20,6,,2,0,1,0,1,0,0
"POINT (9.092597997000041 48.731092673000035)",Unfall 39301 (2017) Kat:3, Licht: 2,39301,3,6,2,01,21,2,1,2,0,1,0,0,,0
"POINT (9.248158772000068 48.785782725000047)",Unfall 39303 (2017) Kat:2, Licht: 2,39303,2,7,6,01,17,2,2,2,0,1,1,0,,0
"POINT (9.135584473000051 48.771150819000070)",Unfall 39304 (2017) Kat:3, Licht: 0,39304,3,6,2,01,13,2,1,0,0,1,0,0,,0
"POINT (9.109439795000071 48.710242851000032)",Unfall 39327 (2017) Kat:3, Licht: 0,39327,3,6,2,01,15,1,0,0,0,1,0,0,,1
"POINT (9.104976806000025 48.807020088000058)",Unfall 39370 (2017) Kat:3, Licht: 0,39370,3,4,6,01,16,1,0,0,0,0,1,0,,1
"POINT (9.170720678000066 48.730750948000036)",Unfall 39842 (2017) Kat:3, Licht: 0,39842,3,1,8,01,09,3,2,0,0,1,0,0,,0
"POINT (9.130609823000043 48.728495982000027)",Unfall 39873 (2017) Kat:3, Licht: 0,39873,3,3,5,01,13,3,1,0,0,1,0,0,,0
"POINT (9.183239767000032 48.809876629000030)",Unfall 39963 (2017) Kat:3, Licht: 0,39963,3,6,2,01,12,6,0,0,0,1,0,0,,0
"POINT (9.222121160000029 48.789365715000031)",Unfall 39968 (2017) Kat:3, Licht: 0,39968,3,3,2,01,11,3,0,0,0,1,0,0,,0
"POINT (9.144969545000038 48.771404338000082)",Unfall 39976 (2017) Kat:3, Licht: 0,39976,3,2,5,01,12,3,1,0,0,1,0,0,,0
"POINT (9.227660675000038 48.805387141000040)",Unfall 40017 (2017) Kat:3, Licht: 0,40017,3,6,2,01,13,5,1,0,0,1,0,0,,0
"POINT (9.246924499000045 48.787435516000073)",Unfall 40068 (2017) Kat:2, Licht: 2,40068,2,4,6,01,18,4,1,2,0,1,1,0,,0
"POINT (9.213698987000043 48.801056228000050)",Unfall 40070 (2017) Kat:3, Licht: 0,40070,3,6,2,01,12,4,1,0,0,1,0,1,,0
"POINT (9.238616086000036 48.816862380000032)",Unfall 40072 (2017) Kat:3, Licht: 1,40072,3,3,5,01,16,4,1,1,0,1,0,0,,0
"POINT (9.191363725000031 48.788597947000028)",Unfall 40082 (2017) Kat:3, Licht: 0,40082,3,6,2,01,14,2,1,0,0,1,0,0,,0
"POINT (9.171115933000067 48.749934973000052)",Unfall 40092 (2017) Kat:3, Licht: 1,40092,3,6,2,01,16,2,0,1,0,1,0,0,,0
"POINT (9.222630976000062 48.816678200000069)",Unfall 40135 (2017) Kat:3, Licht: 0,40135,3,6,3,01,11,1,0,0,0,1,0,0,,0
"POINT (9.110911364000060 48.709785124000064)",Unfall 40190 (2017) Kat:3, Licht: 2,40190,3,1,3,01,05,7,2,2,0,1,0,0,,1
"POINT (9.175474243000053 48.811192252000069)",Unfall 40206 (2017) Kat:3, Licht: 0,40206,3,6,2,01,14,7,1,0,0,1,0,0,,0
"POINT (9.248835362000023 48.780529324000042)",Unfall 40255 (2017) Kat:3, Licht: 2,40255,3,3,5,01,05,6,1,2,0,1,0,0,,0
"POINT (9.216885779000052 48.803586264000046)",Unfall 40256 (2017) Kat:3, Licht: 1,40256,3,6,2,01,18,6,0,1,0,1,0,0,,0
"POINT (9.138109622000059 48.778937737000035)",Unfall 40298 (2017) Kat:3, Licht: 0,40298,3,4,6,01,15,5,1,0,0,1,1,0,,0
"POINT (9.111442139000076 48.709851031000028)",Unfall 40339 (2017) Kat:3, Licht: 0,40339,3,6,2,01,15,7,0,0,0,1,0,0,,0
"POINT (9.170355541000049 48.705280617000028)",Unfall 40356 (2017) Kat:3, Licht: 0,40356,3,6,2,01,10,1,0,0,0,1,0,0,,0