WKT,Name,OBJECTID,UKATEGORIE,UTYP1,UART,UMONAT,USTUNDE,UWOCHENTAG,STRZUSTAND,ULICHTVERH,ISTRAD,ISTPKW,ISTFUSS,ISTKRAD,ISTGKFZ,ISTSONSTIG
"POINT (9.150097088000052 48.708292050000068)",Unfall 40357 (2017) Kat:3, Licht: 0,40357,3,6,2,01,10,1,0,0,0,1,0,0,,0
"POINT (9.181463919000066 48.700223330000028)",Unfall 40358 (2017) Kat:3, Licht: 0,40358,3,6,2,01,11,1,0,0,0,1,0,0,,0
"POINT (9.181285797000044 48.792429031000040)",Unfall 40420 (2017) Kat:3, Licht: 1,40420,3,6,2,01,16,7,0,1,0,1,0,0,,0
"POINT (9.134713174000069 48.745268260000046)",Unfall 40421 (2017) Kat:3, Licht: 0,40421,3,3,5,01,09,7,1,0,0,1,0,0,,0
"POINT (9.187942829000065 48.780936268000062)",Unfall 40422 (2017) Kat:3, Licht: 2,40422,3,6,2,01,19,7,0,2,0,1,0,0,,0
"POINT (9.197006634000047 48.792213530000026)",Unfall 40497 (2017) Kat:3, Licht: 0,40497,3,6,2,01,13,6,0,0,0,1,0,0,,1
"POINT (9.211354999000037 48.783268245000045)",Unfall 40500 (2017) Kat:3, Licht: 2,40500,3,6,2,01,18,6,0,2,0,1,0,0,,1
"POINT (9.203052551000042 48.777222740000070)",Unfall 40501 (2017) Kat:3, Licht: 2,40501,3,6,2,01,23,6,0,2,0,1,0,0,,0
"POINT (9.135428044000037 48.709438921000071)",Unfall 40546 (2017) Kat:3, Licht: 2,40546,3,6,2,01,17,5,0,2,0,1,0,0,,0
"POINT (9.128607903000045 48.708943408000039)",Unfall 40547 (2017) Kat:3, Licht: 2,40547,3,6,2,01,06,5,1,2,0,1,0,0,,0
"POINT (9.181901117000052 48.847539013000073)",Unfall 40577 (2017) Kat:3, Licht: 2,40577,3,6,2,01,23,5,0,2,0,1,0,0,,0
"POINT (9.194594559000052 48.696554425000045)",Unfall 40623 (2017) Kat:2, Licht: 2,40623,2,6,2,01,19,4,0,2,0,1,0,0,,0
"POINT (9.182007494000061 48.810703972000056)",Unfall 40627 (2017) Kat:3, Licht: 0,40627,3,2,5,01,08,4,0,0,0,1,0,0,,1
"POINT (9.185208709000051 48.774440485000071)",Unfall 40628 (2017) Kat:3, Licht: 2,40628,3,6,3,01,18,4,0,2,1,1,0,0,,0
"POINT (9.132988658000045 48.776625139000032)",Unfall 40629 (2017) Kat:3, Licht: 0,40629,3,6,2,01,10,4,0,0,0,1,0,0,,0
"POINT (9.180326614000023 48.786110366000059)",Unfall 40699 (2017) Kat:3, Licht: 0,40699,3,2,5,01,13,7,0,0,0,1,0,0,,0
"POINT (9.169582418000061 48.763854534000075)",Unfall 40700 (2017) Kat:3, Licht: 0,40700,3,3,5,01,08,7,0,0,0,1,0,0,,0
"POINT (9.193799149000029 48.696880547000035)",Unfall 40764 (2017) Kat:2, Licht: 0,40764,2,6,2,01,11,6,1,0,0,1,0,0,,1
"POINT (9.127071184000045 48.758654169000067)",Unfall 40768 (2017) Kat:3, Licht: 0,40768,3,1,8,01,08,6,2,0,0,1,0,0,,0
"POINT (9.166751146000024 48.828273371000080)",Unfall 40769 (2017) Kat:3, Licht: 2,40769,3,7,5,01,21,6,0,2,0,1,0,0,,0
"POINT (9.181143437000060 48.790353697000057)",Unfall 40770 (2017) Kat:3, Licht: 2,40770,3,6,2,01,19,6,0,2,0,1,0,0,,0
"POINT (9.203330168000036 48.779394085000035)",Unfall 40771 (2017) Kat:3, Licht: 2,40771,3,2,6,01,06,6,0,2,0,1,1,0,,0
"POINT (9.189046877000067 48.784536385000081)",Unfall 40772 (2017) Kat:3, Licht: 0,40772,3,6,3,01,16,6,0,0,0,1,0,0,,1
"POINT (9.243423527000061 48.777459003000047)",Unfall 40825 (2017) Kat:3, Licht: 2,40825,3,6,2,01,00,5,0,2,0,1,0,0,,0
"POINT (9.175102040000070 48.820297397000047)",Unfall 40935 (2017) Kat:3, Licht: 2,40935,3,6,2,01,18,3,1,2,0,1,0,0,,0
"POINT (9.215801486000032 48.802564953000058)",Unfall 40936 (2017) Kat:3, Licht: 0,40936,3,6,3,01,15,3,0,0,0,1,0,0,,0
"POINT (9.248900563000063 48.779350105000049)",Unfall 40937 (2017) Kat:2, Licht: 0,40937,2,1,8,01,09,3,1,0,0,1,0,0,,0
"POINT (9.223570994000056 48.790489862000072)",Unfall 40938 (2017) Kat:3, Licht: 2,40938,3,6,2,01,07,3,2,2,0,1,0,1,,0
"POINT (9.175511776000064 48.819479134000062)",Unfall 40954 (2017) Kat:3, Licht: 2,40954,3,6,2,01,17,2,1,2,0,1,0,0,,0
"POINT (9.182201507000059 48.766487007000080)",Unfall 40962 (2017) Kat:3, Licht: 0,40962,3,6,2,01,16,2,1,0,0,1,0,0,,0
"POINT (9.222719115000075 48.823966459000076)",Unfall 40992 (2017) Kat:2, Licht: 0,40992,2,6,2,01,12,2,0,0,0,1,0,0,,1
"POINT (9.181105170000024 48.789922573000069)",Unfall 40993 (2017) Kat:3, Licht: 0,40993,3,6,3,01,14,2,0,0,0,1,0,0,,0
"POINT (9.089859223000076 48.789819597000076)",Unfall 40994 (2017) Kat:3, Licht: 0,40994,3,6,4,01,16,2,1,0,0,1,0,0,,0
"POINT (9.182141025000021 48.795174909000082)",Unfall 40995 (2017) Kat:3, Licht: 2,40995,3,6,2,01,18,2,1,2,0,1,0,0,,0
"POINT (9.132962442000064 48.776402745000041)",Unfall 41027 (2017) Kat:3, Licht: 0,41027,3,5,1,02,16,2,0,0,0,1,0,0,,0
"POINT (9.172392514000023 48.704841209000051)",Unfall 41123 (2017) Kat:3, Licht: 0,41123,3,6,3,02,19,3,0,0,0,1,0,0,,1
"POINT (9.201767606000033 48.795044326000038)",Unfall 41185 (2017) Kat:3, Licht: 2,41185,3,6,2,02,23,6,0,2,0,1,0,0,,0
"POINT (9.217972134000036 48.792249015000039)",Unfall 41186 (2017) Kat:3, Licht: 2,41186,3,6,2,02,17,6,0,2,0,1,0,0,,0
"POINT (9.158360862000052 48.811396387000059)",Unfall 41187 (2017) Kat:3, Licht: 2,41187,3,1,1,02,04,6,0,2,0,1,0,1,,0
"POINT (9.207779042000027 48.803452571000037)",Unfall 41188 (2017) Kat:3, Licht: 0,41188,3,6,2,02,10,6,1,0,0,1,0,0,,1
"POINT (9.215855980000072 48.794306161000065)",Unfall 41189 (2017) Kat:3, Licht: 2,41189,3,6,2,02,18,6,0,2,0,1,0,0,,0
"POINT (9.174654010000040 48.769741759000055)",Unfall 41251 (2017) Kat:3, Licht: 0,41251,3,6,2,02,12,5,0,0,0,1,0,0,,0
"POINT (9.194514150000032 48.807034985000030)",Unfall 41307 (2017) Kat:3, Licht: 2,41307,3,6,2,02,18,4,1,2,0,1,0,0,,0
"POINT (9.211940281000068 48.806463296000061)",Unfall 41364 (2017) Kat:3, Licht: 0,41364,3,3,5,01,09,3,1,0,0,1,0,0,,0
"POINT (9.156692331000045 48.847392831000036)",Unfall 41365 (2017) Kat:3, Licht: 2,41365,3,7,6,01,17,3,1,2,0,1,1,0,,0
"POINT (9.269590278000067 48.756842034000044)",Unfall 41366 (2017) Kat:3, Licht: 0,41366,3,6,2,01,16,3,0,0,0,1,0,0,,0
"POINT (9.188442528000053 48.697360858000081)",Unfall 41440 (2017) Kat:3, Licht: 0,41440,3,7,8,02,11,4,0,0,0,1,0,0,,0
"POINT (9.177211962000058 48.807460572000082)",Unfall 41465 (2017) Kat:3, Licht: 0,41465,3,6,2,02,08,4,0,0,0,1,0,0,,1
"POINT (9.217535921000035 48.833461172000057)",Unfall 41560 (2017) Kat:3, Licht: 1,41560,3,6,2,02,07,3,0,1,0,1,0,0,,1
"POINT (9.174075159000040 48.821220898000036)",Unfall 41613 (2017) Kat:3, Licht: 0,41613,3,6,2,02,14,2,0,0,0,1,0,1,,0
"POINT (9.169089358000065 48.737986884000065)",Unfall 41614 (2017) Kat:3, Licht: 0,41614,3,6,2,02,14,2,0,0,0,1,0,0,,0
"POINT (9.196488348000059 48.694348240000068)",Unfall 41652 (2017) Kat:3, Licht: 2,41652,3,6,0,02,19,1,0,2,0,1,0,0,,0
"POINT (9.181367713000043 48.753370143000041)",Unfall 41658 (2017) Kat:3, Licht: 0,41658,3,3,5,02,16,1,0,0,0,1,0,0,,0
"POINT (9.157606593000025 48.832388511000033)",Unfall 41664 (2017) Kat:3, Licht: 0,41664,3,2,5,02,10,1,0,0,0,1,0,0,,0
"POINT (9.179966958000023 48.773583754000072)",Unfall 41701 (2017) Kat:3, Licht: 0,41701,3,6,2,02,15,7,0,0,0,1,0,0,,0
"POINT (9.227101552000022 48.805239057000051)",Unfall 41714 (2017) Kat:3, Licht: 0,41714,3,6,2,02,13,5,0,0,0,1,0,0,,0
"POINT (9.147311696000031 48.754669178000029)",Unfall 41717 (2017) Kat:3, Licht: 1,41717,3,6,2,02,07,5,0,1,0,1,0,0,,1
"POINT (9.229290244000026 48.812493061000055)",Unfall 41718 (2017) Kat:3, Licht: 0,41718,3,2,2,02,09,5,0,0,0,1,0,0,,1
"POINT (9.259640369000067 48.756751556000040)",Unfall 41739 (2017) Kat:3, Licht: 2,41739,3,6,3,02,20,5,0,2,0,1,0,0,,0
"POINT (9.173244834000059 48.799350378000042)",Unfall 41762 (2017) Kat:2, Licht: 1,41762,2,4,6,02,07,6,0,1,0,1,1,0,,0
"POINT (9.097247461000052 48.818582949000074)",Unfall 41816 (2017) Kat:3, Licht: 2,41816,3,6,2,02,00,5,0,2,0,1,0,0,,0
"POINT (9.215888802000052 48.794272742000032)",Unfall 41818 (2017) Kat:3, Licht: 0,41818,3,6,2,02,11,5,0,0,0,1,0,0,,0
"POINT (9.163122019000070 48.715682357000048)",Unfall 41819 (2017) Kat:3, Licht: 0,41819,3,6,2,02,13,5,0,0,0,1,0,0,,0
"POINT (9.169783025000072 48.765080977000025)",Unfall 41867 (2017) Kat:3, Licht: 2,41867,3,3,2,02,22,4,0,2,0,1,0,0,,0
"POINT (9.219328393000069 48.787440626000034)",Unfall 41868 (2017) Kat:3, Licht: 0,41868,3,3,5,02,11,4,0,0,0,1,0,0,,0
"POINT (9.157251933000055 48.839796013000068)",Unfall 41869 (2017) Kat:3, Licht: 0,41869,3,6,2,02,08,4,0,0,0,1,0,0,,0
"POINT (9.182774783000070 48.775955308000050)",Unfall 41870 (2017) Kat:3, Licht: 2,41870,3,2,6,02,19,4,0,2,1,0,1,0,,0
"POINT (9.181968625000025 48.766270472000031)",Unfall 41917 (2017) Kat:2, Licht: 0,41917,2,2,2,02,16,7,0,0,1,1,0,0,,0
"POINT (9.177619906000075 48.783013869000058)",Unfall 41946 (2017) Kat:3, Licht: 0,41946,3,3,5,03,17,4,1,0,1,1,0,0,,0
"POINT (9.081889257000057 48.718468799000050)",Unfall 41973 (2017) Kat:3, Licht: 1,41973,3,6,2,02,18,6,0,1,0,1,0,0,,0
"POINT (9.169016572000032 48.814902309000047)",Unfall 41979 (2017) Kat:3, Licht: 2,41979,3,6,2,02,23,6,0,2,0,1,0,0,,0
"POINT (9.206649602000027 48.781100461000051)",Unfall 41980 (2017) Kat:3, Licht: 0,41980,3,3,5,02,07,6,0,0,0,1,0,0,,0
"POINT (9.116242014000022 48.761386597000069)",Unfall 41981 (2017) Kat:2, Licht: 0,41981,2,6,2,02,07,6,0,0,0,1,0,1,,0
"POINT (9.183226324000032 48.767198065000059)",Unfall 41982 (2017) Kat:3, Licht: 0,41982,3,6,2,02,09,6,1,0,0,1,0,0,,0
"POINT (9.191421481000077 48.788521205000052)",Unfall 42042 (2017) Kat:3, Licht: 0,42042,3,6,2,02,08,5,0,0,0,1,0,0,,0
"POINT (9.176855680000074 48.811024993000046)",Unfall 42043 (2017) Kat:3, Licht: 0,42043,3,6,2,02,11,5,0,0,0,1,0,0,,0
"POINT (9.171612765000077 48.775021148000064)",Unfall 42044 (2017) Kat:3, Licht: 1,42044,3,2,5,02,17,5,0,1,1,0,0,0,,0
"POINT (9.185505812000031 48.769298393000042)",Unfall 42045 (2017) Kat:2, Licht: 0,42045,2,4,6,02,14,5,0,0,0,0,1,0,,1
"POINT (9.173884494000049 48.821434896000028)",Unfall 42048 (2017) Kat:3, Licht: 2,42048,3,6,2,02,06,3,1,2,0,1,0,0,,0
"POINT (9.167581906000066 48.811601428000074)",Unfall 42098 (2017) Kat:3, Licht: 0,42098,3,6,2,02,12,4,0,0,0,1,0,0,,0
"POINT (9.128947438000068 48.779210368000065)",Unfall 42100 (2017) Kat:3, Licht: 2,42100,3,3,5,02,19,4,0,2,0,1,0,0,,0
"POINT (9.179753181000024 48.701303001000042)",Unfall 42158 (2017) Kat:3, Licht: 0,42158,3,6,2,02,17,3,1,0,0,1,0,0,,0
"POINT (9.238073640000039 48.696231409000063)",Unfall 42159 (2017) Kat:3, Licht: 0,42159,3,6,2,02,07,3,1,0,0,1,0,0,,0
"POINT (9.243619877000072 48.777318387000037)",Unfall 42226 (2017) Kat:3, Licht: 1,42226,3,6,2,02,17,3,1,1,0,1,0,0,,0
"POINT (9.089934920000076 48.789928516000032)",Unfall 42249 (2017) Kat:3, Licht: 2,42249,3,6,2,02,22,2,1,2,0,1,0,0,,0
"POINT (9.209924021000063 48.805273292000038)",Unfall 42250 (2017) Kat:3, Licht: 2,42250,3,2,2,02,21,2,1,2,0,1,0,0,,0
"POINT (9.202324259000022 48.807826303000070)",Unfall 42251 (2017) Kat:3, Licht: 2,42251,3,3,5,02,19,2,1,2,1,1,0,0,,0
"POINT (9.181017067000028 48.790647117000049)",Unfall 42252 (2017) Kat:3, Licht: 0,42252,3,6,2,02,09,2,0,0,0,1,0,1,,0
"POINT (9.188628037000058 48.784120086000030)",Unfall 42291 (2017) Kat:3, Licht: 2,42291,3,6,2,02,00,1,0,2,0,1,0,0,,0
"POINT (9.185357604000046 48.769364622000069)",Unfall 42292 (2017) Kat:3, Licht: 2,42292,3,4,0,02,20,1,0,2,0,0,1,0,,1
"POINT (9.173654978000059 48.822433819000025)",Unfall 42293 (2017) Kat:3, Licht: 2,42293,3,6,3,02,00,1,0,2,0,1,0,0,,0
"POINT (9.246310394000034 48.757374734000052)",Unfall 42321 (2017) Kat:3, Licht: 0,42321,3,7,0,02,16,3,1,0,0,1,0,1,,0
"POINT (9.254847893000033 48.759749936000048)",Unfall 42351 (2017) Kat:3, Licht: 2,42351,3,6,2,02,18,7,0,2,0,1,0,0,,0
"POINT (9.143738541000062 48.770662413000082)",Unfall 42356 (2017) Kat:3, Licht: 2,42356,3,2,6,03,20,4,1,2,0,1,1,0,,0
"POINT (9.256562715000030 48.761411223000039)",Unfall 42372 (2017) Kat:3, Licht: 0,42372,3,6,2,03,15,5,1,0,0,1,0,0,,0
"POINT (9.178560113000060 48.784027025000057)",Unfall 42374 (2017) Kat:3, Licht: 2,42374,3,1,1,03,00,7,0,2,0,1,0,0,,0
"POINT (9.180264212000054 48.786676750000026)",Unfall 42375 (2017) Kat:3, Licht: 0,42375,3,6,2,03,16,5,1,0,0,1,0,0,,1
"POINT (9.236020990000043 48.737038891000054)",Unfall 42376 (2017) Kat:3, Licht: 0,42376,3,6,2,03,14,5,1,0,0,1,0,0,,0
"POINT (9.173901507000039 48.769739223000045)",Unfall 42377 (2017) Kat:3, Licht: 0,42377,3,3,0,03,11,5,1,0,0,1,0,1,,0
"POINT (9.192079446000037 48.789010429000029)",Unfall 42389 (2017) Kat:3, Licht: 0,42389,3,7,6,03,15,7,0,0,0,1,1,0,,0
"POINT (9.193986899000038 48.767866430000026)",Unfall 42391 (2017) Kat:3, Licht: 0,42391,3,6,3,03,09,7,0,0,1,1,0,0,,0
"POINT (9.164785259000041 48.705604563000065)",Unfall 42409 (2017) Kat:3, Licht: 0,42409,3,6,2,03,08,4,0,0,0,1,0,0,,0
"POINT (9.221522557000071 48.804089845000078)",Unfall 42431 (2017) Kat:3, Licht: 2,42431,3,4,6,03,19,4,1,2,0,1,1,0,,0
"POINT (9.211905028000047 48.783648041000049)",Unfall 42432 (2017) Kat:3, Licht: 0,42432,3,6,2,03,16,4,1,0,0,1,0,0,,0
"POINT (9.212813463000032 48.800508835000073)",Unfall 42434 (2017) Kat:3, Licht: 2,42434,3,2,5,03,00,4,1,2,0,1,0,0,,0
"POINT (9.103440162000027 48.729971297000077)",Unfall 42506 (2017) Kat:3, Licht: 0,42506,3,6,2,03,12,3,1,0,0,1,0,0,,0
"POINT (9.196927622000032 48.771162972000070)",Unfall 42560 (2017) Kat:3, Licht: 0,42560,3,5,1,03,06,2,0,0,0,1,0,0,,0
"POINT (9.211531018000073 48.825408161000041)",Unfall 42561 (2017) Kat:3, Licht: 1,42561,3,1,4,03,06,2,1,1,0,1,0,0,,0
"POINT (9.101651041000025 48.814850536000051)",Unfall 42562 (2017) Kat:2, Licht: 0,42562,2,1,4,03,15,2,0,0,0,1,0,0,,0
"POINT (9.110689340000022 48.743647879000036)",Unfall 42563 (2017) Kat:3, Licht: 0,42563,3,6,2,03,08,2,1,0,0,1,0,0,,0
"POINT (9.174037890000022 48.769733823000081)",Unfall 42564 (2017) Kat:3, Licht: 0,42564,3,3,5,03,11,2,0,0,0,1,0,0,,0
"POINT (9.208243141000025 48.804023943000061)",Unfall 42637 (2017) Kat:3, Licht: 2,42637,3,6,2,03,01,1,0,2,0,1,0,1,,0
"POINT (9.172801588000027 48.776282824000077)",Unfall 42729 (2017) Kat:3, Licht: 0,42729,3,6,2,03,12,7,0,0,0,1,0,0,,0
"POINT (9.217685649000032 48.798217330000057)",Unfall 42734 (2017) Kat:2, Licht: 0,42734,2,3,5,03,15,6,0,0,1,1,0,0,,0
"POINT (9.157287677000056 48.846208103000038)",Unfall 42736 (2017) Kat:3, Licht: 2,42736,3,7,2,03,17,6,0,2,0,1,0,0,,0
"POINT (9.216088533000061 48.742735686000060)",Unfall 42737 (2017) Kat:2, Licht: 0,42737,2,4,6,03,09,6,0,0,0,1,1,0,,0
"POINT (9.114543941000022 48.757741772000031)",Unfall 42739 (2017) Kat:3, Licht: 0,42739,3,6,2,03,07,6,1,0,0,1,0,0,,1
"POINT (9.232756555000037 48.805873685000051)",Unfall 42742 (2017) Kat:3, Licht: 0,42742,3,6,2,03,12,1,0,0,0,1,0,0,,0
"POINT (9.173512228000050 48.802227236000078)",Unfall 42745 (2017) Kat:3, Licht: 0,42745,3,6,2,03,15,1,0,0,0,1,0,0,,0
"POINT (9.095834501000070 48.825167910000062)",Unfall 42746 (2017) Kat:3, Licht: 0,42746,3,6,2,03,08,6,0,0,0,1,0,0,,0
"POINT (9.096410096000057 48.712837528000080)",Unfall 42788 (2017) Kat:3, Licht: 0,42788,3,6,2,03,10,6,0,0,0,1,0,0,,1
"POINT (9.242611613000065 48.697069420000048)",Unfall 42791 (2017) Kat:3, Licht: 0,42791,3,6,2,03,15,6,0,0,0,1,0,0,,0
"POINT (9.233413491000022 48.842222332000063)",Unfall 42804 (2017) Kat:3, Licht: 0,42804,3,1,8,03,15,6,0,0,0,1,0,0,,0
"POINT (9.253496091000045 48.757962671000030)",Unfall 42805 (2017) Kat:3, Licht: 0,42805,3,3,5,03,11,6,0,0,0,1,0,1,,0
"POINT (9.214002196000024 48.743906780000032)",Unfall 42806 (2017) Kat:3, Licht: 0,42806,3,3,5,03,07,6,0,0,1,1,0,0,,0
"POINT (9.177122513000029 48.810992684000041)",Unfall 42809 (2017) Kat:3, Licht: 0,42809,3,1,0,03,11,6,0,0,0,0,0,1,,0
"POINT (9.162616162000063 48.738920628000074)",Unfall 42810 (2017) Kat:3, Licht: 0,42810,3,6,2,03,18,6,0,0,0,1,0,0,,0
"POINT (9.171481841000059 48.767176229000029)",Unfall 42895 (2017) Kat:3, Licht: 2,42895,3,4,6,03,00,5,1,2,0,1,1,0,,0
"POINT (9.223445077000065 48.795012796000037)",Unfall 42896 (2017) Kat:3, Licht: 0,42896,3,6,3,03,15,5,0,0,0,1,0,0,,0
"POINT (9.086894926000070 48.802819435000060)",Unfall 42897 (2017) Kat:3, Licht: 0,42897,3,3,5,03,15,5,0,0,0,1,0,0,,0
"POINT (9.160184738000055 48.814251322000075)",Unfall 42899 (2017) Kat:3, Licht: 0,42899,3,6,2,03,07,5,0,0,0,1,0,0,,0
"POINT (9.220872574000055 48.789959680000038)",Unfall 42903 (2017) Kat:3, Licht: 0,42903,3,6,2,03,08,5,0,0,0,1,0,0,,0
"POINT (9.210307674000035 48.799225807000028)",Unfall 42928 (2017) Kat:3, Licht: 0,42928,3,1,0,03,07,5,1,0,0,1,0,0,,0
"POINT (9.153059751000058 48.725050809000038)",Unfall 42930 (2017) Kat:3, Licht: 0,42930,3,2,2,03,09,5,1,0,0,1,0,0,,0
"POINT (9.202436623000040 48.780550058000074)",Unfall 42934 (2017) Kat:3, Licht: 1,42934,3,2,2,03,06,5,1,1,0,1,0,0,,0
"POINT (9.273713435000047 48.757053513000074)",Unfall 42937 (2017) Kat:3, Licht: 0,42937,3,3,5,03,17,5,0,0,0,1,0,0,,0
"POINT (9.171355479000056 48.774975793000067)",Unfall 42982 (2017) Kat:3, Licht: 0,42982,3,6,2,03,10,7,1,0,0,1,0,0,,0
"POINT (9.107180911000057 48.725250199000072)",Unfall 42983 (2017) Kat:3, Licht: 0,42983,3,6,2,03,17,7,1,0,0,1,0,0,,0
"POINT (9.118193368000050 48.758459045000052)",Unfall 42984 (2017) Kat:2, Licht: 0,42984,2,1,0,03,13,7,1,0,0,1,0,0,,0
"POINT (9.152237860000071 48.834698204000063)",Unfall 43011 (2017) Kat:3, Licht: 0,43011,3,2,5,03,10,6,0,0,0,1,0,0,,0
"POINT (9.226921510000068 48.805191372000081)",Unfall 43014 (2017) Kat:3, Licht: 0,43014,3,2,5,03,17,6,0,0,1,1,0,0,,0
"POINT (9.183486711000057 48.803219708000029)",Unfall 43015 (2017) Kat:3, Licht: 1,43015,3,6,3,03,18,6,0,1,0,1,0,1,,0
"POINT (9.095132313000022 48.730655141000057)",Unfall 43085 (2017) Kat:3, Licht: 0,43085,3,6,2,03,16,6,0,0,0,1,0,0,,0
"POINT (9.181270652000023 48.792389048000075)",Unfall 43086 (2017) Kat:3, Licht: 0,43086,3,3,5,03,09,6,0,0,1,1,0,0,,0
"POINT (9.182418807000033 48.776356066000062)",Unfall 43151 (2017) Kat:3, Licht: 0,43151,3,7,3,03,09,2,0,0,0,0,0,1,,1
"POINT (9.086944468000070 48.802822056000082)",Unfall 43153 (2017) Kat:3, Licht: 0,43153,3,2,5,03,14,2,0,0,0,1,0,0,,0
"POINT (9.178915596000024 48.701378772000055)",Unfall 43189 (2017) Kat:3, Licht: 0,43189,3,6,3,03,16,5,0,0,0,1,0,0,,1
"POINT (9.233704871000043 48.814263484000037)",Unfall 43251 (2017) Kat:3, Licht: 0,43251,3,3,5,03,17,5,0,0,0,0,0,0,,1
"POINT (9.135810660000061 48.842542875000049)",Unfall 43260 (2017) Kat:3, Licht: 0,43260,3,6,2,03,08,5,0,0,0,1,0,0,,1
"POINT (9.143314763000035 48.754163436000056)",Unfall 43261 (2017) Kat:3, Licht: 2,43261,3,6,2,03,06,5,0,2,0,1,0,0,,0
"POINT (9.166056523000066 48.747712614000079)",Unfall 43262 (2017) Kat:3, Licht: 0,43262,3,3,5,03,15,5,0,0,0,1,0,0,,1
"POINT (9.141732545000025 48.781277164000073)",Unfall 43263 (2017) Kat:3, Licht: 2,43263,3,1,1,03,23,5,0,2,0,1,0,1,,0
"POINT (9.098203001000059 48.712397055000054)",Unfall 43337 (2017) Kat:3, Licht: 0,43337,3,6,2,03,07,4,1,0,0,1,0,0,,0
"POINT (9.188000302000035 48.783024556000044)",Unfall 43347 (2017) Kat:3, Licht: 1,43347,3,1,0,03,16,7,0,1,0,1,0,1,,0
"POINT (9.202406505000056 48.807842182000059)",Unfall 43361 (2017) Kat:2, Licht: 0,43361,2,2,5,03,17,7,0,0,1,1,0,0,,0
"POINT (9.209713167000075 48.799165997000046)",Unfall 43369 (2017) Kat:3, Licht: 2,43369,3,6,2,03,00,4,0,2,0,1,0,0,,1
"POINT (9.205172004000076 48.808147954000049)",Unfall 43370 (2017) Kat:3, Licht: 0,43370,3,6,2,03,10,4,0,0,0,1,0,0,,0
"POINT (9.182269411000050 48.794317000000035)",Unfall 43371 (2017) Kat:3, Licht: 1,43371,3,7,0,03,19,4,0,1,0,1,0,0,,0
"POINT (9.130588016000047 48.728497812000057)",Unfall 43381 (2017) Kat:2, Licht: 2,43381,2,3,5,03,05,4,1,2,0,1,0,0,,0
"POINT (9.080787369000063 48.756151459000080)",Unfall 43388 (2017) Kat:3, Licht: 0,43388,3,6,2,03,06,4,1,0,0,1,0,0,,0
"POINT (9.209682841000074 48.799148999000067)",Unfall 43465 (2017) Kat:3, Licht: 2,43465,3,2,5,03,22,3,0,2,0,1,0,0,,0
"POINT (9.177630303000058 48.810939267000037)",Unfall 43468 (2017) Kat:3, Licht: 0,43468,3,6,2,03,07,3,0,0,0,1,0,0,,1
"POINT (9.213414048000061 48.800849565000078)",Unfall 43470 (2017) Kat:3, Licht: 0,43470,3,2,2,03,16,3,0,0,0,1,1,0,,0
"POINT (9.180435211000031 48.786593269000036)",Unfall 43472 (2017) Kat:3, Licht: 0,43472,3,6,2,03,12,3,0,0,0,1,0,0,,0
"POINT (9.201044719000038 48.780202448000068)",Unfall 43473 (2017) Kat:3, Licht: 0,43473,3,6,2,03,14,3,0,0,0,1,0,0,,0
"POINT (9.135662636000063 48.756566113000076)",Unfall 43514 (2017) Kat:3, Licht: 0,43514,3,6,2,03,07,3,0,0,0,1,0,0,,1
"POINT (9.221812396000075 48.789121791000071)",Unfall 43528 (2017) Kat:3, Licht: 2,43528,3,2,5,03,23,3,1,2,0,1,0,0,,0
"POINT (9.169066236000049 48.705910402000029)",Unfall 43562 (2017) Kat:3, Licht: 0,43562,3,6,2,03,08,2,0,0,0,1,0,0,,1
"POINT (9.167419306000056 48.814370296000050)",Unfall 43571 (2017) Kat:3, Licht: 0,43571,3,7,6,03,15,2,0,0,0,1,1,0,,0
"POINT (9.177676928000039 48.815800680000052)",Unfall 43572 (2017) Kat:3, Licht: 0,43572,3,2,5,03,08,2,0,0,1,1,0,0,,0
"POINT (9.148114678000070 48.728404577000049)",Unfall 43573 (2017) Kat:3, Licht: 0,43573,3,4,6,03,07,2,0,0,0,1,1,0,,0
"POINT (9.162642004000077 48.706219133000047)",Unfall 43601 (2017) Kat:3, Licht: 0,43601,3,6,2,03,08,4,0,0,0,1,0,0,,1
"POINT (9.095684979000055 48.713015640000037)",Unfall 43604 (2017) Kat:2, Licht: 0,43604,2,6,2,03,09,4,0,0,0,1,0,1,,0
"POINT (9.169776439000032 48.765072570000029)",Unfall 43624 (2017) Kat:3, Licht: 0,43624,3,3,5,03,10,4,0,0,0,1,0,0,,1
"POINT (9.156227083000033 48.849183462000042)",Unfall 43625 (2017) Kat:2, Licht: 0,43625,2,2,6,03,17,4,0,0,0,1,1,0,,0
"POINT (9.179439842000022 48.813600535000035)",Unfall 43626 (2017) Kat:3, Licht: 0,43626,3,6,2,03,16,4,0,0,0,1,0,0,,0
"POINT (9.183389146000025 48.775377693000053)",Unfall 43627 (2017) Kat:3, Licht: 0,43627,3,6,2,03,13,4,0,0,0,1,0,0,,0
"POINT (9.202955302000021 48.795513114000073)",Unfall 43628 (2017) Kat:3, Licht: 0,43628,3,6,2,03,15,4,0,0,0,1,0,0,,0
"POINT (9.174167572000044 48.777444852000031)",Unfall 43629 (2017) Kat:3, Licht: 0,43629,3,6,2,03,14,4,0,0,0,1,0,0,,0
"POINT (9.169490225000061 48.825109470000029)",Unfall 43630 (2017) Kat:3, Licht: 0,43630,3,3,5,03,17,4,0,0,0,1,0,0,,0
"POINT (9.212545526000042 48.800474734000034)",Unfall 43631 (2017) Kat:3, Licht: 0,43631,3,7,3,03,18,4,0,0,0,1,0,1,,0