WKT,Name,OBJECTID,UKATEGORIE,UTYP1,UART,UMONAT,USTUNDE,UWOCHENTAG,STRZUSTAND,ULICHTVERH,ISTRAD,ISTPKW,ISTFUSS,ISTKRAD,ISTGKFZ,ISTSONSTIG
"POINT (9.181274578000057 48.792399302000035)",Unfall 43632 (2017) Kat:3, Licht: 0,43632,3,3,5,03,16,4,0,0,0,1,0,1,,0
"POINT (9.171790523000027 48.823956790000068)",Unfall 43633 (2017) Kat:3, Licht: 0,43633,3,6,2,03,15,4,0,0,0,1,0,0,,0
"POINT (9.161477852000076 48.812793440000064)",Unfall 43725 (2017) Kat:2, Licht: 0,43725,2,3,5,03,08,3,0,0,0,1,0,0,,0
"POINT (9.179914472000064 48.810701997000081)",Unfall 43726 (2017) Kat:3, Licht: 0,43726,3,6,2,03,19,3,0,0,0,1,0,0,,0
"POINT (9.172653178000076 48.775956025000028)",Unfall 43795 (2017) Kat:3, Licht: 0,43795,3,5,1,03,16,2,0,0,0,1,0,1,,0
"POINT (9.236240666000072 48.843938759000025)",Unfall 43796 (2017) Kat:3, Licht: 0,43796,3,6,2,03,16,2,0,0,0,1,0,1,,0
"POINT (9.205818906000047 48.703180727000074)",Unfall 43797 (2017) Kat:3, Licht: 0,43797,3,6,2,03,15,2,0,0,0,1,0,0,,0
"POINT (9.181808388000036 48.776938023000071)",Unfall 43798 (2017) Kat:3, Licht: 0,43798,3,6,2,03,09,2,0,0,0,1,0,0,,0
"POINT (9.173389094000072 48.801933515000030)",Unfall 43837 (2017) Kat:3, Licht: 2,43837,3,2,2,03,05,1,0,2,0,1,0,0,,0
"POINT (9.224765362000028 48.817947004000075)",Unfall 43838 (2017) Kat:3, Licht: 2,43838,3,1,0,03,00,1,0,2,1,0,0,0,,0
"POINT (9.173883511000042 48.769678807000048)",Unfall 43839 (2017) Kat:3, Licht: 0,43839,3,1,0,03,07,1,0,0,0,1,0,0,,0
"POINT (9.223752012000034 48.790624993000051)",Unfall 43904 (2017) Kat:3, Licht: 0,43904,3,7,0,04,16,1,0,0,0,1,0,1,,0
"POINT (9.174108337000064 48.821183659000042)",Unfall 43905 (2017) Kat:3, Licht: 2,43905,3,6,2,04,21,1,0,2,0,1,0,0,,0
"POINT (9.190564821000066 48.780165770000053)",Unfall 43970 (2017) Kat:3, Licht: 0,43970,3,6,2,04,13,7,0,0,0,1,0,0,,0
"POINT (9.112076244000036 48.729829359000064)",Unfall 43971 (2017) Kat:2, Licht: 0,43971,2,3,5,04,15,7,0,0,1,0,0,0,,1
"POINT (9.097349263000069 48.818537632000073)",Unfall 43972 (2017) Kat:3, Licht: 0,43972,3,6,2,04,13,7,0,0,0,1,0,0,,0
"POINT (9.208213949000026 48.806831679000027)",Unfall 43973 (2017) Kat:3, Licht: 0,43973,3,3,5,04,15,7,0,0,1,1,0,0,,0
"POINT (9.220625440000049 48.830889811000077)",Unfall 43974 (2017) Kat:3, Licht: 0,43974,3,3,5,04,17,7,0,0,0,1,0,1,,0
"POINT (9.189462044000038 48.786930873000074)",Unfall 44065 (2017) Kat:3, Licht: 0,44065,3,7,0,03,12,6,1,0,0,0,0,1,,0
"POINT (9.226741842000024 48.820741340000041)",Unfall 44066 (2017) Kat:3, Licht: 0,44066,3,6,2,03,19,6,0,0,0,1,0,0,,0
"POINT (9.180990577000046 48.790396861000033)",Unfall 44067 (2017) Kat:2, Licht: 1,44067,2,6,3,03,20,6,0,1,0,1,0,1,,0
"POINT (9.158094533000053 48.706992620000051)",Unfall 44133 (2017) Kat:3, Licht: 0,44133,3,6,2,03,17,5,0,0,0,1,0,0,,0
"POINT (9.211313411000049 48.803953039000078)",Unfall 44150 (2017) Kat:2, Licht: 0,44150,2,6,2,03,16,5,0,0,0,1,0,1,,0
"POINT (9.145643917000029 48.783284198000047)",Unfall 44186 (2017) Kat:3, Licht: 0,44186,3,1,1,04,18,7,0,0,0,1,0,1,,0
"POINT (9.210303288000034 48.798127860000079)",Unfall 44187 (2017) Kat:3, Licht: 2,44187,3,6,2,04,16,7,0,2,0,1,0,0,,0
"POINT (9.190538758000059 48.780172713000070)",Unfall 44249 (2017) Kat:2, Licht: 0,44249,2,6,2,04,16,6,0,0,0,1,0,0,,0
"POINT (9.161494853000022 48.812805541000046)",Unfall 44250 (2017) Kat:3, Licht: 2,44250,3,7,4,04,22,6,0,2,0,1,0,0,,0
"POINT (9.252187961000061 48.757459893000032)",Unfall 44251 (2017) Kat:3, Licht: 0,44251,3,6,2,04,15,6,0,0,0,1,0,0,,0
"POINT (9.197763634000069 48.772363505000044)",Unfall 44252 (2017) Kat:3, Licht: 0,44252,3,2,6,04,07,6,0,0,0,0,1,0,,1
"POINT (9.183808789000068 48.804768825000053)",Unfall 44321 (2017) Kat:2, Licht: 2,44321,2,1,9,04,19,5,0,2,0,0,0,1,,0
"POINT (9.209301066000023 48.806194681000079)",Unfall 44322 (2017) Kat:3, Licht: 0,44322,3,6,2,04,07,5,0,0,0,1,0,0,,0
"POINT (9.165329028000031 48.708178110000063)",Unfall 44369 (2017) Kat:3, Licht: 0,44369,3,6,2,04,18,4,0,0,0,1,0,0,,0
"POINT (9.249042293000059 48.780507198000066)",Unfall 44389 (2017) Kat:3, Licht: 0,44389,3,3,5,04,06,4,0,0,0,1,0,0,,0
"POINT (9.171553563000032 48.774952774000042)",Unfall 44390 (2017) Kat:3, Licht: 0,44390,3,3,5,04,07,4,0,0,1,1,0,0,,0
"POINT (9.189935701000024 48.780333364000057)",Unfall 44391 (2017) Kat:3, Licht: 0,44391,3,6,2,04,12,4,0,0,0,1,0,0,,0
"POINT (9.153687350000041 48.834058093000067)",Unfall 44392 (2017) Kat:3, Licht: 0,44392,3,6,2,04,14,4,0,0,0,1,0,0,,1
"POINT (9.156832672000064 48.832734082000059)",Unfall 44393 (2017) Kat:3, Licht: 0,44393,3,6,2,04,15,4,0,0,0,1,0,0,,0
"POINT (9.181675503000065 48.759534121000058)",Unfall 44394 (2017) Kat:3, Licht: 0,44394,3,6,2,04,16,4,0,0,0,1,0,0,,0
"POINT (9.071581750000064 48.727686185000039)",Unfall 44432 (2017) Kat:3, Licht: 0,44432,3,6,2,04,08,3,0,0,0,1,0,0,,0
"POINT (9.135191676000034 48.745871433000048)",Unfall 44449 (2017) Kat:3, Licht: 0,44449,3,6,2,04,18,3,0,0,0,1,0,0,,0
"POINT (9.169677212000067 48.763902019000056)",Unfall 44450 (2017) Kat:3, Licht: 2,44450,3,2,2,04,22,3,0,2,0,1,0,0,,0
"POINT (9.166781175000040 48.723784427000055)",Unfall 44451 (2017) Kat:3, Licht: 0,44451,3,2,5,04,08,3,0,0,0,1,0,0,,0
"POINT (9.273702905000050 48.757240344000081)",Unfall 44452 (2017) Kat:3, Licht: 0,44452,3,6,3,04,10,3,0,0,0,1,0,1,,0
"POINT (9.125357454000039 48.729525991000060)",Unfall 44453 (2017) Kat:3, Licht: 0,44453,3,6,2,04,13,3,0,0,0,1,0,0,,0
"POINT (9.191553503000023 48.788758534000067)",Unfall 44454 (2017) Kat:3, Licht: 0,44454,3,6,2,04,18,3,0,0,0,1,0,0,,1
"POINT (9.180571729000064 48.787199891000057)",Unfall 44455 (2017) Kat:3, Licht: 0,44455,3,6,2,04,16,3,0,0,0,1,0,0,,0
"POINT (9.189397977000056 48.780483729000082)",Unfall 44456 (2017) Kat:3, Licht: 0,44456,3,6,2,04,10,3,0,0,0,1,0,0,,1
"POINT (9.091699347000031 48.820307137000043)",Unfall 44518 (2017) Kat:3, Licht: 0,44518,3,6,2,04,19,2,0,0,0,1,0,0,,1
"POINT (9.182064320000052 48.766360037000027)",Unfall 44519 (2017) Kat:3, Licht: 0,44519,3,6,2,04,09,2,0,0,0,1,0,0,,0
"POINT (9.177662517000044 48.815822657000069)",Unfall 44520 (2017) Kat:2, Licht: 0,44520,2,3,5,04,15,2,0,0,1,1,0,0,,0
"POINT (9.139535593000062 48.727757921000034)",Unfall 44521 (2017) Kat:3, Licht: 0,44521,3,3,5,04,18,2,0,0,1,1,0,0,,0
"POINT (9.171415569000033 48.775064191000070)",Unfall 44522 (2017) Kat:3, Licht: 0,44522,3,6,2,04,17,2,0,0,0,1,0,1,,0
"POINT (9.182969788000037 48.775951778000035)",Unfall 44572 (2017) Kat:3, Licht: 0,44572,3,2,5,04,17,5,0,0,0,1,0,1,,0
"POINT (9.215291635000028 48.802297719000080)",Unfall 44573 (2017) Kat:3, Licht: 2,44573,3,2,5,04,20,5,0,2,1,1,0,0,,0
"POINT (9.138937601000066 48.840699313000073)",Unfall 44574 (2017) Kat:3, Licht: 0,44574,3,6,2,04,19,5,0,0,0,1,0,0,,0
"POINT (9.211334731000022 48.804032336000034)",Unfall 44575 (2017) Kat:3, Licht: 1,44575,3,6,2,04,06,5,0,1,0,1,0,0,,0
"POINT (9.180036545000064 48.843816610000033)",Unfall 44576 (2017) Kat:3, Licht: 0,44576,3,6,2,04,16,5,0,0,0,1,0,0,,0
"POINT (9.216479648000075 48.793854643000032)",Unfall 44577 (2017) Kat:3, Licht: 0,44577,3,6,2,04,13,5,0,0,0,1,0,0,,1
"POINT (9.181318746000045 48.774770991000025)",Unfall 44618 (2017) Kat:3, Licht: 2,44618,3,5,1,04,01,1,0,2,0,1,0,0,,0
"POINT (9.085195335000037 48.716465818000074)",Unfall 44638 (2017) Kat:3, Licht: 0,44638,3,6,2,04,19,4,0,0,0,1,0,0,,0
"POINT (9.222128899000040 48.795738338000035)",Unfall 44659 (2017) Kat:3, Licht: 0,44659,3,6,2,04,14,4,0,0,0,1,0,0,,0
"POINT (9.177302893000046 48.782215615000041)",Unfall 44660 (2017) Kat:3, Licht: 0,44660,3,4,6,04,11,4,0,0,0,0,1,0,,1
"POINT (9.159639973000026 48.811814133000041)",Unfall 44661 (2017) Kat:3, Licht: 0,44661,3,2,5,04,10,4,0,0,0,1,0,0,,0
"POINT (9.174044917000060 48.821254840000051)",Unfall 44727 (2017) Kat:3, Licht: 0,44727,3,3,5,04,16,3,0,0,0,1,0,0,,1
"POINT (9.222792942000069 48.804350815000078)",Unfall 44728 (2017) Kat:3, Licht: 0,44728,3,2,5,04,17,3,0,0,0,1,0,1,,0
"POINT (9.250117402000058 48.780870155000059)",Unfall 44729 (2017) Kat:3, Licht: 0,44729,3,5,1,04,13,3,0,0,0,1,0,1,,0
"POINT (9.172295208000037 48.752001221000057)",Unfall 44730 (2017) Kat:3, Licht: 2,44730,3,6,2,04,23,3,0,2,0,1,0,0,,0
"POINT (9.177662517000044 48.815822657000069)",Unfall 44731 (2017) Kat:3, Licht: 0,44731,3,2,5,04,14,3,0,0,0,1,0,0,,0
"POINT (9.184310552000056 48.768346985000051)",Unfall 44804 (2017) Kat:2, Licht: 0,44804,2,4,6,04,08,2,0,0,0,0,1,0,,1
"POINT (9.207678575000045 48.732231474000059)",Unfall 44805 (2017) Kat:3, Licht: 0,44805,3,1,9,04,06,2,0,0,0,1,0,0,,0
"POINT (9.233599799000047 48.806064916000025)",Unfall 44806 (2017) Kat:3, Licht: 0,44806,3,2,5,04,10,2,0,0,1,1,0,0,,0
"POINT (9.196993323000072 48.699255619000041)",Unfall 44807 (2017) Kat:3, Licht: 0,44807,3,3,5,04,12,2,0,0,1,1,0,0,,0
"POINT (9.109678693000035 48.727375198000061)",Unfall 44808 (2017) Kat:3, Licht: 0,44808,3,6,3,04,10,2,0,0,0,1,0,0,,1
"POINT (9.217467592000048 48.803253420000033)",Unfall 44982 (2017) Kat:2, Licht: 0,44982,2,2,5,04,15,6,0,0,1,1,0,0,,0
"POINT (9.174120677000076 48.803469637000035)",Unfall 44983 (2017) Kat:3, Licht: 0,44983,3,6,2,04,17,6,0,0,0,1,0,0,,0
"POINT (9.180988404000061 48.774343371000043)",Unfall 45011 (2017) Kat:3, Licht: 0,45011,3,6,2,04,15,6,0,0,0,1,0,1,,0
"POINT (9.215431900000056 48.794737957000052)",Unfall 45012 (2017) Kat:3, Licht: 2,45012,3,6,3,04,00,6,0,2,0,1,0,0,,0
"POINT (9.096761816000026 48.802819232000047)",Unfall 45061 (2017) Kat:3, Licht: 0,45061,3,6,2,04,07,5,0,0,0,1,0,0,,0
"POINT (9.179694552000058 48.761362904000066)",Unfall 45108 (2017) Kat:3, Licht: 0,45108,3,1,4,04,11,4,1,0,0,1,0,0,,0
"POINT (9.095039504000056 48.730653957000072)",Unfall 45109 (2017) Kat:3, Licht: 0,45109,3,7,4,04,19,4,0,0,0,1,0,0,,0
"POINT (9.157269912000061 48.840025437000065)",Unfall 45110 (2017) Kat:3, Licht: 0,45110,3,6,2,04,10,4,1,0,0,1,0,0,,1
"POINT (9.241350413000021 48.758072543000026)",Unfall 45111 (2017) Kat:3, Licht: 0,45111,3,2,6,04,20,4,0,0,0,1,1,0,,0
"POINT (9.116735720000065 48.708701568000038)",Unfall 45170 (2017) Kat:3, Licht: 0,45170,3,6,2,04,18,3,1,0,0,1,0,0,,0
"POINT (9.175938973000029 48.703295086000026)",Unfall 45175 (2017) Kat:2, Licht: 0,45175,2,6,2,04,06,3,2,0,0,1,0,0,,1
"POINT (9.175972703000070 48.703280321000079)",Unfall 45177 (2017) Kat:2, Licht: 0,45177,2,1,8,04,06,3,2,0,0,1,0,0,,0
"POINT (9.167642107000063 48.814387983000074)",Unfall 45183 (2017) Kat:3, Licht: 0,45183,3,6,2,04,11,3,1,0,0,1,0,0,,0
"POINT (9.167101894000041 48.836110028000064)",Unfall 45184 (2017) Kat:3, Licht: 0,45184,3,6,2,04,10,3,1,0,0,1,0,0,,0
"POINT (9.184640402000071 48.808977559000027)",Unfall 45185 (2017) Kat:3, Licht: 0,45185,3,2,5,04,11,3,1,0,0,1,0,0,,0
"POINT (9.167721223000058 48.748650590000068)",Unfall 45186 (2017) Kat:3, Licht: 0,45186,3,6,2,04,13,3,0,0,0,1,0,0,,0
"POINT (9.175278594000076 48.823032739000041)",Unfall 45187 (2017) Kat:3, Licht: 0,45187,3,6,2,04,18,3,0,0,0,1,0,0,,0
"POINT (9.237112479000075 48.753901732000031)",Unfall 45188 (2017) Kat:3, Licht: 0,45188,3,1,8,04,07,3,2,0,0,1,0,0,,0
"POINT (9.225187733000041 48.791714884000044)",Unfall 45215 (2017) Kat:3, Licht: 0,45215,3,6,3,04,18,2,1,0,0,1,0,0,,0
"POINT (9.200539295000056 48.766478800000073)",Unfall 45238 (2017) Kat:3, Licht: 0,45238,3,2,6,04,17,1,1,0,0,1,1,0,,0
"POINT (9.229314577000025 48.812735082000074)",Unfall 45274 (2017) Kat:3, Licht: 2,45274,3,2,6,04,22,7,0,2,0,1,1,0,,0
"POINT (9.160556509000060 48.831111433000046)",Unfall 45276 (2017) Kat:3, Licht: 0,45276,3,6,2,04,12,7,0,0,0,1,0,0,,0
"POINT (9.160467543000038 48.814340797000057)",Unfall 45277 (2017) Kat:3, Licht: 2,45277,3,6,2,04,22,7,1,2,0,1,0,0,,0
"POINT (9.226445908000073 48.741450043000043)",Unfall 45296 (2017) Kat:3, Licht: 0,45296,3,1,4,05,10,2,1,0,0,1,0,0,,0
"POINT (9.221575248000022 48.796031798000058)",Unfall 45303 (2017) Kat:3, Licht: 0,45303,3,6,3,04,15,1,0,0,0,1,0,1,,0
"POINT (9.092035255000042 48.802748164000036)",Unfall 45325 (2017) Kat:3, Licht: 0,45325,3,6,2,04,14,7,0,0,0,1,0,0,,0
"POINT (9.221437143000060 48.694684980000034)",Unfall 45326 (2017) Kat:3, Licht: 0,45326,3,6,2,04,06,7,1,0,0,1,0,0,,0
"POINT (9.209144272000060 48.799298322000027)",Unfall 45405 (2017) Kat:3, Licht: 0,45405,3,1,2,05,16,2,1,0,0,1,0,0,,0
"POINT (9.229453433000060 48.812494756000035)",Unfall 45417 (2017) Kat:3, Licht: 0,45417,3,6,3,04,09,6,0,0,0,1,0,0,,1
"POINT (9.221555864000038 48.694727784000065)",Unfall 45431 (2017) Kat:3, Licht: 1,45431,3,6,2,05,21,2,1,1,0,1,0,0,,0
"POINT (9.130549640000027 48.740576829000076)",Unfall 45479 (2017) Kat:3, Licht: 0,45479,3,5,1,04,11,5,1,0,1,1,0,0,,0
"POINT (9.233379070000069 48.787080254000045)",Unfall 45480 (2017) Kat:2, Licht: 2,45480,2,6,6,04,01,5,1,2,0,1,1,0,,0
"POINT (9.217249791000029 48.803189301000032)",Unfall 45486 (2017) Kat:3, Licht: 0,45486,3,3,5,04,12,5,1,0,1,1,0,0,,0
"POINT (9.106357364000075 48.721766500000058)",Unfall 45487 (2017) Kat:3, Licht: 0,45487,3,6,2,04,10,5,1,0,0,1,0,0,,0
"POINT (9.215327073000026 48.802549483000064)",Unfall 45502 (2017) Kat:3, Licht: 2,45502,3,1,9,05,05,2,0,2,0,1,0,0,,0
"POINT (9.082439897000029 48.756121332000077)",Unfall 45504 (2017) Kat:2, Licht: 0,45504,2,7,3,04,15,1,0,0,0,1,0,0,,0
"POINT (9.236619959000052 48.815791308000030)",Unfall 45564 (2017) Kat:3, Licht: 0,45564,3,1,4,04,16,4,0,0,0,1,0,0,,1
"POINT (9.219862615000068 48.790657506000059)",Unfall 45565 (2017) Kat:3, Licht: 0,45565,3,6,2,04,17,4,0,0,0,1,0,0,,1
"POINT (9.182738392000033 48.798242630000061)",Unfall 45567 (2017) Kat:3, Licht: 0,45567,3,4,6,05,15,2,1,0,0,0,1,0,,1
"POINT (9.173883511000042 48.769678807000048)",Unfall 45569 (2017) Kat:3, Licht: 2,45569,3,3,5,04,21,4,0,2,0,1,0,1,,0
"POINT (9.077268758000059 48.755800405000059)",Unfall 45570 (2017) Kat:2, Licht: 0,45570,2,1,4,04,16,1,0,0,0,1,0,1,,0
"POINT (9.216089605000036 48.799163507000060)",Unfall 45573 (2017) Kat:2, Licht: 0,45573,2,1,0,04,11,4,1,0,0,0,0,1,,0
"POINT (9.226912656000025 48.786749725000050)",Unfall 45574 (2017) Kat:3, Licht: 0,45574,3,6,2,04,09,4,1,0,0,1,0,0,,0
"POINT (9.146092943000042 48.783568655000067)",Unfall 45575 (2017) Kat:3, Licht: 0,45575,3,1,0,04,07,4,1,0,0,0,0,1,,0
"POINT (9.220275182000023 48.739289558000053)",Unfall 45593 (2017) Kat:3, Licht: 0,45593,3,1,0,05,18,2,1,0,0,0,0,1,,0
"POINT (9.079965434000030 48.719701394000026)",Unfall 45630 (2017) Kat:3, Licht: 0,45630,3,6,2,04,11,3,0,0,0,1,0,0,,1
"POINT (9.183156851000035 48.801234925000074)",Unfall 45648 (2017) Kat:3, Licht: 0,45648,3,6,2,04,15,3,0,0,0,1,0,0,,0
"POINT (9.164067104000026 48.851120627000057)",Unfall 45674 (2017) Kat:2, Licht: 2,45674,2,3,2,05,21,2,1,2,0,1,0,0,,0
"POINT (9.219535914000062 48.803767013000027)",Unfall 45741 (2017) Kat:3, Licht: 0,45741,3,3,5,04,17,2,0,0,0,1,0,0,,1
"POINT (9.175321504000067 48.779287659000033)",Unfall 45742 (2017) Kat:3, Licht: 0,45742,3,6,2,04,09,2,0,0,0,1,0,0,,0
"POINT (9.217649513000026 48.814512898000032)",Unfall 45743 (2017) Kat:3, Licht: 2,45743,3,3,5,04,20,2,0,2,0,1,0,0,,0
"POINT (9.219390884000063 48.787469429000055)",Unfall 45744 (2017) Kat:3, Licht: 1,45744,3,3,5,04,22,2,0,1,0,1,0,0,,0
"POINT (9.230125862000023 48.785381143000052)",Unfall 45768 (2017) Kat:3, Licht: 0,45768,3,1,0,05,15,2,1,0,0,1,0,0,,0
"POINT (9.250726855000039 48.769723109000040)",Unfall 45769 (2017) Kat:3, Licht: 0,45769,3,6,2,05,14,2,0,0,0,1,0,0,,0
"POINT (9.201331582000023 48.794858862000069)",Unfall 45770 (2017) Kat:3, Licht: 0,45770,3,6,2,05,11,2,1,0,0,1,0,0,,0
"POINT (9.221776673000022 48.694686118000050)",Unfall 45800 (2017) Kat:3, Licht: 2,45800,3,6,2,05,03,1,1,2,0,1,0,0,,0
"POINT (9.225922989000026 48.818982965000032)",Unfall 45802 (2017) Kat:3, Licht: 2,45802,3,1,9,05,23,1,1,2,0,1,0,0,,0
"POINT (9.190065464000043 48.757114110000032)",Unfall 45809 (2017) Kat:3, Licht: 0,45809,3,6,2,05,14,1,1,0,0,1,0,0,,0
"POINT (9.203390925000065 48.779333159000032)",Unfall 45830 (2017) Kat:3, Licht: 0,45830,3,2,5,05,09,4,0,0,1,1,0,0,,0
"POINT (9.242337404000068 48.808337726000047)",Unfall 45832 (2017) Kat:3, Licht: 0,45832,3,2,5,05,08,4,0,0,1,1,0,0,,0
"POINT (9.209950771000024 48.701322762000075)",Unfall 45840 (2017) Kat:3, Licht: 0,45840,3,5,1,05,15,4,0,0,0,1,0,1,,0
"POINT (9.209533024000052 48.806057403000068)",Unfall 45841 (2017) Kat:3, Licht: 0,45841,3,6,2,05,10,4,0,0,0,1,0,0,,1
"POINT (9.226645572000052 48.805118713000070)",Unfall 45857 (2017) Kat:3, Licht: 0,45857,3,7,0,05,15,7,0,0,0,1,0,0,,1
"POINT (9.183404407000069 48.776899085000082)",Unfall 45940 (2017) Kat:2, Licht: 2,45940,2,4,6,05,22,6,0,2,0,1,1,0,,0
"POINT (9.184841610000035 48.809358944000053)",Unfall 45941 (2017) Kat:3, Licht: 0,45941,3,6,2,05,18,6,0,0,0,1,0,0,,0
"POINT (9.242383498000038 48.789258839000070)",Unfall 45942 (2017) Kat:2, Licht: 0,45942,2,2,5,05,15,6,0,0,0,1,0,0,,0
"POINT (9.235765117000028 48.815418768000029)",Unfall 45943 (2017) Kat:3, Licht: 1,45943,3,6,2,05,20,6,0,1,0,1,0,0,,0
"POINT (9.166000331000021 48.747796173000040)",Unfall 45944 (2017) Kat:3, Licht: 0,45944,3,1,4,05,15,6,0,0,0,0,0,1,,1
"POINT (9.180737826000041 48.764486741000042)",Unfall 46036 (2017) Kat:3, Licht: 2,46036,3,1,2,05,22,5,0,2,0,1,0,0,,0
"POINT (9.231787197000074 48.783981968000035)",Unfall 46037 (2017) Kat:3, Licht: 0,46037,3,6,2,05,09,5,0,0,0,1,0,0,,0
"POINT (9.179629938000062 48.761640765000038)",Unfall 46038 (2017) Kat:3, Licht: 0,46038,3,6,2,05,16,5,1,0,0,1,0,0,,0
"POINT (9.116323532000024 48.729810110000074)",Unfall 46091 (2017) Kat:3, Licht: 0,46091,3,3,5,05,13,3,0,0,1,0,0,0,,1
"POINT (9.097767688000033 48.820386703000054)",Unfall 46092 (2017) Kat:3, Licht: 0,46092,3,3,5,05,16,3,0,0,0,1,0,0,,0
"POINT (9.174954873000047 48.805138168000042)",Unfall 46093 (2017) Kat:3, Licht: 0,46093,3,6,2,05,08,3,1,0,0,1,0,0,,0
"POINT (9.170477421000044 48.799078511000062)",Unfall 46147 (2017) Kat:3, Licht: 0,46147,3,3,0,05,18,4,0,0,0,1,0,0,,1
"POINT (9.145874130000038 48.771826959000066)",Unfall 46148 (2017) Kat:3, Licht: 0,46148,3,1,0,05,17,4,0,0,0,0,0,1,,0
"POINT (9.256031563000022 48.761963103000028)",Unfall 46149 (2017) Kat:3, Licht: 2,46149,3,1,9,05,03,4,1,2,0,0,0,0,,1
"POINT (9.215901441000028 48.794259873000044)",Unfall 46246 (2017) Kat:3, Licht: 0,46246,3,6,2,05,09,3,1,0,0,1,0,0,,0
"POINT (9.097762564000050 48.712677895000070)",Unfall 46258 (2017) Kat:3, Licht: 0,46258,3,6,2,05,15,7,0,0,0,1,0,0,,0
"POINT (9.174319484000023 48.769395251000049)",Unfall 46286 (2017) Kat:3, Licht: 0,46286,3,3,5,05,19,5,1,0,0,1,0,0,,0
"POINT (9.144047001000047 48.834777802000076)",Unfall 46287 (2017) Kat:2, Licht: 0,46287,2,6,4,05,09,5,0,0,0,1,0,1,,0
"POINT (9.143662345000053 48.834608063000076)",Unfall 46288 (2017) Kat:3, Licht: 0,46288,3,3,5,05,16,5,0,0,0,1,0,1,,0
"POINT (9.130622343000027 48.728494933000036)",Unfall 46289 (2017) Kat:3, Licht: 0,46289,3,3,5,05,18,5,1,0,0,1,0,0,,0
"POINT (9.187166076000040 48.771072622000077)",Unfall 46290 (2017) Kat:3, Licht: 0,46290,3,3,6,05,15,5,0,0,0,1,1,0,,0
"POINT (9.097348756000031 48.818537857000081)",Unfall 46291 (2017) Kat:3, Licht: 0,46291,3,6,2,05,19,5,1,0,0,1,0,1,,0
"POINT (9.185276511000041 48.809240936000037)",Unfall 46292 (2017) Kat:2, Licht: 0,46292,2,1,0,05,07,5,0,0,1,0,0,0,,0
"POINT (9.104049577000069 48.729957149000029)",Unfall 46293 (2017) Kat:3, Licht: 0,46293,3,6,2,05,17,5,0,0,0,1,0,0,,0
"POINT (9.180384038000057 48.786364855000045)",Unfall 46303 (2017) Kat:3, Licht: 0,46303,3,6,2,05,19,7,1,0,0,1,0,0,,0
"POINT (9.200066941000046 48.794250511000030)",Unfall 46305 (2017) Kat:3, Licht: 0,46305,3,6,2,05,16,7,0,0,0,1,0,0,,0
"POINT (9.175428216000057 48.819714724000050)",Unfall 46306 (2017) Kat:3, Licht: 0,46306,3,6,2,05,12,7,0,0,0,1,0,0,,0
"POINT (9.158721784000022 48.853958684000077)",Unfall 46430 (2017) Kat:2, Licht: 0,46430,2,3,5,05,19,4,0,0,0,1,0,1,,0
"POINT (9.167058173000044 48.811447736000048)",Unfall 46431 (2017) Kat:3, Licht: 0,46431,3,2,5,05,09,4,0,0,1,1,0,0,,0
"POINT (9.105957094000075 48.716955133000056)",Unfall 46510 (2017) Kat:3, Licht: 0,46510,3,3,5,05,16,6,0,0,0,1,0,1,,0
"POINT (9.147779098000058 48.837159954000072)",Unfall 46524 (2017) Kat:3, Licht: 1,46524,3,2,0,05,21,6,1,1,0,1,0,1,,0
"POINT (9.193455854000035 48.807117241000071)",Unfall 46525 (2017) Kat:3, Licht: 0,46525,3,6,2,05,06,6,1,0,0,1,0,0,,0
"POINT (9.101031132000060 48.755806657000051)",Unfall 46537 (2017) Kat:3, Licht: 0,46537,3,3,5,05,15,3,0,0,0,1,0,1,,0
"POINT (9.245743750000031 48.775757639000062)",Unfall 46538 (2017) Kat:3, Licht: 0,46538,3,6,2,05,15,3,0,0,0,1,0,0,,0
"POINT (9.192789180000034 48.807169182000052)",Unfall 46539 (2017) Kat:3, Licht: 0,46539,3,7,0,05,20,3,0,0,0,1,1,0,,1
"POINT (9.217672592000042 48.814552523000032)",Unfall 46540 (2017) Kat:3, Licht: 2,46540,3,3,5,05,21,3,0,2,0,1,0,0,,0
"POINT (9.172382807000076 48.730609795000078)",Unfall 46541 (2017) Kat:3, Licht: 0,46541,3,1,8,05,13,3,0,0,0,1,0,0,,0
"POINT (9.248901202000070 48.757084648000045)",Unfall 46648 (2017) Kat:2, Licht: 0,46648,2,6,0,05,08,2,0,0,1,1,0,0,,0
"POINT (9.088381347000052 48.753104960000030)",Unfall 46650 (2017) Kat:2, Licht: 0,46650,2,1,8,05,15,2,0,0,0,0,0,1,,0
"POINT (9.106830168000045 48.724431008000067)",Unfall 46655 (2017) Kat:3, Licht: 0,46655,3,2,5,05,18,2,0,0,1,1,0,0,,0
"POINT (9.226852798000039 48.805173174000060)",Unfall 46656 (2017) Kat:3, Licht: 0,46656,3,6,2,05,15,2,0,0,0,1,0,0,,1
"POINT (9.136306358000070 48.764991423000026)",Unfall 46658 (2017) Kat:3, Licht: 0,46658,3,6,2,05,07,2,1,0,0,1,0,0,,0
"POINT (9.182066441000075 48.775306573000080)",Unfall 46659 (2017) Kat:3, Licht: 0,46659,3,6,2,05,16,2,0,0,0,0,0,0,,1
"POINT (9.180063362000055 48.785764708000045)",Unfall 46661 (2017) Kat:3, Licht: 0,46661,3,3,5,05,16,2,0,0,0,1,0,0,,0
"POINT (9.140476100000058 48.710528417000035)",Unfall 46704 (2017) Kat:3, Licht: 0,46704,3,6,2,05,19,1,1,0,0,1,0,0,,0