WKT,Name,OBJECTID,UKATEGORIE,UTYP1,UART,UMONAT,USTUNDE,UWOCHENTAG,STRZUSTAND,ULICHTVERH,ISTRAD,ISTPKW,ISTFUSS,ISTKRAD,ISTGKFZ,ISTSONSTIG
"POINT (9.211858833000065 48.797324873000036)",Unfall 46720 (2017) Kat:3, Licht: 2,46720,3,1,3,05,04,1,0,2,0,1,0,0,,0
"POINT (9.232089363000057 48.784382310000069)",Unfall 46721 (2017) Kat:3, Licht: 0,46721,3,1,9,05,19,1,0,0,0,1,0,0,,0
"POINT (9.170180739000045 48.773820435000061)",Unfall 46725 (2017) Kat:3, Licht: 0,46725,3,6,0,05,16,5,0,0,1,1,0,0,,0
"POINT (9.177323241000067 48.751719109000078)",Unfall 46727 (2017) Kat:3, Licht: 0,46727,3,3,5,05,15,5,0,0,1,1,0,0,,0
"POINT (9.173259668000071 48.754129545000069)",Unfall 46729 (2017) Kat:3, Licht: 0,46729,3,7,2,05,09,5,0,0,0,1,0,0,,0
"POINT (9.158178663000058 48.770617338000079)",Unfall 46731 (2017) Kat:3, Licht: 0,46731,3,6,2,05,17,5,0,0,0,1,0,0,,0
"POINT (9.076056894000033 48.722153962000050)",Unfall 46811 (2017) Kat:3, Licht: 0,46811,3,6,2,05,06,3,0,0,0,0,0,0,,1
"POINT (9.209442162000073 48.806111208000061)",Unfall 46842 (2017) Kat:3, Licht: 0,46842,3,4,6,05,12,3,0,0,0,1,1,0,,0
"POINT (9.217487500000061 48.742022502000054)",Unfall 46844 (2017) Kat:3, Licht: 0,46844,3,5,1,05,08,3,0,0,1,1,0,0,,0
"POINT (9.209212890000060 48.806246647000080)",Unfall 46883 (2017) Kat:3, Licht: 0,46883,3,6,2,05,17,7,0,0,0,1,0,0,,0
"POINT (9.140360713000064 48.754311034000068)",Unfall 46891 (2017) Kat:2, Licht: 0,46891,2,6,4,05,13,7,0,0,0,1,0,0,,1
"POINT (9.169860172000028 48.765179440000054)",Unfall 46939 (2017) Kat:2, Licht: 0,46939,2,6,3,05,16,6,0,0,0,1,0,1,,0
"POINT (9.191414044000055 48.807309377000081)",Unfall 46940 (2017) Kat:3, Licht: 0,46940,3,6,2,05,18,6,0,0,0,1,0,1,,0
"POINT (9.216956074000052 48.786268204000066)",Unfall 46963 (2017) Kat:3, Licht: 0,46963,3,2,0,05,09,6,0,0,0,1,0,1,,0
"POINT (9.155566722000060 48.833228756000040)",Unfall 46983 (2017) Kat:3, Licht: 0,46983,3,6,2,05,16,4,0,0,0,1,0,0,,0
"POINT (9.175486320000061 48.778383529000052)",Unfall 46985 (2017) Kat:3, Licht: 1,46985,3,7,0,05,20,4,0,1,1,0,0,0,,0
"POINT (9.170004732000052 48.813547468000081)",Unfall 46987 (2017) Kat:3, Licht: 0,46987,3,6,2,05,09,4,0,0,0,1,0,0,,0
"POINT (9.120705880000060 48.729992458000027)",Unfall 46995 (2017) Kat:3, Licht: 0,46995,3,3,5,05,07,4,0,0,1,0,0,0,,0
"POINT (9.106916149000028 48.712742149000064)",Unfall 47003 (2017) Kat:3, Licht: 0,47003,3,3,5,05,17,2,0,0,0,1,0,1,,0
"POINT (9.151620290000039 48.726070113000048)",Unfall 47004 (2017) Kat:3, Licht: 0,47004,3,5,1,05,12,2,0,0,0,1,0,0,,0
"POINT (9.110725557000023 48.729847585000073)",Unfall 47005 (2017) Kat:2, Licht: 0,47005,2,4,6,05,10,2,0,0,0,1,1,0,,0
"POINT (9.173656122000068 48.821691213000065)",Unfall 47006 (2017) Kat:3, Licht: 0,47006,3,6,2,05,06,2,0,0,0,1,0,0,,0
"POINT (9.191435501000058 48.788658682000062)",Unfall 47007 (2017) Kat:3, Licht: 0,47007,3,6,2,05,12,2,0,0,0,1,0,0,,0
"POINT (9.123765757000058 48.734331867000037)",Unfall 47009 (2017) Kat:3, Licht: 0,47009,3,1,0,05,14,2,0,0,1,0,0,0,,0
"POINT (9.110354516000029 48.729846693000070)",Unfall 47143 (2017) Kat:3, Licht: 0,47143,3,3,0,05,16,1,0,0,0,1,0,0,,1
"POINT (9.226899079000077 48.739801027000055)",Unfall 47144 (2017) Kat:3, Licht: 0,47144,3,2,5,05,10,1,0,0,0,1,0,0,,1
"POINT (9.116103196000040 48.758550961000026)",Unfall 47147 (2017) Kat:3, Licht: 2,47147,3,7,0,05,04,1,1,2,0,0,0,1,,0
"POINT (9.192136427000037 48.789057768000077)",Unfall 47220 (2017) Kat:2, Licht: 0,47220,2,2,5,05,11,5,0,0,0,1,0,1,,0
"POINT (9.226110889000040 48.818877099000076)",Unfall 47221 (2017) Kat:3, Licht: 0,47221,3,3,5,05,10,5,0,0,1,1,0,0,,0
"POINT (9.110775930000045 48.709981400000061)",Unfall 47226 (2017) Kat:3, Licht: 0,47226,3,6,2,05,11,7,0,0,0,1,0,0,,1
"POINT (9.219084757000076 48.803575848000037)",Unfall 47246 (2017) Kat:3, Licht: 0,47246,3,6,2,05,19,7,0,0,0,1,0,0,,0
"POINT (9.169782368000028 48.765080137000041)",Unfall 47247 (2017) Kat:3, Licht: 0,47247,3,6,3,05,11,7,0,0,0,1,0,0,,0
"POINT (9.079952711000033 48.719709241000032)",Unfall 47319 (2017) Kat:3, Licht: 0,47319,3,6,2,05,15,6,1,0,0,1,0,0,,0
"POINT (9.176610786000026 48.779442272000040)",Unfall 47353 (2017) Kat:3, Licht: 0,47353,3,6,2,05,16,6,1,0,0,1,0,0,,0
"POINT (9.219509286000061 48.803649118000067)",Unfall 47439 (2017) Kat:2, Licht: 2,47439,2,2,3,05,22,1,0,2,0,1,0,0,,1
"POINT (9.101942060000056 48.804238443000031)",Unfall 47440 (2017) Kat:3, Licht: 0,47440,3,2,0,05,10,1,0,0,1,1,0,0,,0
"POINT (9.157118627000045 48.811030198000026)",Unfall 47472 (2017) Kat:2, Licht: 0,47472,2,7,6,05,11,4,0,0,0,0,1,0,,1
"POINT (9.208902157000068 48.781626161000077)",Unfall 47545 (2017) Kat:3, Licht: 0,47545,3,6,2,05,07,3,1,0,0,1,0,0,,0
"POINT (9.125237212000059 48.729577307000056)",Unfall 47546 (2017) Kat:3, Licht: 0,47546,3,3,5,05,09,3,0,0,1,1,0,0,,0
"POINT (9.249364465000042 48.771470869000041)",Unfall 47547 (2017) Kat:2, Licht: 0,47547,2,6,2,05,14,3,0,0,0,1,0,0,,0
"POINT (9.208106991000022 48.798047268000062)",Unfall 47548 (2017) Kat:3, Licht: 0,47548,3,6,2,05,16,3,0,0,0,1,0,0,,0
"POINT (9.163523127000076 48.706586632000040)",Unfall 47615 (2017) Kat:3, Licht: 0,47615,3,6,2,05,07,2,0,0,0,1,0,0,,1
"POINT (9.086999074000062 48.802824944000065)",Unfall 47636 (2017) Kat:2, Licht: 0,47636,2,3,5,05,14,2,0,0,1,1,0,0,,0
"POINT (9.265756147000047 48.762642888000073)",Unfall 47637 (2017) Kat:3, Licht: 0,47637,3,3,5,05,16,2,0,0,0,1,0,0,,0
"POINT (9.223494967000022 48.788327946000038)",Unfall 47639 (2017) Kat:3, Licht: 0,47639,3,6,2,05,15,2,0,0,0,1,0,0,,0
"POINT (9.220327083000029 48.699032267000064)",Unfall 47640 (2017) Kat:3, Licht: 0,47640,3,3,5,05,09,2,0,0,0,1,0,0,,1
"POINT (9.210706183000070 48.701102713000068)",Unfall 47641 (2017) Kat:3, Licht: 0,47641,3,5,1,05,10,2,0,0,0,1,0,1,,0
"POINT (9.180019073000040 48.843968707000045)",Unfall 47642 (2017) Kat:3, Licht: 0,47642,3,3,5,05,05,2,0,0,0,1,0,1,,0
"POINT (9.190258062000055 48.787716663000026)",Unfall 47685 (2017) Kat:3, Licht: 2,47685,3,6,3,06,22,1,0,2,0,1,0,1,,0
"POINT (9.111764454000024 48.823562190000075)",Unfall 47696 (2017) Kat:2, Licht: 1,47696,2,3,5,06,05,5,0,1,0,0,0,1,,1
"POINT (9.273702308000054 48.757250943000031)",Unfall 47697 (2017) Kat:2, Licht: 0,47697,2,2,5,06,16,5,0,0,0,1,0,1,,0
"POINT (9.180032846000074 48.810691416000054)",Unfall 47698 (2017) Kat:3, Licht: 0,47698,3,2,0,06,20,5,0,0,0,0,0,1,,1
"POINT (9.248992020000060 48.780511394000030)",Unfall 47699 (2017) Kat:3, Licht: 0,47699,3,3,5,06,11,5,0,0,0,1,0,0,,1
"POINT (9.229013298000041 48.785805427000071)",Unfall 47795 (2017) Kat:2, Licht: 0,47795,2,7,0,06,19,7,0,0,0,0,0,1,,0
"POINT (9.179498138000042 48.773086615000068)",Unfall 47796 (2017) Kat:3, Licht: 2,47796,3,6,2,06,22,7,0,2,0,1,0,0,,0
"POINT (9.198848671000064 48.807164601000068)",Unfall 47797 (2017) Kat:3, Licht: 0,47797,3,3,0,06,12,7,0,0,1,0,0,0,,1
"POINT (9.125172115000055 48.729647239000030)",Unfall 47866 (2017) Kat:3, Licht: 0,47866,3,3,5,06,08,6,0,0,1,1,0,0,,0
"POINT (9.181435331000046 48.792366264000066)",Unfall 47867 (2017) Kat:3, Licht: 0,47867,3,3,5,06,07,6,0,0,0,1,0,0,,0
"POINT (9.174884387000077 48.805003828000054)",Unfall 47868 (2017) Kat:3, Licht: 0,47868,3,6,2,06,14,6,0,0,0,1,0,0,,0
"POINT (9.169991312000036 48.749681122000027)",Unfall 47869 (2017) Kat:3, Licht: 0,47869,3,6,2,06,15,6,0,0,0,1,0,0,,0
"POINT (9.165313804000050 48.705427057000065)",Unfall 47931 (2017) Kat:3, Licht: 2,47931,3,2,0,06,00,5,0,2,0,1,0,0,,1
"POINT (9.195759232000057 48.769582637000042)",Unfall 47952 (2017) Kat:3, Licht: 0,47952,3,6,2,06,09,3,0,0,0,1,0,0,,0
"POINT (9.215482654000027 48.794686280000064)",Unfall 47953 (2017) Kat:3, Licht: 0,47953,3,1,3,06,18,3,0,0,0,1,0,0,,1
"POINT (9.143844683000054 48.834685253000032)",Unfall 47954 (2017) Kat:3, Licht: 1,47954,3,6,2,06,21,3,0,1,0,1,0,0,,0
"POINT (9.218074708000074 48.786844686000052)",Unfall 47955 (2017) Kat:3, Licht: 0,47955,3,6,2,06,06,3,0,0,0,1,0,0,,0
"POINT (9.128110959000026 48.737383785000077)",Unfall 48071 (2017) Kat:3, Licht: 2,48071,3,3,5,06,04,2,0,2,1,1,0,0,,0
"POINT (9.144796706000022 48.754596444000072)",Unfall 48087 (2017) Kat:3, Licht: 0,48087,3,3,5,06,10,6,0,0,0,1,0,0,,0
"POINT (9.079955456000050 48.719707548000031)",Unfall 48140 (2017) Kat:3, Licht: 0,48140,3,2,5,06,11,5,0,0,0,1,0,0,,1
"POINT (9.134434815000077 48.728312047000031)",Unfall 48170 (2017) Kat:3, Licht: 0,48170,3,3,5,06,17,5,0,0,0,1,0,0,,0
"POINT (9.174054352000042 48.821244250000063)",Unfall 48171 (2017) Kat:3, Licht: 0,48171,3,3,5,06,10,5,0,0,0,1,0,0,,1
"POINT (9.098654458000056 48.817978279000044)",Unfall 48172 (2017) Kat:3, Licht: 0,48172,3,6,2,06,19,5,0,0,0,1,0,0,,0
"POINT (9.229627823000044 48.785298139000076)",Unfall 48173 (2017) Kat:3, Licht: 2,48173,3,7,9,06,22,5,0,2,0,1,0,0,,0
"POINT (9.215825143000075 48.794337560000031)",Unfall 48174 (2017) Kat:3, Licht: 0,48174,3,2,0,06,09,5,0,0,0,1,0,1,,0
"POINT (9.141207299000030 48.709599957000080)",Unfall 48204 (2017) Kat:3, Licht: 0,48204,3,6,2,06,09,4,1,0,0,1,0,0,,0
"POINT (9.171240927000042 48.774807273000079)",Unfall 48227 (2017) Kat:3, Licht: 0,48227,3,6,2,06,19,4,0,0,0,1,0,0,,0
"POINT (9.131289210000034 48.812469681000039)",Unfall 48287 (2017) Kat:2, Licht: 0,48287,2,2,3,06,13,6,0,0,0,1,0,1,,0
"POINT (9.180505707000066 48.787634756000045)",Unfall 48288 (2017) Kat:3, Licht: 0,48288,3,6,2,06,12,6,0,0,0,1,0,0,,0
"POINT (9.250897863000034 48.809724428000038)",Unfall 48289 (2017) Kat:2, Licht: 2,48289,2,7,8,06,23,6,0,2,1,0,0,0,,0
"POINT (9.132399606000035 48.742667485000027)",Unfall 48290 (2017) Kat:3, Licht: 0,48290,3,6,2,06,18,6,0,0,0,1,0,0,,1
"POINT (9.221851645000072 48.824395783000057)",Unfall 48349 (2017) Kat:2, Licht: 0,48349,2,7,0,06,19,5,0,0,1,0,0,0,,0
"POINT (9.178082336000045 48.771914680000066)",Unfall 48350 (2017) Kat:3, Licht: 2,48350,3,3,0,06,01,5,0,2,1,1,0,0,,0
"POINT (9.188344150000035 48.697578517000068)",Unfall 48377 (2017) Kat:3, Licht: 0,48377,3,6,2,06,16,4,0,0,0,1,0,0,,0
"POINT (9.242021537000028 48.790257825000026)",Unfall 48404 (2017) Kat:3, Licht: 2,48404,3,6,2,06,22,4,0,2,0,1,0,0,,0
"POINT (9.141814577000048 48.840018941000039)",Unfall 48405 (2017) Kat:3, Licht: 0,48405,3,6,2,06,18,4,0,0,0,1,0,0,,1
"POINT (9.177391057000023 48.815928255000074)",Unfall 48406 (2017) Kat:2, Licht: 0,48406,2,1,2,06,17,4,0,0,0,1,0,1,,0
"POINT (9.217101560000060 48.803533845000061)",Unfall 48407 (2017) Kat:3, Licht: 0,48407,3,2,3,06,16,4,0,0,0,0,0,1,,1
"POINT (9.180491356000061 48.812523597000052)",Unfall 48408 (2017) Kat:2, Licht: 1,48408,2,6,3,06,21,4,0,1,0,1,0,0,,1
"POINT (9.252433741000061 48.809815897000078)",Unfall 48409 (2017) Kat:3, Licht: 2,48409,3,6,3,06,22,4,0,2,0,0,0,1,,0
"POINT (9.174629293000066 48.777637725000034)",Unfall 48502 (2017) Kat:3, Licht: 0,48502,3,6,2,06,06,3,0,0,0,1,0,0,,0
"POINT (9.174088767000058 48.750358848000076)",Unfall 48580 (2017) Kat:2, Licht: 0,48580,2,4,6,06,08,2,0,0,0,1,1,0,,0
"POINT (9.159448539000039 48.707337862000031)",Unfall 48598 (2017) Kat:3, Licht: 0,48598,3,6,3,06,14,6,0,0,0,1,0,0,,1
"POINT (9.207291576000046 48.801756839000063)",Unfall 48651 (2017) Kat:3, Licht: 0,48651,3,7,4,06,14,1,0,0,0,1,0,1,,0
"POINT (9.174025303000065 48.821276856000054)",Unfall 48652 (2017) Kat:3, Licht: 0,48652,3,7,6,06,16,1,0,0,0,1,1,0,,0
"POINT (9.156845629000031 48.707687948000057)",Unfall 48677 (2017) Kat:3, Licht: 0,48677,3,6,3,06,07,4,0,0,0,1,0,0,,1
"POINT (9.209403699000063 48.806133984000041)",Unfall 48702 (2017) Kat:3, Licht: 0,48702,3,3,5,06,12,4,0,0,0,1,0,0,,0
"POINT (9.135158288000071 48.745808967000073)",Unfall 48703 (2017) Kat:3, Licht: 0,48703,3,2,5,06,08,4,0,0,1,0,0,0,,1
"POINT (9.235763429000031 48.806562994000046)",Unfall 48704 (2017) Kat:3, Licht: 0,48704,3,2,5,06,08,4,0,0,0,1,0,1,,0
"POINT (9.133166810000034 48.779551896000044)",Unfall 48802 (2017) Kat:3, Licht: 0,48802,3,2,5,06,16,3,0,0,1,1,0,0,,0
"POINT (9.201651364000043 48.787600123000061)",Unfall 48803 (2017) Kat:3, Licht: 0,48803,3,2,5,06,17,3,0,0,1,1,0,0,,0
"POINT (9.166790980000030 48.723821433000069)",Unfall 48804 (2017) Kat:3, Licht: 0,48804,3,2,5,06,09,3,0,0,0,1,0,0,,0
"POINT (9.169928954000056 48.765267227000038)",Unfall 48866 (2017) Kat:3, Licht: 0,48866,3,6,3,06,11,5,0,0,0,0,0,1,,1
"POINT (9.174780711000039 48.777765579000061)",Unfall 48867 (2017) Kat:3, Licht: 0,48867,3,6,2,06,15,5,0,0,0,1,0,0,,0
"POINT (9.112139331000037 48.709714595000037)",Unfall 48871 (2017) Kat:3, Licht: 0,48871,3,6,2,06,11,2,0,0,0,1,0,0,,0
"POINT (9.197768044000043 48.772369648000051)",Unfall 48903 (2017) Kat:2, Licht: 0,48903,2,3,5,06,10,2,0,0,0,1,0,0,,0
"POINT (9.174482462000071 48.820992583000077)",Unfall 48904 (2017) Kat:3, Licht: 0,48904,3,6,3,06,06,2,0,0,0,1,0,1,,0
"POINT (9.183564511000043 48.803364510000051)",Unfall 48905 (2017) Kat:3, Licht: 0,48905,3,6,2,06,15,2,0,0,0,1,0,0,,0
"POINT (9.169517527000039 48.764399738000066)",Unfall 48906 (2017) Kat:3, Licht: 0,48906,3,2,5,06,14,2,0,0,0,1,0,0,,0
"POINT (9.177120110000033 48.810992974000044)",Unfall 48908 (2017) Kat:2, Licht: 0,48908,2,6,2,06,17,2,0,0,0,1,0,0,,0
"POINT (9.153637181000022 48.843468205000079)",Unfall 48910 (2017) Kat:3, Licht: 0,48910,3,3,5,06,14,2,0,0,0,1,0,0,,0
"POINT (9.173321415000032 48.770329743000048)",Unfall 48911 (2017) Kat:3, Licht: 0,48911,3,6,2,06,15,2,0,0,0,1,0,0,,0
"POINT (9.179248967000035 48.773235552000074)",Unfall 48986 (2017) Kat:3, Licht: 2,48986,3,4,6,06,00,1,0,2,0,1,1,0,,0
"POINT (9.189660579000076 48.786556368000049)",Unfall 49053 (2017) Kat:2, Licht: 2,49053,2,1,0,06,22,7,0,2,0,0,0,1,,0
"POINT (9.189462723000077 48.780465233000029)",Unfall 49055 (2017) Kat:3, Licht: 0,49055,3,6,2,06,13,7,0,0,0,1,0,0,,0
"POINT (9.138462881000066 48.753333819000034)",Unfall 49094 (2017) Kat:2, Licht: 2,49094,2,7,4,06,00,3,0,2,0,1,0,0,,0
"POINT (9.169022562000066 48.740248030000032)",Unfall 49095 (2017) Kat:3, Licht: 0,49095,3,7,2,06,18,3,0,0,0,1,0,1,,0
"POINT (9.174303460000033 48.811333943000079)",Unfall 49096 (2017) Kat:3, Licht: 0,49096,3,2,2,06,17,3,0,0,0,1,0,0,,0
"POINT (9.240317954000034 48.789833876000046)",Unfall 49097 (2017) Kat:3, Licht: 0,49097,3,6,2,06,07,3,0,0,0,1,0,0,,0
"POINT (9.167252723000047 48.773035334000042)",Unfall 49098 (2017) Kat:3, Licht: 0,49098,3,2,5,06,17,3,0,0,1,0,0,0,,1
"POINT (9.141480270000045 48.833566734000044)",Unfall 49158 (2017) Kat:3, Licht: 0,49158,3,6,2,06,18,4,0,0,0,1,0,0,,0
"POINT (9.174209095000038 48.769474123000066)",Unfall 49187 (2017) Kat:2, Licht: 0,49187,2,3,5,06,12,4,0,0,0,1,0,0,,0
"POINT (9.222524835000058 48.836410673000046)",Unfall 49206 (2017) Kat:3, Licht: 0,49206,3,6,2,06,15,2,0,0,0,1,0,1,,0
"POINT (9.151074306000055 48.787465294000071)",Unfall 49207 (2017) Kat:2, Licht: 0,49207,2,4,6,06,08,2,0,0,0,1,1,0,,0
"POINT (9.176254807000021 48.770463582000048)",Unfall 49208 (2017) Kat:3, Licht: 0,49208,3,2,5,06,08,2,0,0,1,1,0,0,,0
"POINT (9.228888055000027 48.813043785000048)",Unfall 49209 (2017) Kat:3, Licht: 0,49209,3,6,2,06,16,2,0,0,0,1,0,0,,0
"POINT (9.188339552000059 48.807952820000025)",Unfall 49210 (2017) Kat:3, Licht: 0,49210,3,6,2,06,14,2,0,0,0,1,0,0,,0
"POINT (9.208138632000043 48.801483701000052)",Unfall 49261 (2017) Kat:3, Licht: 0,49261,3,3,5,06,10,4,0,0,0,1,0,0,,1
"POINT (9.170954113000050 48.750393177000035)",Unfall 49264 (2017) Kat:3, Licht: 0,49264,3,6,2,06,17,4,0,0,0,1,0,0,,0
"POINT (9.238575145000027 48.846158257000070)",Unfall 49275 (2017) Kat:3, Licht: 0,49275,3,1,0,06,14,1,0,0,0,0,0,1,,0
"POINT (9.211923937000051 48.797407865000025)",Unfall 49316 (2017) Kat:2, Licht: 0,49316,2,6,4,06,19,4,0,0,1,1,0,0,,0
"POINT (9.147074873000065 48.768029730000080)",Unfall 49360 (2017) Kat:3, Licht: 0,49360,3,6,0,06,15,7,0,0,0,1,0,1,,0
"POINT (9.095824614000037 48.825291859000060)",Unfall 49361 (2017) Kat:3, Licht: 0,49361,3,3,5,06,17,7,0,0,0,1,0,0,,0
"POINT (9.212481956000033 48.800212129000045)",Unfall 49362 (2017) Kat:3, Licht: 0,49362,3,6,2,06,18,7,0,0,0,1,0,0,,0
"POINT (9.257069854000065 48.760039080000070)",Unfall 49474 (2017) Kat:3, Licht: 0,49474,3,6,3,06,15,6,0,0,0,1,0,1,,0
"POINT (9.229449408000050 48.812505834000035)",Unfall 49475 (2017) Kat:3, Licht: 0,49475,3,6,2,06,09,6,0,0,0,1,0,0,,0
"POINT (9.226474542000062 48.819130673000075)",Unfall 49476 (2017) Kat:3, Licht: 0,49476,3,3,5,06,16,6,0,0,1,1,0,0,,0
"POINT (9.230614511000056 48.807662266000079)",Unfall 49477 (2017) Kat:3, Licht: 0,49477,3,1,0,06,13,6,0,0,1,0,0,0,,0
"POINT (9.234667355000056 48.829718253000067)",Unfall 49598 (2017) Kat:3, Licht: 0,49598,3,6,2,07,07,2,0,0,0,1,0,0,,0
"POINT (9.180636766000021 48.812134914000069)",Unfall 49599 (2017) Kat:3, Licht: 2,49599,3,3,5,07,00,2,0,2,1,1,0,0,,0
"POINT (9.229451178000034 48.808974161000037)",Unfall 49600 (2017) Kat:3, Licht: 0,49600,3,6,0,07,16,2,0,0,0,1,0,1,,0
"POINT (9.218993117000025 48.803560031000075)",Unfall 49601 (2017) Kat:3, Licht: 0,49601,3,2,5,07,18,2,0,0,1,1,0,0,,0
"POINT (9.222320356000068 48.836298454000030)",Unfall 49614 (2017) Kat:3, Licht: 0,49614,3,6,2,07,07,4,0,0,0,1,0,0,,1
"POINT (9.172290071000020 48.768027770000060)",Unfall 49667 (2017) Kat:3, Licht: 0,49667,3,6,2,07,12,1,0,0,0,1,0,1,,0
"POINT (9.217460676000030 48.786524060000033)",Unfall 49668 (2017) Kat:3, Licht: 0,49668,3,2,6,07,17,1,0,0,0,1,1,0,,0
"POINT (9.144865946000039 48.754559822000033)",Unfall 49669 (2017) Kat:2, Licht: 0,49669,2,6,2,07,15,1,0,0,0,1,0,0,,0
"POINT (9.152147718000038 48.834711628000036)",Unfall 49862 (2017) Kat:3, Licht: 0,49862,3,6,3,06,17,6,0,0,0,1,0,0,,0
"POINT (9.223633164000034 48.788256765000028)",Unfall 49863 (2017) Kat:3, Licht: 0,49863,3,6,2,06,16,6,0,0,0,1,0,0,,0
"POINT (9.181334543000048 48.760259471000040)",Unfall 49864 (2017) Kat:3, Licht: 0,49864,3,6,4,06,15,6,0,0,0,1,0,0,,0
"POINT (9.231746369000064 48.784275579000052)",Unfall 49865 (2017) Kat:2, Licht: 0,49865,2,1,8,06,20,6,0,0,0,0,0,1,,0
"POINT (9.153337147000059 48.754827809000062)",Unfall 49866 (2017) Kat:3, Licht: 0,49866,3,6,2,06,07,6,0,0,0,1,0,0,,1
"POINT (9.192704050000032 48.695523757000046)",Unfall 49913 (2017) Kat:3, Licht: 0,49913,3,6,2,06,17,5,0,0,0,1,0,0,,1
"POINT (9.170547522000049 48.766053955000075)",Unfall 49932 (2017) Kat:3, Licht: 0,49932,3,3,5,07,14,3,0,0,1,1,0,0,,0
"POINT (9.171566506000033 48.774967004000075)",Unfall 49933 (2017) Kat:3, Licht: 0,49933,3,3,2,07,12,3,0,0,0,1,0,0,,0
"POINT (9.194541269000069 48.757468208000034)",Unfall 49934 (2017) Kat:3, Licht: 0,49934,3,1,8,07,11,3,0,0,0,1,0,0,,0
"POINT (9.218548653000028 48.787101713000027)",Unfall 49935 (2017) Kat:2, Licht: 0,49935,2,1,0,07,20,3,0,0,1,0,0,0,,0
"POINT (9.189301691000026 48.780511235000063)",Unfall 49954 (2017) Kat:3, Licht: 0,49954,3,6,2,06,09,5,1,0,0,1,0,0,,0
"POINT (9.208751903000064 48.800378559000080)",Unfall 49955 (2017) Kat:3, Licht: 0,49955,3,6,2,06,20,5,0,0,0,1,0,0,,0
"POINT (9.175280195000028 48.820070508000072)",Unfall 49956 (2017) Kat:3, Licht: 0,49956,3,6,2,06,06,5,1,0,0,1,0,0,,0
"POINT (9.189906595000025 48.786033482000050)",Unfall 49964 (2017) Kat:3, Licht: 2,49964,3,3,5,06,04,5,1,2,0,1,0,0,,0
"POINT (9.135417634000021 48.764696438000044)",Unfall 49965 (2017) Kat:3, Licht: 0,49965,3,2,2,06,15,5,1,0,0,1,0,0,,0
"POINT (9.194087578000051 48.807068022000067)",Unfall 50068 (2017) Kat:3, Licht: 0,50068,3,2,5,07,14,4,0,0,1,1,0,0,,0
"POINT (9.231512085000077 48.807795913000064)",Unfall 50069 (2017) Kat:2, Licht: 0,50069,2,4,6,07,15,4,0,0,0,1,1,0,,0
"POINT (9.231897616000026 48.805678504000070)",Unfall 50070 (2017) Kat:3, Licht: 0,50070,3,3,0,07,15,4,1,0,0,1,0,1,,0
"POINT (9.207605868000030 48.801482788000044)",Unfall 50071 (2017) Kat:3, Licht: 0,50071,3,6,3,07,09,4,0,0,0,1,0,1,,0
"POINT (9.173612204000051 48.821740504000047)",Unfall 50135 (2017) Kat:3, Licht: 0,50135,3,6,3,07,19,6,0,0,0,1,0,1,,0
"POINT (9.218898841000055 48.740919021000082)",Unfall 50137 (2017) Kat:2, Licht: 2,50137,2,4,6,07,22,6,0,2,0,0,1,0,,1
"POINT (9.175316744000043 48.820007554000028)",Unfall 50213 (2017) Kat:2, Licht: 0,50213,2,2,5,07,16,3,0,0,1,1,0,0,,0
"POINT (9.201477633000025 48.794921197000065)",Unfall 50273 (2017) Kat:3, Licht: 0,50273,3,6,2,07,19,5,0,0,0,1,0,0,,0
"POINT (9.092249482000057 48.802746736000074)",Unfall 50279 (2017) Kat:2, Licht: 0,50279,2,2,5,07,10,5,0,0,0,1,0,0,,1
"POINT (9.113427038000054 48.709462389000066)",Unfall 50282 (2017) Kat:3, Licht: 0,50282,3,6,2,07,13,2,0,0,0,1,0,0,,0
"POINT (9.170077102000050 48.705065783000066)",Unfall 50352 (2017) Kat:3, Licht: 0,50352,3,1,9,07,07,1,1,0,0,1,0,0,,0
"POINT (9.195865033000075 48.769662563000054)",Unfall 50373 (2017) Kat:3, Licht: 0,50373,3,6,2,07,17,1,0,0,0,1,0,1,,0
"POINT (9.178421436000065 48.814717697000049)",Unfall 50374 (2017) Kat:3, Licht: 0,50374,3,7,0,07,06,1,1,0,0,1,0,0,,0
"POINT (9.164606085000060 48.735831572000052)",Unfall 50467 (2017) Kat:3, Licht: 0,50467,3,6,2,07,18,5,0,0,0,1,0,0,,0
"POINT (9.189435331000027 48.807371444000069)",Unfall 50468 (2017) Kat:3, Licht: 2,50468,3,1,0,07,21,5,0,2,0,0,0,1,,0
"POINT (9.203651554000032 48.794110130000035)",Unfall 50471 (2017) Kat:3, Licht: 0,50471,3,7,5,07,09,5,0,0,0,0,0,0,,1
"POINT (9.185695454000040 48.774359791000052)",Unfall 50474 (2017) Kat:3, Licht: 0,50474,3,6,2,07,17,5,0,0,0,1,0,0,,1
"POINT (9.150436189000061 48.842383936000033)",Unfall 50477 (2017) Kat:3, Licht: 0,50477,3,1,0,07,10,7,0,0,0,0,0,1,,0
"POINT (9.228802751000046 48.813380299000073)",Unfall 50480 (2017) Kat:3, Licht: 0,50480,3,1,0,07,10,7,0,0,1,0,0,0,,0
"POINT (9.167591893000065 48.748610647000078)",Unfall 50481 (2017) Kat:3, Licht: 0,50481,3,3,5,07,18,7,0,0,0,1,0,1,,0
"POINT (9.117543259000058 48.758674845000030)",Unfall 50558 (2017) Kat:3, Licht: 0,50558,3,6,2,07,17,3,0,0,0,1,0,0,,0
"POINT (9.174198175000072 48.811346702000037)",Unfall 50604 (2017) Kat:2, Licht: 0,50604,2,3,5,07,10,3,0,0,1,1,0,0,,0