WKT,Name,OBJECTID,UKATEGORIE,UTYP1,UART,UMONAT,USTUNDE,UWOCHENTAG,STRZUSTAND,ULICHTVERH,ISTRAD,ISTPKW,ISTFUSS,ISTKRAD,ISTGKFZ,ISTSONSTIG
"POINT (9.177781395000068 48.815641367000069)",Unfall 50625 (2017) Kat:3, Licht: 0,50625,3,6,2,07,14,7,0,0,0,1,0,0,,0
"POINT (9.171492102000059 48.767188554000029)",Unfall 50626 (2017) Kat:3, Licht: 0,50626,3,6,2,07,06,7,0,0,0,1,0,0,,0
"POINT (9.156311260000052 48.808749828000032)",Unfall 50627 (2017) Kat:2, Licht: 0,50627,2,7,0,07,11,7,0,0,0,1,0,0,,1
"POINT (9.152353074000075 48.835031133000030)",Unfall 50644 (2017) Kat:3, Licht: 0,50644,3,6,3,07,10,6,0,0,0,1,0,0,,0
"POINT (9.201166955000076 48.780223232000026)",Unfall 50645 (2017) Kat:2, Licht: 0,50645,2,2,0,07,17,6,0,0,0,0,0,0,,1
"POINT (9.179908174000047 48.812889267000060)",Unfall 50646 (2017) Kat:3, Licht: 0,50646,3,3,5,07,08,6,0,0,1,1,0,0,,0
"POINT (9.177337396000041 48.782487303000039)",Unfall 50647 (2017) Kat:3, Licht: 0,50647,3,6,3,07,15,6,0,0,0,1,0,1,,0
"POINT (9.170673143000045 48.766083541000057)",Unfall 50669 (2017) Kat:3, Licht: 0,50669,3,6,3,07,06,1,0,0,0,1,0,0,,0
"POINT (9.136053925000056 48.709676874000081)",Unfall 50741 (2017) Kat:3, Licht: 0,50741,3,6,2,07,13,1,0,0,0,1,0,0,,0
"POINT (9.144763482000030 48.709195255000054)",Unfall 50828 (2017) Kat:3, Licht: 0,50828,3,7,3,07,17,5,0,0,0,1,0,0,,0
"POINT (9.133943829000032 48.774392518000070)",Unfall 50840 (2017) Kat:3, Licht: 0,50840,3,5,1,07,17,5,1,0,0,1,0,0,,0
"POINT (9.181752979000066 48.810453320000079)",Unfall 50842 (2017) Kat:2, Licht: 0,50842,2,2,5,07,19,5,1,0,0,1,0,1,,0
"POINT (9.203701977000037 48.710470358000066)",Unfall 50843 (2017) Kat:3, Licht: 0,50843,3,3,5,07,09,5,0,0,1,1,0,0,,0
"POINT (9.219459878000066 48.740647964000061)",Unfall 50845 (2017) Kat:3, Licht: 0,50845,3,4,6,07,18,5,1,0,0,1,1,0,,0
"POINT (9.195837976000064 48.769642124000029)",Unfall 50846 (2017) Kat:3, Licht: 0,50846,3,6,2,07,17,5,0,0,0,1,0,0,,0
"POINT (9.075571769000021 48.722235664000038)",Unfall 50852 (2017) Kat:3, Licht: 0,50852,3,6,0,07,14,2,0,0,0,1,0,0,,1
"POINT (9.105099494000058 48.710922167000035)",Unfall 50853 (2017) Kat:3, Licht: 0,50853,3,6,2,07,19,6,0,0,0,1,0,0,,0
"POINT (9.181231107000031 48.758384909000029)",Unfall 50948 (2017) Kat:3, Licht: 0,50948,3,6,2,07,17,6,0,0,0,1,0,0,,0
"POINT (9.221944317000066 48.795836188000067)",Unfall 50950 (2017) Kat:3, Licht: 0,50950,3,2,5,07,13,6,0,0,0,1,0,0,,0
"POINT (9.142980227000066 48.727546460000042)",Unfall 50952 (2017) Kat:3, Licht: 0,50952,3,6,2,07,15,6,0,0,0,1,0,0,,0
"POINT (9.201217301000042 48.780231729000036)",Unfall 50953 (2017) Kat:3, Licht: 0,50953,3,6,2,07,14,6,0,0,0,1,0,0,,0
"POINT (9.188901607000048 48.784327602000076)",Unfall 50954 (2017) Kat:3, Licht: 0,50954,3,6,2,07,16,6,1,0,0,1,0,0,,0
"POINT (9.180806579000034 48.810582994000072)",Unfall 50993 (2017) Kat:3, Licht: 0,50993,3,6,3,07,07,4,0,0,0,1,0,1,,0
"POINT (9.188060440000072 48.783317220000072)",Unfall 50994 (2017) Kat:3, Licht: 2,50994,3,6,0,07,23,4,0,2,0,1,0,1,,0
"POINT (9.177483114000040 48.815788965000081)",Unfall 50997 (2017) Kat:3, Licht: 0,50997,3,6,2,07,11,2,0,0,0,1,0,0,,0
"POINT (9.187125948000073 48.697986181000033)",Unfall 51190 (2017) Kat:3, Licht: 0,51190,3,6,2,07,09,7,0,0,0,1,0,0,,0
"POINT (9.090386737000074 48.778953925000053)",Unfall 51213 (2017) Kat:3, Licht: 0,51213,3,7,5,07,13,7,0,0,0,1,0,1,,0
"POINT (9.178255224000054 48.814923181000040)",Unfall 51214 (2017) Kat:3, Licht: 0,51214,3,6,3,07,11,7,0,0,0,1,0,0,,1
"POINT (9.202520143000072 48.711384634000069)",Unfall 51215 (2017) Kat:3, Licht: 0,51215,3,6,2,07,16,7,0,0,0,1,0,0,,0
"POINT (9.105531084000063 48.729921225000055)",Unfall 51275 (2017) Kat:2, Licht: 0,51275,2,1,0,07,14,3,1,0,1,1,0,0,,0
"POINT (9.203739550000023 48.710342956000034)",Unfall 51276 (2017) Kat:3, Licht: 0,51276,3,6,2,07,08,3,1,0,0,1,0,0,,0
"POINT (9.084663579000051 48.716545733000032)",Unfall 51349 (2017) Kat:3, Licht: 0,51349,3,6,3,07,16,2,0,0,0,1,0,0,,1
"POINT (9.180503968000039 48.787628655000049)",Unfall 51353 (2017) Kat:3, Licht: 0,51353,3,3,5,07,08,2,0,0,1,1,0,0,,0
"POINT (9.200818137000056 48.794639719000031)",Unfall 51354 (2017) Kat:3, Licht: 0,51354,3,6,2,07,17,2,1,0,0,1,0,0,,0
"POINT (9.217648618000055 48.814511008000068)",Unfall 51355 (2017) Kat:3, Licht: 0,51355,3,3,5,07,15,2,0,0,0,1,0,0,,0
"POINT (9.248700827000050 48.779581009000026)",Unfall 51356 (2017) Kat:3, Licht: 0,51356,3,6,2,07,13,2,0,0,0,1,0,0,,1
"POINT (9.088533345000030 48.753182516000038)",Unfall 51372 (2017) Kat:2, Licht: 1,51372,2,1,8,07,20,6,0,1,0,0,0,1,,0
"POINT (9.151624036000044 48.726067397000065)",Unfall 51373 (2017) Kat:3, Licht: 0,51373,3,3,5,07,14,6,0,0,1,1,0,0,,0
"POINT (9.208957189000046 48.798223290000067)",Unfall 51374 (2017) Kat:2, Licht: 2,51374,2,1,0,07,22,6,0,2,0,0,0,1,,0
"POINT (9.093343627000024 48.713763388000075)",Unfall 51405 (2017) Kat:3, Licht: 0,51405,3,6,2,07,17,5,0,0,0,1,0,0,,1
"POINT (9.201501702000030 48.782957226000065)",Unfall 51451 (2017) Kat:3, Licht: 0,51451,3,2,2,07,14,5,0,0,0,1,0,0,,0
"POINT (9.107110546000058 48.820724992000066)",Unfall 51452 (2017) Kat:3, Licht: 0,51452,3,6,4,07,07,5,0,0,0,1,0,0,,1
"POINT (9.168908129000045 48.744225081000081)",Unfall 51453 (2017) Kat:3, Licht: 0,51453,3,3,0,07,07,5,1,0,0,1,0,1,,0
"POINT (9.187142828000049 48.770825502000037)",Unfall 51524 (2017) Kat:2, Licht: 1,51524,2,1,0,07,20,1,1,1,0,0,0,1,,0
"POINT (9.241420189000053 48.790181292000057)",Unfall 51539 (2017) Kat:3, Licht: 0,51539,3,6,2,07,07,4,1,0,0,1,0,0,,1
"POINT (9.262594393000029 48.751992557000051)",Unfall 51545 (2017) Kat:3, Licht: 1,51545,3,6,2,07,05,4,0,1,0,1,0,0,,0
"POINT (9.180043637000040 48.812749017000044)",Unfall 51546 (2017) Kat:3, Licht: 0,51546,3,6,2,07,08,4,1,0,0,1,0,0,,0
"POINT (9.202690846000053 48.807752288000074)",Unfall 51547 (2017) Kat:3, Licht: 0,51547,3,6,2,07,14,4,1,0,0,1,0,0,,0
"POINT (9.243575961000033 48.819542570000067)",Unfall 51548 (2017) Kat:3, Licht: 0,51548,3,6,2,07,09,4,1,0,0,1,0,0,,0
"POINT (9.173373779000031 48.799537454000074)",Unfall 51549 (2017) Kat:3, Licht: 1,51549,3,6,2,07,07,4,1,1,0,1,0,0,,0
"POINT (9.182266297000069 48.794246938000072)",Unfall 51584 (2017) Kat:3, Licht: 0,51584,3,3,5,07,12,7,0,0,1,1,0,0,,0
"POINT (9.220764336000059 48.830836532000035)",Unfall 51734 (2017) Kat:1, Licht: 0,51734,1,4,6,08,19,3,0,0,0,1,1,0,,0
"POINT (9.181173808000040 48.790642565000041)",Unfall 51735 (2017) Kat:3, Licht: 0,51735,3,3,5,08,17,3,0,0,0,1,0,1,,0
"POINT (9.256646976000070 48.775273657000071)",Unfall 51736 (2017) Kat:3, Licht: 0,51736,3,3,5,08,13,3,0,0,1,1,0,0,,0
"POINT (9.114382556000066 48.738545088000080)",Unfall 51737 (2017) Kat:3, Licht: 0,51737,3,3,5,08,09,3,0,0,0,1,0,0,,0
"POINT (9.195596103000071 48.766715736000037)",Unfall 51738 (2017) Kat:3, Licht: 0,51738,3,1,0,08,10,3,0,0,1,1,0,0,,0
"POINT (9.167128790000049 48.772996157000080)",Unfall 51848 (2017) Kat:3, Licht: 0,51848,3,2,5,07,09,2,0,0,0,1,0,0,,0
"POINT (9.172584563000044 48.768434882000065)",Unfall 51849 (2017) Kat:3, Licht: 0,51849,3,6,3,07,11,2,0,0,0,1,0,0,,1
"POINT (9.182890832000055 48.775806024000076)",Unfall 51994 (2017) Kat:3, Licht: 0,51994,3,3,5,08,07,4,0,0,0,1,0,0,,0
"POINT (9.225159951000023 48.791693865000070)",Unfall 51995 (2017) Kat:3, Licht: 0,51995,3,3,5,08,13,4,0,0,1,1,0,0,,0
"POINT (9.109681382000076 48.727402183000038)",Unfall 51996 (2017) Kat:3, Licht: 0,51996,3,2,5,08,15,4,0,0,0,1,0,1,,0
"POINT (9.134362510000074 48.767581038000060)",Unfall 52055 (2017) Kat:3, Licht: 0,52055,3,4,6,08,18,2,0,0,0,1,1,0,,0
"POINT (9.251710703000072 48.768176745000062)",Unfall 52056 (2017) Kat:3, Licht: 0,52056,3,6,2,08,07,2,0,0,0,1,0,0,,0
"POINT (9.199984268000037 48.761642822000056)",Unfall 52081 (2017) Kat:3, Licht: 0,52081,3,1,8,08,14,7,0,0,0,1,0,0,,0
"POINT (9.095826071000033 48.825273589000062)",Unfall 52083 (2017) Kat:3, Licht: 0,52083,3,3,5,08,16,7,0,0,0,1,0,0,,0
"POINT (9.269412615000022 48.756877174000067)",Unfall 52085 (2017) Kat:3, Licht: 0,52085,3,2,5,08,10,7,0,0,0,1,0,0,,0
"POINT (9.230062196000063 48.785386705000064)",Unfall 52087 (2017) Kat:3, Licht: 0,52087,3,7,8,08,10,7,1,0,0,1,0,0,,0
"POINT (9.242528747000051 48.789137848000053)",Unfall 52162 (2017) Kat:3, Licht: 0,52162,3,7,5,08,14,6,0,0,0,1,0,0,,0
"POINT (9.185749879000071 48.726339498000073)",Unfall 52204 (2017) Kat:2, Licht: 2,52204,2,4,6,08,23,1,0,2,0,1,1,0,,0
"POINT (9.173588077000034 48.822239755000055)",Unfall 52205 (2017) Kat:2, Licht: 1,52205,2,2,3,08,20,1,0,1,0,1,0,1,,0
"POINT (9.111596577000057 48.767848448000052)",Unfall 52206 (2017) Kat:3, Licht: 2,52206,3,1,9,08,02,1,0,2,0,1,0,0,,0
"POINT (9.217661767000038 48.814538769000080)",Unfall 52210 (2017) Kat:3, Licht: 0,52210,3,7,4,08,10,5,1,0,0,1,0,0,,1
"POINT (9.257365144000062 48.760746557000061)",Unfall 52212 (2017) Kat:3, Licht: 0,52212,3,3,5,08,18,5,1,0,0,1,0,0,,0
"POINT (9.208685249000041 48.806556509000075)",Unfall 52213 (2017) Kat:2, Licht: 0,52213,2,6,2,08,16,5,1,0,0,1,0,0,,0
"POINT (9.183598991000054 48.766437002000032)",Unfall 52219 (2017) Kat:3, Licht: 0,52219,3,6,2,08,11,5,1,0,0,1,0,0,,0
"POINT (9.166549460000056 48.704132482000034)",Unfall 52259 (2017) Kat:3, Licht: 0,52259,3,1,8,08,09,4,0,0,0,0,0,1,,0
"POINT (9.151229395000030 48.770154112000057)",Unfall 52284 (2017) Kat:3, Licht: 0,52284,3,7,2,08,16,4,0,0,0,1,0,1,,0
"POINT (9.207215980000058 48.801899034000030)",Unfall 52285 (2017) Kat:3, Licht: 0,52285,3,6,2,08,13,4,0,0,0,1,0,0,,0
"POINT (9.178008054000031 48.771976705000043)",Unfall 52286 (2017) Kat:3, Licht: 0,52286,3,7,7,08,12,4,0,0,1,0,0,0,,0
"POINT (9.188799846000052 48.784364159000063)",Unfall 52347 (2017) Kat:3, Licht: 0,52347,3,6,0,08,14,7,0,0,0,1,0,0,,0
"POINT (9.209662077000075 48.782127925000054)",Unfall 52369 (2017) Kat:3, Licht: 0,52369,3,5,0,08,08,3,0,0,0,1,0,1,,0
"POINT (9.177216982000061 48.781488414000080)",Unfall 52370 (2017) Kat:3, Licht: 0,52370,3,6,3,08,12,3,0,0,0,1,0,0,,1
"POINT (9.195166109000070 48.806987519000074)",Unfall 52371 (2017) Kat:3, Licht: 0,52371,3,3,5,08,14,3,0,0,1,1,0,0,,0
"POINT (9.170040615000062 48.749582600000053)",Unfall 52372 (2017) Kat:3, Licht: 0,52372,3,6,2,08,12,3,1,0,0,1,0,0,,0
"POINT (9.156045536000022 48.849176668000041)",Unfall 52401 (2017) Kat:3, Licht: 0,52401,3,2,5,08,13,6,0,0,0,1,0,0,,0
"POINT (9.226746528000035 48.816512196000076)",Unfall 52402 (2017) Kat:3, Licht: 0,52402,3,6,2,08,16,6,0,0,0,1,0,0,,0
"POINT (9.192490729000042 48.779610338000055)",Unfall 52403 (2017) Kat:3, Licht: 1,52403,3,6,4,08,20,6,1,1,0,1,0,0,,1
"POINT (9.143737481000073 48.834638124000037)",Unfall 52404 (2017) Kat:3, Licht: 0,52404,3,2,5,08,06,6,0,0,0,1,0,1,,0
"POINT (9.165013993000059 48.829187194000042)",Unfall 52405 (2017) Kat:3, Licht: 2,52405,3,6,2,08,23,6,1,2,0,1,0,0,,0
"POINT (9.260966430000053 48.754856304000043)",Unfall 52406 (2017) Kat:3, Licht: 0,52406,3,6,2,08,06,6,0,0,0,1,0,0,,0
"POINT (9.202641765000067 48.795545671000070)",Unfall 52407 (2017) Kat:3, Licht: 0,52407,3,6,2,08,07,6,0,0,0,1,0,0,,0
"POINT (9.229660882000076 48.694670951000035)",Unfall 52452 (2017) Kat:3, Licht: 0,52452,3,6,2,08,14,5,0,0,0,1,0,0,,1
"POINT (9.213827686000059 48.796458380000047)",Unfall 52467 (2017) Kat:3, Licht: 2,52467,3,6,3,08,22,5,0,2,0,1,0,0,,1
"POINT (9.115363768000066 48.755114640000045)",Unfall 52468 (2017) Kat:3, Licht: 0,52468,3,6,2,08,19,5,0,0,0,1,0,0,,0
"POINT (9.211396785000034 48.804864668000050)",Unfall 52475 (2017) Kat:3, Licht: 0,52475,3,3,5,08,15,4,0,0,1,1,0,0,,0
"POINT (9.217661767000038 48.814538769000080)",Unfall 52511 (2017) Kat:3, Licht: 1,52511,3,3,5,08,20,4,0,1,0,1,0,0,,0
"POINT (9.143329503000075 48.767269680000027)",Unfall 52553 (2017) Kat:2, Licht: 0,52553,2,1,4,08,18,3,1,0,0,1,0,0,,0
"POINT (9.191388207000045 48.788618664000069)",Unfall 52554 (2017) Kat:3, Licht: 0,52554,3,3,5,08,15,3,0,0,0,1,0,1,,0
"POINT (9.178400571000054 48.814743491000058)",Unfall 52557 (2017) Kat:3, Licht: 1,52557,3,6,2,08,20,3,1,1,0,1,0,0,,0
"POINT (9.177552066000033 48.782941276000031)",Unfall 52648 (2017) Kat:3, Licht: 0,52648,3,6,2,08,19,7,0,0,0,1,0,1,,0
"POINT (9.230165903000057 48.841063530000042)",Unfall 52649 (2017) Kat:3, Licht: 0,52649,3,4,6,08,12,7,0,0,0,1,1,0,,0
"POINT (9.138406847000056 48.832107429000075)",Unfall 52650 (2017) Kat:3, Licht: 0,52650,3,2,3,08,14,7,0,0,0,1,0,1,,0
"POINT (9.173498224000070 48.776680511000052)",Unfall 52651 (2017) Kat:3, Licht: 0,52651,3,5,1,08,12,7,0,0,1,1,0,0,,0
"POINT (9.181774540000049 48.776822658000071)",Unfall 52750 (2017) Kat:3, Licht: 2,52750,3,3,0,08,02,1,1,2,1,1,0,0,,0
"POINT (9.184416090000070 48.775048250000054)",Unfall 52807 (2017) Kat:3, Licht: 0,52807,3,6,2,08,11,7,0,0,0,1,0,0,,0
"POINT (9.204929047000064 48.808193737000067)",Unfall 52869 (2017) Kat:3, Licht: 0,52869,3,7,3,08,12,6,0,0,0,1,0,0,,1
"POINT (9.189124511000046 48.807762881000031)",Unfall 52870 (2017) Kat:2, Licht: 0,52870,2,3,5,08,15,6,0,0,0,1,0,1,,0
"POINT (9.204920959000049 48.739982274000056)",Unfall 52944 (2017) Kat:3, Licht: 0,52944,3,1,7,08,18,5,0,0,0,1,0,0,,0
"POINT (9.156782134000025 48.847256654000034)",Unfall 52947 (2017) Kat:2, Licht: 0,52947,2,5,1,08,16,2,0,0,0,1,0,0,,0
"POINT (9.217668627000023 48.814547485000048)",Unfall 52948 (2017) Kat:2, Licht: 0,52948,2,3,5,08,13,2,0,0,0,1,0,0,,1
"POINT (9.217175950000069 48.833185895000042)",Unfall 52949 (2017) Kat:3, Licht: 2,52949,3,6,2,08,23,2,0,2,0,1,0,0,,0
"POINT (9.211215396000057 48.806348012000058)",Unfall 52954 (2017) Kat:3, Licht: 0,52954,3,6,2,08,15,5,0,0,0,1,0,0,,1
"POINT (9.229401370000062 48.812611885000081)",Unfall 52955 (2017) Kat:3, Licht: 0,52955,3,2,2,08,07,5,0,0,0,1,0,0,,0
"POINT (9.208426773000042 48.803974509000057)",Unfall 53035 (2017) Kat:3, Licht: 0,53035,3,6,0,08,06,4,0,0,0,1,0,0,,1
"POINT (9.101656120000030 48.755825325000046)",Unfall 53036 (2017) Kat:3, Licht: 0,53036,3,2,2,08,14,4,0,0,0,1,0,0,,1
"POINT (9.140722255000071 48.781060082000067)",Unfall 53037 (2017) Kat:3, Licht: 1,53037,3,3,5,08,06,4,0,1,0,1,0,1,,0
"POINT (9.231280283000046 48.785816623000073)",Unfall 53101 (2017) Kat:2, Licht: 0,53101,2,6,3,08,13,1,0,0,0,1,0,1,,0
"POINT (9.204900534000046 48.808199110000032)",Unfall 53117 (2017) Kat:3, Licht: 0,53117,3,7,3,08,10,3,0,0,0,1,0,0,,1
"POINT (9.195350524000048 48.806974790000027)",Unfall 53178 (2017) Kat:3, Licht: 0,53178,3,3,5,08,09,2,0,0,1,0,0,0,,1
"POINT (9.257734834000075 48.760970490000034)",Unfall 53179 (2017) Kat:3, Licht: 0,53179,3,6,2,08,06,2,0,0,0,1,0,0,,0
"POINT (9.234130117000063 48.806187026000032)",Unfall 53294 (2017) Kat:3, Licht: 0,53294,3,6,2,09,15,1,0,0,0,1,0,0,,0
"POINT (9.175060325000061 48.820107490000055)",Unfall 53295 (2017) Kat:3, Licht: 2,53295,3,6,2,09,00,1,0,2,0,1,0,0,,0
"POINT (9.232922155000040 48.813904687000047)",Unfall 53296 (2017) Kat:3, Licht: 0,53296,3,6,2,09,16,1,0,0,0,1,0,0,,0
"POINT (9.188872479000054 48.784285737000062)",Unfall 53363 (2017) Kat:3, Licht: 1,53363,3,6,3,09,06,4,1,1,0,1,0,0,,1
"POINT (9.216307743000073 48.794043942000030)",Unfall 53364 (2017) Kat:3, Licht: 0,53364,3,6,2,09,16,4,0,0,0,1,0,0,,0
"POINT (9.179303160000075 48.757500878000030)",Unfall 53424 (2017) Kat:3, Licht: 0,53424,3,1,4,09,11,6,1,0,0,1,0,0,,0
"POINT (9.136940564000042 48.755764280000051)",Unfall 53425 (2017) Kat:3, Licht: 0,53425,3,6,2,09,17,6,1,0,0,1,0,0,,0
"POINT (9.165523476000033 48.705295217000071)",Unfall 53470 (2017) Kat:3, Licht: 0,53470,3,2,2,08,14,5,1,0,0,1,0,1,,0
"POINT (9.228410641000039 48.813679574000048)",Unfall 53497 (2017) Kat:3, Licht: 0,53497,3,5,8,08,16,5,1,0,0,1,0,0,,0
"POINT (9.130019822000065 48.779207565000036)",Unfall 53511 (2017) Kat:3, Licht: 0,53511,3,6,2,09,19,3,0,0,0,1,0,0,,0
"POINT (9.080306658000040 48.729334623000057)",Unfall 53627 (2017) Kat:3, Licht: 0,53627,3,6,3,09,17,2,0,0,0,1,0,1,,0
"POINT (9.079771347000076 48.719599886000026)",Unfall 53633 (2017) Kat:3, Licht: 0,53633,3,6,3,09,17,2,0,0,0,1,0,0,,1
"POINT (9.215576036000073 48.723497979000058)",Unfall 53681 (2017) Kat:3, Licht: 0,53681,3,6,4,08,14,3,0,0,0,1,0,0,,0
"POINT (9.192109918000028 48.807222147000061)",Unfall 53682 (2017) Kat:3, Licht: 0,53682,3,3,5,08,09,3,0,0,1,1,0,0,,0
"POINT (9.179566125000065 48.773165175000031)",Unfall 53693 (2017) Kat:3, Licht: 2,53693,3,7,2,09,19,2,0,2,0,1,0,0,,0
"POINT (9.200791896000055 48.794628519000071)",Unfall 53694 (2017) Kat:3, Licht: 0,53694,3,6,2,09,15,2,0,0,0,1,0,0,,0
"POINT (9.248985136000044 48.784404697000070)",Unfall 53699 (2017) Kat:3, Licht: 2,53699,3,5,1,09,23,2,0,2,1,1,0,0,,0
"POINT (9.195534705000057 48.806962076000048)",Unfall 53779 (2017) Kat:3, Licht: 0,53779,3,3,5,09,10,5,1,0,1,1,0,0,,0
"POINT (9.143431471000042 48.834494718000030)",Unfall 53780 (2017) Kat:3, Licht: 2,53780,3,1,8,09,20,5,1,2,0,1,0,0,,0
"POINT (9.237826931000029 48.781138960000078)",Unfall 53781 (2017) Kat:3, Licht: 0,53781,3,6,2,09,16,5,0,0,0,1,0,0,,0
"POINT (9.258344931000067 48.758745916000066)",Unfall 53782 (2017) Kat:3, Licht: 0,53782,3,6,2,09,10,5,1,0,0,1,0,0,,0
"POINT (9.181717883000033 48.775045057000057)",Unfall 53846 (2017) Kat:2, Licht: 0,53846,2,6,2,09,11,4,0,0,1,1,0,0,,0
"POINT (9.186827349000055 48.781277141000032)",Unfall 53847 (2017) Kat:3, Licht: 0,53847,3,2,5,09,09,4,0,0,0,1,0,0,,1
"POINT (9.104146107000076 48.806201494000049)",Unfall 53848 (2017) Kat:3, Licht: 2,53848,3,6,2,09,18,4,1,2,0,1,0,0,,0
"POINT (9.177095826000027 48.816665024000031)",Unfall 53849 (2017) Kat:3, Licht: 0,53849,3,6,3,09,16,4,0,0,0,1,0,1,,0
"POINT (9.220258815000022 48.835202906000063)",Unfall 53862 (2017) Kat:3, Licht: 2,53862,3,3,5,09,20,7,1,2,0,1,0,0,,1
"POINT (9.178544031000058 48.783817894000038)",Unfall 53864 (2017) Kat:3, Licht: 2,53864,3,6,2,09,00,7,0,2,0,1,0,0,,0
"POINT (9.168259231000036 48.814626020000048)",Unfall 53865 (2017) Kat:3, Licht: 0,53865,3,4,2,09,15,6,0,0,0,1,1,1,,0
"POINT (9.180177938000043 48.812609968000061)",Unfall 53953 (2017) Kat:3, Licht: 0,53953,3,3,5,09,14,3,0,0,0,1,0,0,,0
"POINT (9.139283564000039 48.753825994000067)",Unfall 53954 (2017) Kat:3, Licht: 1,53954,3,6,2,09,08,3,1,1,0,1,0,1,,0
"POINT (9.236644620000050 48.788462778000053)",Unfall 53955 (2017) Kat:3, Licht: 0,53955,3,6,2,09,17,3,0,0,0,1,0,0,,0
"POINT (9.147022185000026 48.784202426000036)",Unfall 53971 (2017) Kat:3, Licht: 0,53971,3,6,2,09,09,3,1,0,0,1,0,0,,0
"POINT (9.211203385000033 48.799666001000048)",Unfall 54083 (2017) Kat:3, Licht: 0,54083,3,6,2,09,15,2,0,0,0,1,0,0,,0
"POINT (9.184359513000061 48.778007129000059)",Unfall 54084 (2017) Kat:3, Licht: 0,54084,3,1,0,09,12,2,0,0,0,1,0,0,,0
"POINT (9.159531917000038 48.755571814000064)",Unfall 54085 (2017) Kat:3, Licht: 0,54085,3,6,2,09,13,2,0,0,0,1,0,0,,0
"POINT (9.163943662000065 48.851179058000071)",Unfall 54125 (2017) Kat:3, Licht: 0,54125,3,2,5,09,15,6,1,0,0,1,0,0,,1
"POINT (9.166713250000043 48.811346515000025)",Unfall 54126 (2017) Kat:3, Licht: 0,54126,3,4,6,09,12,6,0,0,1,0,1,0,,0
"POINT (9.206223229000045 48.807747147000043)",Unfall 54165 (2017) Kat:2, Licht: 2,54165,2,1,8,09,02,1,1,2,0,1,0,0,,0
"POINT (9.174418140000057 48.755174483000076)",Unfall 54234 (2017) Kat:3, Licht: 0,54234,3,6,2,09,12,5,0,0,0,1,0,0,,0
"POINT (9.198720806000040 48.695136846000025)",Unfall 54245 (2017) Kat:3, Licht: 2,54245,3,2,5,09,20,7,1,2,0,1,0,0,,0
"POINT (9.201886251000076 48.795094705000054)",Unfall 54248 (2017) Kat:3, Licht: 0,54248,3,6,2,09,16,7,0,0,0,1,0,0,,0
"POINT (9.248898063000070 48.772456757000043)",Unfall 54250 (2017) Kat:3, Licht: 2,54250,3,6,2,09,06,7,0,2,0,1,0,0,,0
"POINT (9.084928736000052 48.716397639000036)",Unfall 54324 (2017) Kat:3, Licht: 0,54324,3,3,5,09,15,2,0,0,0,1,0,0,,1
"POINT (9.212071170000058 48.800560565000069)",Unfall 54355 (2017) Kat:3, Licht: 0,54355,3,6,2,09,16,2,0,0,0,1,0,0,,0
"POINT (9.139611063000075 48.727732835000040)",Unfall 54356 (2017) Kat:3, Licht: 0,54356,3,2,5,09,18,2,0,0,0,1,0,1,,0
"POINT (9.095830390000060 48.825219436000054)",Unfall 54357 (2017) Kat:3, Licht: 0,54357,3,6,2,09,15,2,0,0,0,1,0,0,,0
"POINT (9.130095183000037 48.708896326000058)",Unfall 54393 (2017) Kat:3, Licht: 2,54393,3,6,2,09,19,1,1,2,0,1,0,0,,0
"POINT (9.147771215000034 48.837163739000061)",Unfall 54431 (2017) Kat:3, Licht: 0,54431,3,6,2,09,16,3,0,0,0,1,0,0,,0
"POINT (9.221779551000054 48.789096045000065)",Unfall 54440 (2017) Kat:3, Licht: 1,54440,3,2,3,09,21,4,0,1,0,1,0,0,,0
"POINT (9.163988343000028 48.851197036000030)",Unfall 54441 (2017) Kat:3, Licht: 0,54441,3,2,2,09,08,4,0,0,0,1,0,0,,0
"POINT (9.200034641000059 48.761701007000056)",Unfall 54460 (2017) Kat:2, Licht: 0,54460,2,6,2,09,15,1,0,0,0,1,0,0,,0
"POINT (9.184796539000047 48.849034061000054)",Unfall 54461 (2017) Kat:2, Licht: 0,54461,2,7,8,09,14,1,0,0,0,0,0,1,,0
"POINT (9.214523348000057 48.801683576000073)",Unfall 54474 (2017) Kat:3, Licht: 0,54474,3,6,2,09,15,1,0,0,0,1,0,0,,0
"POINT (9.220428295000033 48.788067586000068)",Unfall 54484 (2017) Kat:3, Licht: 0,54484,3,6,2,09,17,1,0,0,0,1,0,0,,0
"POINT (9.203347083000040 48.740863195000031)",Unfall 54538 (2017) Kat:3, Licht: 0,54538,3,2,2,09,07,3,0,0,0,1,0,0,,1
"POINT (9.215141700000061 48.799665306000065)",Unfall 54578 (2017) Kat:3, Licht: 2,54578,3,4,6,09,20,7,0,2,0,1,1,0,,0
"POINT (9.173199393000061 48.801211539000064)",Unfall 54579 (2017) Kat:3, Licht: 2,54579,3,7,3,09,00,7,0,2,0,1,0,1,,0
"POINT (9.178022531000067 48.783384986000044)",Unfall 54580 (2017) Kat:3, Licht: 0,54580,3,6,2,09,16,7,0,0,0,1,0,0,,1
"POINT (9.127761414000077 48.708618748000049)",Unfall 54592 (2017) Kat:3, Licht: 1,54592,3,6,2,09,06,3,0,1,0,1,0,0,,0
"POINT (9.260367322000036 48.761869642000079)",Unfall 54671 (2017) Kat:3, Licht: 0,54671,3,3,5,09,08,3,1,0,1,1,0,0,,0
"POINT (9.106126309000047 48.820269233000033)",Unfall 54672 (2017) Kat:3, Licht: 2,54672,3,3,5,09,06,3,0,2,1,1,0,0,,0