WKT,Name,OBJECTID,UKATEGORIE,UTYP1,UART,UMONAT,USTUNDE,UWOCHENTAG,STRZUSTAND,ULICHTVERH,ISTRAD,ISTPKW,ISTFUSS,ISTKRAD,ISTGKFZ,ISTSONSTIG
"POINT (9.165881612000021 48.833737274000043)",Unfall 54673 (2017) Kat:3, Licht: 0,54673,3,6,3,09,10,3,1,0,0,1,0,0,,1
"POINT (9.181828122000070 48.793191621000062)",Unfall 54729 (2017) Kat:3, Licht: 0,54729,3,3,5,09,18,6,0,0,1,1,0,0,,0
"POINT (9.233595188000038 48.806063855000048)",Unfall 54730 (2017) Kat:3, Licht: 2,54730,3,3,5,09,19,6,0,2,0,1,0,1,,0
"POINT (9.125312322000070 48.729534849000061)",Unfall 54777 (2017) Kat:3, Licht: 0,54777,3,6,2,09,10,3,0,0,0,1,0,0,,0
"POINT (9.103404569000077 48.711253492000026)",Unfall 54793 (2017) Kat:3, Licht: 2,54793,3,6,2,09,04,2,0,2,0,1,0,0,,1
"POINT (9.098301893000041 48.712372758000072)",Unfall 54837 (2017) Kat:3, Licht: 1,54837,3,6,2,09,18,7,1,1,0,1,0,0,,0
"POINT (9.076349148000077 48.721970260000035)",Unfall 54839 (2017) Kat:3, Licht: 2,54839,3,6,2,09,21,5,0,2,0,1,0,0,,0
"POINT (9.124937093000028 48.729595514000039)",Unfall 54847 (2017) Kat:2, Licht: 0,54847,2,2,6,09,18,2,0,0,0,1,1,0,,0
"POINT (9.192941134000023 48.756966260000070)",Unfall 54866 (2017) Kat:3, Licht: 0,54866,3,7,3,09,07,5,0,0,0,1,0,1,,0
"POINT (9.170132015000036 48.826147180000078)",Unfall 54867 (2017) Kat:3, Licht: 1,54867,3,6,3,09,06,5,0,1,0,1,0,1,,0
"POINT (9.217463693000070 48.803252163000082)",Unfall 54868 (2017) Kat:3, Licht: 0,54868,3,2,5,09,18,5,0,0,1,1,0,0,,0
"POINT (9.132681122000065 48.709180715000059)",Unfall 54871 (2017) Kat:3, Licht: 0,54871,3,6,2,09,12,7,0,0,0,1,0,0,,0
"POINT (9.217653842000061 48.814522037000074)",Unfall 54872 (2017) Kat:3, Licht: 1,54872,3,3,5,09,06,3,0,1,0,1,0,0,,0
"POINT (9.195044306000057 48.791049760000078)",Unfall 54925 (2017) Kat:3, Licht: 0,54925,3,1,0,09,18,7,1,0,0,0,0,1,,0
"POINT (9.234515801000043 48.799831223000069)",Unfall 55018 (2017) Kat:3, Licht: 0,55018,3,4,6,09,13,6,0,0,0,0,1,0,,1
"POINT (9.213336047000041 48.800748668000040)",Unfall 55084 (2017) Kat:3, Licht: 2,55084,3,2,2,09,00,5,0,2,0,1,0,0,,0
"POINT (9.106403819000036 48.721619591000035)",Unfall 55085 (2017) Kat:3, Licht: 0,55085,3,6,2,09,15,5,0,0,0,1,0,0,,0
"POINT (9.084004775000039 48.822093359000064)",Unfall 55143 (2017) Kat:3, Licht: 0,55143,3,6,2,09,14,4,0,0,0,1,0,0,,0
"POINT (9.158721784000022 48.853958684000077)",Unfall 55153 (2017) Kat:3, Licht: 2,55153,3,6,3,09,00,4,0,2,0,1,0,1,,0
"POINT (9.216119705000040 48.799146769000060)",Unfall 55221 (2017) Kat:3, Licht: 1,55221,3,6,2,10,06,5,0,1,0,0,0,1,,1
"POINT (9.144591370000057 48.771225946000072)",Unfall 55222 (2017) Kat:3, Licht: 0,55222,3,6,2,10,16,5,0,0,0,1,0,0,,0
"POINT (9.225097808000044 48.839401684000052)",Unfall 55223 (2017) Kat:3, Licht: 0,55223,3,7,2,10,11,5,0,0,0,1,0,0,,1
"POINT (9.208361690000061 48.801216898000064)",Unfall 55224 (2017) Kat:3, Licht: 0,55224,3,6,3,10,16,5,0,0,0,1,0,0,,1
"POINT (9.177291951000029 48.807505620000029)",Unfall 55225 (2017) Kat:3, Licht: 2,55225,3,7,8,10,19,5,1,2,0,1,0,0,,0
"POINT (9.180176452000069 48.786304998000048)",Unfall 55281 (2017) Kat:3, Licht: 1,55281,3,6,3,10,18,4,0,1,0,1,0,0,,0
"POINT (9.263464704000057 48.762984087000063)",Unfall 55282 (2017) Kat:3, Licht: 0,55282,3,6,2,10,16,4,0,0,0,1,0,0,,0
"POINT (9.207878860000051 48.797934097000052)",Unfall 55283 (2017) Kat:3, Licht: 2,55283,3,6,2,10,19,4,0,2,0,1,0,1,,0
"POINT (9.219491079000022 48.803645976000041)",Unfall 55284 (2017) Kat:3, Licht: 0,55284,3,6,3,10,17,4,0,0,0,1,0,0,,1
"POINT (9.205079477000027 48.808165390000056)",Unfall 55285 (2017) Kat:3, Licht: 0,55285,3,7,3,10,08,4,0,0,0,1,0,0,,1
"POINT (9.243914131000054 48.791131938000035)",Unfall 55286 (2017) Kat:2, Licht: 1,55286,2,3,5,10,18,4,0,1,0,1,0,1,,0
"POINT (9.146651087000066 48.728135091000070)",Unfall 55287 (2017) Kat:3, Licht: 0,55287,3,6,3,10,12,4,0,0,0,1,0,0,,0
"POINT (9.110492030000046 48.729847024000037)",Unfall 55288 (2017) Kat:3, Licht: 0,55288,3,6,2,10,09,4,0,0,0,1,0,0,,1
"POINT (9.188164097000026 48.697493104000046)",Unfall 55310 (2017) Kat:3, Licht: 0,55310,3,1,8,10,08,3,1,0,0,1,0,0,,0
"POINT (9.221824040000058 48.789130933000081)",Unfall 55319 (2017) Kat:3, Licht: 0,55319,3,6,3,10,10,3,1,0,0,1,0,1,,0
"POINT (9.158024762000025 48.770577345000049)",Unfall 55320 (2017) Kat:3, Licht: 0,55320,3,2,6,10,18,3,0,0,0,1,1,0,,0
"POINT (9.103408833000060 48.711252659000081)",Unfall 55350 (2017) Kat:3, Licht: 2,55350,3,6,3,10,19,2,0,2,0,1,0,0,,1
"POINT (9.180036545000064 48.843816610000033)",Unfall 55369 (2017) Kat:3, Licht: 1,55369,3,2,2,10,19,2,1,1,0,1,0,0,,0
"POINT (9.098091213000032 48.730651982000040)",Unfall 55370 (2017) Kat:3, Licht: 0,55370,3,3,5,10,11,2,1,0,0,1,0,0,,0
"POINT (9.083520560000068 48.752994661000059)",Unfall 55371 (2017) Kat:3, Licht: 0,55371,3,6,2,10,14,2,0,0,0,1,0,0,,0
"POINT (9.216207049000047 48.803242865000072)",Unfall 55431 (2017) Kat:3, Licht: 2,55431,3,6,2,10,19,1,0,2,0,1,0,0,,0
"POINT (9.174892845000045 48.805019948000051)",Unfall 55432 (2017) Kat:3, Licht: 2,55432,3,6,2,10,00,1,1,2,0,1,0,0,,0
"POINT (9.242099837000069 48.818729019000045)",Unfall 55433 (2017) Kat:3, Licht: 0,55433,3,3,1,10,14,1,0,0,0,1,0,0,,0
"POINT (9.223926813000048 48.794771443000059)",Unfall 55434 (2017) Kat:3, Licht: 0,55434,3,3,5,10,13,1,0,0,0,1,0,0,,0
"POINT (9.180570017000036 48.753136070000039)",Unfall 55435 (2017) Kat:3, Licht: 0,55435,3,6,2,10,15,1,0,0,0,1,0,0,,0
"POINT (9.182935635000035 48.810050443000080)",Unfall 55436 (2017) Kat:3, Licht: 0,55436,3,6,2,10,16,1,0,0,0,1,0,0,,0
"POINT (9.177582442000073 48.815941702000032)",Unfall 55522 (2017) Kat:3, Licht: 0,55522,3,2,5,10,15,4,0,0,1,1,0,0,,0
"POINT (9.136921014000052 48.776672389000055)",Unfall 55523 (2017) Kat:3, Licht: 1,55523,3,6,3,10,06,4,0,1,1,1,0,0,,0
"POINT (9.187147256000060 48.773475705000067)",Unfall 55574 (2017) Kat:3, Licht: 0,55574,3,2,2,10,09,3,0,0,0,1,0,0,,0
"POINT (9.217651995000040 48.814518137000050)",Unfall 55575 (2017) Kat:3, Licht: 2,55575,3,3,5,10,06,3,0,2,0,1,0,0,,0
"POINT (9.202290689000051 48.807819821000066)",Unfall 55576 (2017) Kat:3, Licht: 2,55576,3,3,5,10,22,3,0,2,1,1,0,0,,0
"POINT (9.209280412000055 48.798928556000078)",Unfall 55629 (2017) Kat:3, Licht: 2,55629,3,6,2,10,06,2,1,2,0,1,0,0,,0
"POINT (9.209078849000036 48.799499819000062)",Unfall 55630 (2017) Kat:3, Licht: 0,55630,3,6,2,10,15,2,0,0,0,1,0,0,,0
"POINT (9.233874632000038 48.783139269000060)",Unfall 55631 (2017) Kat:3, Licht: 0,55631,3,2,2,10,17,2,0,0,0,1,0,0,,0
"POINT (9.242441090000057 48.793007627000065)",Unfall 55632 (2017) Kat:3, Licht: 0,55632,3,6,2,10,15,2,0,0,0,1,0,0,,0
"POINT (9.233086626000045 48.738149324000062)",Unfall 55633 (2017) Kat:2, Licht: 2,55633,2,6,2,10,00,2,0,2,0,1,0,1,,0
"POINT (9.221639499000048 48.795997745000079)",Unfall 55657 (2017) Kat:3, Licht: 0,55657,3,6,2,10,18,1,0,0,0,1,0,0,,0
"POINT (9.208617569000069 48.798226687000067)",Unfall 55658 (2017) Kat:3, Licht: 2,55658,3,1,1,10,04,1,0,2,0,1,0,0,,1
"POINT (9.194289786000070 48.757105621000051)",Unfall 55659 (2017) Kat:2, Licht: 0,55659,2,1,0,10,14,1,1,0,0,0,0,1,,0
"POINT (9.193677453000021 48.757060534000061)",Unfall 55660 (2017) Kat:2, Licht: 2,55660,2,1,0,10,00,1,1,2,0,0,0,1,,0
"POINT (9.103493272000037 48.711405271000046)",Unfall 55694 (2017) Kat:3, Licht: 0,55694,3,6,2,10,12,7,0,0,0,1,0,0,,0
"POINT (9.130604929000072 48.728496393000057)",Unfall 55710 (2017) Kat:2, Licht: 0,55710,2,3,5,10,14,7,0,0,0,1,0,1,,0
"POINT (9.162414323000064 48.722889241000075)",Unfall 55711 (2017) Kat:3, Licht: 2,55711,3,2,2,10,01,7,0,2,0,1,0,0,,0
"POINT (9.169338493000055 48.705254895000053)",Unfall 55756 (2017) Kat:3, Licht: 0,55756,3,1,9,10,15,6,1,0,0,1,0,0,,0
"POINT (9.151183656000058 48.787713170000075)",Unfall 55791 (2017) Kat:3, Licht: 0,55791,3,6,2,10,14,6,1,0,0,1,0,0,,0
"POINT (9.207874145000062 48.797931758000061)",Unfall 55792 (2017) Kat:3, Licht: 1,55792,3,6,2,10,18,6,0,1,0,1,0,0,,0
"POINT (9.208152065000036 48.801143011000079)",Unfall 55793 (2017) Kat:3, Licht: 2,55793,3,6,2,10,19,6,1,2,0,1,0,0,,0
"POINT (9.217797007000058 48.786694594000039)",Unfall 55794 (2017) Kat:3, Licht: 0,55794,3,6,2,10,09,6,0,0,0,1,0,0,,0
"POINT (9.159617076000075 48.770991077000076)",Unfall 55795 (2017) Kat:3, Licht: 0,55795,3,1,0,10,17,6,1,0,0,1,0,1,,0
"POINT (9.185283415000072 48.779078968000078)",Unfall 55796 (2017) Kat:3, Licht: 0,55796,3,6,2,10,15,6,1,0,0,1,0,0,,0
"POINT (9.248847685000044 48.779511259000060)",Unfall 55898 (2017) Kat:3, Licht: 0,55898,3,6,2,10,15,2,0,0,0,1,0,0,,0
"POINT (9.229336684000032 48.812558964000061)",Unfall 55931 (2017) Kat:3, Licht: 0,55931,3,2,5,10,14,2,0,0,0,1,0,1,,0
"POINT (9.167335877000028 48.773061129000041)",Unfall 55932 (2017) Kat:3, Licht: 2,55932,3,3,5,10,18,2,0,2,1,1,0,0,,0
"POINT (9.245536352000045 48.789154826000072)",Unfall 55933 (2017) Kat:3, Licht: 0,55933,3,6,2,10,16,2,0,0,0,1,0,0,,0
"POINT (9.174450374000060 48.769701241000064)",Unfall 56023 (2017) Kat:3, Licht: 0,56023,3,6,3,10,12,1,0,0,0,1,0,1,,0
"POINT (9.177773219000073 48.815653835000035)",Unfall 56039 (2017) Kat:3, Licht: 2,56039,3,6,2,10,00,5,0,2,0,1,0,0,,0
"POINT (9.207673550000038 48.781007226000042)",Unfall 56051 (2017) Kat:3, Licht: 2,56051,3,6,2,10,19,5,0,2,0,1,0,0,,0
"POINT (9.154401260000043 48.810211317000039)",Unfall 56082 (2017) Kat:3, Licht: 0,56082,3,2,5,10,15,7,0,0,0,1,0,0,,0
"POINT (9.233020472000021 48.842088897000053)",Unfall 56083 (2017) Kat:3, Licht: 2,56083,3,1,4,10,00,7,0,2,0,1,0,0,,0
"POINT (9.204926611000076 48.808194196000045)",Unfall 56084 (2017) Kat:3, Licht: 0,56084,3,7,5,10,14,7,0,0,0,1,0,0,,1
"POINT (9.217654538000033 48.814523506000057)",Unfall 56085 (2017) Kat:3, Licht: 1,56085,3,3,5,10,18,7,0,1,0,1,0,0,,0
"POINT (9.161631463000049 48.745701459000031)",Unfall 56086 (2017) Kat:3, Licht: 0,56086,3,6,2,10,15,7,0,0,0,1,0,0,,0
"POINT (9.144970747000059 48.754594110000028)",Unfall 56087 (2017) Kat:3, Licht: 0,56087,3,6,2,10,14,7,0,0,0,1,0,0,,1
"POINT (9.179819152000050 48.773629999000036)",Unfall 56088 (2017) Kat:2, Licht: 2,56088,2,6,2,10,19,7,0,2,0,1,0,0,,0
"POINT (9.155925211000067 48.810678264000046)",Unfall 56200 (2017) Kat:3, Licht: 0,56200,3,3,5,10,08,6,0,0,1,1,0,0,,0
"POINT (9.251181685000063 48.757285305000039)",Unfall 56249 (2017) Kat:3, Licht: 2,56249,3,1,8,10,00,1,1,2,0,1,0,0,,0
"POINT (9.250885030000063 48.809722408000027)",Unfall 56253 (2017) Kat:3, Licht: 0,56253,3,6,2,10,14,1,0,0,0,1,0,0,,0
"POINT (9.249312993000046 48.783462168000028)",Unfall 56329 (2017) Kat:3, Licht: 0,56329,3,6,2,10,15,7,0,0,0,1,0,0,,0
"POINT (9.109680534000063 48.727393684000049)",Unfall 56330 (2017) Kat:3, Licht: 2,56330,3,2,6,10,22,7,1,2,0,0,1,0,,1
"POINT (9.167739246000053 48.773185278000028)",Unfall 56331 (2017) Kat:3, Licht: 0,56331,3,7,3,10,16,7,0,0,0,1,0,0,,0
"POINT (9.181069944000058 48.789525678000075)",Unfall 56332 (2017) Kat:3, Licht: 1,56332,3,6,2,10,18,7,0,1,0,1,0,0,,0
"POINT (9.207821057000047 48.798163148000071)",Unfall 56405 (2017) Kat:3, Licht: 0,56405,3,6,3,10,16,6,0,0,0,1,0,0,,1
"POINT (9.215767306000032 48.742896696000059)",Unfall 56406 (2017) Kat:3, Licht: 2,56406,3,7,5,10,19,6,0,2,1,1,0,0,,0
"POINT (9.219509286000061 48.803649118000067)",Unfall 56407 (2017) Kat:3, Licht: 0,56407,3,7,3,10,12,6,0,0,0,1,0,0,,1
"POINT (9.179180238000072 48.757364878000033)",Unfall 56478 (2017) Kat:2, Licht: 0,56478,2,2,0,10,17,3,0,0,1,1,0,0,,0
"POINT (9.209494383000049 48.804723950000039)",Unfall 56481 (2017) Kat:3, Licht: 0,56481,3,6,2,10,13,3,0,0,0,1,0,0,,0
"POINT (9.230231106000076 48.784734856000057)",Unfall 56482 (2017) Kat:3, Licht: 0,56482,3,6,3,10,11,3,0,0,0,1,0,0,,0
"POINT (9.106196622000027 48.722279423000032)",Unfall 56498 (2017) Kat:3, Licht: 0,56498,3,6,2,10,17,3,0,0,0,1,0,0,,0
"POINT (9.102983076000044 48.729981907000081)",Unfall 56499 (2017) Kat:3, Licht: 0,56499,3,2,5,10,17,3,0,0,1,1,0,0,,0
"POINT (9.140460175000044 48.754115492000039)",Unfall 56500 (2017) Kat:3, Licht: 0,56500,3,6,2,10,16,3,0,0,0,1,0,0,,0
"POINT (9.173199726000064 48.801146773000028)",Unfall 56503 (2017) Kat:3, Licht: 0,56503,3,6,2,10,17,3,0,0,0,1,0,0,,0
"POINT (9.166199078000034 48.725224723000053)",Unfall 56506 (2017) Kat:3, Licht: 0,56506,3,6,3,10,17,5,0,0,0,1,0,1,,0
"POINT (9.202344351000022 48.807830182000032)",Unfall 56507 (2017) Kat:3, Licht: 2,56507,3,3,5,10,20,5,0,2,1,0,0,0,,1
"POINT (9.170599706000076 48.813061321000077)",Unfall 56508 (2017) Kat:3, Licht: 0,56508,3,6,2,10,16,5,0,0,0,0,0,1,,1
"POINT (9.157200587000034 48.813324915000067)",Unfall 56509 (2017) Kat:3, Licht: 1,56509,3,6,2,10,18,5,0,1,0,1,0,0,,0
"POINT (9.195333237000057 48.806975983000029)",Unfall 56588 (2017) Kat:3, Licht: 0,56588,3,6,0,10,08,4,0,0,0,1,0,1,,0
"POINT (9.144855539000048 48.754582490000075)",Unfall 56659 (2017) Kat:3, Licht: 0,56659,3,2,5,10,14,2,0,0,0,1,0,0,,0
"POINT (9.181817669000054 48.759458189000043)",Unfall 56669 (2017) Kat:3, Licht: 0,56669,3,6,3,10,15,6,0,0,0,1,0,1,,0
"POINT (9.216896759000065 48.832978092000076)",Unfall 56670 (2017) Kat:2, Licht: 0,56670,2,4,6,10,15,6,0,0,0,1,1,0,,0
"POINT (9.144832372000053 48.771339958000056)",Unfall 56671 (2017) Kat:3, Licht: 0,56671,3,6,2,10,08,6,1,0,0,1,0,0,,0
"POINT (9.189905307000061 48.786053725000045)",Unfall 56672 (2017) Kat:3, Licht: 1,56672,3,2,5,10,07,6,0,1,1,1,0,0,,0
"POINT (9.097403262000057 48.818513594000081)",Unfall 56740 (2017) Kat:2, Licht: 2,56740,2,3,5,10,20,7,0,2,0,1,0,0,,0
"POINT (9.222635020000041 48.824008279000054)",Unfall 56764 (2017) Kat:2, Licht: 0,56764,2,7,8,10,11,5,0,0,0,1,0,0,,0
"POINT (9.180313675000036 48.773575646000040)",Unfall 56765 (2017) Kat:3, Licht: 0,56765,3,7,6,10,16,5,0,0,0,0,1,0,,1
"POINT (9.109743736000041 48.728995559000055)",Unfall 56885 (2017) Kat:3, Licht: 1,56885,3,2,5,10,18,4,0,1,0,1,0,1,,0
"POINT (9.222413538000069 48.836349897000048)",Unfall 56887 (2017) Kat:3, Licht: 0,56887,3,1,0,10,16,4,0,0,0,0,0,1,,0
"POINT (9.255120770000076 48.810532123000030)",Unfall 56889 (2017) Kat:3, Licht: 0,56889,3,6,2,10,16,4,0,0,0,1,0,0,,0
"POINT (9.179355800000053 48.784113976000071)",Unfall 56921 (2017) Kat:3, Licht: 0,56921,3,6,0,10,15,2,0,0,0,1,0,0,,1
"POINT (9.182823473000042 48.776125130000025)",Unfall 56947 (2017) Kat:3, Licht: 2,56947,3,3,5,10,00,1,0,2,0,1,0,0,,0
"POINT (9.213749934000020 48.800178469000059)",Unfall 56998 (2017) Kat:3, Licht: 2,56998,3,6,2,10,17,3,0,2,0,1,0,0,,0
"POINT (9.173700097000051 48.769192868000061)",Unfall 56999 (2017) Kat:3, Licht: 0,56999,3,3,5,10,11,3,1,0,0,1,0,0,,1
"POINT (9.217220497000028 48.793004405000033)",Unfall 57023 (2017) Kat:3, Licht: 2,57023,3,6,2,10,20,1,0,2,0,1,0,0,,0
"POINT (9.189855830000056 48.786324038000032)",Unfall 57086 (2017) Kat:3, Licht: 2,57086,3,6,2,10,23,2,0,2,0,1,0,0,,0
"POINT (9.201313900000059 48.780248032000031)",Unfall 57087 (2017) Kat:3, Licht: 0,57087,3,6,3,10,13,2,0,0,0,0,0,0,,1
"POINT (9.218187722000039 48.786905976000071)",Unfall 57088 (2017) Kat:3, Licht: 2,57088,3,6,2,10,21,2,0,2,0,1,0,0,,0
"POINT (9.203692145000048 48.710560301000044)",Unfall 57089 (2017) Kat:3, Licht: 0,57089,3,2,5,10,07,2,0,0,1,1,0,0,,0
"POINT (9.228055002000076 48.805491575000076)",Unfall 57098 (2017) Kat:3, Licht: 2,57098,3,1,0,11,22,6,1,2,1,0,0,0,,0
"POINT (9.217661767000038 48.814538769000080)",Unfall 57140 (2017) Kat:2, Licht: 2,57140,2,3,5,11,22,3,1,2,0,1,0,0,,0
"POINT (9.181344117000037 48.753363219000050)",Unfall 57141 (2017) Kat:2, Licht: 2,57141,2,3,5,11,18,3,1,2,1,1,0,0,,0
"POINT (9.131076828000062 48.812434139000061)",Unfall 57185 (2017) Kat:3, Licht: 0,57185,3,7,8,11,13,6,1,0,0,1,0,0,,0
"POINT (9.231757342000037 48.813341497000067)",Unfall 57222 (2017) Kat:2, Licht: 2,57222,2,6,2,11,17,2,0,2,0,1,0,0,,1
"POINT (9.192112523000048 48.789037908000068)",Unfall 57223 (2017) Kat:3, Licht: 0,57223,3,2,3,11,13,2,0,0,0,1,0,0,,1
"POINT (9.240354842000045 48.789731290000077)",Unfall 57225 (2017) Kat:3, Licht: 2,57225,3,6,2,11,18,2,0,2,0,1,0,0,,0
"POINT (9.101910168000075 48.804232883000054)",Unfall 57226 (2017) Kat:3, Licht: 1,57226,3,2,6,11,06,2,0,1,0,1,1,0,,0
"POINT (9.235619940000049 48.782404289000056)",Unfall 57228 (2017) Kat:3, Licht: 0,57228,3,6,2,11,07,2,0,0,0,1,0,0,,0
"POINT (9.173699367000040 48.822472169000037)",Unfall 57270 (2017) Kat:3, Licht: 2,57270,3,1,9,11,21,6,1,2,0,1,0,0,,0
"POINT (9.181156410000028 48.790483192000067)",Unfall 57277 (2017) Kat:3, Licht: 2,57277,3,6,2,11,19,1,1,2,0,1,0,0,,0
"POINT (9.209687496000072 48.805721813000048)",Unfall 57278 (2017) Kat:3, Licht: 0,57278,3,6,2,11,11,1,1,0,0,1,0,0,,0
"POINT (9.199300322000056 48.807245639000030)",Unfall 57291 (2017) Kat:3, Licht: 0,57291,3,2,0,11,16,5,1,0,1,1,0,0,,0
"POINT (9.225251776000050 48.698608868000065)",Unfall 57292 (2017) Kat:3, Licht: 2,57292,3,6,2,11,19,5,1,2,0,1,0,0,,0
"POINT (9.201463653000076 48.794915230000072)",Unfall 57302 (2017) Kat:3, Licht: 1,57302,3,6,2,11,17,6,1,1,0,1,0,0,,0
"POINT (9.224660572000062 48.740035779000038)",Unfall 57335 (2017) Kat:3, Licht: 2,57335,3,6,2,11,18,7,1,2,0,1,0,0,,0
"POINT (9.180536051000047 48.787741200000028)",Unfall 57336 (2017) Kat:3, Licht: 0,57336,3,6,3,11,15,7,0,0,0,1,0,0,,0
"POINT (9.226734699000076 48.793153874000041)",Unfall 57338 (2017) Kat:3, Licht: 0,57338,3,6,2,11,15,7,0,0,1,1,0,0,,0
"POINT (9.163082812000027 48.771889665000060)",Unfall 57339 (2017) Kat:3, Licht: 2,57339,3,7,0,11,21,7,0,2,1,0,0,0,,0
"POINT (9.090802408000059 48.714387567000074)",Unfall 57387 (2017) Kat:3, Licht: 2,57387,3,6,2,11,17,6,0,2,0,1,0,0,,0
"POINT (9.179846379000026 48.843735113000037)",Unfall 57406 (2017) Kat:3, Licht: 0,57406,3,6,2,11,14,6,1,0,0,1,0,0,,1
"POINT (9.143686173000049 48.834617596000044)",Unfall 57420 (2017) Kat:3, Licht: 2,57420,3,2,5,11,19,6,0,2,0,0,0,1,,1
"POINT (9.128931012000066 48.779214908000029)",Unfall 57421 (2017) Kat:3, Licht: 0,57421,3,3,5,11,15,6,0,0,1,1,0,0,,0
"POINT (9.248378852000030 48.785419673000035)",Unfall 57444 (2017) Kat:3, Licht: 0,57444,3,3,5,11,12,4,0,0,0,1,0,0,,0
"POINT (9.202305239000054 48.795257032000052)",Unfall 57445 (2017) Kat:3, Licht: 0,57445,3,6,3,11,10,4,1,0,0,1,0,0,,0
"POINT (9.129060712000069 48.757855199000062)",Unfall 57454 (2017) Kat:3, Licht: 2,57454,3,6,2,11,05,4,1,2,0,1,0,0,,0
"POINT (9.165259171000059 48.744413483000073)",Unfall 57457 (2017) Kat:3, Licht: 0,57457,3,3,5,11,07,4,1,0,1,1,0,0,,0
"POINT (9.101189673000022 48.816200965000064)",Unfall 57459 (2017) Kat:3, Licht: 0,57459,3,6,2,11,07,4,1,0,0,1,0,0,,0
"POINT (9.184665949000021 48.808871653000040)",Unfall 57484 (2017) Kat:3, Licht: 0,57484,3,6,2,11,07,6,0,0,0,1,0,0,,0
"POINT (9.222114850000025 48.789317428000061)",Unfall 57501 (2017) Kat:3, Licht: 0,57501,3,6,2,11,15,5,0,0,0,1,0,0,,0
"POINT (9.108843342000057 48.822217337000041)",Unfall 57502 (2017) Kat:3, Licht: 0,57502,3,3,5,11,11,5,0,0,1,1,0,0,,0
"POINT (9.094599981000044 48.713454782000042)",Unfall 57525 (2017) Kat:3, Licht: 0,57525,3,6,2,11,12,4,0,0,0,1,0,0,,0
"POINT (9.120698111000024 48.729992455000058)",Unfall 57577 (2017) Kat:3, Licht: 0,57577,3,2,5,11,08,6,0,0,0,1,0,1,,0
"POINT (9.238182188000053 48.789172404000055)",Unfall 57600 (2017) Kat:3, Licht: 2,57600,3,6,3,11,23,6,0,2,0,1,0,0,,0
"POINT (9.179900545000066 48.810703443000079)",Unfall 57602 (2017) Kat:3, Licht: 0,57602,3,6,2,11,07,6,1,0,0,1,0,0,,1
"POINT (9.176187827000035 48.817725320000079)",Unfall 57604 (2017) Kat:3, Licht: 0,57604,3,6,3,11,08,6,1,0,0,1,0,0,,1
"POINT (9.164672464000034 48.797206716000062)",Unfall 57605 (2017) Kat:3, Licht: 0,57605,3,6,2,11,14,6,1,0,0,1,0,0,,1
"POINT (9.159744755000077 48.771024252000075)",Unfall 57607 (2017) Kat:3, Licht: 0,57607,3,6,3,11,12,6,0,0,0,1,0,0,,0
"POINT (9.235396093000077 48.782516141000031)",Unfall 57608 (2017) Kat:3, Licht: 2,57608,3,6,3,11,06,6,1,2,0,1,0,0,,0
"POINT (9.150887661000070 48.787193007000042)",Unfall 57757 (2017) Kat:3, Licht: 2,57757,3,3,5,11,20,4,0,2,1,1,0,0,,0
"POINT (9.200035256000035 48.761701720000076)",Unfall 57758 (2017) Kat:3, Licht: 0,57758,3,2,6,11,15,4,0,0,0,1,1,0,,0
"POINT (9.178483146000076 48.814641406000078)",Unfall 57759 (2017) Kat:3, Licht: 1,57759,3,2,2,11,07,4,0,1,0,1,0,1,,1
"POINT (9.235360938000042 48.843220208000048)",Unfall 57760 (2017) Kat:3, Licht: 2,57760,3,6,2,11,18,4,0,2,0,1,0,0,,1
"POINT (9.167298809000045 48.773049719000028)",Unfall 57788 (2017) Kat:3, Licht: 0,57788,3,2,2,11,15,3,1,0,0,1,0,0,,0
"POINT (9.179956200000049 48.812839544000042)",Unfall 57792 (2017) Kat:3, Licht: 2,57792,3,6,3,11,17,3,1,2,0,1,0,1,,0
"POINT (9.253772567000056 48.765365125000073)",Unfall 57796 (2017) Kat:3, Licht: 2,57796,3,6,2,11,21,3,0,2,0,1,0,0,,0
"POINT (9.227994326000044 48.786032957000032)",Unfall 57805 (2017) Kat:2, Licht: 2,57805,2,6,2,11,18,3,0,2,0,1,0,0,,0
"POINT (9.226562672000057 48.792767122000043)",Unfall 57865 (2017) Kat:3, Licht: 2,57865,3,6,2,11,18,3,0,2,0,1,0,0,,0
"POINT (9.251656520000040 48.768446862000076)",Unfall 57866 (2017) Kat:3, Licht: 2,57866,3,6,2,11,22,3,0,2,0,1,0,0,,0
"POINT (9.249602989000039 48.771167639000055)",Unfall 57867 (2017) Kat:3, Licht: 2,57867,3,6,2,11,18,3,0,2,0,1,0,0,,1
"POINT (9.223160560000054 48.788376991000064)",Unfall 57981 (2017) Kat:3, Licht: 2,57981,3,6,2,11,17,2,1,2,0,1,0,0,,0
"POINT (9.184634477000031 48.809002125000063)",Unfall 57984 (2017) Kat:3, Licht: 0,57984,3,3,5,11,12,2,0,0,0,1,0,0,,0
"POINT (9.183389570000031 48.803857931000039)",Unfall 57993 (2017) Kat:3, Licht: 0,57993,3,6,2,11,10,2,1,0,0,1,0,0,,0
"POINT (9.167037182000058 48.836034348000055)",Unfall 57995 (2017) Kat:3, Licht: 0,57995,3,6,3,11,08,2,1,0,0,1,0,0,,1
"POINT (9.215939064000054 48.799247214000047)",Unfall 57996 (2017) Kat:2, Licht: 1,57996,2,1,0,11,06,2,1,1,0,0,0,1,,0
"POINT (9.254997178000053 48.759823197000060)",Unfall 57997 (2017) Kat:3, Licht: 0,57997,3,6,0,11,14,2,1,0,0,1,0,0,,1