WKT,Name,OBJECTID,UKATEGORIE,UTYP1,UART,UMONAT,USTUNDE,UWOCHENTAG,STRZUSTAND,ULICHTVERH,ISTRAD,ISTPKW,ISTFUSS,ISTKRAD,ISTGKFZ,ISTSONSTIG
"POINT (9.261594311000067 48.791709339000079)",Unfall 149100 (2017) Kat:2, Licht: 0,149100,2,3,5,04,18,2,0,0,0,1,0,1,,0
"POINT (9.178427949000025 48.767095581000035)",Unfall 149101 (2017) Kat:3, Licht: 0,149101,3,6,2,04,16,2,0,0,0,1,0,0,,0
"POINT (9.170561098000064 48.778947848000030)",Unfall 149102 (2017) Kat:2, Licht: 0,149102,2,4,6,04,09,2,0,0,0,0,1,0,,1
"POINT (9.248966647000032 48.810316083000032)",Unfall 149103 (2017) Kat:3, Licht: 0,149103,3,3,5,04,15,2,0,0,0,1,0,1,,0
"POINT (9.253441393000060 48.778087874000050)",Unfall 149104 (2017) Kat:3, Licht: 0,149104,3,3,5,04,16,2,0,0,1,1,0,0,,0
"POINT (9.136732911000024 48.774098632000062)",Unfall 149105 (2017) Kat:3, Licht: 0,149105,3,6,2,04,17,2,0,0,0,1,0,0,,0
"POINT (9.143136741000035 48.770361047000051)",Unfall 149106 (2017) Kat:3, Licht: 0,149106,3,2,0,04,13,2,0,0,0,1,0,1,,0
"POINT (9.182001993000029 48.782741696000073)",Unfall 149107 (2017) Kat:3, Licht: 2,149107,3,6,0,04,21,2,0,2,0,1,0,0,,1
"POINT (9.183431014000064 48.836712153000065)",Unfall 149124 (2017) Kat:3, Licht: 0,149124,3,7,3,04,14,1,0,0,0,1,0,1,,0
"POINT (9.152166369000042 48.751672867000082)",Unfall 149140 (2017) Kat:3, Licht: 0,149140,3,1,0,04,16,7,1,0,0,0,0,1,,0
"POINT (9.146278959000028 48.757209105000072)",Unfall 149178 (2017) Kat:3, Licht: 0,149178,3,3,5,04,16,6,0,0,0,1,0,0,,1
"POINT (9.227524489000075 48.781450040000038)",Unfall 149179 (2017) Kat:3, Licht: 0,149179,3,2,5,04,16,6,0,0,0,1,0,0,,1
"POINT (9.221547065000038 48.807328614000028)",Unfall 149203 (2017) Kat:3, Licht: 0,149203,3,3,5,04,17,5,0,0,0,1,0,0,,1
"POINT (9.123837523000077 48.727039311000055)",Unfall 149204 (2017) Kat:3, Licht: 0,149204,3,4,6,04,15,5,0,0,0,0,1,0,,1
"POINT (9.220416966000073 48.800236109000082)",Unfall 149205 (2017) Kat:3, Licht: 0,149205,3,2,5,04,17,5,0,0,1,1,0,0,,0
"POINT (9.251127205000046 48.782665482000027)",Unfall 149206 (2017) Kat:3, Licht: 0,149206,3,3,5,04,16,5,0,0,0,1,0,0,,0
"POINT (9.115613445000065 48.729811921000078)",Unfall 149224 (2017) Kat:3, Licht: 0,149224,3,2,5,04,15,4,0,0,0,1,0,0,,0
"POINT (9.222206770000071 48.786528690000068)",Unfall 149249 (2017) Kat:3, Licht: 0,149249,3,3,5,04,15,3,0,0,0,0,0,1,,1
"POINT (9.186471582000024 48.808600837000029)",Unfall 149279 (2017) Kat:3, Licht: 2,149279,3,3,5,05,21,5,1,2,1,1,0,0,,0
"POINT (9.129856915000062 48.729459480000060)",Unfall 149316 (2017) Kat:3, Licht: 0,149316,3,6,2,05,16,4,0,0,0,1,0,0,,0
"POINT (9.218671068000049 48.805372657000078)",Unfall 149364 (2017) Kat:3, Licht: 0,149364,3,7,6,05,13,3,0,0,0,1,1,0,,0
"POINT (9.174974088000056 48.814524295000069)",Unfall 149365 (2017) Kat:3, Licht: 0,149365,3,3,5,05,13,3,0,0,0,1,0,0,,0
"POINT (9.251824556000031 48.781963923000035)",Unfall 149379 (2017) Kat:3, Licht: 2,149379,3,3,5,05,01,2,0,2,0,1,0,0,,0
"POINT (9.248578161000069 48.788224151000065)",Unfall 149405 (2017) Kat:3, Licht: 0,149405,3,3,5,04,14,1,0,0,0,1,0,1,,0
"POINT (9.086195840000073 48.743714813000054)",Unfall 149406 (2017) Kat:3, Licht: 0,149406,3,6,4,04,15,1,0,0,1,0,0,0,,0
"POINT (9.176413783000044 48.773043776000065)",Unfall 149407 (2017) Kat:3, Licht: 1,149407,3,6,4,04,20,1,0,1,0,1,0,1,,0
"POINT (9.158937553000044 48.806469306000054)",Unfall 149446 (2017) Kat:3, Licht: 0,149446,3,3,5,04,18,7,0,0,1,1,0,0,,0
"POINT (9.155981548000057 48.837210681000045)",Unfall 149514 (2017) Kat:3, Licht: 0,149514,3,3,5,04,12,5,1,0,0,1,0,0,,0
"POINT (9.093127056000071 48.738753524000060)",Unfall 149515 (2017) Kat:3, Licht: 0,149515,3,3,5,04,06,5,1,0,0,1,0,0,,0
"POINT (9.238823870000033 48.789485674000048)",Unfall 149554 (2017) Kat:3, Licht: 0,149554,3,3,5,05,05,5,0,0,0,1,0,1,,0
"POINT (9.172312157000022 48.769840120000026)",Unfall 149555 (2017) Kat:3, Licht: 0,149555,3,3,5,05,07,5,0,0,1,1,0,0,,0
"POINT (9.260259074000032 48.791203003000078)",Unfall 149556 (2017) Kat:3, Licht: 0,149556,3,7,3,05,09,5,0,0,0,1,0,0,,0
"POINT (9.155393936000053 48.811557701000027)",Unfall 149607 (2017) Kat:2, Licht: 2,149607,2,3,5,05,22,4,0,2,0,1,0,1,,0
"POINT (9.189457290000064 48.807971545000044)",Unfall 149608 (2017) Kat:3, Licht: 0,149608,3,4,6,05,08,4,0,0,0,1,1,0,,0
"POINT (9.186965651000037 48.790842085000065)",Unfall 149609 (2017) Kat:3, Licht: 0,149609,3,6,2,05,06,4,0,0,0,1,0,0,,0
"POINT (9.166971049000040 48.831561922000049)",Unfall 149610 (2017) Kat:3, Licht: 0,149610,3,5,0,05,09,4,0,0,0,1,0,1,,0
"POINT (9.146394919000045 48.757019042000081)",Unfall 149611 (2017) Kat:3, Licht: 0,149611,3,3,0,05,14,4,0,0,0,1,0,0,,1
"POINT (9.169610247000037 48.784227959000077)",Unfall 149612 (2017) Kat:3, Licht: 0,149612,3,3,5,05,08,4,0,0,0,1,0,0,,0
"POINT (9.208485218000021 48.813500343000044)",Unfall 149648 (2017) Kat:3, Licht: 0,149648,3,7,2,05,18,3,0,0,0,1,0,0,,0
"POINT (9.191431495000074 48.776524383000037)",Unfall 149649 (2017) Kat:3, Licht: 0,149649,3,1,1,05,08,3,0,0,0,1,0,0,,0
"POINT (9.188100442000064 48.789163293000058)",Unfall 149650 (2017) Kat:3, Licht: 0,149650,3,6,3,05,06,3,0,0,0,1,0,0,,1
"POINT (9.179133746000048 48.782377521000058)",Unfall 149651 (2017) Kat:3, Licht: 0,149651,3,7,6,05,16,3,0,0,0,1,1,0,,0
"POINT (9.168589297000040 48.829736635000074)",Unfall 149652 (2017) Kat:3, Licht: 0,149652,3,7,2,05,16,3,0,0,0,1,0,1,,0
"POINT (9.155528621000030 48.804986114000030)",Unfall 149677 (2017) Kat:3, Licht: 0,149677,3,2,5,05,09,2,1,0,0,1,0,0,,0
"POINT (9.086617076000039 48.743283598000062)",Unfall 149678 (2017) Kat:3, Licht: 0,149678,3,2,6,05,17,2,1,0,0,1,1,0,,0
"POINT (9.176747606000049 48.809405460000050)",Unfall 149679 (2017) Kat:3, Licht: 0,149679,3,3,5,05,15,2,1,0,0,1,0,0,,0
"POINT (9.216774369000063 48.805385530000081)",Unfall 149680 (2017) Kat:3, Licht: 0,149680,3,3,5,05,16,2,0,0,0,1,0,0,,0
"POINT (9.192290511000067 48.779915716000062)",Unfall 149706 (2017) Kat:3, Licht: 0,149706,3,1,0,05,16,1,1,0,0,0,0,1,,0
"POINT (9.236747360000038 48.832404206000035)",Unfall 149707 (2017) Kat:3, Licht: 0,149707,3,4,6,05,12,1,1,0,0,1,1,0,,0
"POINT (9.150731472000075 48.731469069000070)",Unfall 149708 (2017) Kat:3, Licht: 0,149708,3,3,0,05,10,1,1,0,1,1,0,0,,0
"POINT (9.147037779000073 48.773864114000048)",Unfall 149730 (2017) Kat:3, Licht: 0,149730,3,6,4,05,11,7,0,0,1,1,0,0,,0
"POINT (9.178955257000041 48.771672522000074)",Unfall 149731 (2017) Kat:3, Licht: 0,149731,3,7,6,05,10,7,0,0,0,1,1,0,,0
"POINT (9.196087008000063 48.833357665000051)",Unfall 149776 (2017) Kat:2, Licht: 0,149776,2,4,6,05,20,6,0,0,0,1,1,0,,0
"POINT (9.190251366000041 48.787056307000057)",Unfall 149777 (2017) Kat:2, Licht: 2,149777,2,7,1,05,00,6,0,2,0,1,0,1,,0
"POINT (9.122120826000071 48.724074276000067)",Unfall 149778 (2017) Kat:3, Licht: 0,149778,3,2,5,05,07,6,1,0,1,0,0,0,,1
"POINT (9.177601346000074 48.784172740000031)",Unfall 149779 (2017) Kat:3, Licht: 0,149779,3,6,2,05,17,6,0,0,0,1,0,0,,0
"POINT (9.202875239000036 48.818466198000067)",Unfall 149792 (2017) Kat:2, Licht: 0,149792,2,1,8,05,08,6,1,0,0,0,0,1,,0
"POINT (9.102779747000056 48.823264319000032)",Unfall 149797 (2017) Kat:3, Licht: 0,149797,3,3,5,05,16,6,0,0,1,1,0,0,,0
"POINT (9.184524968000062 48.775350295000067)",Unfall 149800 (2017) Kat:3, Licht: 0,149800,3,1,0,05,08,6,0,0,1,0,0,0,,0
"POINT (9.219977257000039 48.801303840000060)",Unfall 149810 (2017) Kat:3, Licht: 0,149810,3,3,5,05,18,4,0,0,1,1,0,0,,0
"POINT (9.176685857000052 48.773037630000033)",Unfall 149811 (2017) Kat:3, Licht: 1,149811,3,4,0,05,20,4,0,1,1,0,1,0,,0
"POINT (9.123861895000061 48.815990426000042)",Unfall 149812 (2017) Kat:3, Licht: 0,149812,3,6,2,05,08,4,0,0,0,1,0,1,,0
"POINT (9.118276796000032 48.809688074000064)",Unfall 149813 (2017) Kat:3, Licht: 0,149813,3,3,5,05,18,4,0,0,1,1,0,0,,0
"POINT (9.101295796000045 48.733512015000031)",Unfall 149874 (2017) Kat:2, Licht: 0,149874,2,6,2,05,17,3,0,0,0,1,0,1,,0
"POINT (9.171880459000022 48.773855895000054)",Unfall 149875 (2017) Kat:3, Licht: 2,149875,3,7,2,05,22,3,0,2,0,1,0,0,,0
"POINT (9.160689857000023 48.760941464000041)",Unfall 149876 (2017) Kat:3, Licht: 0,149876,3,7,8,05,06,3,0,0,0,1,0,0,,0
"POINT (9.224080586000071 48.813747135000028)",Unfall 149877 (2017) Kat:2, Licht: 0,149877,2,3,5,05,16,3,0,0,1,1,0,0,,0
"POINT (9.155807003000064 48.777359658000080)",Unfall 149923 (2017) Kat:3, Licht: 0,149923,3,3,5,05,11,2,0,0,0,1,0,0,,0
"POINT (9.108691418000035 48.732603200000028)",Unfall 149924 (2017) Kat:3, Licht: 1,149924,3,3,5,05,21,2,0,1,0,1,0,0,,0
"POINT (9.235110680000048 48.777079749000052)",Unfall 149953 (2017) Kat:3, Licht: 0,149953,3,2,5,05,10,1,0,0,0,1,0,0,,0
"POINT (9.176180664000071 48.818023748000030)",Unfall 149954 (2017) Kat:3, Licht: 2,149954,3,6,2,05,23,1,0,2,0,1,0,0,,0
"POINT (9.117180214000030 48.730790432000049)",Unfall 149955 (2017) Kat:3, Licht: 0,149955,3,5,1,05,11,1,0,0,1,1,0,0,,0
"POINT (9.152072722000071 48.809752268000068)",Unfall 149994 (2017) Kat:3, Licht: 0,149994,3,6,6,05,13,7,0,0,1,0,1,0,,0
"POINT (9.175785241000028 48.781826649000038)",Unfall 150029 (2017) Kat:3, Licht: 0,150029,3,7,3,05,14,6,0,0,0,1,0,1,,0
"POINT (9.239015544000040 48.790768106000030)",Unfall 150065 (2017) Kat:3, Licht: 0,150065,3,3,5,05,14,2,0,0,0,1,0,1,,0
"POINT (9.200753119000069 48.789222614000039)",Unfall 150066 (2017) Kat:3, Licht: 2,150066,3,1,0,05,02,2,0,2,1,0,0,0,,0
"POINT (9.223635140000056 48.824770346000037)",Unfall 150091 (2017) Kat:3, Licht: 0,150091,3,7,0,05,18,1,0,0,1,1,0,0,,0
"POINT (9.184038672000042 48.772956069000031)",Unfall 150092 (2017) Kat:3, Licht: 0,150092,3,2,5,05,10,1,0,0,1,1,0,0,,0
"POINT (9.210122144000025 48.825754036000035)",Unfall 150126 (2017) Kat:3, Licht: 0,150126,3,3,5,05,20,7,0,0,1,1,0,0,,0
"POINT (9.186473400000068 48.817310340000063)",Unfall 150127 (2017) Kat:3, Licht: 0,150127,3,3,5,05,12,7,0,0,0,1,0,1,,0
"POINT (9.230911859000059 48.815639020000049)",Unfall 150128 (2017) Kat:3, Licht: 0,150128,3,6,3,05,15,7,0,0,1,1,0,0,,0
"POINT (9.231609754000033 48.741873865000059)",Unfall 150181 (2017) Kat:3, Licht: 0,150181,3,4,6,05,12,6,1,0,0,1,1,0,,0
"POINT (9.252135597000063 48.778637864000075)",Unfall 150182 (2017) Kat:3, Licht: 0,150182,3,3,5,05,11,6,1,0,1,1,0,0,,0
"POINT (9.155244078000067 48.838847546000068)",Unfall 150183 (2017) Kat:3, Licht: 0,150183,3,2,5,05,12,6,1,0,0,1,0,0,,1
"POINT (9.215432525000040 48.806742597000039)",Unfall 150184 (2017) Kat:3, Licht: 1,150184,3,3,5,05,20,6,0,1,0,1,0,0,,0
"POINT (9.225466717000074 48.791421012000058)",Unfall 150243 (2017) Kat:3, Licht: 0,150243,3,7,6,05,12,5,0,0,0,1,1,0,,0
"POINT (9.174217071000044 48.749079099000028)",Unfall 150244 (2017) Kat:3, Licht: 0,150244,3,5,1,05,09,5,0,0,0,1,0,0,,0
"POINT (9.112156932000062 48.813598947000060)",Unfall 150351 (2017) Kat:3, Licht: 0,150351,3,4,6,05,16,6,0,0,0,1,1,0,,0
"POINT (9.221374455000046 48.810244118000071)",Unfall 150352 (2017) Kat:3, Licht: 0,150352,3,3,5,05,19,6,0,0,1,1,0,0,,0
"POINT (9.179523273000029 48.764674436000064)",Unfall 150353 (2017) Kat:2, Licht: 1,150353,2,1,4,05,20,6,0,1,0,1,0,1,,0
"POINT (9.235498155000073 48.776870335000069)",Unfall 150354 (2017) Kat:3, Licht: 0,150354,3,6,3,05,17,6,0,0,1,0,0,0,,1
"POINT (9.176266536000071 48.797933984000053)",Unfall 150389 (2017) Kat:3, Licht: 1,150389,3,1,9,05,05,5,0,1,0,1,0,0,,0
"POINT (9.178147669000055 48.779883077000079)",Unfall 150390 (2017) Kat:2, Licht: 0,150390,2,1,0,05,18,5,0,0,0,0,0,1,,0
"POINT (9.251830212000073 48.782011835000048)",Unfall 150391 (2017) Kat:3, Licht: 0,150391,3,3,5,05,10,5,0,0,0,1,0,0,,0
"POINT (9.164838296000028 48.835956229000033)",Unfall 150453 (2017) Kat:3, Licht: 0,150453,3,3,5,05,15,4,0,0,1,0,0,1,,0
"POINT (9.145007697000040 48.733455860000049)",Unfall 150454 (2017) Kat:3, Licht: 0,150454,3,6,3,05,11,4,0,0,1,0,0,0,,1
"POINT (9.157314158000077 48.781632205000051)",Unfall 150455 (2017) Kat:3, Licht: 0,150455,3,7,5,05,08,4,0,0,1,1,0,0,,0
"POINT (9.181772708000040 48.782935383000051)",Unfall 150456 (2017) Kat:3, Licht: 0,150456,3,6,3,05,15,4,0,0,0,1,0,0,,1
"POINT (9.159008822000033 48.843224603000067)",Unfall 150457 (2017) Kat:3, Licht: 0,150457,3,6,2,05,15,4,0,0,0,1,0,0,,0
"POINT (9.232762361000027 48.813943542000061)",Unfall 150458 (2017) Kat:3, Licht: 0,150458,3,3,5,05,13,4,0,0,0,1,0,0,,1
"POINT (9.112114167000073 48.814157938000051)",Unfall 150517 (2017) Kat:3, Licht: 0,150517,3,7,6,05,19,3,0,0,0,1,1,0,,0
"POINT (9.264090130000056 48.761360269000079)",Unfall 150518 (2017) Kat:3, Licht: 0,150518,3,6,3,05,13,3,0,0,0,1,0,0,,0
"POINT (9.211182515000076 48.744174232000034)",Unfall 150550 (2017) Kat:3, Licht: 0,150550,3,3,5,06,15,5,0,0,1,1,0,0,,0
"POINT (9.116631386000051 48.724919366000051)",Unfall 150551 (2017) Kat:3, Licht: 0,150551,3,2,5,06,08,5,0,0,1,1,0,0,,0
"POINT (9.208644114000038 48.788955975000079)",Unfall 150561 (2017) Kat:3, Licht: 0,150561,3,2,6,06,13,5,0,0,0,1,1,0,,0
"POINT (9.206970536000029 48.795117031000075)",Unfall 150562 (2017) Kat:3, Licht: 1,150562,3,6,4,06,20,5,0,1,0,1,0,0,,0
"POINT (9.170911562000072 48.748470992000080)",Unfall 150606 (2017) Kat:3, Licht: 0,150606,3,5,1,05,14,4,0,0,0,1,0,0,,0
"POINT (9.156860174000030 48.848085992000051)",Unfall 150607 (2017) Kat:3, Licht: 0,150607,3,3,5,05,18,4,0,0,0,1,0,1,,0
"POINT (9.233621000000028 48.798704359000055)",Unfall 150608 (2017) Kat:3, Licht: 0,150608,3,5,1,05,13,4,0,0,1,0,0,0,,0
"POINT (9.118397442000060 48.747698958000058)",Unfall 150609 (2017) Kat:2, Licht: 2,150609,2,1,0,05,00,4,0,2,1,0,0,0,,0
"POINT (9.166590511000038 48.764184404000048)",Unfall 150610 (2017) Kat:3, Licht: 2,150610,3,6,2,05,22,4,0,2,0,1,0,1,,0
"POINT (9.188259086000073 48.828953241000079)",Unfall 150754 (2017) Kat:2, Licht: 0,150754,2,2,5,05,18,1,0,0,1,1,0,0,,0
"POINT (9.172294587000067 48.833201583000061)",Unfall 150799 (2017) Kat:2, Licht: 0,150799,2,3,5,05,13,7,0,0,0,1,0,1,,0
"POINT (9.177781101000051 48.833952351000050)",Unfall 150800 (2017) Kat:2, Licht: 0,150800,2,2,6,05,17,7,0,0,0,0,1,0,,1
"POINT (9.250344516000041 48.752333245000045)",Unfall 150801 (2017) Kat:3, Licht: 0,150801,3,6,4,05,08,7,0,0,1,1,0,0,,0
"POINT (9.160186613000064 48.836384670000029)",Unfall 150802 (2017) Kat:3, Licht: 2,150802,3,6,2,05,21,7,0,2,0,1,0,1,,0
"POINT (9.191378621000069 48.779849998000032)",Unfall 150803 (2017) Kat:3, Licht: 0,150803,3,3,0,05,14,7,0,0,0,1,0,1,,0
"POINT (9.170191406000072 48.784499514000061)",Unfall 150831 (2017) Kat:3, Licht: 0,150831,3,3,5,06,10,4,0,0,0,1,0,0,,0
"POINT (9.117489302000024 48.730789747000074)",Unfall 150832 (2017) Kat:3, Licht: 0,150832,3,3,5,06,13,4,0,0,1,1,0,0,,0
"POINT (9.160872358000063 48.726744543000052)",Unfall 150833 (2017) Kat:3, Licht: 0,150833,3,6,4,06,06,4,0,0,1,1,0,0,,0
"POINT (9.127889257000049 48.783434646000046)",Unfall 150868 (2017) Kat:2, Licht: 0,150868,2,3,5,06,15,3,0,0,1,1,0,0,,0
"POINT (9.191921474000026 48.779948876000049)",Unfall 150869 (2017) Kat:3, Licht: 2,150869,3,1,0,06,22,3,0,2,1,0,0,0,,0
"POINT (9.178220961000022 48.776421382000080)",Unfall 150889 (2017) Kat:2, Licht: 1,150889,2,1,0,06,05,2,0,1,1,0,0,0,,0
"POINT (9.234769169000060 48.777265268000065)",Unfall 150943 (2017) Kat:3, Licht: 0,150943,3,6,2,06,11,7,0,0,0,1,0,0,,0
"POINT (9.152042134000055 48.751498077000065)",Unfall 150944 (2017) Kat:3, Licht: 0,150944,3,6,4,06,10,7,0,0,0,1,0,0,,0
"POINT (9.153610116000039 48.781368903000043)",Unfall 150945 (2017) Kat:3, Licht: 0,150945,3,1,0,06,12,7,0,0,0,0,0,1,,0
"POINT (9.155830657000024 48.771028258000058)",Unfall 150994 (2017) Kat:3, Licht: 2,150994,3,7,0,06,21,6,0,2,0,1,0,1,,0
"POINT (9.158686012000032 48.833365478000076)",Unfall 150995 (2017) Kat:3, Licht: 0,150995,3,4,6,06,16,6,0,0,0,1,1,0,,0
"POINT (9.115841441000043 48.813970181000059)",Unfall 150996 (2017) Kat:3, Licht: 0,150996,3,3,5,06,15,6,0,0,1,1,0,0,,0
"POINT (9.212955127000043 48.819234593000033)",Unfall 150997 (2017) Kat:3, Licht: 0,150997,3,3,5,06,16,6,0,0,0,1,0,0,,0
"POINT (9.188413567000055 48.791127796000069)",Unfall 150998 (2017) Kat:3, Licht: 0,150998,3,1,0,06,11,6,0,0,1,0,0,0,,0
"POINT (9.171739217000038 48.832062415000053)",Unfall 151064 (2017) Kat:3, Licht: 0,151064,3,3,5,06,12,5,0,0,0,1,0,0,,0
"POINT (9.191396178000048 48.779813953000030)",Unfall 151065 (2017) Kat:3, Licht: 0,151065,3,3,5,06,15,5,0,0,0,1,0,0,,0
"POINT (9.167523429000028 48.832309971000029)",Unfall 151066 (2017) Kat:3, Licht: 0,151066,3,3,5,06,10,5,0,0,0,1,0,0,,0
"POINT (9.153294578000043 48.807467612000039)",Unfall 151067 (2017) Kat:3, Licht: 0,151067,3,3,5,06,19,5,0,0,0,1,0,0,,0
"POINT (9.176145571000063 48.785015811000051)",Unfall 151088 (2017) Kat:3, Licht: 2,151088,3,5,1,06,00,4,0,2,1,1,0,0,,0
"POINT (9.154878324000038 48.760284812000066)",Unfall 151089 (2017) Kat:3, Licht: 0,151089,3,3,5,06,07,4,0,0,1,1,0,0,,0
"POINT (9.243859336000071 48.776013275000025)",Unfall 151090 (2017) Kat:3, Licht: 1,151090,3,2,5,06,03,4,0,1,0,1,0,0,,0
"POINT (9.229190203000030 48.799400402000060)",Unfall 151131 (2017) Kat:3, Licht: 0,151131,3,3,5,06,17,3,0,0,1,1,0,0,,0
"POINT (9.115249719000076 48.817308257000036)",Unfall 151132 (2017) Kat:3, Licht: 0,151132,3,7,1,06,17,3,0,0,1,0,0,1,,0
"POINT (9.155192192000072 48.808074311000041)",Unfall 151133 (2017) Kat:3, Licht: 0,151133,3,3,5,06,10,3,0,0,1,1,0,0,,0
"POINT (9.165280096000060 48.763398152000036)",Unfall 151175 (2017) Kat:3, Licht: 0,151175,3,3,5,06,20,2,0,0,1,1,0,0,,0
"POINT (9.232937839000044 48.798884794000060)",Unfall 151176 (2017) Kat:3, Licht: 0,151176,3,2,2,06,14,2,0,0,0,1,0,0,,0
"POINT (9.219817586000033 48.802540102000080)",Unfall 151211 (2017) Kat:3, Licht: 0,151211,3,2,5,06,16,1,0,0,0,1,0,1,,0
"POINT (9.152587822000044 48.752756708000049)",Unfall 151212 (2017) Kat:2, Licht: 2,151212,2,1,4,06,21,1,0,2,0,1,0,1,,0
"POINT (9.157070886000042 48.831758783000055)",Unfall 151213 (2017) Kat:3, Licht: 2,151213,3,1,8,06,23,1,0,2,1,0,0,0,,0
"POINT (9.173331478000023 48.825611908000042)",Unfall 151320 (2017) Kat:2, Licht: 0,151320,2,2,5,06,11,5,0,0,0,0,0,1,,1
"POINT (9.277697765000028 48.778574817000049)",Unfall 151321 (2017) Kat:3, Licht: 0,151321,3,3,5,06,13,5,0,0,0,1,0,0,,0
"POINT (9.235234772000069 48.834955551000064)",Unfall 151322 (2017) Kat:3, Licht: 0,151322,3,3,0,06,16,5,0,0,0,1,1,0,,0
"POINT (9.154022782000027 48.813243307000050)",Unfall 151323 (2017) Kat:3, Licht: 0,151323,3,1,0,06,15,5,0,0,1,1,0,0,,0
"POINT (9.116706073000046 48.724949305000052)",Unfall 151348 (2017) Kat:3, Licht: 0,151348,3,3,0,06,19,3,0,0,0,1,0,1,,0
"POINT (9.147684611000045 48.779391828000030)",Unfall 151349 (2017) Kat:3, Licht: 0,151349,3,2,2,06,13,3,0,0,0,1,0,1,,0
"POINT (9.211774769000044 48.795509286000026)",Unfall 151421 (2017) Kat:3, Licht: 1,151421,3,3,5,06,20,2,0,1,1,0,0,0,,1
"POINT (9.172501845000056 48.739930561000051)",Unfall 151422 (2017) Kat:3, Licht: 0,151422,3,3,5,06,19,2,0,0,1,0,0,1,,0
"POINT (9.210960020000073 48.821776139000065)",Unfall 151423 (2017) Kat:3, Licht: 0,151423,3,6,2,06,11,2,0,0,0,1,0,0,,0
"POINT (9.162481291000063 48.784880017000035)",Unfall 151424 (2017) Kat:3, Licht: 0,151424,3,3,6,06,07,2,0,0,0,1,1,0,,0
"POINT (9.236658458000022 48.818398715000058)",Unfall 151425 (2017) Kat:3, Licht: 0,151425,3,4,6,06,07,2,0,0,0,1,1,0,,0
"POINT (9.218027160000077 48.782311017000040)",Unfall 151426 (2017) Kat:3, Licht: 0,151426,3,6,2,06,07,2,0,0,0,1,0,1,,0
"POINT (9.163015942000072 48.745098853000059)",Unfall 151427 (2017) Kat:3, Licht: 0,151427,3,5,1,06,08,2,0,0,1,1,0,0,,0
"POINT (9.166029462000040 48.776718411000047)",Unfall 151428 (2017) Kat:3, Licht: 0,151428,3,3,5,06,13,2,0,0,0,1,0,0,,0
"POINT (9.173451620000037 48.774244647000046)",Unfall 151451 (2017) Kat:3, Licht: 0,151451,3,3,5,06,16,1,0,0,1,1,0,0,,0
"POINT (9.160648655000045 48.808144141000071)",Unfall 151452 (2017) Kat:3, Licht: 2,151452,3,3,0,06,00,1,0,2,1,1,0,0,,0
"POINT (9.203722828000025 48.818040414000052)",Unfall 151453 (2017) Kat:3, Licht: 0,151453,3,7,8,06,12,1,0,0,0,1,0,0,,0
"POINT (9.200464010000076 48.820305448000056)",Unfall 151528 (2017) Kat:2, Licht: 0,151528,2,1,2,06,19,6,0,0,0,1,0,1,,0
"POINT (9.164707165000039 48.811939655000060)",Unfall 151529 (2017) Kat:3, Licht: 0,151529,3,2,5,06,09,6,0,0,1,1,0,0,,0
"POINT (9.149682089000066 48.806382548000045)",Unfall 151530 (2017) Kat:3, Licht: 2,151530,3,6,2,06,00,6,0,2,1,1,0,0,,0
"POINT (9.189571545000035 48.834465028000068)",Unfall 151565 (2017) Kat:3, Licht: 0,151565,3,6,2,06,11,5,0,0,0,1,0,0,,0
"POINT (9.166897658000039 48.773540024000056)",Unfall 151566 (2017) Kat:3, Licht: 0,151566,3,7,0,06,20,5,1,0,0,1,0,1,,0
"POINT (9.217304380000030 48.798765515000071)",Unfall 151567 (2017) Kat:3, Licht: 2,151567,3,1,8,06,02,5,0,2,0,1,0,0,,0
"POINT (9.183651023000039 48.782243780000044)",Unfall 151606 (2017) Kat:3, Licht: 0,151606,3,6,3,06,18,1,0,0,0,1,0,0,,1
"POINT (9.236111209000057 48.798855850000052)",Unfall 151607 (2017) Kat:3, Licht: 2,151607,3,1,8,06,04,1,0,2,0,1,0,0,,0
"POINT (9.128198850000047 48.740755174000071)",Unfall 151638 (2017) Kat:3, Licht: 1,151638,3,3,5,06,21,7,0,1,0,1,0,1,,0
"POINT (9.129984710000031 48.733099935000041)",Unfall 151639 (2017) Kat:3, Licht: 2,151639,3,6,4,06,22,7,0,2,0,1,0,0,,0
"POINT (9.162381927000070 48.776319395000030)",Unfall 151640 (2017) Kat:3, Licht: 0,151640,3,2,5,06,09,7,0,0,0,1,0,1,,0
"POINT (9.220467626000072 48.799877914000035)",Unfall 151641 (2017) Kat:3, Licht: 0,151641,3,6,4,06,16,7,0,0,0,1,0,1,,0
"POINT (9.188079195000057 48.779818274000036)",Unfall 151696 (2017) Kat:3, Licht: 0,151696,3,5,1,06,09,6,0,0,0,1,0,1,,0
"POINT (9.182800451000048 48.782484484000065)",Unfall 151697 (2017) Kat:3, Licht: 0,151697,3,6,2,06,19,6,0,0,0,1,0,1,,0
"POINT (9.233924204000061 48.813833769000041)",Unfall 151698 (2017) Kat:3, Licht: 0,151698,3,3,5,06,07,6,0,0,1,1,0,0,,0