WKT,Name,OBJECTID,UKATEGORIE,UTYP1,UART,UMONAT,USTUNDE,UWOCHENTAG,STRZUSTAND,ULICHTVERH,ISTRAD,ISTPKW,ISTFUSS,ISTKRAD,ISTGKFZ,ISTSONSTIG
"POINT (9.146879337000030 48.727683077000052)",Unfall 151699 (2017) Kat:3, Licht: 0,151699,3,4,6,06,14,6,0,0,0,1,1,0,,0
"POINT (9.169764860000043 48.771383472000082)",Unfall 151749 (2017) Kat:3, Licht: 0,151749,3,2,5,06,07,5,0,0,1,1,0,0,,0
"POINT (9.167667332000065 48.764411583000026)",Unfall 151818 (2017) Kat:2, Licht: 0,151818,2,6,2,06,08,4,0,0,0,1,0,1,,0
"POINT (9.182790090000026 48.791860608000036)",Unfall 151819 (2017) Kat:3, Licht: 0,151819,3,7,6,06,20,4,0,0,1,0,1,0,,0
"POINT (9.174921981000068 48.773361195000064)",Unfall 151820 (2017) Kat:3, Licht: 0,151820,3,4,6,06,08,4,0,0,1,0,1,0,,0
"POINT (9.203940587000034 48.774480227000026)",Unfall 151913 (2017) Kat:3, Licht: 0,151913,3,3,5,06,06,5,0,0,0,1,0,1,,0
"POINT (9.221540661000063 48.787041120000026)",Unfall 151914 (2017) Kat:3, Licht: 0,151914,3,2,2,06,15,5,0,0,0,1,0,0,,0
"POINT (9.251590103000069 48.816297810000037)",Unfall 151915 (2017) Kat:3, Licht: 0,151915,3,3,5,06,13,5,0,0,0,1,0,0,,0
"POINT (9.153892167000038 48.714028606000056)",Unfall 151916 (2017) Kat:3, Licht: 0,151916,3,4,6,06,16,5,0,0,0,1,1,0,,0
"POINT (9.212596211000061 48.785788579000041)",Unfall 151917 (2017) Kat:3, Licht: 0,151917,3,5,1,06,19,5,0,0,0,1,0,1,,0
"POINT (9.169412549000072 48.830652391000058)",Unfall 151975 (2017) Kat:3, Licht: 0,151975,3,3,4,06,07,4,1,0,1,1,0,0,,0
"POINT (9.161182890000021 48.783293346000050)",Unfall 151976 (2017) Kat:2, Licht: 2,151976,2,7,0,06,00,4,1,2,1,0,0,0,,0
"POINT (9.183015761000036 48.790546659000029)",Unfall 151977 (2017) Kat:2, Licht: 0,151977,2,1,6,06,20,4,0,0,1,0,1,0,,0
"POINT (9.190055604000065 48.796529221000071)",Unfall 152038 (2017) Kat:3, Licht: 0,152038,3,4,6,06,20,3,0,0,0,0,1,0,,1
"POINT (9.227469568000061 48.781338953000045)",Unfall 152039 (2017) Kat:3, Licht: 0,152039,3,1,9,06,15,3,0,0,0,1,0,0,,0
"POINT (9.116228404000026 48.732572034000043)",Unfall 152040 (2017) Kat:3, Licht: 0,152040,3,5,1,06,15,3,0,0,1,1,0,0,,0
"POINT (9.178218907000030 48.827034739000055)",Unfall 152041 (2017) Kat:3, Licht: 0,152041,3,6,4,06,19,3,0,0,0,1,0,0,,0
"POINT (9.173882662000040 48.764405315000033)",Unfall 152042 (2017) Kat:3, Licht: 0,152042,3,2,5,06,18,3,0,0,1,1,0,0,,0
"POINT (9.220631328000025 48.756050497000047)",Unfall 152102 (2017) Kat:3, Licht: 0,152102,3,4,0,06,13,2,0,0,0,0,1,0,,1
"POINT (9.210497265000072 48.838642571000037)",Unfall 152103 (2017) Kat:3, Licht: 0,152103,3,1,8,06,08,2,0,0,0,1,0,0,,0
"POINT (9.222736871000052 48.801395559000071)",Unfall 152127 (2017) Kat:3, Licht: 0,152127,3,7,0,06,19,6,0,0,1,0,0,0,,0
"POINT (9.159357130000046 48.810538363000035)",Unfall 152139 (2017) Kat:3, Licht: 0,152139,3,2,6,06,13,6,0,0,0,1,1,0,,0
"POINT (9.173060828000075 48.782625056000029)",Unfall 152140 (2017) Kat:3, Licht: 0,152140,3,3,0,06,15,6,0,0,0,1,0,0,,1
"POINT (9.177550059000055 48.791349910000065)",Unfall 152170 (2017) Kat:3, Licht: 0,152170,3,7,2,07,08,4,0,0,1,1,0,0,,0
"POINT (9.168676801000061 48.759211606000065)",Unfall 152171 (2017) Kat:3, Licht: 0,152171,3,6,3,07,17,4,0,0,1,1,0,0,,0
"POINT (9.181683973000077 48.782965385000068)",Unfall 152172 (2017) Kat:3, Licht: 0,152172,3,6,3,07,18,4,0,0,0,1,0,0,,1
"POINT (9.163832167000066 48.771141784000065)",Unfall 152173 (2017) Kat:3, Licht: 0,152173,3,4,6,07,07,4,0,0,0,1,1,0,,0
"POINT (9.176508783000031 48.772977897000032)",Unfall 152252 (2017) Kat:3, Licht: 0,152252,3,2,3,07,17,3,0,0,1,1,0,0,,0
"POINT (9.255011803000059 48.782498376000035)",Unfall 152253 (2017) Kat:3, Licht: 0,152253,3,3,5,07,08,3,0,0,0,1,0,0,,0
"POINT (9.185307038000076 48.831452786000057)",Unfall 152254 (2017) Kat:3, Licht: 0,152254,3,3,5,07,20,3,0,0,1,1,0,0,,0
"POINT (9.174430150000035 48.793970052000077)",Unfall 152304 (2017) Kat:3, Licht: 0,152304,3,2,6,07,16,2,0,0,0,1,1,0,,0
"POINT (9.210759478000057 48.783684007000033)",Unfall 152311 (2017) Kat:3, Licht: 0,152311,3,4,6,07,14,1,0,0,0,0,1,1,,0
"POINT (9.137824962000025 48.733683890000066)",Unfall 152312 (2017) Kat:3, Licht: 0,152312,3,6,2,07,16,1,0,0,0,1,1,0,,0
"POINT (9.179202425000028 48.767989096000065)",Unfall 152345 (2017) Kat:3, Licht: 0,152345,3,3,0,07,16,7,0,0,0,1,0,1,,0
"POINT (9.170025275000057 48.831254790000060)",Unfall 152369 (2017) Kat:3, Licht: 0,152369,3,5,1,06,15,6,0,0,1,1,0,0,,0
"POINT (9.185718359000020 48.837643037000078)",Unfall 152410 (2017) Kat:3, Licht: 0,152410,3,3,5,07,18,2,0,0,1,1,0,0,,0
"POINT (9.196130297000025 48.825131416000033)",Unfall 152411 (2017) Kat:3, Licht: 0,152411,3,6,2,07,16,2,0,0,0,1,0,0,,0
"POINT (9.174440784000069 48.831630420000067)",Unfall 152412 (2017) Kat:3, Licht: 0,152412,3,3,5,07,10,2,0,0,1,1,0,0,,0
"POINT (9.170546692000073 48.763953574000027)",Unfall 152436 (2017) Kat:3, Licht: 0,152436,3,3,5,07,13,1,0,0,0,1,0,1,,0
"POINT (9.220707667000056 48.826074807000055)",Unfall 152437 (2017) Kat:3, Licht: 0,152437,3,6,2,07,15,1,0,0,1,1,0,0,,0
"POINT (9.211463080000044 48.784957648000045)",Unfall 152438 (2017) Kat:2, Licht: 0,152438,2,1,0,07,13,1,0,0,1,0,0,0,,0
"POINT (9.141160482000032 48.771609628000078)",Unfall 152465 (2017) Kat:2, Licht: 0,152465,2,3,5,07,14,7,0,0,1,1,0,0,,0
"POINT (9.130231126000069 48.722514534000027)",Unfall 152466 (2017) Kat:3, Licht: 0,152466,3,6,2,07,14,7,0,0,0,1,0,0,,0
"POINT (9.139046163000046 48.731721275000041)",Unfall 152467 (2017) Kat:3, Licht: 0,152467,3,7,7,07,15,7,0,0,1,0,0,0,,0
"POINT (9.181714968000051 48.782954906000043)",Unfall 152468 (2017) Kat:3, Licht: 0,152468,3,2,5,07,16,7,0,0,0,1,0,0,,1
"POINT (9.174830765000024 48.773294223000050)",Unfall 152520 (2017) Kat:2, Licht: 0,152520,2,6,6,07,17,6,0,0,1,0,1,0,,0
"POINT (9.155226230000039 48.838706625000043)",Unfall 152521 (2017) Kat:3, Licht: 0,152521,3,1,0,07,19,6,1,0,0,0,0,1,,0
"POINT (9.216760317000023 48.807245233000060)",Unfall 152522 (2017) Kat:3, Licht: 0,152522,3,7,7,07,16,6,0,0,0,1,0,0,,0
"POINT (9.253009087000066 48.778913803000080)",Unfall 152523 (2017) Kat:3, Licht: 2,152523,3,1,0,07,02,6,0,2,1,0,0,0,,0
"POINT (9.253762491000032 48.786531240000045)",Unfall 152591 (2017) Kat:3, Licht: 0,152591,3,6,2,07,10,5,0,0,0,1,0,1,,1
"POINT (9.228849872000069 48.781455952000044)",Unfall 152592 (2017) Kat:3, Licht: 0,152592,3,2,5,07,14,5,0,0,0,1,0,1,,0
"POINT (9.116234786000064 48.732575135000047)",Unfall 152593 (2017) Kat:3, Licht: 0,152593,3,5,1,07,07,5,0,0,1,1,0,0,,0
"POINT (9.148501986000042 48.729668470000036)",Unfall 152686 (2017) Kat:3, Licht: 0,152686,3,2,5,07,12,6,0,0,1,1,0,0,,0
"POINT (9.219547734000059 48.809092127000042)",Unfall 152687 (2017) Kat:3, Licht: 0,152687,3,3,5,07,15,6,0,0,0,1,0,1,,0
"POINT (9.211150620000069 48.821737030000065)",Unfall 152688 (2017) Kat:3, Licht: 0,152688,3,1,8,07,20,6,0,0,0,1,0,0,,0
"POINT (9.171864702000050 48.762188219000052)",Unfall 152689 (2017) Kat:3, Licht: 0,152689,3,2,5,07,18,6,0,0,1,1,0,0,,0
"POINT (9.214272708000067 48.814704671000072)",Unfall 152690 (2017) Kat:3, Licht: 0,152690,3,3,5,07,17,6,1,0,0,1,0,1,,0
"POINT (9.173237332000042 48.749291831000050)",Unfall 152691 (2017) Kat:2, Licht: 0,152691,2,1,0,07,07,6,0,0,1,0,0,0,,0
"POINT (9.083648948000075 48.815832451000063)",Unfall 152754 (2017) Kat:3, Licht: 0,152754,3,7,5,07,11,5,0,0,1,1,0,0,,0
"POINT (9.231976788000054 48.744251437000059)",Unfall 152755 (2017) Kat:3, Licht: 0,152755,3,6,6,07,08,5,0,0,1,0,1,0,,0
"POINT (9.159815109000022 48.790469248000079)",Unfall 152756 (2017) Kat:2, Licht: 0,152756,2,4,6,07,16,5,0,0,0,1,1,0,,0
"POINT (9.156841824000026 48.835752961000026)",Unfall 152757 (2017) Kat:2, Licht: 0,152757,2,2,2,07,16,5,0,0,0,1,0,1,,0
"POINT (9.225115609000056 48.780568574000029)",Unfall 152758 (2017) Kat:3, Licht: 0,152758,3,3,5,07,15,5,0,0,1,1,0,0,,0
"POINT (9.183706254000072 48.782228329000077)",Unfall 152759 (2017) Kat:3, Licht: 0,152759,3,6,2,07,14,5,0,0,0,1,0,0,,0
"POINT (9.139663580000047 48.710805517000040)",Unfall 152760 (2017) Kat:3, Licht: 2,152760,3,6,2,07,00,5,0,2,0,1,0,0,,0
"POINT (9.219860874000062 48.756216376000054)",Unfall 152761 (2017) Kat:2, Licht: 0,152761,2,1,0,07,15,5,0,0,1,0,0,0,,0
"POINT (9.163514209000027 48.763598278000075)",Unfall 152762 (2017) Kat:3, Licht: 0,152762,3,5,1,07,16,5,0,0,1,1,0,0,,0
"POINT (9.164405315000067 48.777046001000031)",Unfall 152812 (2017) Kat:3, Licht: 0,152812,3,2,5,07,19,4,1,0,0,1,0,0,,1
"POINT (9.166775023000071 48.809871849000046)",Unfall 152813 (2017) Kat:2, Licht: 0,152813,2,3,5,07,15,4,1,0,0,1,0,1,,0
"POINT (9.208344662000059 48.813477299000056)",Unfall 152814 (2017) Kat:3, Licht: 0,152814,3,2,5,07,15,4,0,0,1,0,0,0,,1
"POINT (9.176966994000054 48.815558947000056)",Unfall 152862 (2017) Kat:3, Licht: 0,152862,3,3,5,07,06,3,1,0,0,1,0,0,,1
"POINT (9.207873819000042 48.785785836000059)",Unfall 152863 (2017) Kat:3, Licht: 0,152863,3,4,6,07,14,3,0,0,0,1,1,0,,0
"POINT (9.227858297000068 48.803977602000032)",Unfall 152864 (2017) Kat:3, Licht: 0,152864,3,4,6,07,18,3,0,0,0,1,1,0,,0
"POINT (9.119227485000067 48.813542792000078)",Unfall 152865 (2017) Kat:3, Licht: 0,152865,3,5,1,07,09,3,1,0,1,1,0,0,,0
"POINT (9.153451597000071 48.780017840000028)",Unfall 152866 (2017) Kat:3, Licht: 0,152866,3,6,2,07,07,3,0,0,0,1,0,0,,0
"POINT (9.181668911000031 48.782970478000038)",Unfall 152891 (2017) Kat:3, Licht: 0,152891,3,6,0,07,16,5,0,0,0,1,0,0,,1
"POINT (9.105636960000027 48.732247410000070)",Unfall 152892 (2017) Kat:3, Licht: 0,152892,3,3,5,07,13,5,1,0,0,1,0,0,,0
"POINT (9.207549782000058 48.779804898000066)",Unfall 152893 (2017) Kat:3, Licht: 0,152893,3,3,0,07,19,5,1,0,0,1,0,1,,0
"POINT (9.254447543000026 48.760027523000076)",Unfall 152894 (2017) Kat:3, Licht: 0,152894,3,6,2,07,17,5,1,0,0,1,0,0,,0
"POINT (9.164811604000022 48.812187128000062)",Unfall 152895 (2017) Kat:2, Licht: 0,152895,2,4,6,07,11,5,1,0,0,1,1,0,,0
"POINT (9.156725087000041 48.835904345000074)",Unfall 152896 (2017) Kat:3, Licht: 0,152896,3,6,2,07,08,5,0,0,0,1,0,0,,0
"POINT (9.125003795000055 48.744761638000057)",Unfall 152897 (2017) Kat:2, Licht: 0,152897,2,1,0,07,17,5,1,0,1,0,0,0,,0
"POINT (9.159228013000075 48.757542084000079)",Unfall 152898 (2017) Kat:3, Licht: 0,152898,3,7,4,07,19,5,1,0,0,1,0,1,,0
"POINT (9.169293795000044 48.770270536000055)",Unfall 152899 (2017) Kat:3, Licht: 0,152899,3,6,3,07,19,5,1,0,0,1,0,1,,0
"POINT (9.265485511000065 48.766086562000055)",Unfall 152951 (2017) Kat:3, Licht: 0,152951,3,7,6,07,17,4,0,0,0,1,1,0,,0
"POINT (9.143770758000073 48.834651437000048)",Unfall 152952 (2017) Kat:2, Licht: 0,152952,2,1,0,07,08,4,0,0,0,0,0,1,,0
"POINT (9.143577594000021 48.732633897000028)",Unfall 152953 (2017) Kat:3, Licht: 0,152953,3,7,6,07,13,4,0,0,1,0,0,0,,1
"POINT (9.153659109000046 48.771357726000076)",Unfall 152954 (2017) Kat:3, Licht: 1,152954,3,7,0,07,06,4,0,1,1,0,0,0,,0
"POINT (9.158280786000034 48.809026003000042)",Unfall 153012 (2017) Kat:3, Licht: 0,153012,3,2,6,07,20,3,0,0,0,1,1,0,,0
"POINT (9.191603782000072 48.779896757000074)",Unfall 153013 (2017) Kat:2, Licht: 0,153013,2,2,5,07,18,3,0,0,1,1,0,0,,0
"POINT (9.176030531000038 48.809955461000072)",Unfall 153014 (2017) Kat:3, Licht: 0,153014,3,4,6,07,18,3,0,0,0,1,1,0,,0
"POINT (9.210478761000047 48.808227623000050)",Unfall 153015 (2017) Kat:3, Licht: 0,153015,3,3,5,07,15,3,0,0,0,1,0,1,,0
"POINT (9.168282885000053 48.765625240000077)",Unfall 153016 (2017) Kat:2, Licht: 0,153016,2,2,5,07,17,3,0,0,1,1,0,0,,0
"POINT (9.126894738000033 48.815731977000041)",Unfall 153017 (2017) Kat:3, Licht: 0,153017,3,3,5,07,16,3,0,0,1,1,0,0,,0
"POINT (9.202166833000035 48.793092324000042)",Unfall 153018 (2017) Kat:3, Licht: 0,153018,3,1,0,07,18,3,0,0,1,0,0,0,,0
"POINT (9.260418854000022 48.761671667000030)",Unfall 153019 (2017) Kat:3, Licht: 0,153019,3,5,2,07,14,3,0,0,0,1,0,1,,0
"POINT (9.199995788000024 48.789254759000073)",Unfall 153020 (2017) Kat:3, Licht: 1,153020,3,1,1,07,21,3,0,1,1,1,0,0,,0
"POINT (9.269439991000070 48.762491021000073)",Unfall 153071 (2017) Kat:2, Licht: 0,153071,2,4,6,07,10,2,0,0,0,1,1,0,,0
"POINT (9.253199612000060 48.779643717000056)",Unfall 153072 (2017) Kat:3, Licht: 0,153072,3,2,2,07,14,2,0,0,1,1,0,0,,0
"POINT (9.130660166000041 48.732226486000059)",Unfall 153096 (2017) Kat:2, Licht: 0,153096,2,1,8,07,08,1,0,0,0,0,0,1,,0
"POINT (9.172507571000040 48.770086851000030)",Unfall 153097 (2017) Kat:3, Licht: 0,153097,3,5,1,07,19,1,0,0,1,1,0,0,,0
"POINT (9.149708607000036 48.769353295000030)",Unfall 153098 (2017) Kat:2, Licht: 0,153098,2,7,6,07,19,1,0,0,0,1,1,0,,0
"POINT (9.145626897000057 48.779589571000031)",Unfall 153143 (2017) Kat:3, Licht: 0,153143,3,3,5,07,10,7,0,0,0,1,0,1,,0
"POINT (9.217047743000023 48.831633695000050)",Unfall 153144 (2017) Kat:3, Licht: 0,153144,3,1,4,07,15,7,0,0,0,1,0,0,,0
"POINT (9.207733343000029 48.788995437000040)",Unfall 153145 (2017) Kat:3, Licht: 2,153145,3,1,9,07,02,7,1,2,0,1,0,0,,0
"POINT (9.229672767000068 48.758114124000031)",Unfall 153146 (2017) Kat:3, Licht: 0,153146,3,7,2,07,18,7,0,0,0,1,0,1,,0
"POINT (9.190020573000027 48.783459856000036)",Unfall 153165 (2017) Kat:2, Licht: 0,153165,2,7,0,07,19,4,0,0,0,0,0,1,,0
"POINT (9.184910029000037 48.773860305000028)",Unfall 153166 (2017) Kat:2, Licht: 0,153166,2,2,5,07,20,4,0,0,0,1,0,1,,0
"POINT (9.157315551000067 48.839317543000050)",Unfall 153190 (2017) Kat:3, Licht: 0,153190,3,2,5,07,15,3,1,0,0,1,0,0,,1
"POINT (9.092883259000075 48.738774858000056)",Unfall 153191 (2017) Kat:3, Licht: 1,153191,3,1,0,07,18,3,1,1,1,0,0,0,,0
"POINT (9.165967606000038 48.771423615000060)",Unfall 153192 (2017) Kat:2, Licht: 0,153192,2,3,5,07,19,3,0,0,1,1,0,0,,0
"POINT (9.221522141000037 48.787032828000065)",Unfall 153235 (2017) Kat:2, Licht: 0,153235,2,2,5,07,10,2,1,0,0,1,0,1,,0
"POINT (9.173200821000023 48.825717895000025)",Unfall 153236 (2017) Kat:3, Licht: 0,153236,3,1,0,07,10,2,0,0,0,0,0,1,,0
"POINT (9.161164705000033 48.772666051000044)",Unfall 153259 (2017) Kat:3, Licht: 0,153259,3,6,2,07,16,1,0,0,1,1,0,0,,0
"POINT (9.230525785000054 48.779843835000065)",Unfall 153260 (2017) Kat:3, Licht: 0,153260,3,6,2,07,15,1,0,0,0,1,0,0,,0
"POINT (9.222587216000022 48.800710263000042)",Unfall 153299 (2017) Kat:3, Licht: 0,153299,3,7,0,07,17,7,1,0,0,0,0,1,,0
"POINT (9.144917696000050 48.730320836000033)",Unfall 153300 (2017) Kat:3, Licht: 0,153300,3,3,5,07,13,7,0,0,0,1,0,1,,0
"POINT (9.214314476000027 48.790948664000041)",Unfall 153301 (2017) Kat:3, Licht: 2,153301,3,7,4,07,21,7,0,2,1,1,0,0,,0
"POINT (9.178495618000056 48.781433203000063)",Unfall 153302 (2017) Kat:2, Licht: 0,153302,2,2,5,07,19,7,0,0,1,1,0,0,,0
"POINT (9.155703332000030 48.774964497000042)",Unfall 153353 (2017) Kat:3, Licht: 1,153353,3,6,3,07,21,6,1,1,0,1,0,0,,0
"POINT (9.092873004000069 48.738765159000081)",Unfall 153354 (2017) Kat:3, Licht: 0,153354,3,2,5,07,17,6,0,0,1,1,0,0,,0
"POINT (9.167143215000067 48.778985121000062)",Unfall 153355 (2017) Kat:3, Licht: 0,153355,3,2,5,07,14,6,0,0,0,1,0,1,,0
"POINT (9.191450151000026 48.782170800000074)",Unfall 153356 (2017) Kat:3, Licht: 0,153356,3,2,5,07,16,6,0,0,0,1,0,1,,0
"POINT (9.180724827000063 48.833745851000060)",Unfall 153357 (2017) Kat:3, Licht: 0,153357,3,2,5,07,13,6,0,0,1,1,0,0,,0
"POINT (9.214495945000067 48.739485748000050)",Unfall 153358 (2017) Kat:3, Licht: 0,153358,3,6,2,07,08,6,0,0,0,1,0,0,,0
"POINT (9.159698703000061 48.721443680000050)",Unfall 153359 (2017) Kat:3, Licht: 0,153359,3,3,5,07,17,6,0,0,1,1,0,0,,0
"POINT (9.189301477000072 48.805517935000069)",Unfall 153360 (2017) Kat:3, Licht: 0,153360,3,6,2,07,13,6,0,0,0,1,0,0,,0
"POINT (9.203318803000059 48.838122825000028)",Unfall 153430 (2017) Kat:3, Licht: 0,153430,3,7,0,08,17,3,0,0,0,1,0,1,,0
"POINT (9.164294904000030 48.848235675000069)",Unfall 153431 (2017) Kat:3, Licht: 0,153431,3,3,5,08,06,3,0,0,1,1,0,0,,0
"POINT (9.157503042000030 48.731998079000050)",Unfall 153432 (2017) Kat:3, Licht: 0,153432,3,3,5,08,11,3,0,0,1,0,0,0,,1
"POINT (9.097701628000039 48.731057057000044)",Unfall 153433 (2017) Kat:3, Licht: 1,153433,3,3,0,08,20,3,1,1,0,1,0,1,,0
"POINT (9.183590541000058 48.799977889000047)",Unfall 153486 (2017) Kat:3, Licht: 0,153486,3,7,2,07,17,2,0,0,0,1,0,0,,0
"POINT (9.107302372000049 48.823403051000071)",Unfall 153487 (2017) Kat:3, Licht: 0,153487,3,3,5,07,13,2,0,0,0,1,0,1,,0
"POINT (9.163312661000020 48.810328534000064)",Unfall 153488 (2017) Kat:3, Licht: 0,153488,3,6,2,07,18,2,0,0,0,1,0,1,,0
"POINT (9.196667141000035 48.789400592000050)",Unfall 153489 (2017) Kat:2, Licht: 0,153489,2,7,0,07,15,2,0,0,0,0,1,0,,1
"POINT (9.184195207000073 48.830281382000067)",Unfall 153522 (2017) Kat:3, Licht: 0,153522,3,6,3,07,18,1,0,0,0,1,0,1,,0
"POINT (9.170549672000050 48.767612168000028)",Unfall 153547 (2017) Kat:3, Licht: 2,153547,3,2,5,07,02,7,0,2,0,1,0,1,,0
"POINT (9.225803668000026 48.811555769000051)",Unfall 153548 (2017) Kat:3, Licht: 0,153548,3,6,2,07,16,7,0,0,0,1,0,0,,0
"POINT (9.110065449000047 48.749063338000042)",Unfall 153549 (2017) Kat:3, Licht: 0,153549,3,6,2,07,09,7,0,0,0,1,0,0,,0
"POINT (9.186417953000046 48.792695329000026)",Unfall 153550 (2017) Kat:2, Licht: 0,153550,2,7,0,07,10,7,0,0,1,1,0,0,,0
"POINT (9.166803572000049 48.819504503000076)",Unfall 153592 (2017) Kat:3, Licht: 0,153592,3,2,5,07,07,6,0,0,0,1,0,1,,0
"POINT (9.207859941000038 48.782690458000047)",Unfall 153593 (2017) Kat:3, Licht: 0,153593,3,3,5,07,20,6,0,0,0,1,0,0,,0
"POINT (9.155095206000055 48.756867107000062)",Unfall 153594 (2017) Kat:2, Licht: 0,153594,2,1,0,07,14,6,0,0,0,0,0,1,,0
"POINT (9.175261573000057 48.772110132000080)",Unfall 153635 (2017) Kat:3, Licht: 0,153635,3,7,0,07,10,5,1,0,0,0,0,1,,0
"POINT (9.182555763000039 48.782562593000080)",Unfall 153636 (2017) Kat:2, Licht: 0,153636,2,6,3,07,16,5,0,0,0,1,0,0,,1
"POINT (9.169253096000034 48.827869742000075)",Unfall 153673 (2017) Kat:3, Licht: 0,153673,3,6,2,07,17,4,0,0,0,1,0,0,,1
"POINT (9.179238919000056 48.782310707000079)",Unfall 153676 (2017) Kat:3, Licht: 0,153676,3,2,6,08,15,3,0,0,0,1,1,0,,0
"POINT (9.161240103000068 48.781281508000063)",Unfall 153718 (2017) Kat:3, Licht: 0,153718,3,3,5,08,08,2,0,0,1,1,0,0,,0
"POINT (9.162608643000056 48.846351863000052)",Unfall 153719 (2017) Kat:3, Licht: 0,153719,3,7,2,08,13,2,0,0,0,1,0,0,,1
"POINT (9.114534214000059 48.813867904000062)",Unfall 153773 (2017) Kat:3, Licht: 0,153773,3,7,1,08,15,7,0,0,1,1,0,0,,0
"POINT (9.168523436000044 48.710485049000056)",Unfall 153774 (2017) Kat:3, Licht: 2,153774,3,5,1,08,23,7,0,2,0,1,0,0,,1
"POINT (9.086779389000071 48.810824768000032)",Unfall 153857 (2017) Kat:2, Licht: 0,153857,2,3,5,08,14,5,0,0,1,1,0,0,,0
"POINT (9.218596031000061 48.802649887000030)",Unfall 153858 (2017) Kat:3, Licht: 0,153858,3,7,6,08,12,5,0,0,0,1,1,0,,0
"POINT (9.193816906000052 48.818593159000045)",Unfall 153859 (2017) Kat:3, Licht: 0,153859,3,2,2,08,13,5,0,0,0,1,0,1,,0
"POINT (9.210464308000042 48.770382515000051)",Unfall 153905 (2017) Kat:3, Licht: 0,153905,3,6,2,08,19,4,0,0,0,1,0,0,,0
"POINT (9.175443048000034 48.811036964000039)",Unfall 153906 (2017) Kat:3, Licht: 0,153906,3,1,0,08,13,4,0,0,1,0,0,0,,0
"POINT (9.172978546000024 48.831894618000035)",Unfall 153907 (2017) Kat:3, Licht: 0,153907,3,5,1,08,17,4,0,0,1,1,0,0,,0
"POINT (9.210623888000043 48.810102136000069)",Unfall 153908 (2017) Kat:3, Licht: 0,153908,3,4,6,08,07,4,0,0,0,0,1,1,,0
"POINT (9.266057868000075 48.765474370000049)",Unfall 153909 (2017) Kat:3, Licht: 0,153909,3,6,3,08,10,4,0,0,1,0,0,0,,1
"POINT (9.170081379000067 48.767065059000061)",Unfall 153910 (2017) Kat:3, Licht: 2,153910,3,5,1,08,23,4,0,2,1,1,0,0,,0
"POINT (9.168814246000068 48.771086955000044)",Unfall 153958 (2017) Kat:2, Licht: 0,153958,2,3,5,08,06,4,1,0,0,1,0,0,,0
"POINT (9.262064438000039 48.771961521000037)",Unfall 153959 (2017) Kat:3, Licht: 0,153959,3,2,2,08,16,4,0,0,0,1,0,0,,0
"POINT (9.166220448000047 48.816036843000063)",Unfall 153960 (2017) Kat:3, Licht: 0,153960,3,6,3,08,13,4,0,0,0,0,0,1,,1
"POINT (9.221885014000065 48.786824434000039)",Unfall 153999 (2017) Kat:3, Licht: 0,153999,3,3,5,08,12,3,0,0,1,0,0,0,,1
"POINT (9.119156571000076 48.813556223000035)",Unfall 154040 (2017) Kat:3, Licht: 0,154040,3,3,5,08,07,2,0,0,0,1,0,0,,0
"POINT (9.166544294000062 48.832196937000049)",Unfall 154041 (2017) Kat:3, Licht: 0,154041,3,3,5,08,08,2,0,0,0,1,0,1,,0
"POINT (9.182156422000048 48.833829742000034)",Unfall 154061 (2017) Kat:3, Licht: 0,154061,3,2,2,08,18,1,0,0,0,1,0,1,,0
"POINT (9.151177715000074 48.759642824000082)",Unfall 154062 (2017) Kat:2, Licht: 0,154062,2,2,0,08,10,1,0,0,0,1,0,0,,1
"POINT (9.211189824000030 48.784959188000073)",Unfall 154089 (2017) Kat:3, Licht: 2,154089,3,7,0,08,22,7,1,2,1,0,0,0,,0
"POINT (9.156961291000073 48.768743244000063)",Unfall 154090 (2017) Kat:3, Licht: 0,154090,3,5,0,08,12,7,1,0,0,0,0,1,,0
"POINT (9.174578798000027 48.772467181000081)",Unfall 154118 (2017) Kat:3, Licht: 0,154118,3,3,5,08,18,6,1,0,1,0,0,0,,0
"POINT (9.195336983000061 48.789104619000057)",Unfall 154141 (2017) Kat:2, Licht: 0,154141,2,4,0,08,12,5,1,0,0,0,1,0,,1
"POINT (9.178523940000048 48.791105266000045)",Unfall 154142 (2017) Kat:3, Licht: 0,154142,3,4,6,08,14,5,1,0,0,1,1,0,,0
"POINT (9.172860635000063 48.772714565000058)",Unfall 154143 (2017) Kat:3, Licht: 0,154143,3,4,6,08,18,5,1,0,0,1,1,0,,0
"POINT (9.168421180000053 48.767984685000044)",Unfall 154144 (2017) Kat:3, Licht: 0,154144,3,6,2,08,15,5,1,0,0,1,0,0,,0
"POINT (9.149475585000062 48.753925489000039)",Unfall 154145 (2017) Kat:2, Licht: 0,154145,2,1,0,08,10,5,1,0,0,0,0,1,,0
"POINT (9.181702777000055 48.833801182000059)",Unfall 154174 (2017) Kat:3, Licht: 0,154174,3,6,2,08,15,4,0,0,0,1,0,1,,0
"POINT (9.164832381000053 48.810777476000055)",Unfall 154175 (2017) Kat:3, Licht: 0,154175,3,2,2,08,17,4,0,0,0,1,0,0,,0