WKT,Name,OBJECTID,UKATEGORIE,UTYP1,UART,UMONAT,USTUNDE,UWOCHENTAG,STRZUSTAND,ULICHTVERH,ISTRAD,ISTPKW,ISTFUSS,ISTKRAD,ISTGKFZ,ISTSONSTIG
"POINT (9.225432589000036 48.783610616000033)",Unfall 154176 (2017) Kat:3, Licht: 0,154176,3,2,5,08,12,4,0,0,0,1,0,0,,0
"POINT (9.254357726000023 48.782918006000045)",Unfall 154177 (2017) Kat:3, Licht: 0,154177,3,1,0,08,12,4,0,0,0,0,0,1,,0
"POINT (9.262853330000041 48.770186267000042)",Unfall 154212 (2017) Kat:3, Licht: 0,154212,3,6,2,08,18,3,0,0,0,1,0,0,,0
"POINT (9.162573196000039 48.799874893000037)",Unfall 154237 (2017) Kat:2, Licht: 2,154237,2,3,5,08,22,5,0,2,0,1,0,1,,0
"POINT (9.176036344000067 48.777227591000042)",Unfall 154238 (2017) Kat:3, Licht: 0,154238,3,4,6,08,16,5,0,0,1,0,1,0,,0
"POINT (9.158229151000057 48.773005812000065)",Unfall 154239 (2017) Kat:2, Licht: 0,154239,2,4,6,08,16,5,0,0,0,1,1,0,,0
"POINT (9.182468024000059 48.782590613000082)",Unfall 154240 (2017) Kat:2, Licht: 0,154240,2,6,0,08,16,5,0,0,0,0,0,0,,1
"POINT (9.179849463000039 48.783742547000031)",Unfall 154241 (2017) Kat:3, Licht: 0,154241,3,6,2,08,13,5,0,0,0,1,0,0,,0
"POINT (9.210405320000064 48.808299513000065)",Unfall 154280 (2017) Kat:2, Licht: 0,154280,2,4,6,08,13,4,0,0,0,1,1,0,,0
"POINT (9.195819216000075 48.789392276000058)",Unfall 154316 (2017) Kat:3, Licht: 0,154316,3,4,6,08,18,3,0,0,0,1,1,0,,0
"POINT (9.149556765000057 48.765374161000068)",Unfall 154317 (2017) Kat:2, Licht: 0,154317,2,7,4,08,10,3,0,0,1,1,0,0,,0
"POINT (9.218496278000032 48.799947358000054)",Unfall 154353 (2017) Kat:3, Licht: 0,154353,3,3,5,08,18,2,0,0,1,1,0,0,,0
"POINT (9.145614542000033 48.722281951000070)",Unfall 154354 (2017) Kat:2, Licht: 0,154354,2,6,4,08,12,2,0,0,0,1,0,1,,0
"POINT (9.207966329000044 48.783491684000069)",Unfall 154355 (2017) Kat:3, Licht: 0,154355,3,5,1,08,16,2,0,0,0,1,0,0,,1
"POINT (9.160024735000036 48.765400178000050)",Unfall 154356 (2017) Kat:3, Licht: 0,154356,3,1,0,08,15,2,0,0,0,0,0,1,,0
"POINT (9.190433719000055 48.783640609000031)",Unfall 154372 (2017) Kat:3, Licht: 0,154372,3,1,0,08,12,1,0,0,1,0,0,0,,0
"POINT (9.180975260000025 48.767103642000052)",Unfall 154393 (2017) Kat:2, Licht: 0,154393,2,6,4,08,16,7,0,0,0,1,1,0,,0
"POINT (9.219571211000073 48.803420279000079)",Unfall 154394 (2017) Kat:3, Licht: 0,154394,3,6,2,08,14,7,0,0,0,1,0,0,,0
"POINT (9.210183664000056 48.785256937000042)",Unfall 154395 (2017) Kat:2, Licht: 0,154395,2,7,0,08,20,7,0,0,1,0,0,0,,0
"POINT (9.116490734000024 48.728861159000076)",Unfall 154456 (2017) Kat:2, Licht: 0,154456,2,3,5,08,07,5,0,0,0,1,0,0,,1
"POINT (9.250543075000053 48.757803105000050)",Unfall 154457 (2017) Kat:3, Licht: 0,154457,3,7,6,08,17,5,0,0,0,1,1,0,,0
"POINT (9.172513160000051 48.764213108000035)",Unfall 154458 (2017) Kat:3, Licht: 0,154458,3,6,2,08,19,5,0,0,0,1,0,0,,0
"POINT (9.175829245000045 48.795521313000052)",Unfall 154494 (2017) Kat:2, Licht: 0,154494,2,1,4,08,16,6,0,0,0,1,0,1,,0
"POINT (9.269846344000030 48.762040397000078)",Unfall 154526 (2017) Kat:3, Licht: 0,154526,3,3,5,08,11,5,1,0,1,0,0,0,,1
"POINT (9.206208257000071 48.777576937000049)",Unfall 154558 (2017) Kat:3, Licht: 0,154558,3,7,4,08,17,4,0,0,0,1,0,1,,0
"POINT (9.159991633000061 48.779753646000074)",Unfall 154559 (2017) Kat:2, Licht: 0,154559,2,4,6,08,07,4,0,0,0,1,1,0,,0
"POINT (9.148448970000061 48.849923737000040)",Unfall 154560 (2017) Kat:3, Licht: 0,154560,3,2,5,08,18,4,0,0,1,1,0,0,,0
"POINT (9.176442181000027 48.831217600000059)",Unfall 154561 (2017) Kat:3, Licht: 0,154561,3,5,1,08,18,4,0,0,0,1,0,1,,0
"POINT (9.166200978000063 48.780389679000052)",Unfall 154597 (2017) Kat:3, Licht: 0,154597,3,2,5,08,09,3,0,0,0,1,0,0,,1
"POINT (9.152407230000051 48.774354797000058)",Unfall 154598 (2017) Kat:3, Licht: 0,154598,3,3,5,08,17,3,0,0,1,1,0,0,,0
"POINT (9.231674475000034 48.779188911000062)",Unfall 154599 (2017) Kat:1, Licht: 2,154599,1,4,6,08,22,3,0,2,0,0,1,0,,1
"POINT (9.224851364000074 48.836839458000043)",Unfall 154600 (2017) Kat:3, Licht: 0,154600,3,3,6,08,08,3,0,0,0,1,1,0,,0
"POINT (9.185592017000033 48.808763361000047)",Unfall 154647 (2017) Kat:3, Licht: 0,154647,3,6,2,08,11,2,0,0,0,1,0,1,,0
"POINT (9.159669357000041 48.760585268000057)",Unfall 154648 (2017) Kat:2, Licht: 0,154648,2,7,2,08,10,2,0,0,0,1,0,0,,1
"POINT (9.177772401000027 48.815353926000057)",Unfall 154649 (2017) Kat:3, Licht: 0,154649,3,3,0,08,13,2,0,0,1,1,0,0,,0
"POINT (9.254910045000031 48.786883295000052)",Unfall 154650 (2017) Kat:3, Licht: 0,154650,3,4,6,08,08,2,0,0,0,1,1,0,,0
"POINT (9.262080681000043 48.787702128000035)",Unfall 154675 (2017) Kat:3, Licht: 0,154675,3,6,6,08,15,1,0,0,0,1,1,0,,0
"POINT (9.112420503000067 48.737223601000039)",Unfall 154676 (2017) Kat:3, Licht: 1,154676,3,3,5,08,20,1,0,1,0,1,0,0,,0
"POINT (9.191406125000071 48.785329601000058)",Unfall 154677 (2017) Kat:3, Licht: 0,154677,3,5,0,08,18,1,0,0,1,1,0,0,,0
"POINT (9.117979742000046 48.719472419000056)",Unfall 154715 (2017) Kat:3, Licht: 0,154715,3,4,5,08,18,7,0,0,0,1,1,0,,0
"POINT (9.155198381000048 48.759911156000044)",Unfall 154716 (2017) Kat:2, Licht: 1,154716,2,7,4,08,20,7,0,1,0,1,0,1,,0
"POINT (9.183518696000022 48.836751115000027)",Unfall 154717 (2017) Kat:3, Licht: 0,154717,3,2,3,08,16,7,0,0,0,1,0,1,,0
"POINT (9.230589275000057 48.841991811000071)",Unfall 154718 (2017) Kat:3, Licht: 0,154718,3,6,2,08,13,7,0,0,0,1,0,1,,0
"POINT (9.212872907000076 48.779801970000051)",Unfall 154719 (2017) Kat:3, Licht: 1,154719,3,1,1,08,20,7,0,1,1,1,0,0,,0
"POINT (9.260872098000050 48.766164584000080)",Unfall 154736 (2017) Kat:3, Licht: 0,154736,3,3,5,09,14,6,0,0,0,0,0,1,,1
"POINT (9.160454543000071 48.838530889000026)",Unfall 154737 (2017) Kat:2, Licht: 0,154737,2,1,0,09,12,6,0,0,1,0,0,0,,0
"POINT (9.211488285000030 48.778926333000072)",Unfall 154738 (2017) Kat:3, Licht: 2,154738,3,1,1,09,04,6,0,2,1,1,0,0,,0
"POINT (9.172387941000068 48.747690110000065)",Unfall 154739 (2017) Kat:3, Licht: 2,154739,3,6,0,09,23,6,0,2,1,1,0,0,,0
"POINT (9.163973170000077 48.777551653000046)",Unfall 154740 (2017) Kat:3, Licht: 0,154740,3,2,5,09,07,6,0,0,1,1,0,0,,0
"POINT (9.161050945000056 48.767491638000081)",Unfall 154777 (2017) Kat:3, Licht: 2,154777,3,7,0,09,00,5,0,2,0,0,1,0,,1
"POINT (9.146917779000034 48.726557599000046)",Unfall 154808 (2017) Kat:2, Licht: 0,154808,2,1,5,09,10,4,0,0,0,0,0,1,,0
"POINT (9.252930572000025 48.783488954000063)",Unfall 154809 (2017) Kat:3, Licht: 2,154809,3,3,0,09,21,4,0,2,0,1,0,1,,0
"POINT (9.154641578000053 48.776899516000071)",Unfall 154810 (2017) Kat:3, Licht: 0,154810,3,5,1,09,08,4,1,0,0,1,0,0,,0
"POINT (9.231973102000040 48.779171315000042)",Unfall 154811 (2017) Kat:3, Licht: 0,154811,3,1,0,09,08,4,0,0,0,0,0,1,,0
"POINT (9.109510240000077 48.731184410000026)",Unfall 154840 (2017) Kat:3, Licht: 0,154840,3,3,5,09,12,3,0,0,0,1,0,1,,0
"POINT (9.146480379000025 48.769978437000077)",Unfall 154841 (2017) Kat:3, Licht: 0,154841,3,3,5,09,07,3,0,0,0,1,0,0,,0
"POINT (9.157759723000027 48.842876099000080)",Unfall 154842 (2017) Kat:3, Licht: 0,154842,3,5,1,09,13,3,0,0,1,1,0,0,,0
"POINT (9.156098762000056 48.773665980000033)",Unfall 154886 (2017) Kat:3, Licht: 0,154886,3,6,4,09,16,2,0,0,0,1,0,0,,0
"POINT (9.170839385000022 48.779003365000051)",Unfall 154887 (2017) Kat:2, Licht: 0,154887,2,2,5,09,07,2,0,0,0,1,0,0,,1
"POINT (9.183097220000036 48.782506118000072)",Unfall 154910 (2017) Kat:3, Licht: 0,154910,3,7,4,09,15,1,0,0,0,1,0,1,,0
"POINT (9.223864858000070 48.811022992000062)",Unfall 154911 (2017) Kat:3, Licht: 0,154911,3,1,0,09,13,1,0,0,1,0,0,0,,0
"POINT (9.208082608000041 48.783089141000062)",Unfall 154912 (2017) Kat:3, Licht: 0,154912,3,6,2,09,17,1,0,0,0,0,0,1,,0
"POINT (9.217824717000042 48.801855899000032)",Unfall 154932 (2017) Kat:3, Licht: 0,154932,3,5,1,09,18,7,0,0,0,1,0,0,,0
"POINT (9.219923062000021 48.801983937000045)",Unfall 154933 (2017) Kat:3, Licht: 0,154933,3,3,0,09,14,7,1,0,1,1,0,0,,0
"POINT (9.214862024000070 48.735573786000032)",Unfall 154993 (2017) Kat:2, Licht: 0,154993,2,1,0,09,14,6,0,0,1,0,0,0,,0
"POINT (9.112570112000071 48.814616067000031)",Unfall 155034 (2017) Kat:2, Licht: 0,155034,2,2,5,09,19,5,0,0,0,1,0,1,,0
"POINT (9.182293452000067 48.836201589000041)",Unfall 155035 (2017) Kat:3, Licht: 0,155035,3,6,2,09,16,5,0,0,0,1,0,0,,1
"POINT (9.171859826000059 48.832046086000048)",Unfall 155036 (2017) Kat:3, Licht: 2,155036,3,3,5,09,06,5,0,2,0,1,0,0,,0
"POINT (9.251593374000038 48.816248662000078)",Unfall 155037 (2017) Kat:3, Licht: 0,155037,3,2,5,09,08,5,1,0,0,1,0,0,,0
"POINT (9.210206872000072 48.808053459000064)",Unfall 155038 (2017) Kat:3, Licht: 1,155038,3,3,5,09,07,5,1,1,1,1,0,0,,0
"POINT (9.245835501000045 48.770828320000078)",Unfall 155074 (2017) Kat:3, Licht: 0,155074,3,6,3,09,07,4,0,0,1,1,0,0,,0
"POINT (9.192014642000061 48.782898445000058)",Unfall 155075 (2017) Kat:3, Licht: 2,155075,3,7,5,09,20,4,1,2,0,1,0,1,,0
"POINT (9.140147306000074 48.711290230000031)",Unfall 155076 (2017) Kat:3, Licht: 0,155076,3,6,2,09,14,4,0,0,0,1,0,0,,0
"POINT (9.199793773000067 48.839716580000072)",Unfall 155122 (2017) Kat:3, Licht: 0,155122,3,3,5,09,17,3,0,0,1,0,0,0,,0
"POINT (9.190479392000043 48.793059149000044)",Unfall 155123 (2017) Kat:3, Licht: 0,155123,3,6,2,09,14,3,1,0,0,1,0,0,,0
"POINT (9.248607954000022 48.768872978000047)",Unfall 155124 (2017) Kat:3, Licht: 0,155124,3,6,2,09,15,3,1,0,0,1,0,0,,0
"POINT (9.271289036000042 48.761033914000052)",Unfall 155125 (2017) Kat:2, Licht: 0,155125,2,1,0,09,17,3,0,0,0,1,0,1,,0
"POINT (9.160308590000057 48.838615000000061)",Unfall 155126 (2017) Kat:3, Licht: 0,155126,3,6,2,09,16,3,0,0,0,1,0,0,,1
"POINT (9.172717170000055 48.831930007000039)",Unfall 155173 (2017) Kat:3, Licht: 0,155173,3,4,6,09,16,2,0,0,0,1,1,0,,0
"POINT (9.141966209000032 48.731677749000028)",Unfall 155174 (2017) Kat:3, Licht: 0,155174,3,3,5,09,09,2,0,0,0,1,0,0,,0
"POINT (9.222605049000038 48.804849936000039)",Unfall 155175 (2017) Kat:3, Licht: 0,155175,3,5,1,09,18,2,0,0,1,1,0,0,,0
"POINT (9.167776646000050 48.773920254000075)",Unfall 155176 (2017) Kat:3, Licht: 0,155176,3,7,0,09,12,2,0,0,1,0,0,0,,0
"POINT (9.264879093000047 48.767537551000032)",Unfall 155200 (2017) Kat:3, Licht: 0,155200,3,3,5,09,18,1,0,0,1,1,0,0,,0
"POINT (9.158841139000060 48.836229348000074)",Unfall 155221 (2017) Kat:3, Licht: 0,155221,3,3,5,09,11,7,0,0,0,1,0,1,,0
"POINT (9.221592931000032 48.810255856000026)",Unfall 155222 (2017) Kat:3, Licht: 2,155222,3,1,0,09,23,7,1,2,0,1,0,0,,0
"POINT (9.222241680000025 48.800775946000044)",Unfall 155269 (2017) Kat:3, Licht: 0,155269,3,2,5,09,12,6,0,0,1,1,0,0,,0
"POINT (9.234874802000036 48.788847763000035)",Unfall 155318 (2017) Kat:3, Licht: 0,155318,3,6,2,09,15,5,0,0,0,1,0,0,,0
"POINT (9.155421219000061 48.811566058000039)",Unfall 155319 (2017) Kat:3, Licht: 0,155319,3,2,6,09,07,5,0,0,0,1,1,0,,0
"POINT (9.159114781000028 48.763093199000082)",Unfall 155320 (2017) Kat:2, Licht: 0,155320,2,1,0,09,14,5,0,0,0,0,0,1,,0
"POINT (9.190020573000027 48.783459856000036)",Unfall 155321 (2017) Kat:3, Licht: 0,155321,3,3,5,09,08,5,0,0,1,1,0,0,,0
"POINT (9.179276224000034 48.779540961000066)",Unfall 155322 (2017) Kat:2, Licht: 0,155322,2,2,5,09,08,5,0,0,1,0,0,0,,0
"POINT (9.182397826000056 48.808836464000080)",Unfall 155354 (2017) Kat:3, Licht: 0,155354,3,3,5,09,17,4,0,0,1,1,0,0,,0
"POINT (9.199867848000054 48.780001263000031)",Unfall 155397 (2017) Kat:3, Licht: 0,155397,3,6,2,09,09,3,1,0,0,1,0,0,,0
"POINT (9.220504264000056 48.799638672000071)",Unfall 155439 (2017) Kat:3, Licht: 0,155439,3,7,5,09,11,2,0,0,1,1,0,0,,0
"POINT (9.233742457000062 48.805883653000080)",Unfall 155440 (2017) Kat:3, Licht: 0,155440,3,3,5,09,15,2,1,0,1,1,0,0,,0
"POINT (9.175204592000057 48.799491297000031)",Unfall 155458 (2017) Kat:3, Licht: 0,155458,3,6,2,09,12,1,0,0,0,1,0,0,,0
"POINT (9.251368395000043 48.769675253000059)",Unfall 155507 (2017) Kat:3, Licht: 0,155507,3,2,5,09,15,6,0,0,0,1,0,0,,0
"POINT (9.218642233000026 48.808435362000068)",Unfall 155526 (2017) Kat:3, Licht: 0,155526,3,7,4,09,07,6,1,0,0,1,0,1,,0
"POINT (9.180094918000066 48.833710207000081)",Unfall 155527 (2017) Kat:3, Licht: 0,155527,3,6,2,09,16,6,0,0,0,1,0,0,,0
"POINT (9.179248635000022 48.771360556000047)",Unfall 155528 (2017) Kat:3, Licht: 0,155528,3,7,6,09,12,6,0,0,1,0,1,0,,0
"POINT (9.166250138000066 48.767028445000051)",Unfall 155561 (2017) Kat:3, Licht: 0,155561,3,7,4,09,13,5,0,0,0,1,0,1,,0
"POINT (9.222701852000057 48.792065494000042)",Unfall 155562 (2017) Kat:3, Licht: 0,155562,3,6,6,09,14,5,0,0,0,0,1,0,,1
"POINT (9.173212566000075 48.770913690000043)",Unfall 155607 (2017) Kat:3, Licht: 2,155607,3,7,6,09,19,4,0,2,0,1,1,0,,0
"POINT (9.255045614000039 48.751067098000078)",Unfall 155608 (2017) Kat:3, Licht: 1,155608,3,7,0,09,06,4,1,1,1,0,0,0,,0
"POINT (9.243804844000067 48.773158803000058)",Unfall 155645 (2017) Kat:3, Licht: 0,155645,3,4,5,09,13,3,0,0,0,1,1,0,,0
"POINT (9.177764191000051 48.833958475000031)",Unfall 155646 (2017) Kat:3, Licht: 2,155646,3,2,5,09,22,3,0,2,0,1,0,0,,0
"POINT (9.261706143000026 48.785431931000062)",Unfall 155647 (2017) Kat:2, Licht: 2,155647,2,2,5,09,00,3,0,2,0,0,0,1,,1
"POINT (9.193437358000040 48.808094484000037)",Unfall 155687 (2017) Kat:3, Licht: 0,155687,3,3,5,09,18,2,0,0,1,1,0,0,,0
"POINT (9.141188994000061 48.771579879000058)",Unfall 155688 (2017) Kat:3, Licht: 0,155688,3,6,2,09,18,2,0,0,1,0,0,0,,1
"POINT (9.086411692000070 48.803593089000060)",Unfall 155703 (2017) Kat:2, Licht: 0,155703,2,3,5,09,18,1,0,0,1,1,0,0,,0
"POINT (9.170656644000076 48.782322421000060)",Unfall 155739 (2017) Kat:2, Licht: 2,155739,2,3,5,09,20,7,0,2,0,1,0,1,,0
"POINT (9.209904440000059 48.810992238000040)",Unfall 155740 (2017) Kat:3, Licht: 0,155740,3,6,2,09,15,7,0,0,0,1,0,0,,0
"POINT (9.164160191000065 48.809068497000055)",Unfall 155741 (2017) Kat:3, Licht: 0,155741,3,3,5,09,18,7,0,0,1,1,0,0,,0
"POINT (9.128143761000047 48.814170624000042)",Unfall 155742 (2017) Kat:3, Licht: 0,155742,3,6,2,09,11,7,0,0,0,1,0,0,,0
"POINT (9.187428570000066 48.829309837000039)",Unfall 155806 (2017) Kat:3, Licht: 0,155806,3,1,8,10,10,5,0,0,0,1,0,0,,0
"POINT (9.252147389000072 48.778679372000056)",Unfall 155807 (2017) Kat:3, Licht: 0,155807,3,3,5,10,13,5,0,0,1,0,0,0,,1
"POINT (9.096743015000072 48.801364341000067)",Unfall 155808 (2017) Kat:3, Licht: 0,155808,3,5,1,10,10,5,0,0,0,1,0,0,,0
"POINT (9.190210353000055 48.807566162000057)",Unfall 155881 (2017) Kat:3, Licht: 2,155881,3,2,2,10,19,3,0,2,0,1,0,0,,0
"POINT (9.173158353000076 48.773279492000029)",Unfall 155919 (2017) Kat:2, Licht: 2,155919,2,7,0,10,21,2,0,2,1,0,0,0,,0
"POINT (9.221557400000052 48.787048612000035)",Unfall 155920 (2017) Kat:2, Licht: 0,155920,2,3,5,10,15,2,0,0,0,1,0,1,,1
"POINT (9.162156238000023 48.770242600000074)",Unfall 155921 (2017) Kat:2, Licht: 0,155921,2,3,5,10,08,2,0,0,0,1,0,0,,0
"POINT (9.156515962000071 48.780497946000025)",Unfall 155922 (2017) Kat:3, Licht: 0,155922,3,3,5,10,13,2,0,0,0,0,0,1,,1
"POINT (9.131623383000033 48.722265286000038)",Unfall 155923 (2017) Kat:2, Licht: 2,155923,2,2,5,10,20,2,1,2,0,1,0,0,,0
"POINT (9.105122275000042 48.823291993000055)",Unfall 155924 (2017) Kat:3, Licht: 0,155924,3,3,5,10,07,2,0,0,0,1,0,0,,1
"POINT (9.087323280000021 48.809790946000078)",Unfall 155937 (2017) Kat:3, Licht: 0,155937,3,1,0,10,09,1,1,0,0,0,0,1,,0
"POINT (9.157098825000048 48.808990820000076)",Unfall 155942 (2017) Kat:3, Licht: 0,155942,3,5,1,10,09,1,0,0,1,1,0,0,,0
"POINT (9.251344747000076 48.769668609000064)",Unfall 155943 (2017) Kat:3, Licht: 0,155943,3,2,5,10,18,1,0,0,0,1,0,1,,0
"POINT (9.254285154000058 48.781210023000028)",Unfall 155986 (2017) Kat:3, Licht: 0,155986,3,1,0,09,15,7,0,0,1,0,0,0,,0
"POINT (9.167489710000041 48.764223203000029)",Unfall 155987 (2017) Kat:3, Licht: 2,155987,3,1,0,09,20,7,1,2,0,0,0,1,,0
"POINT (9.254516137000053 48.782811915000082)",Unfall 156034 (2017) Kat:3, Licht: 0,156034,3,3,5,10,07,5,0,0,0,1,0,1,,0
"POINT (9.173788657000046 48.827651944000081)",Unfall 156035 (2017) Kat:3, Licht: 2,156035,3,1,1,10,20,5,0,2,0,1,0,0,,0
"POINT (9.104458137000052 48.731157456000062)",Unfall 156036 (2017) Kat:3, Licht: 1,156036,3,6,3,10,06,5,0,1,1,1,0,0,,0
"POINT (9.111505939000040 48.736102385000038)",Unfall 156084 (2017) Kat:3, Licht: 0,156084,3,6,3,10,16,4,0,0,1,1,0,0,,0
"POINT (9.254550946000052 48.770510475000037)",Unfall 156087 (2017) Kat:3, Licht: 0,156087,3,6,2,10,15,4,0,0,0,1,0,0,,0
"POINT (9.152849247000063 48.835111461000054)",Unfall 156088 (2017) Kat:3, Licht: 0,156088,3,6,2,10,17,4,0,0,0,1,0,0,,1
"POINT (9.158576220000043 48.761360531000037)",Unfall 156089 (2017) Kat:2, Licht: 0,156089,2,3,5,10,14,4,0,0,1,1,0,0,,0
"POINT (9.175330716000076 48.796728066000071)",Unfall 156090 (2017) Kat:3, Licht: 0,156090,3,4,6,10,17,4,0,0,0,0,1,1,,0
"POINT (9.171700375000057 48.764097112000059)",Unfall 156091 (2017) Kat:3, Licht: 0,156091,3,6,2,10,17,4,0,0,0,1,0,0,,0
"POINT (9.170659174000036 48.777886731000081)",Unfall 156127 (2017) Kat:3, Licht: 0,156127,3,7,0,10,14,3,0,0,0,0,0,1,,0
"POINT (9.161900561000039 48.809916888000032)",Unfall 156128 (2017) Kat:3, Licht: 0,156128,3,4,6,10,08,3,0,0,0,1,1,0,,0
"POINT (9.199938799000051 48.821200046000058)",Unfall 156129 (2017) Kat:3, Licht: 1,156129,3,6,2,10,18,3,0,1,0,1,0,0,,0
"POINT (9.146364540000036 48.774686346000067)",Unfall 156174 (2017) Kat:3, Licht: 0,156174,3,7,5,10,18,2,0,0,0,1,0,0,,1
"POINT (9.266391900000031 48.753683986000055)",Unfall 156175 (2017) Kat:3, Licht: 2,156175,3,3,5,10,06,2,1,2,0,1,0,0,,0
"POINT (9.160600533000036 48.788141899000038)",Unfall 156176 (2017) Kat:3, Licht: 0,156176,3,6,2,10,07,2,1,0,0,1,0,0,,0
"POINT (9.237517389000061 48.775700376000032)",Unfall 156177 (2017) Kat:3, Licht: 2,156177,3,6,2,10,00,2,0,2,0,1,0,0,,0
"POINT (9.191970325000057 48.779951842000060)",Unfall 156178 (2017) Kat:3, Licht: 0,156178,3,1,0,10,09,2,1,0,0,0,0,1,,0
"POINT (9.222873778000064 48.800655791000054)",Unfall 156192 (2017) Kat:2, Licht: 2,156192,2,2,5,10,20,1,0,2,0,1,0,1,,0
"POINT (9.227104336000025 48.833101758000055)",Unfall 156193 (2017) Kat:3, Licht: 0,156193,3,2,5,10,11,1,0,0,0,1,0,0,,0
"POINT (9.164438943000050 48.777057585000080)",Unfall 156224 (2017) Kat:3, Licht: 0,156224,3,2,0,10,12,7,0,0,0,1,0,1,,0
"POINT (9.219099922000055 48.805089601000077)",Unfall 156225 (2017) Kat:3, Licht: 2,156225,3,2,6,10,21,7,1,2,0,1,1,0,,0
"POINT (9.175091171000076 48.816446282000072)",Unfall 156267 (2017) Kat:3, Licht: 0,156267,3,3,5,10,13,6,1,0,0,1,0,0,,0
"POINT (9.165669791000028 48.781630190000044)",Unfall 156268 (2017) Kat:3, Licht: 0,156268,3,6,2,10,07,6,0,0,0,1,0,0,,0
"POINT (9.159355761000029 48.762744497000028)",Unfall 156269 (2017) Kat:2, Licht: 0,156269,2,4,6,10,11,6,0,0,0,1,1,0,,0
"POINT (9.242209050000042 48.774456563000058)",Unfall 156270 (2017) Kat:3, Licht: 0,156270,3,3,5,10,16,6,1,0,1,1,0,0,,0
"POINT (9.179202425000028 48.767989096000065)",Unfall 156271 (2017) Kat:3, Licht: 0,156271,3,2,5,10,14,6,0,0,1,1,0,0,,0
"POINT (9.160498387000075 48.772421630000053)",Unfall 156313 (2017) Kat:3, Licht: 0,156313,3,3,5,10,17,3,0,0,1,1,0,0,,0
"POINT (9.164605802000040 48.762322580000045)",Unfall 156314 (2017) Kat:3, Licht: 0,156314,3,3,5,10,13,3,0,0,0,1,0,0,,0
"POINT (9.205243144000065 48.729245606000063)",Unfall 156315 (2017) Kat:2, Licht: 0,156315,2,1,0,10,08,3,0,0,0,0,0,1,,0
"POINT (9.210598854000068 48.807984644000044)",Unfall 156316 (2017) Kat:3, Licht: 0,156316,3,5,1,10,09,3,0,0,1,1,0,0,,0
"POINT (9.176554730000021 48.840604224000060)",Unfall 156384 (2017) Kat:3, Licht: 2,156384,3,3,5,10,07,2,0,2,0,1,0,1,,0
"POINT (9.218831598000065 48.805100515000049)",Unfall 156385 (2017) Kat:3, Licht: 0,156385,3,2,5,10,08,2,0,0,1,1,0,0,,0
"POINT (9.159234549000075 48.762659673000030)",Unfall 156386 (2017) Kat:3, Licht: 1,156386,3,1,0,10,19,2,0,1,1,0,0,0,,0
"POINT (9.203552912000021 48.813164538000080)",Unfall 156416 (2017) Kat:3, Licht: 0,156416,3,3,5,10,16,1,0,0,0,1,0,0,,1
"POINT (9.120103011000026 48.814343663000045)",Unfall 156417 (2017) Kat:3, Licht: 0,156417,3,5,1,10,15,1,0,0,1,1,0,0,,0
"POINT (9.226772887000038 48.819352197000057)",Unfall 156418 (2017) Kat:3, Licht: 0,156418,3,3,5,10,15,1,0,0,1,1,0,0,,0
"POINT (9.252896226000075 48.751244577000080)",Unfall 156419 (2017) Kat:3, Licht: 0,156419,3,7,9,10,13,1,0,0,0,1,0,0,,0
"POINT (9.160761439000055 48.764234703000056)",Unfall 156517 (2017) Kat:3, Licht: 0,156517,3,3,5,10,09,6,0,0,0,1,0,1,,0
"POINT (9.268858134000027 48.783335756000042)",Unfall 156518 (2017) Kat:3, Licht: 0,156518,3,1,4,10,16,6,0,0,1,1,0,0,,0
"POINT (9.222176118000050 48.800788408000074)",Unfall 156519 (2017) Kat:3, Licht: 2,156519,3,2,0,10,20,6,0,2,0,1,0,1,,0
"POINT (9.230689879000067 48.758528610000042)",Unfall 156520 (2017) Kat:3, Licht: 0,156520,3,6,3,10,16,6,0,0,1,0,0,1,,0
"POINT (9.180548766000072 48.769322528000032)",Unfall 156521 (2017) Kat:2, Licht: 0,156521,2,6,2,10,17,6,0,0,1,1,0,0,,0
"POINT (9.166707277000057 48.781960926000068)",Unfall 156522 (2017) Kat:3, Licht: 2,156522,3,6,2,10,23,6,0,2,0,1,0,0,,0
"POINT (9.200355814000034 48.789239478000070)",Unfall 156559 (2017) Kat:3, Licht: 0,156559,3,1,0,10,08,3,1,0,1,0,0,0,,0
"POINT (9.125670319000051 48.781331689000069)",Unfall 156564 (2017) Kat:3, Licht: 0,156564,3,4,6,10,08,3,1,0,0,1,1,0,,0
"POINT (9.228615411000021 48.844990240000072)",Unfall 156565 (2017) Kat:3, Licht: 0,156565,3,3,5,10,14,3,0,0,0,1,0,0,,0
"POINT (9.197199001000058 48.824395177000042)",Unfall 156567 (2017) Kat:3, Licht: 0,156567,3,2,2,10,17,3,0,0,0,1,0,0,,0
"POINT (9.113440187000037 48.725334724000049)",Unfall 156656 (2017) Kat:3, Licht: 2,156656,3,4,6,10,20,7,1,2,0,1,1,0,,0
"POINT (9.195820957000024 48.832732457000077)",Unfall 156657 (2017) Kat:3, Licht: 2,156657,3,3,5,10,21,7,1,2,0,1,0,0,,0