WKT,Name,OBJECTID,UKATEGORIE,UTYP1,UART,UMONAT,USTUNDE,UWOCHENTAG,STRZUSTAND,ULICHTVERH,ISTRAD,ISTPKW,ISTFUSS,ISTKRAD,ISTGKFZ,ISTSONSTIG
"POINT (9.140708838000023 48.772233100000051)",Unfall 156658 (2017) Kat:3, Licht: 1,156658,3,6,2,10,18,7,1,1,0,1,0,1,,0
"POINT (9.206612546000031 48.814785415000074)",Unfall 156693 (2017) Kat:3, Licht: 2,156693,3,3,5,10,06,6,0,2,0,1,0,1,,0
"POINT (9.189576383000031 48.776214213000060)",Unfall 156694 (2017) Kat:3, Licht: 0,156694,3,7,0,10,08,6,1,0,1,0,0,0,,1
"POINT (9.174352298000031 48.739897545000076)",Unfall 156695 (2017) Kat:3, Licht: 0,156695,3,3,5,10,13,6,0,0,1,1,0,0,,0
"POINT (9.221333671000025 48.807069637000041)",Unfall 156739 (2017) Kat:3, Licht: 0,156739,3,1,0,10,07,5,0,0,1,0,0,0,,1
"POINT (9.173365679000028 48.748378742000057)",Unfall 156740 (2017) Kat:1, Licht: 0,156740,1,7,6,10,11,5,0,0,0,1,1,0,,0
"POINT (9.207953990000021 48.784043196000027)",Unfall 156741 (2017) Kat:3, Licht: 0,156741,3,3,0,10,11,5,0,0,0,1,0,0,,0
"POINT (9.206980324000028 48.713654029000054)",Unfall 156742 (2017) Kat:3, Licht: 0,156742,3,7,2,10,16,5,0,0,0,1,0,1,,0
"POINT (9.150266130000034 48.774791866000044)",Unfall 156743 (2017) Kat:3, Licht: 0,156743,3,1,0,10,15,5,0,0,1,0,0,0,,0
"POINT (9.246411208000041 48.815116121000074)",Unfall 156788 (2017) Kat:3, Licht: 0,156788,3,2,5,10,07,4,0,0,0,1,0,1,,0
"POINT (9.156708683000034 48.772489895000035)",Unfall 156789 (2017) Kat:3, Licht: 0,156789,3,2,5,10,16,4,0,0,1,1,0,0,,0
"POINT (9.190051285000038 48.783557547000044)",Unfall 156790 (2017) Kat:3, Licht: 2,156790,3,3,5,10,05,4,0,2,1,1,0,0,,0
"POINT (9.164665877000061 48.832376016000069)",Unfall 156791 (2017) Kat:3, Licht: 2,156791,3,2,2,10,21,4,0,2,0,1,0,0,,0
"POINT (9.170423660000040 48.767464951000079)",Unfall 156792 (2017) Kat:2, Licht: 1,156792,2,1,0,10,07,4,0,1,1,0,0,0,,0
"POINT (9.194360387000074 48.797306531000061)",Unfall 156857 (2017) Kat:3, Licht: 2,156857,3,3,5,10,00,4,0,2,0,1,0,0,,0
"POINT (9.219938858000035 48.802130010000042)",Unfall 156860 (2017) Kat:3, Licht: 0,156860,3,4,6,10,13,2,0,0,0,1,1,0,,0
"POINT (9.173344276000023 48.835506230000078)",Unfall 156861 (2017) Kat:3, Licht: 2,156861,3,3,5,10,21,2,0,2,0,1,0,0,,0
"POINT (9.173059462000026 48.829769865000060)",Unfall 156882 (2017) Kat:3, Licht: 0,156882,3,7,6,10,15,1,0,0,0,1,1,0,,0
"POINT (9.181289564000053 48.835828125000035)",Unfall 156909 (2017) Kat:3, Licht: 0,156909,3,7,6,10,09,7,0,0,0,1,1,0,,0
"POINT (9.217274503000056 48.783722370000078)",Unfall 156910 (2017) Kat:3, Licht: 0,156910,3,3,5,10,13,7,0,0,0,1,0,1,,0
"POINT (9.211765008000043 48.844036596000080)",Unfall 156965 (2017) Kat:3, Licht: 0,156965,3,6,2,10,13,6,0,0,0,1,0,0,,1
"POINT (9.201402325000061 48.837996895000060)",Unfall 156966 (2017) Kat:3, Licht: 0,156966,3,6,4,10,17,6,0,0,0,1,0,0,,0
"POINT (9.123741012000039 48.726928878000081)",Unfall 156967 (2017) Kat:3, Licht: 0,156967,3,2,5,10,13,6,0,0,1,1,0,0,,0
"POINT (9.215870790000054 48.806771610000055)",Unfall 156968 (2017) Kat:3, Licht: 1,156968,3,2,2,10,17,6,0,1,0,1,0,0,,0
"POINT (9.109912096000073 48.727333152000028)",Unfall 156969 (2017) Kat:3, Licht: 1,156969,3,7,1,10,18,6,0,1,0,1,0,0,,1
"POINT (9.112097725000069 48.814141418000077)",Unfall 157021 (2017) Kat:3, Licht: 1,157021,3,6,2,10,18,5,0,1,0,1,0,0,,0
"POINT (9.167017122000061 48.836010888000033)",Unfall 157022 (2017) Kat:2, Licht: 1,157022,2,6,2,10,06,5,0,1,0,1,0,1,,0
"POINT (9.254508714000053 48.786756824000065)",Unfall 157023 (2017) Kat:2, Licht: 2,157023,2,2,2,10,19,5,0,2,1,1,0,0,,0
"POINT (9.155940690000023 48.810683110000070)",Unfall 157024 (2017) Kat:3, Licht: 0,157024,3,2,5,10,17,5,0,0,0,1,0,1,,0
"POINT (9.208489217000022 48.813503073000049)",Unfall 157025 (2017) Kat:3, Licht: 2,157025,3,2,5,10,18,5,0,2,1,1,0,0,,0
"POINT (9.202958229000046 48.817385858000080)",Unfall 157026 (2017) Kat:3, Licht: 0,157026,3,6,2,10,10,5,0,0,0,1,0,0,,0
"POINT (9.202003450000063 48.785452816000031)",Unfall 157027 (2017) Kat:3, Licht: 2,157027,3,2,5,10,20,5,0,2,1,1,0,0,,0
"POINT (9.106590415000028 48.738437564000037)",Unfall 157028 (2017) Kat:3, Licht: 0,157028,3,7,0,10,16,5,0,0,0,1,0,1,,0
"POINT (9.165348271000028 48.784598440000082)",Unfall 157072 (2017) Kat:3, Licht: 2,157072,3,3,5,10,18,4,0,2,0,1,0,0,,0
"POINT (9.173204407000071 48.825733499000080)",Unfall 157080 (2017) Kat:3, Licht: 0,157080,3,6,2,10,09,4,0,0,0,1,0,0,,0
"POINT (9.206435273000068 48.777792455000053)",Unfall 157091 (2017) Kat:3, Licht: 0,157091,3,4,6,11,14,4,0,0,0,1,1,0,,0
"POINT (9.158490760000063 48.781363462000058)",Unfall 157140 (2017) Kat:3, Licht: 2,157140,3,2,6,11,17,3,1,2,0,1,1,0,,0
"POINT (9.157547219000037 48.834399486000052)",Unfall 157141 (2017) Kat:3, Licht: 0,157141,3,2,6,11,13,3,0,0,0,1,1,0,,0
"POINT (9.156055970000068 48.850451180000050)",Unfall 157181 (2017) Kat:3, Licht: 0,157181,3,5,1,11,07,2,0,0,0,1,0,0,,0
"POINT (9.219803181000032 48.699057949000064)",Unfall 157182 (2017) Kat:3, Licht: 0,157182,3,2,5,11,15,2,0,0,0,1,0,0,,0
"POINT (9.203603713000064 48.781647050000061)",Unfall 157183 (2017) Kat:3, Licht: 0,157183,3,3,5,11,10,2,0,0,0,1,0,1,,0
"POINT (9.155470589000061 48.830142844000079)",Unfall 157184 (2017) Kat:2, Licht: 0,157184,2,7,0,11,13,2,0,0,1,0,0,0,,0
"POINT (9.149637941000037 48.754393163000032)",Unfall 157185 (2017) Kat:3, Licht: 2,157185,3,1,0,11,05,2,1,2,0,0,0,1,,0
"POINT (9.194657184000050 48.799667415000044)",Unfall 157186 (2017) Kat:3, Licht: 0,157186,3,6,2,11,10,2,1,0,0,1,0,0,,0
"POINT (9.154529865000029 48.756453285000077)",Unfall 157202 (2017) Kat:3, Licht: 0,157202,3,1,4,11,12,1,1,0,0,1,0,0,,0
"POINT (9.141820798000026 48.772896360000061)",Unfall 157217 (2017) Kat:2, Licht: 2,157217,2,7,1,11,04,7,0,2,0,1,0,0,,0
"POINT (9.167836723000050 48.814129845000082)",Unfall 157218 (2017) Kat:3, Licht: 2,157218,3,5,1,11,00,7,0,2,1,1,0,0,,0
"POINT (9.157641550000051 48.845768435000082)",Unfall 157219 (2017) Kat:3, Licht: 0,157219,3,7,1,11,13,7,0,0,0,1,0,0,,0
"POINT (9.229890662000059 48.756088347000059)",Unfall 157220 (2017) Kat:3, Licht: 2,157220,3,6,2,11,22,7,0,2,0,1,0,0,,0
"POINT (9.227470373000074 48.741255221000074)",Unfall 157286 (2017) Kat:3, Licht: 2,157286,3,1,8,11,03,4,0,2,0,1,0,0,,0
"POINT (9.159624273000077 48.768271776000063)",Unfall 157351 (2017) Kat:3, Licht: 2,157351,3,2,0,11,20,4,0,2,0,1,0,1,,0
"POINT (9.209729462000041 48.809454849000076)",Unfall 157352 (2017) Kat:3, Licht: 2,157352,3,3,5,11,19,4,0,2,0,1,0,0,,0
"POINT (9.248643480000055 48.788235511000039)",Unfall 157353 (2017) Kat:3, Licht: 2,157353,3,3,5,11,16,4,0,2,0,1,0,0,,0
"POINT (9.201951232000056 48.710112767000055)",Unfall 157354 (2017) Kat:3, Licht: 0,157354,3,2,6,11,10,4,0,0,0,1,1,0,,0
"POINT (9.108817597000041 48.810892909000074)",Unfall 157438 (2017) Kat:3, Licht: 2,157438,3,2,6,11,18,2,1,2,0,1,1,0,,0
"POINT (9.168804604000059 48.816299735000030)",Unfall 157478 (2017) Kat:3, Licht: 2,157478,3,4,6,11,17,7,1,2,0,1,1,0,,0
"POINT (9.174540301000036 48.772606074000066)",Unfall 157479 (2017) Kat:3, Licht: 2,157479,3,2,5,11,22,7,1,2,1,1,0,0,,0
"POINT (9.122116936000055 48.724090716000035)",Unfall 157521 (2017) Kat:3, Licht: 0,157521,3,3,5,11,08,6,0,0,0,1,0,0,,0
"POINT (9.205793309000057 48.815440251000041)",Unfall 157522 (2017) Kat:2, Licht: 2,157522,2,4,6,11,18,6,1,2,0,1,1,0,,0
"POINT (9.181868510000072 48.782902993000050)",Unfall 157523 (2017) Kat:3, Licht: 0,157523,3,6,2,11,09,6,0,0,0,1,0,0,,0
"POINT (9.230901789000029 48.815643324000064)",Unfall 157524 (2017) Kat:3, Licht: 2,157524,3,1,0,11,17,6,1,2,1,0,0,0,,0
"POINT (9.236591492000059 48.796204724000063)",Unfall 157560 (2017) Kat:3, Licht: 2,157560,3,6,2,11,17,5,0,2,0,1,0,0,,0
"POINT (9.142859721000036 48.770215747000066)",Unfall 157561 (2017) Kat:3, Licht: 2,157561,3,3,5,11,17,5,0,2,0,1,0,0,,0
"POINT (9.178633086000048 48.816256814000042)",Unfall 157562 (2017) Kat:3, Licht: 2,157562,3,3,5,11,17,5,0,2,1,1,0,0,,0
"POINT (9.119533930000046 48.721426865000069)",Unfall 157563 (2017) Kat:3, Licht: 1,157563,3,3,5,11,17,5,0,1,0,1,0,0,,0
"POINT (9.172304014000076 48.769829838000078)",Unfall 157614 (2017) Kat:3, Licht: 0,157614,3,2,5,11,14,5,0,0,1,1,0,0,,0
"POINT (9.115145193000046 48.814025079000032)",Unfall 157615 (2017) Kat:3, Licht: 1,157615,3,2,3,11,07,5,0,1,1,1,0,0,,0
"POINT (9.268796248000058 48.757311794000032)",Unfall 157673 (2017) Kat:3, Licht: 0,157673,3,7,6,11,14,4,0,0,0,0,1,0,,1
"POINT (9.171067786000037 48.764594566000028)",Unfall 157674 (2017) Kat:3, Licht: 2,157674,3,2,5,11,06,4,1,2,1,1,0,0,,0
"POINT (9.184029981000037 48.772947134000049)",Unfall 157675 (2017) Kat:3, Licht: 2,157675,3,2,5,11,17,4,0,2,1,0,0,1,,0
"POINT (9.232838965000042 48.798843234000060)",Unfall 157711 (2017) Kat:3, Licht: 0,157711,3,2,2,11,08,3,1,0,0,1,0,0,,0
"POINT (9.177365105000035 48.747648149000042)",Unfall 157712 (2017) Kat:3, Licht: 0,157712,3,2,5,11,13,3,1,0,1,1,0,0,,0
"POINT (9.228618292000022 48.799519093000072)",Unfall 157713 (2017) Kat:3, Licht: 0,157713,3,3,5,11,07,3,1,0,0,1,0,0,,0
"POINT (9.208569760000046 48.788863549000041)",Unfall 157714 (2017) Kat:3, Licht: 0,157714,3,2,6,11,14,3,0,0,0,0,1,0,,1
"POINT (9.176911027000074 48.779318042000057)",Unfall 157715 (2017) Kat:3, Licht: 0,157715,3,7,0,11,12,3,1,0,1,0,0,0,,0
"POINT (9.112855235000041 48.824314253000068)",Unfall 157752 (2017) Kat:3, Licht: 0,157752,3,7,3,11,12,2,0,0,0,1,0,1,,0
"POINT (9.175217814000064 48.764576831000056)",Unfall 157753 (2017) Kat:3, Licht: 0,157753,3,5,2,11,16,2,0,0,0,1,0,0,,0
"POINT (9.201981850000038 48.785451015000035)",Unfall 157754 (2017) Kat:3, Licht: 0,157754,3,2,6,11,12,2,0,0,0,0,1,0,,1
"POINT (9.252362817000062 48.778729899000041)",Unfall 157755 (2017) Kat:3, Licht: 0,157755,3,3,5,11,15,2,0,0,1,1,0,0,,0
"POINT (9.173300199000039 48.825619081000070)",Unfall 157756 (2017) Kat:3, Licht: 0,157756,3,7,0,11,10,2,0,0,0,1,0,0,,1
"POINT (9.228172979000021 48.781134567000038)",Unfall 157770 (2017) Kat:3, Licht: 0,157770,3,3,6,11,14,1,0,0,0,1,1,0,,0
"POINT (9.203106322000053 48.837234293000051)",Unfall 157783 (2017) Kat:3, Licht: 0,157783,3,2,5,11,15,7,0,0,0,1,0,0,,0
"POINT (9.233831175000034 48.808287917000030)",Unfall 157784 (2017) Kat:3, Licht: 0,157784,3,7,0,11,12,7,0,0,1,0,0,0,,0
"POINT (9.207922013000029 48.784856626000078)",Unfall 157785 (2017) Kat:3, Licht: 0,157785,3,5,0,11,13,7,0,0,0,1,0,0,,1
"POINT (9.252162768000062 48.778698023000061)",Unfall 157824 (2017) Kat:3, Licht: 2,157824,3,3,5,11,18,6,0,2,0,1,0,1,,0
"POINT (9.194207844000061 48.787769538000077)",Unfall 157825 (2017) Kat:2, Licht: 2,157825,2,4,6,11,16,6,0,2,0,1,1,0,,0
"POINT (9.176559875000066 48.763879350000082)",Unfall 157826 (2017) Kat:3, Licht: 0,157826,3,2,5,11,11,6,1,0,1,1,0,0,,0
"POINT (9.179654865000032 48.813375414000063)",Unfall 157827 (2017) Kat:3, Licht: 0,157827,3,6,2,11,13,6,0,0,0,1,0,0,,1
"POINT (9.172032159000025 48.740929976000075)",Unfall 157850 (2017) Kat:3, Licht: 2,157850,3,3,0,11,22,5,0,2,0,1,0,0,,1
"POINT (9.165759216000026 48.780832884000063)",Unfall 157851 (2017) Kat:3, Licht: 2,157851,3,5,0,11,17,5,0,2,0,1,0,0,,1
"POINT (9.182098747000055 48.782825150000065)",Unfall 157852 (2017) Kat:3, Licht: 0,157852,3,6,3,11,12,5,0,0,0,1,0,1,,0
"POINT (9.105051314000036 48.823288051000077)",Unfall 157891 (2017) Kat:3, Licht: 0,157891,3,7,3,11,11,5,0,0,0,1,0,0,,1
"POINT (9.161259446000031 48.766014420000033)",Unfall 157892 (2017) Kat:3, Licht: 2,157892,3,3,5,11,07,5,1,2,1,1,0,0,,0
"POINT (9.202874377000057 48.812091741000074)",Unfall 157893 (2017) Kat:3, Licht: 1,157893,3,2,6,11,07,5,1,1,0,1,1,0,,0
"POINT (9.157976716000064 48.836067835000051)",Unfall 157894 (2017) Kat:3, Licht: 2,157894,3,2,5,11,07,5,1,2,1,0,0,0,,1
"POINT (9.173516963000054 48.793105667000077)",Unfall 157895 (2017) Kat:3, Licht: 1,157895,3,3,5,11,16,5,0,1,0,1,0,0,,0
"POINT (9.229991797000025 48.844043712000030)",Unfall 157933 (2017) Kat:3, Licht: 0,157933,3,1,8,11,15,4,1,0,0,1,0,0,,0
"POINT (9.152905696000062 48.768106641000031)",Unfall 157934 (2017) Kat:2, Licht: 2,157934,2,7,1,11,17,4,1,2,0,1,0,1,,0
"POINT (9.174701492000054 48.831527284000060)",Unfall 157935 (2017) Kat:3, Licht: 2,157935,3,3,5,11,22,4,0,2,1,1,0,0,,0
"POINT (9.113367416000074 48.725342228000045)",Unfall 157936 (2017) Kat:3, Licht: 0,157936,3,6,2,11,09,4,1,0,0,1,0,0,,0
"POINT (9.123335755000028 48.725830424000037)",Unfall 157937 (2017) Kat:3, Licht: 0,157937,3,2,6,11,09,4,1,0,0,1,1,0,,0
"POINT (9.230999476000022 48.806320111000048)",Unfall 157938 (2017) Kat:3, Licht: 0,157938,3,3,5,11,15,4,1,0,0,1,0,0,,0
"POINT (9.113190476000057 48.813552822000077)",Unfall 157939 (2017) Kat:3, Licht: 0,157939,3,2,6,11,10,4,0,0,0,1,1,0,,0
"POINT (9.174360054000033 48.779492460000029)",Unfall 157984 (2017) Kat:3, Licht: 2,157984,3,4,6,11,17,3,1,2,0,1,1,0,,0
"POINT (9.179383036000047 48.774230000000045)",Unfall 157985 (2017) Kat:3, Licht: 0,157985,3,4,6,11,08,3,0,0,0,1,1,0,,0
"POINT (9.151830989000075 48.749391506000052)",Unfall 157986 (2017) Kat:3, Licht: 1,157986,3,6,2,11,16,3,1,1,0,1,0,0,,0
"POINT (9.113461324000070 48.725332545000072)",Unfall 157987 (2017) Kat:3, Licht: 2,157987,3,3,5,11,17,3,1,2,1,1,0,0,,0
"POINT (9.172357971000054 48.766167169000028)",Unfall 158028 (2017) Kat:3, Licht: 0,158028,3,4,6,11,12,2,0,0,1,0,1,0,,0
"POINT (9.225684494000063 48.811521651000078)",Unfall 158029 (2017) Kat:3, Licht: 0,158029,3,6,2,11,11,2,0,0,0,1,0,0,,0
"POINT (9.175325729000065 48.835088973000040)",Unfall 158062 (2017) Kat:3, Licht: 2,158062,3,2,5,11,00,7,1,2,0,1,0,0,,1
"POINT (9.186490874000072 48.790659712000036)",Unfall 158063 (2017) Kat:3, Licht: 2,158063,3,6,2,11,18,7,1,2,0,1,0,0,,0
"POINT (9.143110383000021 48.770367376000081)",Unfall 158064 (2017) Kat:3, Licht: 0,158064,3,2,5,11,15,7,1,0,0,1,0,0,,0
"POINT (9.165932430000055 48.774887699000033)",Unfall 158102 (2017) Kat:3, Licht: 0,158102,3,7,3,11,09,6,0,0,0,1,0,1,,0
"POINT (9.096304444000054 48.817366542000059)",Unfall 158103 (2017) Kat:3, Licht: 2,158103,3,2,2,11,18,6,1,2,0,1,0,0,,0
"POINT (9.159155184000042 48.762959717000058)",Unfall 158104 (2017) Kat:3, Licht: 0,158104,3,3,5,11,08,6,0,0,0,1,0,0,,0
"POINT (9.173518543000057 48.785708161000059)",Unfall 158105 (2017) Kat:2, Licht: 2,158105,2,5,1,11,21,6,1,2,0,1,0,1,,0
"POINT (9.113213017000021 48.813514457000053)",Unfall 158146 (2017) Kat:3, Licht: 0,158146,3,7,6,12,12,6,1,0,0,1,1,0,,0
"POINT (9.266460526000060 48.753677636000077)",Unfall 158147 (2017) Kat:3, Licht: 0,158147,3,6,2,12,14,6,1,0,0,1,0,0,,0
"POINT (9.227001399000073 48.811898698000050)",Unfall 158148 (2017) Kat:3, Licht: 0,158148,3,7,6,12,12,6,1,0,0,1,1,0,,0
"POINT (9.171294020000062 48.764037540000061)",Unfall 158149 (2017) Kat:3, Licht: 0,158149,3,3,5,12,07,6,0,0,0,1,0,0,,0
"POINT (9.193217750000031 48.794939882000051)",Unfall 158150 (2017) Kat:2, Licht: 1,158150,2,4,6,12,07,6,1,1,0,1,1,0,,0
"POINT (9.101153403000069 48.824262358000055)",Unfall 158151 (2017) Kat:3, Licht: 0,158151,3,6,2,12,07,6,0,0,0,1,0,0,,0
"POINT (9.085759285000052 48.729156485000033)",Unfall 158188 (2017) Kat:2, Licht: 2,158188,2,6,6,12,07,5,1,2,1,0,1,0,,0
"POINT (9.169111543000042 48.816474783000047)",Unfall 158216 (2017) Kat:3, Licht: 0,158216,3,5,1,12,14,4,0,0,0,1,0,0,,0
"POINT (9.207248159000073 48.819799248000038)",Unfall 158256 (2017) Kat:3, Licht: 2,158256,3,6,2,12,17,3,0,2,0,1,0,0,,0
"POINT (9.207526376000033 48.785959081000044)",Unfall 158257 (2017) Kat:3, Licht: 2,158257,3,2,6,12,20,3,0,2,0,1,1,0,,0
"POINT (9.169700254000077 48.748251714000048)",Unfall 158258 (2017) Kat:3, Licht: 2,158258,3,5,1,12,17,3,0,2,0,1,0,0,,0
"POINT (9.190997638000056 48.825965113000052)",Unfall 158292 (2017) Kat:3, Licht: 0,158292,3,6,2,12,15,2,0,0,0,1,0,0,,0
"POINT (9.233365572000025 48.789648394000039)",Unfall 158293 (2017) Kat:3, Licht: 2,158293,3,3,5,12,19,2,1,2,0,1,0,0,,0
"POINT (9.186451739000063 48.817327021000040)",Unfall 158305 (2017) Kat:3, Licht: 2,158305,3,1,9,12,19,1,2,2,0,1,0,0,,0
"POINT (9.224551679000058 48.791723555000033)",Unfall 158321 (2017) Kat:3, Licht: 2,158321,3,7,4,12,23,7,0,2,0,1,0,0,,0
"POINT (9.219932012000072 48.802153156000031)",Unfall 158322 (2017) Kat:3, Licht: 2,158322,3,4,6,12,03,7,2,2,0,1,1,0,,0
"POINT (9.218585201000053 48.806799009000031)",Unfall 158368 (2017) Kat:2, Licht: 0,158368,2,4,6,12,14,6,1,0,0,1,1,0,,0
"POINT (9.184321940000075 48.791946626000026)",Unfall 158369 (2017) Kat:3, Licht: 1,158369,3,3,5,12,16,6,0,1,0,1,0,0,,0
"POINT (9.218076299000074 48.801987908000058)",Unfall 158370 (2017) Kat:3, Licht: 0,158370,3,4,6,12,09,6,1,0,0,1,1,0,,0
"POINT (9.199537906000046 48.779239202000042)",Unfall 158411 (2017) Kat:3, Licht: 0,158411,3,2,6,12,09,3,0,0,0,1,1,0,,0
"POINT (9.197224475000041 48.824377159000051)",Unfall 158412 (2017) Kat:3, Licht: 0,158412,3,2,2,12,12,3,0,0,0,1,0,0,,0
"POINT (9.179424771000072 48.783955243000037)",Unfall 158433 (2017) Kat:3, Licht: 0,158433,3,7,2,12,08,2,1,0,0,1,0,0,,0
"POINT (9.238436037000042 48.791058215000078)",Unfall 158434 (2017) Kat:2, Licht: 2,158434,2,4,6,12,07,2,1,2,0,1,1,0,,0
"POINT (9.218135245000042 48.802022134000026)",Unfall 158435 (2017) Kat:3, Licht: 0,158435,3,2,6,12,07,2,2,0,0,1,1,0,,0
"POINT (9.157590121000055 48.782712220000064)",Unfall 158447 (2017) Kat:2, Licht: 0,158447,2,4,6,12,11,1,1,0,1,0,1,0,,0
"POINT (9.143138374000046 48.770360654000058)",Unfall 158469 (2017) Kat:3, Licht: 2,158469,3,2,5,12,17,7,1,2,0,1,0,0,,0
"POINT (9.153280125000038 48.789709626000047)",Unfall 158503 (2017) Kat:1, Licht: 0,158503,1,7,6,12,12,6,1,0,0,1,1,0,,0
"POINT (9.158512753000025 48.813786662000041)",Unfall 158504 (2017) Kat:3, Licht: 0,158504,3,6,2,12,10,6,1,0,0,1,0,0,,0
"POINT (9.207259478000026 48.778984352000066)",Unfall 158505 (2017) Kat:3, Licht: 0,158505,3,4,6,12,09,6,0,0,0,1,1,0,,0
"POINT (9.180337005000069 48.779202429000065)",Unfall 158535 (2017) Kat:3, Licht: 0,158535,3,3,5,12,11,5,0,0,1,1,0,0,,0
"POINT (9.104041802000040 48.781175258000076)",Unfall 158536 (2017) Kat:2, Licht: 2,158536,2,1,8,12,20,5,1,2,0,1,0,0,,0
"POINT (9.185889768000038 48.781701845000043)",Unfall 158537 (2017) Kat:3, Licht: 0,158537,3,6,3,12,10,5,0,0,0,1,0,0,,1
"POINT (9.248468974000048 48.768834831000049)",Unfall 158538 (2017) Kat:3, Licht: 0,158538,3,7,5,12,13,5,0,0,0,1,0,0,,1
"POINT (9.189754358000073 48.776568555000040)",Unfall 158559 (2017) Kat:2, Licht: 2,158559,2,6,2,12,18,4,1,2,0,1,0,0,,0
"POINT (9.107574910000039 48.737414615000034)",Unfall 158560 (2017) Kat:3, Licht: 0,158560,3,2,5,12,08,4,0,0,1,1,0,0,,0
"POINT (9.174925113000029 48.763605355000038)",Unfall 158561 (2017) Kat:3, Licht: 2,158561,3,7,1,12,19,4,1,2,0,1,0,0,,0
"POINT (9.278089219000037 48.776601855000081)",Unfall 158582 (2017) Kat:2, Licht: 0,158582,2,6,0,12,14,3,1,0,0,1,0,1,,0
"POINT (9.202570468000033 48.837728634000030)",Unfall 158612 (2017) Kat:3, Licht: 2,158612,3,2,6,12,07,2,1,2,0,1,1,0,,0
"POINT (9.217522158000065 48.802095751000081)",Unfall 158613 (2017) Kat:2, Licht: 0,158613,2,6,2,12,14,2,1,0,0,1,0,0,,0
"POINT (9.181009496000058 48.769844988000045)",Unfall 158614 (2017) Kat:3, Licht: 0,158614,3,7,0,12,14,2,1,0,0,0,0,0,,1
"POINT (9.181699107000043 48.782960268000068)",Unfall 158615 (2017) Kat:3, Licht: 2,158615,3,2,5,12,19,2,1,2,0,1,0,0,,1
"POINT (9.162994505000029 48.780788173000076)",Unfall 158624 (2017) Kat:3, Licht: 0,158624,3,3,5,12,14,1,1,0,0,1,0,0,,0
"POINT (9.233337205000055 48.778146132000074)",Unfall 158625 (2017) Kat:3, Licht: 0,158625,3,4,6,12,13,1,1,0,0,1,1,0,,0
"POINT (9.176416430000074 48.773176847000059)",Unfall 158725 (2017) Kat:3, Licht: 2,158725,3,6,2,12,01,7,1,2,0,1,0,0,,0
"POINT (9.248579684000049 48.788222173000065)",Unfall 158726 (2017) Kat:3, Licht: 0,158726,3,3,5,12,12,7,1,0,0,1,0,0,,1
"POINT (9.230848867000077 48.779822074000037)",Unfall 158727 (2017) Kat:3, Licht: 0,158727,3,6,2,12,10,7,1,0,0,1,0,0,,1
"POINT (9.247861500000056 48.768560288000060)",Unfall 158743 (2017) Kat:3, Licht: 0,158743,3,2,0,12,10,6,0,0,0,1,0,0,,1
"POINT (9.171153453000045 48.780254391000028)",Unfall 158761 (2017) Kat:3, Licht: 0,158761,3,7,3,12,11,5,1,0,0,1,0,0,,0
"POINT (9.175400321000041 48.799553770000045)",Unfall 158789 (2017) Kat:3, Licht: 2,158789,3,1,8,12,03,3,0,2,0,1,0,0,,0
"POINT (9.186403396000060 48.790664250000077)",Unfall 158790 (2017) Kat:3, Licht: 0,158790,3,6,2,12,12,3,0,0,0,1,0,0,,0
"POINT (9.235044491000053 48.776964381000028)",Unfall 158821 (2017) Kat:3, Licht: 2,158821,3,2,5,12,17,7,0,2,0,1,0,0,,0
"POINT (9.222089809000067 48.818873622000069)",Unfall 158848 (2017) Kat:3, Licht: 0,158848,3,5,1,12,14,6,1,0,0,1,0,0,,0
"POINT (9.216804922000051 48.807262637000065)",Unfall 158849 (2017) Kat:3, Licht: 0,158849,3,3,5,12,08,6,1,0,0,1,0,0,,0
"POINT (9.168765746000076 48.812589524000032)",Unfall 158895 (2017) Kat:3, Licht: 2,158895,3,7,0,12,18,5,0,2,1,0,0,0,,0
"POINT (9.237333054000033 48.775878325000065)",Unfall 158896 (2017) Kat:3, Licht: 2,158896,3,4,6,12,17,5,1,2,0,1,1,0,,0
"POINT (9.193674518000023 48.785260492000077)",Unfall 158929 (2017) Kat:3, Licht: 0,158929,3,3,5,12,08,4,1,0,0,1,0,1,,0
"POINT (9.239665620000039 48.772965874000079)",Unfall 158930 (2017) Kat:3, Licht: 0,158930,3,3,5,12,12,4,1,0,0,1,0,1,,0
"POINT (9.176331276000042 48.703292904000079)",Unfall 39474 (2018) Kat:3, Licht: 0,39474,3,6,2,01,13,3,0,0,0,1,0,0,0,0
"POINT (9.174351119000050 48.769416965000062)",Unfall 39485 (2018) Kat:3, Licht: 2,39485,3,3,5,01,22,3,1,2,0,1,0,0,0,0
"POINT (9.225552660000062 48.839558138000029)",Unfall 39511 (2018) Kat:3, Licht: 0,39511,3,6,2,01,13,4,1,0,0,1,0,0,1,0
"POINT (9.194474046000039 48.694928187000073)",Unfall 39546 (2018) Kat:3, Licht: 2,39546,3,7,0,01,04,4,1,2,0,1,0,0,0,0
"POINT (9.091098856000031 48.834208464000028)",Unfall 39636 (2018) Kat:3, Licht: 0,39636,3,1,0,01,08,4,1,0,0,0,0,0,0,1