WKT,Name,OBJECTID,UKATEGORIE,UTYP1,UART,UMONAT,USTUNDE,UWOCHENTAG,STRZUSTAND,ULICHTVERH,ISTRAD,ISTPKW,ISTFUSS,ISTKRAD,ISTGKFZ,ISTSONSTIG
"POINT (9.245977737000032 48.785000381000032)",Unfall 39727 (2018) Kat:2, Licht: 2,39727,2,6,4,01,23,2,1,2,0,1,0,0,0,0
"POINT (9.225998372000049 48.793584770000052)",Unfall 39742 (2018) Kat:3, Licht: 2,39742,3,6,2,01,17,4,0,2,0,1,0,0,0,0
"POINT (9.255612690000021 48.762598695000065)",Unfall 39762 (2018) Kat:3, Licht: 2,39762,3,6,2,01,17,2,0,2,0,1,0,0,0,0
"POINT (9.172850448000077 48.721612541000070)",Unfall 39764 (2018) Kat:3, Licht: 0,39764,3,3,5,01,18,2,0,0,1,0,0,0,0,1
"POINT (9.194661026000063 48.695030500000030)",Unfall 39772 (2018) Kat:2, Licht: 1,39772,2,6,2,01,17,4,0,1,0,1,0,0,1,0
"POINT (9.169785179000030 48.765083725000068)",Unfall 39800 (2018) Kat:3, Licht: 2,39800,3,3,5,01,21,1,0,2,0,1,0,0,0,0
"POINT (9.183582065000053 48.766426314000057)",Unfall 39814 (2018) Kat:3, Licht: 0,39814,3,6,0,01,12,4,0,0,0,0,0,1,0,1
"POINT (9.182395337000060 48.766545757000074)",Unfall 39855 (2018) Kat:3, Licht: 2,39855,3,1,4,01,03,7,1,2,0,1,0,0,0,0
"POINT (9.128410179000071 48.758040805000064)",Unfall 39856 (2018) Kat:3, Licht: 0,39856,3,1,8,01,09,7,1,0,0,1,0,0,0,0
"POINT (9.195928378000076 48.769712861000073)",Unfall 39897 (2018) Kat:3, Licht: 2,39897,3,3,5,01,00,3,0,2,0,1,0,0,0,0
"POINT (9.144684505000043 48.754378695000071)",Unfall 39914 (2018) Kat:3, Licht: 2,39914,3,6,2,01,05,4,0,2,0,1,0,0,0,0
"POINT (9.130022481000026 48.709111741000072)",Unfall 39951 (2018) Kat:3, Licht: 0,39951,3,6,2,01,07,4,0,0,0,1,0,0,0,0
"POINT (9.182841302000043 48.775869740000076)",Unfall 39990 (2018) Kat:3, Licht: 2,39990,3,2,3,01,19,4,0,2,1,1,0,0,0,0
"POINT (9.213238996000030 48.784524327000042)",Unfall 39996 (2018) Kat:3, Licht: 0,39996,3,2,6,01,13,5,1,0,0,1,1,0,0,0
"POINT (9.216243648000045 48.803273070000046)",Unfall 39997 (2018) Kat:3, Licht: 2,39997,3,7,0,01,16,5,1,2,0,0,1,0,0,1
"POINT (9.193825449000030 48.754066880000039)",Unfall 39999 (2018) Kat:3, Licht: 2,39999,3,6,2,01,19,5,1,2,0,1,0,0,0,0
"POINT (9.177212671000063 48.807460971000069)",Unfall 40004 (2018) Kat:3, Licht: 0,40004,3,7,4,01,12,5,0,0,0,1,0,0,0,0
"POINT (9.205933972000025 48.796969245000071)",Unfall 40051 (2018) Kat:3, Licht: 2,40051,3,7,2,01,17,5,1,2,0,1,0,0,0,1
"POINT (9.168111296000063 48.849239849000071)",Unfall 40055 (2018) Kat:3, Licht: 1,40055,3,7,0,01,07,5,1,1,0,0,0,0,1,0
"POINT (9.183553876000076 48.776652530000035)",Unfall 40089 (2018) Kat:3, Licht: 0,40089,3,6,2,01,12,7,0,0,0,1,0,0,0,0
"POINT (9.225444157000027 48.787504003000038)",Unfall 40093 (2018) Kat:2, Licht: 2,40093,2,6,3,01,21,7,0,2,0,1,0,0,1,0
"POINT (9.245381310000028 48.821039040000073)",Unfall 40119 (2018) Kat:3, Licht: 2,40119,3,3,5,01,23,5,1,2,0,1,0,0,0,0
"POINT (9.084125683000025 48.717064624000045)",Unfall 40121 (2018) Kat:3, Licht: 2,40121,3,6,2,01,07,2,0,2,0,1,0,0,1,0
"POINT (9.169709483000077 48.763811136000072)",Unfall 40132 (2018) Kat:3, Licht: 0,40132,3,6,2,01,16,4,1,0,0,1,0,0,0,0
"POINT (9.144776363000062 48.754390617000070)",Unfall 40156 (2018) Kat:3, Licht: 0,40156,3,6,9,01,11,3,1,0,0,1,0,0,0,0
"POINT (9.219478800000047 48.803755672000079)",Unfall 40163 (2018) Kat:3, Licht: 2,40163,3,2,5,01,18,3,1,2,0,1,0,0,0,0
"POINT (9.209045542000069 48.804594213000030)",Unfall 40166 (2018) Kat:3, Licht: 0,40166,3,6,2,01,11,3,1,0,0,1,0,0,0,0
"POINT (9.209610909000048 48.804804887000046)",Unfall 40178 (2018) Kat:3, Licht: 0,40178,3,6,2,01,11,3,1,0,0,1,0,0,0,0
"POINT (9.254507848000060 48.759472942000059)",Unfall 40184 (2018) Kat:3, Licht: 2,40184,3,6,2,01,06,5,1,2,0,1,0,0,0,0
"POINT (9.256229413000028 48.761264427000071)",Unfall 40195 (2018) Kat:3, Licht: 2,40195,3,6,2,01,05,3,1,2,0,1,0,0,1,0
"POINT (9.182751495000048 48.798406813000042)",Unfall 40206 (2018) Kat:3, Licht: 0,40206,3,4,6,01,13,3,0,0,0,1,1,0,0,0
"POINT (9.074884159000021 48.722668201000033)",Unfall 40218 (2018) Kat:3, Licht: 0,40218,3,6,2,01,08,3,1,0,0,1,0,0,0,0
"POINT (9.220754771000031 48.789878621000071)",Unfall 40260 (2018) Kat:3, Licht: 2,40260,3,6,2,01,17,5,1,2,0,1,0,0,0,0
"POINT (9.177161730000023 48.810987935000071)",Unfall 40323 (2018) Kat:2, Licht: 2,40323,2,2,6,01,06,5,1,2,0,0,1,0,1,0
"POINT (9.095865109000044 48.713144018000037)",Unfall 40325 (2018) Kat:3, Licht: 0,40325,3,6,2,01,11,2,0,0,0,1,0,0,0,1
"POINT (9.185811561000037 48.808444254000051)",Unfall 40336 (2018) Kat:3, Licht: 1,40336,3,6,2,01,06,4,1,1,0,1,0,0,0,0
"POINT (9.201828231000036 48.786437104000072)",Unfall 40372 (2018) Kat:3, Licht: 2,40372,3,3,5,01,19,2,1,2,0,1,0,0,0,0
"POINT (9.092595500000073 48.787329062000026)",Unfall 40397 (2018) Kat:3, Licht: 0,40397,3,1,4,01,10,7,1,0,0,1,0,0,0,0
"POINT (9.098218166000038 48.819292233000056)",Unfall 40399 (2018) Kat:3, Licht: 0,40399,3,2,5,01,09,7,1,0,0,1,0,0,0,0
"POINT (9.210047761000055 48.701286488000051)",Unfall 40401 (2018) Kat:3, Licht: 0,40401,3,7,1,01,10,7,1,0,0,1,0,0,0,0
"POINT (9.217438887000071 48.803244168000049)",Unfall 40403 (2018) Kat:3, Licht: 0,40403,3,2,5,01,14,7,1,0,1,1,0,0,0,0
"POINT (9.189130103000025 48.780560252000043)",Unfall 40406 (2018) Kat:3, Licht: 0,40406,3,6,2,01,08,2,1,0,0,1,0,0,1,0
"POINT (9.193852583000023 48.753999023000063)",Unfall 40471 (2018) Kat:3, Licht: 2,40471,3,3,5,01,19,5,0,2,0,1,0,0,0,0
"POINT (9.191219902000057 48.697942296000065)",Unfall 40478 (2018) Kat:3, Licht: 2,40478,3,2,5,01,06,2,1,2,0,1,0,0,0,1
"POINT (9.199045497000043 48.807059767000055)",Unfall 40487 (2018) Kat:2, Licht: 2,40487,2,1,8,01,00,1,1,2,0,1,0,0,0,0
"POINT (9.212506306000023 48.800552089000064)",Unfall 40496 (2018) Kat:3, Licht: 2,40496,3,2,2,01,23,1,1,2,0,1,0,0,0,0
"POINT (9.215982026000063 48.794177821000062)",Unfall 40505 (2018) Kat:3, Licht: 2,40505,3,6,3,01,06,1,1,2,0,1,0,0,0,0
"POINT (9.187585861000059 48.781101721000027)",Unfall 40513 (2018) Kat:3, Licht: 0,40513,3,6,2,01,13,2,0,0,0,1,0,0,0,0
"POINT (9.134434815000077 48.728312047000031)",Unfall 40549 (2018) Kat:3, Licht: 0,40549,3,2,2,01,14,2,1,0,0,1,0,0,0,0
"POINT (9.157443945000068 48.770426438000072)",Unfall 40574 (2018) Kat:3, Licht: 2,40574,3,7,1,01,21,6,1,2,0,1,0,0,0,0
"POINT (9.156478207000021 48.770175500000050)",Unfall 40579 (2018) Kat:3, Licht: 0,40579,3,2,5,01,11,6,0,0,0,1,0,0,0,0
"POINT (9.176708993000034 48.811042755000074)",Unfall 40580 (2018) Kat:3, Licht: 2,40580,3,6,2,01,20,6,1,2,0,1,0,0,0,0
"POINT (9.163054427000077 48.841140084000074)",Unfall 40584 (2018) Kat:3, Licht: 0,40584,3,6,2,01,10,6,1,0,0,1,0,0,0,0
"POINT (9.242338802000063 48.789295221000032)",Unfall 40585 (2018) Kat:3, Licht: 2,40585,3,2,5,01,19,2,1,2,0,1,0,1,0,0
"POINT (9.222420981000028 48.788888507000081)",Unfall 40589 (2018) Kat:3, Licht: 0,40589,3,6,3,01,13,6,0,0,0,1,0,0,1,0
"POINT (9.190963636000049 48.756990005000034)",Unfall 40591 (2018) Kat:2, Licht: 0,40591,2,1,0,01,08,6,2,0,0,0,0,1,0,0
"POINT (9.189195080000047 48.780541691000053)",Unfall 40647 (2018) Kat:3, Licht: 0,40647,3,6,2,01,07,2,0,0,0,1,0,0,1,0
"POINT (9.144871220000027 48.754548331000080)",Unfall 40689 (2018) Kat:3, Licht: 0,40689,3,6,2,01,14,5,0,0,0,1,0,0,0,0
"POINT (9.147045877000039 48.859945097000036)",Unfall 40695 (2018) Kat:3, Licht: 2,40695,3,1,9,01,23,2,1,2,0,1,0,0,0,0
"POINT (9.269439638000051 48.756869735000066)",Unfall 40704 (2018) Kat:3, Licht: 2,40704,3,6,2,02,05,5,1,2,0,1,0,0,0,0
"POINT (9.177460843000063 48.783034640000039)",Unfall 40709 (2018) Kat:3, Licht: 1,40709,3,2,5,02,07,6,0,1,1,1,0,0,0,0
"POINT (9.107984315000067 48.725962904000028)",Unfall 40718 (2018) Kat:3, Licht: 2,40718,3,4,6,01,17,2,0,2,0,1,1,0,0,0
"POINT (9.211628357000052 48.799833646000081)",Unfall 40719 (2018) Kat:3, Licht: 0,40719,3,6,3,01,14,2,0,0,0,1,0,0,0,0
"POINT (9.172382119000076 48.730610043000070)",Unfall 40720 (2018) Kat:2, Licht: 0,40720,2,1,8,01,16,4,1,0,0,1,0,0,0,0
"POINT (9.169799095000030 48.765101487000038)",Unfall 40722 (2018) Kat:3, Licht: 2,40722,3,2,5,01,18,2,0,2,1,0,0,1,0,0
"POINT (9.169611711000073 48.841970225000068)",Unfall 40723 (2018) Kat:3, Licht: 1,40723,3,6,3,01,07,2,0,1,0,1,0,0,0,0
"POINT (9.231129175000035 48.785725551000041)",Unfall 40747 (2018) Kat:3, Licht: 0,40747,3,6,3,02,15,7,0,0,0,1,0,0,0,0
"POINT (9.181648388000042 48.753454342000055)",Unfall 40776 (2018) Kat:3, Licht: 0,40776,3,6,2,02,10,5,0,0,0,1,0,0,0,0
"POINT (9.231401397000070 48.785883767000030)",Unfall 40855 (2018) Kat:3, Licht: 2,40855,3,6,2,01,18,7,0,2,0,1,0,0,0,0
"POINT (9.208253546000037 48.747734457000035)",Unfall 40859 (2018) Kat:3, Licht: 0,40859,3,3,5,02,09,5,1,0,1,1,0,0,0,0
"POINT (9.237898076000022 48.789073677000033)",Unfall 40860 (2018) Kat:3, Licht: 2,40860,3,6,2,01,17,7,0,2,0,1,0,0,0,0
"POINT (9.167398251000066 48.748546743000077)",Unfall 40861 (2018) Kat:3, Licht: 0,40861,3,6,2,01,12,7,0,0,0,1,0,0,0,0
"POINT (9.177607243000068 48.844960373000049)",Unfall 40864 (2018) Kat:3, Licht: 0,40864,3,3,5,02,16,6,0,0,0,1,0,0,1,0
"POINT (9.212795882000023 48.797245687000043)",Unfall 40877 (2018) Kat:3, Licht: 0,40877,3,6,3,01,16,4,0,0,0,1,0,0,1,0
"POINT (9.205277487000046 48.808128076000060)",Unfall 40910 (2018) Kat:3, Licht: 0,40910,3,6,2,01,12,3,1,0,0,1,0,0,0,0
"POINT (9.161487558000033 48.812800350000032)",Unfall 40936 (2018) Kat:3, Licht: 2,40936,3,2,6,02,07,5,1,2,0,1,1,0,0,0
"POINT (9.205947417000061 48.807835872000055)",Unfall 40942 (2018) Kat:3, Licht: 0,40942,3,6,3,02,08,6,0,0,0,1,0,0,0,0
"POINT (9.236405678000040 48.782011665000027)",Unfall 40982 (2018) Kat:3, Licht: 0,40982,3,6,3,01,10,4,0,0,0,1,0,0,1,0
"POINT (9.177503042000069 48.782869540000036)",Unfall 40988 (2018) Kat:3, Licht: 2,40988,3,6,2,02,21,7,0,2,0,1,0,0,0,0
"POINT (9.209231017000036 48.804541020000045)",Unfall 41003 (2018) Kat:3, Licht: 2,41003,3,6,2,01,19,6,1,2,0,1,0,0,0,0
"POINT (9.154596744000060 48.791969987000073)",Unfall 41007 (2018) Kat:3, Licht: 2,41007,3,6,2,01,18,6,1,2,0,1,0,0,0,0
"POINT (9.212325587000066 48.701000074000035)",Unfall 41009 (2018) Kat:3, Licht: 0,41009,3,7,6,01,12,6,0,0,0,1,0,0,0,1
"POINT (9.114918292000027 48.732014684000035)",Unfall 41012 (2018) Kat:3, Licht: 0,41012,3,6,2,01,13,6,0,0,0,1,0,0,0,0
"POINT (9.177192927000021 48.782553635000056)",Unfall 41019 (2018) Kat:3, Licht: 1,41019,3,1,0,02,17,5,0,1,0,0,0,1,0,0
"POINT (9.170137679000050 48.747930922000080)",Unfall 41044 (2018) Kat:2, Licht: 0,41044,2,2,2,01,10,4,0,0,0,1,0,0,0,0
"POINT (9.108539561000043 48.726419712000052)",Unfall 41096 (2018) Kat:3, Licht: 0,41096,3,3,5,02,12,2,0,0,0,1,0,0,0,0
"POINT (9.209640329000024 48.799322361000065)",Unfall 41109 (2018) Kat:3, Licht: 1,41109,3,6,2,02,05,2,0,1,0,1,0,0,0,0
"POINT (9.100839388000054 48.711758803000066)",Unfall 41159 (2018) Kat:3, Licht: 2,41159,3,7,9,02,22,3,0,2,0,1,0,0,0,0
"POINT (9.261204396000039 48.754523499000072)",Unfall 41167 (2018) Kat:3, Licht: 2,41167,3,6,2,02,18,6,0,2,0,1,0,0,0,0
"POINT (9.192633587000046 48.697372186000052)",Unfall 41195 (2018) Kat:3, Licht: 2,41195,3,6,2,02,19,2,0,2,0,1,0,0,0,0
"POINT (9.157003392000036 48.810996242000044)",Unfall 41232 (2018) Kat:3, Licht: 0,41232,3,7,9,02,15,3,0,0,0,1,0,0,0,0
"POINT (9.215324531000022 48.794847278000077)",Unfall 41290 (2018) Kat:3, Licht: 2,41290,3,6,2,02,06,4,0,2,0,1,0,0,0,0
"POINT (9.194334588000061 48.807048774000066)",Unfall 41308 (2018) Kat:3, Licht: 0,41308,3,6,2,02,11,4,0,0,0,1,0,0,1,0
"POINT (9.170006691000026 48.705361932000073)",Unfall 41344 (2018) Kat:3, Licht: 2,41344,3,6,2,02,18,5,0,2,0,1,0,0,0,0
"POINT (9.226762094000037 48.793121755000072)",Unfall 41355 (2018) Kat:3, Licht: 0,41355,3,6,2,02,15,3,0,0,0,1,0,0,0,1
"POINT (9.182110723000051 48.766405486000053)",Unfall 41376 (2018) Kat:2, Licht: 0,41376,2,6,4,02,11,1,1,0,0,1,0,0,0,0
"POINT (9.184656637000046 48.768819038000061)",Unfall 41410 (2018) Kat:3, Licht: 2,41410,3,5,1,02,21,5,0,2,0,1,0,0,0,0
"POINT (9.174446499000055 48.820804100000032)",Unfall 41475 (2018) Kat:3, Licht: 2,41475,3,6,2,02,19,7,0,2,0,1,0,0,0,0
"POINT (9.235385876000066 48.696110789000045)",Unfall 41496 (2018) Kat:3, Licht: 2,41496,3,6,2,02,17,3,0,2,0,1,0,1,0,0
"POINT (9.202263849000076 48.795241926000074)",Unfall 41532 (2018) Kat:3, Licht: 0,41532,3,6,2,02,16,7,0,0,0,1,0,0,0,0
"POINT (9.206860798000037 48.797429048000026)",Unfall 41562 (2018) Kat:3, Licht: 0,41562,3,6,2,02,15,6,0,0,0,1,0,0,0,0
"POINT (9.260373492000042 48.761871844000041)",Unfall 41580 (2018) Kat:3, Licht: 0,41580,3,3,5,02,16,1,0,0,0,1,0,0,0,0
"POINT (9.198662456000022 48.793320858000072)",Unfall 41621 (2018) Kat:3, Licht: 0,41621,3,6,2,02,15,7,0,0,0,1,0,0,0,0
"POINT (9.179911444000027 48.773420761000068)",Unfall 41626 (2018) Kat:3, Licht: 0,41626,3,6,2,02,17,7,1,0,0,1,0,0,0,0
"POINT (9.169970623000040 48.705370338000080)",Unfall 41633 (2018) Kat:3, Licht: 2,41633,3,1,9,02,02,1,2,2,0,1,0,0,0,0
"POINT (9.079949193000061 48.727660831000037)",Unfall 41650 (2018) Kat:2, Licht: 0,41650,2,1,4,02,12,7,2,0,0,1,0,0,0,0
"POINT (9.090207670000041 48.833576560000040)",Unfall 41666 (2018) Kat:3, Licht: 0,41666,3,6,2,02,13,4,0,0,0,0,0,0,1,0
"POINT (9.209193917000050 48.799688851000042)",Unfall 41694 (2018) Kat:3, Licht: 2,41694,3,6,2,02,19,1,0,2,0,1,0,0,0,0
"POINT (9.242317059000072 48.789312922000079)",Unfall 41770 (2018) Kat:2, Licht: 2,41770,2,7,8,02,02,1,2,2,0,1,0,0,0,0
"POINT (9.203601519000074 48.795812029000047)",Unfall 41816 (2018) Kat:3, Licht: 0,41816,3,6,2,02,16,7,0,0,0,1,0,0,0,0
"POINT (9.090205554000022 48.833575431000042)",Unfall 41830 (2018) Kat:2, Licht: 0,41830,2,6,2,02,16,4,0,0,0,1,0,0,0,0
"POINT (9.180016321000039 48.843938160000050)",Unfall 41862 (2018) Kat:3, Licht: 0,41862,3,3,5,02,08,6,1,0,0,1,0,0,0,0
"POINT (9.177455947000055 48.815830072000040)",Unfall 41892 (2018) Kat:3, Licht: 0,41892,3,2,2,02,15,1,1,0,0,1,0,0,0,0
"POINT (9.179656093000062 48.757981006000080)",Unfall 41920 (2018) Kat:2, Licht: 0,41920,2,1,8,02,15,4,0,0,0,1,0,0,0,0
"POINT (9.112112069000034 48.729828560000044)",Unfall 41923 (2018) Kat:3, Licht: 2,41923,3,7,3,02,20,4,0,2,0,1,0,0,0,0
"POINT (9.203064090000055 48.780554272000074)",Unfall 41964 (2018) Kat:2, Licht: 0,41964,2,4,6,02,09,1,1,0,0,1,1,0,0,0
"POINT (9.184789334000072 48.778764544000069)",Unfall 41983 (2018) Kat:3, Licht: 0,41983,3,7,1,02,18,1,0,0,0,1,0,0,0,0
"POINT (9.203290879000065 48.794100914000069)",Unfall 42001 (2018) Kat:3, Licht: 0,42001,3,6,2,03,15,3,0,0,0,1,0,0,0,0
"POINT (9.212006732000077 48.799980878000042)",Unfall 42023 (2018) Kat:3, Licht: 0,42023,3,6,2,03,16,2,0,0,0,1,0,0,0,0
"POINT (9.144959031000042 48.771399444000053)",Unfall 42033 (2018) Kat:2, Licht: 2,42033,2,2,0,03,18,5,0,2,0,1,0,1,0,0
"POINT (9.179977657000052 48.813039119000052)",Unfall 42036 (2018) Kat:3, Licht: 0,42036,3,6,2,03,15,5,0,0,0,1,0,0,0,0
"POINT (9.258640572000047 48.772012240000038)",Unfall 42043 (2018) Kat:3, Licht: 0,42043,3,6,2,02,10,4,0,0,0,1,0,0,0,0
"POINT (9.166779976000044 48.723779902000047)",Unfall 42067 (2018) Kat:3, Licht: 2,42067,3,2,5,03,19,4,0,2,0,1,0,0,0,0
"POINT (9.128939446000061 48.763938428000074)",Unfall 42094 (2018) Kat:3, Licht: 0,42094,3,6,2,03,08,3,1,0,0,1,0,0,0,0
"POINT (9.209610772000076 48.782093343000042)",Unfall 42095 (2018) Kat:3, Licht: 0,42095,3,3,5,03,07,5,0,0,0,1,0,0,0,0
"POINT (9.194031816000063 48.753952332000040)",Unfall 42106 (2018) Kat:3, Licht: 0,42106,3,6,2,03,13,5,0,0,0,1,0,0,0,0
"POINT (9.221494629000063 48.694799829000033)",Unfall 42109 (2018) Kat:3, Licht: 0,42109,3,3,5,03,07,5,1,0,0,1,0,0,0,0
"POINT (9.109253450000040 48.729851812000049)",Unfall 42114 (2018) Kat:3, Licht: 0,42114,3,6,2,02,11,3,0,0,0,1,0,0,0,0
"POINT (9.182051090000073 48.793680655000060)",Unfall 42121 (2018) Kat:3, Licht: 0,42121,3,2,5,02,12,3,0,0,1,1,0,0,0,0
"POINT (9.095825454000021 48.825281326000038)",Unfall 42131 (2018) Kat:3, Licht: 0,42131,3,2,2,03,17,5,0,0,0,1,0,0,0,0
"POINT (9.246659628000032 48.789147691000039)",Unfall 42140 (2018) Kat:3, Licht: 0,42140,3,3,5,02,15,4,0,0,0,1,0,0,0,0
"POINT (9.110086309000053 48.729846048000070)",Unfall 42150 (2018) Kat:3, Licht: 0,42150,3,6,3,03,08,2,0,0,0,1,0,0,0,0
"POINT (9.229570950000039 48.785166014000026)",Unfall 42165 (2018) Kat:3, Licht: 0,42165,3,6,2,03,17,4,0,0,0,1,0,0,0,0
"POINT (9.147049004000053 48.784220070000060)",Unfall 42171 (2018) Kat:3, Licht: 0,42171,3,5,1,03,12,3,0,0,0,1,0,0,0,0
"POINT (9.210688354000070 48.805310909000070)",Unfall 42190 (2018) Kat:2, Licht: 0,42190,2,7,0,03,19,5,0,0,0,1,0,1,0,0
"POINT (9.177442381000049 48.807576966000056)",Unfall 42192 (2018) Kat:3, Licht: 0,42192,3,6,2,03,10,3,0,0,0,1,0,0,0,0
"POINT (9.106839234000063 48.808835017000035)",Unfall 42203 (2018) Kat:3, Licht: 0,42203,3,6,2,03,13,6,0,0,0,1,0,0,0,0
"POINT (9.171668715000067 48.775300245000039)",Unfall 42260 (2018) Kat:3, Licht: 0,42260,3,6,2,03,16,7,0,0,0,1,0,0,0,0
"POINT (9.170323405000033 48.749908758000061)",Unfall 42278 (2018) Kat:3, Licht: 0,42278,3,6,2,02,07,2,0,0,0,1,0,0,0,0
"POINT (9.111936152000055 48.729832487000067)",Unfall 42292 (2018) Kat:3, Licht: 0,42292,3,6,3,03,10,5,0,0,1,0,0,0,0,1
"POINT (9.211148598000023 48.783128507000072)",Unfall 42297 (2018) Kat:3, Licht: 0,42297,3,6,2,03,13,4,0,0,0,1,0,0,0,0
"POINT (9.181945558000052 48.793862047000061)",Unfall 42303 (2018) Kat:3, Licht: 0,42303,3,6,3,03,15,3,0,0,0,1,0,0,0,0
"POINT (9.247548309000024 48.782992655000044)",Unfall 42318 (2018) Kat:3, Licht: 0,42318,3,3,5,03,15,5,0,0,1,1,0,0,0,0
"POINT (9.232228863000046 48.803857878000031)",Unfall 42328 (2018) Kat:3, Licht: 0,42328,3,3,5,03,07,2,0,0,1,1,0,0,0,0
"POINT (9.069209074000071 48.726611707000075)",Unfall 42346 (2018) Kat:3, Licht: 0,42346,3,3,2,03,14,7,0,0,0,1,0,0,0,0
"POINT (9.227253585000028 48.740338060000056)",Unfall 42351 (2018) Kat:3, Licht: 0,42351,3,3,5,02,15,4,0,0,0,1,0,0,0,0
"POINT (9.189901153000051 48.786119036000059)",Unfall 42378 (2018) Kat:2, Licht: 0,42378,2,3,5,03,10,4,0,0,0,1,0,0,0,0
"POINT (9.183437500000025 48.804571572000043)",Unfall 42404 (2018) Kat:3, Licht: 2,42404,3,1,9,03,05,5,0,2,0,1,0,0,0,0
"POINT (9.163947105000034 48.851177482000026)",Unfall 42406 (2018) Kat:3, Licht: 2,42406,3,2,5,03,20,3,0,2,0,1,0,0,0,0
"POINT (9.197664147000069 48.806855574000053)",Unfall 42409 (2018) Kat:3, Licht: 1,42409,3,6,2,03,18,7,1,1,0,1,0,0,0,0
"POINT (9.214297037000051 48.795917578000058)",Unfall 42474 (2018) Kat:3, Licht: 0,42474,3,6,3,03,12,4,0,0,0,1,0,0,1,0
"POINT (9.169367317000024 48.721939865000081)",Unfall 42500 (2018) Kat:3, Licht: 0,42500,3,6,2,03,08,5,0,0,0,1,0,0,0,0
"POINT (9.173355691000040 48.822397871000078)",Unfall 42547 (2018) Kat:3, Licht: 0,42547,3,3,5,03,09,1,1,0,0,1,0,0,0,0
"POINT (9.134148369000059 48.764215729000057)",Unfall 42549 (2018) Kat:3, Licht: 0,42549,3,1,0,03,17,1,1,0,0,0,0,1,0,0
"POINT (9.189890817000048 48.785956417000079)",Unfall 42572 (2018) Kat:3, Licht: 2,42572,3,6,2,03,19,3,1,2,0,1,0,0,0,0
"POINT (9.265807797000036 48.762082321000037)",Unfall 42597 (2018) Kat:3, Licht: 2,42597,3,3,5,03,05,4,0,2,1,1,0,0,0,0
"POINT (9.156840577000025 48.707174384000041)",Unfall 42600 (2018) Kat:3, Licht: 0,42600,3,6,3,03,14,2,0,0,0,1,0,0,1,0
"POINT (9.180331692000038 48.786131194000063)",Unfall 42611 (2018) Kat:3, Licht: 0,42611,3,6,2,03,13,2,0,0,0,1,0,0,0,0
"POINT (9.152975956000034 48.809742449000055)",Unfall 42616 (2018) Kat:3, Licht: 0,42616,3,1,8,03,10,7,1,0,0,1,0,0,0,0
"POINT (9.221783093000056 48.789098821000039)",Unfall 42618 (2018) Kat:3, Licht: 2,42618,3,2,3,03,19,7,0,2,0,1,0,0,0,0
"POINT (9.263119037000024 48.762857531000066)",Unfall 42619 (2018) Kat:3, Licht: 1,42619,3,3,5,03,06,2,0,1,1,0,0,0,1,0
"POINT (9.194409579000023 48.757376376000082)",Unfall 42620 (2018) Kat:3, Licht: 0,42620,3,6,2,03,10,7,1,0,0,1,0,0,0,0
"POINT (9.120383407000077 48.729992352000068)",Unfall 42625 (2018) Kat:3, Licht: 0,42625,3,6,2,03,11,2,0,0,0,1,0,0,0,0
"POINT (9.187841185000025 48.780983380000066)",Unfall 42654 (2018) Kat:3, Licht: 2,42654,3,6,2,03,19,4,0,2,0,1,0,0,0,0
"POINT (9.216184907000070 48.803224592000049)",Unfall 42668 (2018) Kat:3, Licht: 0,42668,3,7,5,03,16,3,0,0,0,0,1,0,0,1
"POINT (9.097771695000063 48.820380090000072)",Unfall 42716 (2018) Kat:3, Licht: 0,42716,3,3,5,03,15,6,0,0,0,1,0,0,0,0
"POINT (9.100935623000055 48.819727650000061)",Unfall 42746 (2018) Kat:3, Licht: 0,42746,3,7,6,03,12,3,0,0,0,1,1,0,0,0
"POINT (9.095826693000049 48.825265806000061)",Unfall 42770 (2018) Kat:3, Licht: 0,42770,3,3,5,03,15,4,0,0,0,1,0,0,1,0
"POINT (9.173319199000048 48.801732519000041)",Unfall 42814 (2018) Kat:3, Licht: 2,42814,3,5,1,03,18,7,0,2,1,1,0,0,0,0
"POINT (9.171542056000021 48.774940123000079)",Unfall 42860 (2018) Kat:3, Licht: 2,42860,3,1,2,03,04,1,2,2,0,1,0,0,0,0
"POINT (9.251561142000071 48.778237868000076)",Unfall 42892 (2018) Kat:3, Licht: 0,42892,3,6,2,03,14,1,1,0,0,1,0,0,0,0
"POINT (9.161453154000071 48.706864808000034)",Unfall 42903 (2018) Kat:3, Licht: 2,42903,3,6,0,03,22,6,0,2,0,1,0,0,0,0
"POINT (9.227720805000047 48.694318233000047)",Unfall 42907 (2018) Kat:3, Licht: 0,42907,3,6,2,03,15,6,0,0,0,1,0,0,0,1
"POINT (9.227067672000032 48.786459367000077)",Unfall 42910 (2018) Kat:3, Licht: 0,42910,3,6,2,03,14,3,1,0,0,1,0,0,0,0
"POINT (9.100922808000064 48.819725938000033)",Unfall 42914 (2018) Kat:3, Licht: 0,42914,3,6,2,03,12,2,1,0,0,1,0,0,1,0
"POINT (9.097042238000029 48.712682230000041)",Unfall 42934 (2018) Kat:3, Licht: 0,42934,3,6,2,03,14,3,1,0,0,1,0,0,0,0
"POINT (9.249899165000045 48.791588814000079)",Unfall 42942 (2018) Kat:3, Licht: 0,42942,3,3,5,03,18,6,0,0,1,1,0,0,0,0
"POINT (9.260308671000075 48.761811697000041)",Unfall 42943 (2018) Kat:3, Licht: 0,42943,3,6,2,03,12,6,0,0,0,1,0,0,0,0
"POINT (9.245843896000054 48.788852004000034)",Unfall 42985 (2018) Kat:3, Licht: 0,42985,3,3,5,03,13,1,1,0,0,1,0,0,0,0