WKT,Name,OBJECTID,UKATEGORIE,UTYP1,UART,UMONAT,USTUNDE,UWOCHENTAG,STRZUSTAND,ULICHTVERH,ISTRAD,ISTPKW,ISTFUSS,ISTKRAD,ISTGKFZ,ISTSONSTIG
"POINT (9.124695090000046 48.758587639000041)",Unfall 43105 (2018) Kat:3, Licht: 0,43105,3,6,2,03,09,3,0,0,0,1,0,0,0,0
"POINT (9.180393018000075 48.774085144000026)",Unfall 43108 (2018) Kat:3, Licht: 0,43108,3,6,3,03,18,3,0,0,0,1,0,1,0,0
"POINT (9.170069018000049 48.840571368000042)",Unfall 43140 (2018) Kat:3, Licht: 0,43140,3,6,2,03,10,1,0,0,0,1,0,0,0,0
"POINT (9.160193525000068 48.707237650000081)",Unfall 43147 (2018) Kat:3, Licht: 0,43147,3,6,3,03,15,6,0,0,0,1,0,0,1,0
"POINT (9.142071733000023 48.709357276000048)",Unfall 43149 (2018) Kat:3, Licht: 0,43149,3,6,2,03,17,6,1,0,0,1,0,0,0,0
"POINT (9.154340634000050 48.707536713000081)",Unfall 43154 (2018) Kat:3, Licht: 0,43154,3,6,2,03,07,6,1,0,0,1,0,0,0,0
"POINT (9.116813536000052 48.708855946000028)",Unfall 43185 (2018) Kat:3, Licht: 0,43185,3,6,2,03,06,2,0,0,0,1,0,0,0,0
"POINT (9.187678192000021 48.783009019000076)",Unfall 43189 (2018) Kat:2, Licht: 0,43189,2,1,0,03,07,6,1,0,0,0,0,1,0,0
"POINT (9.226432390000070 48.741453558000046)",Unfall 43228 (2018) Kat:3, Licht: 0,43228,3,7,0,03,15,3,1,0,0,0,0,1,0,0
"POINT (9.094930677000036 48.755789443000026)",Unfall 43281 (2018) Kat:3, Licht: 0,43281,3,6,2,03,17,1,0,0,0,1,0,0,0,0
"POINT (9.212413204000029 48.783992429000079)",Unfall 43293 (2018) Kat:3, Licht: 2,43293,3,6,2,03,23,2,1,2,0,1,0,0,0,0
"POINT (9.181003391000047 48.774472239000033)",Unfall 43325 (2018) Kat:3, Licht: 0,43325,3,6,2,03,12,7,0,0,0,1,0,0,0,0
"POINT (9.174077854000075 48.777171779000071)",Unfall 43355 (2018) Kat:3, Licht: 2,43355,3,4,6,03,04,1,0,2,0,1,1,0,0,0
"POINT (9.183120223000060 48.767536528000051)",Unfall 43378 (2018) Kat:3, Licht: 0,43378,3,3,5,03,15,3,0,0,0,1,0,1,0,0
"POINT (9.238780931000065 48.780754480000041)",Unfall 43421 (2018) Kat:3, Licht: 0,43421,3,6,3,03,11,2,0,0,0,1,0,0,1,0
"POINT (9.200122008000051 48.694791878000046)",Unfall 43426 (2018) Kat:3, Licht: 0,43426,3,2,3,03,10,4,0,0,0,1,0,0,0,0
"POINT (9.215783361000035 48.692710905000069)",Unfall 43429 (2018) Kat:3, Licht: 0,43429,3,3,5,03,07,4,0,0,0,1,0,0,0,0
"POINT (9.220800037000061 48.738744556000029)",Unfall 43435 (2018) Kat:3, Licht: 0,43435,3,3,5,03,07,4,1,0,1,1,0,0,0,0
"POINT (9.184113537000030 48.768371588000036)",Unfall 43437 (2018) Kat:2, Licht: 0,43437,2,4,6,03,14,4,1,0,0,0,1,0,0,1
"POINT (9.140087548000054 48.754191382000045)",Unfall 43440 (2018) Kat:3, Licht: 0,43440,3,6,2,03,16,4,0,0,0,1,0,0,0,0
"POINT (9.213676016000022 48.801039568000078)",Unfall 43468 (2018) Kat:3, Licht: 0,43468,3,6,2,04,16,3,0,0,0,1,0,0,0,0
"POINT (9.199486946000036 48.713076554000054)",Unfall 43469 (2018) Kat:3, Licht: 0,43469,3,6,2,04,16,6,0,0,0,1,0,1,0,0
"POINT (9.165437931000042 48.772504089000051)",Unfall 43497 (2018) Kat:3, Licht: 0,43497,3,6,2,04,11,5,0,0,0,1,0,0,0,0
"POINT (9.178507789000037 48.814610940000080)",Unfall 43509 (2018) Kat:3, Licht: 0,43509,3,6,2,04,11,1,1,0,0,1,0,0,0,0
"POINT (9.211420839000027 48.804847756000072)",Unfall 43538 (2018) Kat:3, Licht: 0,43538,3,3,5,03,07,5,0,0,1,1,0,0,0,0
"POINT (9.220155647000070 48.835141522000072)",Unfall 43539 (2018) Kat:3, Licht: 0,43539,3,6,2,04,16,3,0,0,0,1,0,0,0,0
"POINT (9.208927361000065 48.692810057000031)",Unfall 43553 (2018) Kat:3, Licht: 0,43553,3,6,2,04,14,3,0,0,0,1,0,0,0,0
"POINT (9.183125910000058 48.775731330000042)",Unfall 43591 (2018) Kat:3, Licht: 2,43591,3,6,2,04,21,5,0,2,0,1,0,0,0,0
"POINT (9.180690472000038 48.788240157000075)",Unfall 43604 (2018) Kat:3, Licht: 0,43604,3,6,2,03,17,5,0,0,0,1,0,0,0,0
"POINT (9.176182238000024 48.817733611000051)",Unfall 43608 (2018) Kat:3, Licht: 0,43608,3,6,2,03,15,7,0,0,0,1,0,0,0,0
"POINT (9.216231441000048 48.832507391000036)",Unfall 43618 (2018) Kat:3, Licht: 0,43618,3,6,2,04,19,6,0,0,1,1,0,0,0,0
"POINT (9.145096061000061 48.841808856000057)",Unfall 43622 (2018) Kat:3, Licht: 0,43622,3,7,1,04,15,4,0,0,0,1,0,0,0,0
"POINT (9.215850680000074 48.742854904000069)",Unfall 43693 (2018) Kat:2, Licht: 0,43693,2,2,5,04,14,3,0,0,0,1,0,1,0,0
"POINT (9.176279936000071 48.811094705000073)",Unfall 43701 (2018) Kat:3, Licht: 2,43701,3,7,3,03,19,6,1,2,0,1,0,0,0,0
"POINT (9.216944811000076 48.798633493000068)",Unfall 43702 (2018) Kat:3, Licht: 2,43702,3,6,2,03,20,6,1,2,0,1,0,0,0,0
"POINT (9.159497064000050 48.840551578000031)",Unfall 43727 (2018) Kat:3, Licht: 0,43727,3,6,3,04,13,5,0,0,0,1,0,0,1,0
"POINT (9.227035256000022 48.694198664000055)",Unfall 43732 (2018) Kat:3, Licht: 2,43732,3,6,0,04,22,6,0,2,0,1,0,0,0,0
"POINT (9.134001957000066 48.728350319000072)",Unfall 43848 (2018) Kat:3, Licht: 0,43848,3,6,2,04,09,2,0,0,0,1,0,0,0,0
"POINT (9.135272818000033 48.709650429000078)",Unfall 43876 (2018) Kat:3, Licht: 0,43876,3,6,3,04,17,2,0,0,0,1,0,0,1,0
"POINT (9.167421855000043 48.773087591000035)",Unfall 43879 (2018) Kat:3, Licht: 2,43879,3,6,2,04,22,4,0,2,0,1,0,0,0,0
"POINT (9.119674592000024 48.729983175000029)",Unfall 43891 (2018) Kat:2, Licht: 0,43891,2,5,1,04,12,4,0,0,0,1,0,0,0,0
"POINT (9.217893560000050 48.786743551000029)",Unfall 43904 (2018) Kat:3, Licht: 0,43904,3,6,2,04,18,1,0,0,0,0,0,1,0,0
"POINT (9.105081555000027 48.729932279000082)",Unfall 43907 (2018) Kat:3, Licht: 0,43907,3,3,3,04,15,2,0,0,0,1,0,1,0,0
"POINT (9.183824237000067 48.775325139000074)",Unfall 43908 (2018) Kat:3, Licht: 0,43908,3,6,2,04,11,1,0,0,0,1,0,0,0,0
"POINT (9.155367428000034 48.833388500000069)",Unfall 43920 (2018) Kat:3, Licht: 0,43920,3,2,5,04,16,2,0,0,0,1,0,1,0,0
"POINT (9.147718117000068 48.837037276000046)",Unfall 43927 (2018) Kat:3, Licht: 1,43927,3,6,2,04,19,3,1,1,0,1,0,0,0,0
"POINT (9.089706310000054 48.833297130000062)",Unfall 43939 (2018) Kat:2, Licht: 0,43939,2,6,2,04,17,4,0,0,0,1,0,0,0,1
"POINT (9.227001308000070 48.786493311000072)",Unfall 43952 (2018) Kat:3, Licht: 0,43952,3,1,0,04,17,4,0,0,0,0,0,1,0,0
"POINT (9.124992354000028 48.729538214000058)",Unfall 44026 (2018) Kat:3, Licht: 0,44026,3,3,5,04,08,3,0,0,1,1,0,0,0,0
"POINT (9.159998422000058 48.771090174000051)",Unfall 44033 (2018) Kat:3, Licht: 0,44033,3,6,3,04,18,4,0,0,0,1,0,0,0,0
"POINT (9.178116592000038 48.772316847000070)",Unfall 44042 (2018) Kat:3, Licht: 0,44042,3,6,2,04,09,2,0,0,0,1,0,0,0,0
"POINT (9.155426937000073 48.840497814000059)",Unfall 44048 (2018) Kat:3, Licht: 0,44048,3,6,2,04,16,4,0,0,0,1,0,0,0,0
"POINT (9.146577244000071 48.754625761000057)",Unfall 44077 (2018) Kat:3, Licht: 0,44077,3,6,2,04,16,2,0,0,0,1,0,0,0,1
"POINT (9.218911668000033 48.787255694000066)",Unfall 44103 (2018) Kat:3, Licht: 0,44103,3,6,3,04,19,7,0,0,0,1,0,1,0,0
"POINT (9.178857227000037 48.784028893000027)",Unfall 44106 (2018) Kat:3, Licht: 2,44106,3,2,3,04,00,7,0,2,0,1,0,0,0,0
"POINT (9.225625684000022 48.792046221000078)",Unfall 44109 (2018) Kat:3, Licht: 0,44109,3,6,2,04,13,7,0,0,0,1,0,0,0,0
"POINT (9.241804935000062 48.793727634000049)",Unfall 44112 (2018) Kat:3, Licht: 0,44112,3,3,5,04,12,7,0,0,1,1,0,0,0,0
"POINT (9.220194412000069 48.700938984000061)",Unfall 44113 (2018) Kat:3, Licht: 0,44113,3,6,2,04,10,7,0,0,0,1,0,0,0,0
"POINT (9.183788837000066 48.776976116000071)",Unfall 44114 (2018) Kat:3, Licht: 0,44114,3,6,2,04,17,4,0,0,0,1,0,1,0,0
"POINT (9.140550471000040 48.727420564000056)",Unfall 44129 (2018) Kat:3, Licht: 0,44129,3,6,2,04,17,4,0,0,0,1,0,0,0,0
"POINT (9.177505600000075 48.815754944000048)",Unfall 44159 (2018) Kat:3, Licht: 2,44159,3,6,2,04,21,2,0,2,0,1,0,0,0,0
"POINT (9.226376413000025 48.786812930000053)",Unfall 44187 (2018) Kat:2, Licht: 0,44187,2,6,2,04,16,3,0,0,0,1,0,0,0,0
"POINT (9.092550697000036 48.784771382000031)",Unfall 44207 (2018) Kat:3, Licht: 0,44207,3,6,4,04,13,4,0,0,0,1,0,0,0,1
"POINT (9.174319484000023 48.769395251000049)",Unfall 44254 (2018) Kat:3, Licht: 0,44254,3,7,5,04,07,2,0,0,0,1,0,0,0,0
"POINT (9.254225150000025 48.759101401000066)",Unfall 44266 (2018) Kat:2, Licht: 0,44266,2,3,5,04,20,4,0,0,0,1,0,1,0,0
"POINT (9.191422587000034 48.788647755000056)",Unfall 44308 (2018) Kat:2, Licht: 0,44308,2,6,2,04,17,3,0,0,0,1,0,0,1,0
"POINT (9.210456266000051 48.797598490000041)",Unfall 44351 (2018) Kat:3, Licht: 0,44351,3,6,2,04,13,4,0,0,0,1,0,0,0,0
"POINT (9.181117574000041 48.790062332000048)",Unfall 44365 (2018) Kat:3, Licht: 2,44365,3,6,2,04,21,1,0,2,0,1,0,0,0,0
"POINT (9.178676843000062 48.784131333000062)",Unfall 44389 (2018) Kat:3, Licht: 0,44389,3,6,2,04,08,3,0,0,0,1,0,0,0,0
"POINT (9.181132481000077 48.790230278000081)",Unfall 44423 (2018) Kat:3, Licht: 0,44423,3,6,0,04,16,2,0,0,0,1,0,1,0,0
"POINT (9.241852806000054 48.778561117000038)",Unfall 44434 (2018) Kat:3, Licht: 0,44434,3,6,2,04,16,4,0,0,0,1,0,0,0,0
"POINT (9.217042023000033 48.798580397000080)",Unfall 44460 (2018) Kat:3, Licht: 0,44460,3,6,2,04,12,6,0,0,0,0,0,0,1,0
"POINT (9.093690318000029 48.787691291000044)",Unfall 44462 (2018) Kat:3, Licht: 0,44462,3,6,4,04,07,6,0,0,0,1,0,0,1,0
"POINT (9.163175510000031 48.717410396000048)",Unfall 44476 (2018) Kat:3, Licht: 0,44476,3,6,3,04,07,3,0,0,0,1,0,0,0,0
"POINT (9.241674382000042 48.778686894000032)",Unfall 44524 (2018) Kat:3, Licht: 0,44524,3,6,2,04,16,4,0,0,0,1,0,0,0,0
"POINT (9.235478867000040 48.798245688000065)",Unfall 44562 (2018) Kat:3, Licht: 0,44562,3,6,4,04,16,3,0,0,0,0,0,0,1,0
"POINT (9.093758384000068 48.735621940000044)",Unfall 44602 (2018) Kat:3, Licht: 0,44602,3,6,3,04,16,2,0,0,0,1,0,0,0,0
"POINT (9.178825486000051 48.784250898000039)",Unfall 44604 (2018) Kat:3, Licht: 0,44604,3,3,5,04,19,4,0,0,0,1,0,0,0,0
"POINT (9.174114083000063 48.803456171000050)",Unfall 44620 (2018) Kat:3, Licht: 0,44620,3,6,2,04,16,5,0,0,0,1,0,0,0,0
"POINT (9.178712154000039 48.784162886000047)",Unfall 44623 (2018) Kat:3, Licht: 0,44623,3,3,5,04,11,5,0,0,0,1,0,0,0,0
"POINT (9.176867849000075 48.817003883000041)",Unfall 44627 (2018) Kat:3, Licht: 0,44627,3,6,2,04,16,5,0,0,0,1,0,0,0,0
"POINT (9.129509199000040 48.739123632000030)",Unfall 44629 (2018) Kat:3, Licht: 0,44629,3,2,5,04,08,5,0,0,1,1,0,0,0,0
"POINT (9.087046633000057 48.802821968000046)",Unfall 44631 (2018) Kat:3, Licht: 0,44631,3,3,5,04,10,5,0,0,0,1,0,0,0,0
"POINT (9.111382107000054 48.767355654000028)",Unfall 44632 (2018) Kat:3, Licht: 0,44632,3,6,2,04,07,5,0,0,0,1,0,0,0,0
"POINT (9.247798640000042 48.756008429000076)",Unfall 44634 (2018) Kat:3, Licht: 0,44634,3,2,5,04,07,5,0,0,0,1,0,1,0,0
"POINT (9.156952676000060 48.810981298000058)",Unfall 44670 (2018) Kat:3, Licht: 0,44670,3,6,2,04,15,3,0,0,0,1,0,0,0,0
"POINT (9.169411972000034 48.764449437000053)",Unfall 44688 (2018) Kat:3, Licht: 0,44688,3,7,0,04,11,6,0,0,0,1,0,0,0,1
"POINT (9.183582774000058 48.803868686000044)",Unfall 44690 (2018) Kat:3, Licht: 0,44690,3,6,2,04,17,6,0,0,0,1,0,0,0,1
"POINT (9.211121652000031 48.783110263000026)",Unfall 44693 (2018) Kat:3, Licht: 0,44693,3,6,2,04,15,6,0,0,0,1,0,0,0,0
"POINT (9.174077350000061 48.821218438000074)",Unfall 44694 (2018) Kat:3, Licht: 0,44694,3,3,5,04,15,6,0,0,0,1,0,0,1,0
"POINT (9.229928505000032 48.806101104000049)",Unfall 44695 (2018) Kat:3, Licht: 0,44695,3,3,5,04,07,6,0,0,1,1,0,0,0,0
"POINT (9.159281969000062 48.831649672000026)",Unfall 44698 (2018) Kat:3, Licht: 0,44698,3,3,5,04,07,6,0,0,1,1,0,0,0,0
"POINT (9.208525450000025 48.804216397000062)",Unfall 44699 (2018) Kat:3, Licht: 0,44699,3,6,2,04,15,6,0,0,0,1,0,0,0,1
"POINT (9.176511066000046 48.703208308000058)",Unfall 44743 (2018) Kat:3, Licht: 0,44743,3,6,2,04,10,4,0,0,0,0,0,0,1,1
"POINT (9.185405697000022 48.769226899000046)",Unfall 44762 (2018) Kat:3, Licht: 0,44762,3,6,2,04,16,7,0,0,0,1,0,0,0,1
"POINT (9.134803118000036 48.745414731000039)",Unfall 44764 (2018) Kat:3, Licht: 0,44764,3,1,2,04,07,3,0,0,0,1,0,1,0,0
"POINT (9.232124904000045 48.803835845000037)",Unfall 44784 (2018) Kat:2, Licht: 0,44784,2,4,6,04,18,1,0,0,0,1,1,0,0,0
"POINT (9.230309107000039 48.694788793000043)",Unfall 44827 (2018) Kat:2, Licht: 2,44827,2,6,2,04,23,4,0,2,0,1,0,0,0,0
"POINT (9.208216131000029 48.806830405000028)",Unfall 44836 (2018) Kat:2, Licht: 0,44836,2,3,5,04,13,3,0,0,1,1,0,0,0,0
"POINT (9.189989254000068 48.787524069000028)",Unfall 44951 (2018) Kat:3, Licht: 0,44951,3,6,3,04,13,5,0,0,0,1,0,0,1,0
"POINT (9.156070853000074 48.849197092000054)",Unfall 44954 (2018) Kat:3, Licht: 2,44954,3,2,5,04,22,5,0,2,1,1,0,0,0,0
"POINT (9.180138741000064 48.786126594000052)",Unfall 44958 (2018) Kat:3, Licht: 0,44958,3,6,2,04,17,5,0,0,0,1,0,0,0,0
"POINT (9.170474052000031 48.749900236000030)",Unfall 44962 (2018) Kat:3, Licht: 0,44962,3,6,2,04,07,3,0,0,0,1,0,0,0,0
"POINT (9.104943887000047 48.806988178000040)",Unfall 44964 (2018) Kat:2, Licht: 0,44964,2,4,6,04,12,5,0,0,0,0,1,0,0,1
"POINT (9.154950666000048 48.833500468000068)",Unfall 44967 (2018) Kat:3, Licht: 0,44967,3,6,2,04,11,5,0,0,0,1,0,0,0,0
"POINT (9.148649055000021 48.810771991000081)",Unfall 44986 (2018) Kat:2, Licht: 1,44986,2,1,9,04,06,1,0,1,0,1,0,0,0,0
"POINT (9.077671042000077 48.729159266000067)",Unfall 45026 (2018) Kat:3, Licht: 0,45026,3,6,2,04,09,4,0,0,0,1,0,1,0,0
"POINT (9.232262546000072 48.803801306000025)",Unfall 45035 (2018) Kat:3, Licht: 0,45035,3,6,2,04,07,3,0,0,0,0,0,1,0,1
"POINT (9.235397713000054 48.695897384000034)",Unfall 45058 (2018) Kat:3, Licht: 2,45058,3,7,8,04,03,1,0,2,0,1,0,0,0,0
"POINT (9.191386392000027 48.788617128000055)",Unfall 45105 (2018) Kat:3, Licht: 0,45105,3,3,5,04,11,2,0,0,0,1,0,0,0,0
"POINT (9.130009276000067 48.709110379000037)",Unfall 45117 (2018) Kat:3, Licht: 0,45117,3,2,5,04,16,4,0,0,0,1,0,0,1,0
"POINT (9.152288078000026 48.708321812000065)",Unfall 45118 (2018) Kat:3, Licht: 0,45118,3,6,2,04,10,4,0,0,0,1,0,0,1,1
"POINT (9.184679119000066 48.808827401000030)",Unfall 45134 (2018) Kat:3, Licht: 0,45134,3,6,2,04,13,2,0,0,0,1,0,0,0,0
"POINT (9.173260549000077 48.800524285000051)",Unfall 45141 (2018) Kat:3, Licht: 0,45141,3,6,2,05,12,3,0,0,0,1,0,0,0,0
"POINT (9.155308368000021 48.833343201000048)",Unfall 45195 (2018) Kat:3, Licht: 0,45195,3,6,2,04,16,7,0,0,0,1,0,0,0,0
"POINT (9.186361293000061 48.808257742000080)",Unfall 45203 (2018) Kat:3, Licht: 0,45203,3,3,5,04,15,2,0,0,0,1,0,1,0,0
"POINT (9.158052964000035 48.770584676000055)",Unfall 45214 (2018) Kat:3, Licht: 0,45214,3,2,2,05,13,4,0,0,0,1,0,1,0,0
"POINT (9.174144834000060 48.821142694000059)",Unfall 45275 (2018) Kat:3, Licht: 0,45275,3,6,2,04,11,1,0,0,0,1,0,1,0,0
"POINT (9.151653121000038 48.708413704000066)",Unfall 45302 (2018) Kat:3, Licht: 0,45302,3,6,2,04,17,5,0,0,0,1,0,0,0,0
"POINT (9.114264368000022 48.731567513000073)",Unfall 45322 (2018) Kat:3, Licht: 0,45322,3,6,2,04,16,5,0,0,0,1,0,0,0,0
"POINT (9.215703109000060 48.802514100000053)",Unfall 45323 (2018) Kat:3, Licht: 0,45323,3,4,6,04,17,5,0,0,0,1,1,0,0,0
"POINT (9.202301838000039 48.807821974000035)",Unfall 45327 (2018) Kat:3, Licht: 0,45327,3,3,5,04,08,5,0,0,1,1,0,0,0,0
"POINT (9.184889132000023 48.778778560000035)",Unfall 45330 (2018) Kat:3, Licht: 0,45330,3,1,0,04,16,5,0,0,0,0,0,1,0,0
"POINT (9.195444695000049 48.791288731000066)",Unfall 45333 (2018) Kat:3, Licht: 0,45333,3,6,2,04,12,5,0,0,0,1,0,0,0,0
"POINT (9.234833415000026 48.814806982000050)",Unfall 45337 (2018) Kat:3, Licht: 0,45337,3,6,2,04,15,2,0,0,0,1,0,0,0,0
"POINT (9.101568536000059 48.804181445000040)",Unfall 45338 (2018) Kat:3, Licht: 0,45338,3,6,2,04,11,5,1,0,0,1,0,1,0,0
"POINT (9.220986338000046 48.699049832000071)",Unfall 45340 (2018) Kat:3, Licht: 0,45340,3,2,5,04,15,5,0,0,0,1,0,1,0,0
"POINT (9.172325475000037 48.751750829000059)",Unfall 45344 (2018) Kat:3, Licht: 0,45344,3,6,2,05,18,3,0,0,0,1,0,0,0,0
"POINT (9.176775633000034 48.750799026000038)",Unfall 45402 (2018) Kat:3, Licht: 0,45402,3,2,5,04,16,7,0,0,1,1,0,0,0,0
"POINT (9.181788819000076 48.776944877000062)",Unfall 45411 (2018) Kat:3, Licht: 0,45411,3,6,3,04,13,2,0,0,0,1,0,0,0,1
"POINT (9.254763262000040 48.759567700000048)",Unfall 45421 (2018) Kat:3, Licht: 0,45421,3,3,5,05,13,4,0,0,0,1,0,0,0,0
"POINT (9.225260267000067 48.791769760000079)",Unfall 45444 (2018) Kat:3, Licht: 2,45444,3,1,8,05,00,3,0,2,0,1,0,0,0,0
"POINT (9.177615557000024 48.815892470000051)",Unfall 45486 (2018) Kat:3, Licht: 0,45486,3,6,3,04,10,1,0,0,0,1,0,0,0,0
"POINT (9.185244343000022 48.774417602000028)",Unfall 45488 (2018) Kat:3, Licht: 0,45488,3,3,5,04,10,6,0,0,1,1,0,0,0,1
"POINT (9.200153634000060 48.761703046000036)",Unfall 45500 (2018) Kat:2, Licht: 0,45500,2,1,8,04,17,6,0,0,0,0,0,1,0,0
"POINT (9.215530078000029 48.699268380000035)",Unfall 45521 (2018) Kat:3, Licht: 2,45521,3,5,1,04,00,6,0,2,0,1,0,1,0,0
"POINT (9.189264335000075 48.784860616000060)",Unfall 45526 (2018) Kat:3, Licht: 0,45526,3,3,5,05,14,4,0,0,0,1,0,0,0,0
"POINT (9.184512133000055 48.768512729000065)",Unfall 45536 (2018) Kat:3, Licht: 0,45536,3,6,0,04,12,6,0,0,1,0,0,0,1,0
"POINT (9.243734627000038 48.791334001000052)",Unfall 45544 (2018) Kat:3, Licht: 0,45544,3,3,5,04,16,4,0,0,0,1,0,1,0,0
"POINT (9.201882036000029 48.795092916000044)",Unfall 45545 (2018) Kat:3, Licht: 0,45545,3,6,2,04,16,4,0,0,0,1,0,0,0,0
"POINT (9.167335311000045 48.818987704000051)",Unfall 45547 (2018) Kat:3, Licht: 0,45547,3,1,0,04,11,2,0,0,1,0,0,0,0,0
"POINT (9.202187883000022 48.795214204000047)",Unfall 45548 (2018) Kat:3, Licht: 1,45548,3,6,2,04,20,4,0,1,0,1,0,0,0,0
"POINT (9.212981882000065 48.797196244000077)",Unfall 45601 (2018) Kat:3, Licht: 2,45601,3,6,3,05,20,4,0,2,0,1,0,0,1,0
"POINT (9.182454721000056 48.776535614000068)",Unfall 45627 (2018) Kat:3, Licht: 0,45627,3,6,2,05,12,2,0,0,0,1,0,0,0,0
"POINT (9.230513973000029 48.794836263000036)",Unfall 45630 (2018) Kat:3, Licht: 0,45630,3,6,2,05,06,3,0,0,0,1,0,0,0,1
"POINT (9.089588616000071 48.731267256000081)",Unfall 45679 (2018) Kat:3, Licht: 2,45679,3,7,0,05,00,7,0,2,0,1,0,0,0,0
"POINT (9.179801077000036 48.813001001000032)",Unfall 45706 (2018) Kat:3, Licht: 0,45706,3,2,5,05,20,2,0,0,1,1,0,0,0,0
"POINT (9.244645411000022 48.790207500000065)",Unfall 45719 (2018) Kat:3, Licht: 0,45719,3,1,0,05,15,7,0,0,1,0,0,0,0,0
"POINT (9.110815462000062 48.729847801000062)",Unfall 45732 (2018) Kat:3, Licht: 0,45732,3,6,3,05,07,3,0,0,1,1,0,0,0,0
"POINT (9.209489764000068 48.805843970000069)",Unfall 45735 (2018) Kat:2, Licht: 0,45735,2,1,0,05,18,6,0,0,1,0,0,0,0,0
"POINT (9.171171204000075 48.766803106000054)",Unfall 45754 (2018) Kat:3, Licht: 0,45754,3,7,3,05,05,5,0,0,0,1,0,0,0,0
"POINT (9.088860682000075 48.732430107000027)",Unfall 45805 (2018) Kat:3, Licht: 0,45805,3,6,3,05,07,4,0,0,0,1,0,1,0,0
"POINT (9.090436661000069 48.781339407000075)",Unfall 45812 (2018) Kat:2, Licht: 0,45812,2,1,8,05,12,2,0,0,1,0,0,0,0,0
"POINT (9.097571415000061 48.818631015000051)",Unfall 45815 (2018) Kat:3, Licht: 0,45815,3,3,5,05,17,3,0,0,0,1,0,0,0,0
"POINT (9.188558664000027 48.783841081000048)",Unfall 45820 (2018) Kat:3, Licht: 0,45820,3,6,3,05,07,2,0,0,0,1,0,0,1,0
"POINT (9.201273265000054 48.780068689000075)",Unfall 45842 (2018) Kat:2, Licht: 0,45842,2,1,0,05,16,6,0,0,1,0,0,0,0,0
"POINT (9.151948678000053 48.708370932000037)",Unfall 45911 (2018) Kat:3, Licht: 0,45911,3,6,2,05,09,4,0,0,0,1,0,0,0,0
"POINT (9.160124644000064 48.771122977000061)",Unfall 45915 (2018) Kat:3, Licht: 0,45915,3,6,2,05,07,4,0,0,0,1,0,1,0,0
"POINT (9.182711345000030 48.797980067000026)",Unfall 45918 (2018) Kat:3, Licht: 0,45918,3,2,5,05,10,6,0,0,1,1,0,0,0,0
"POINT (9.208238615000028 48.806817277000050)",Unfall 45924 (2018) Kat:2, Licht: 0,45924,2,3,5,05,16,6,0,0,1,1,0,0,0,0
"POINT (9.214098050000075 48.796142090000046)",Unfall 45926 (2018) Kat:3, Licht: 0,45926,3,6,3,05,14,6,0,0,0,1,0,0,1,0
"POINT (9.184777443000030 48.808614770000077)",Unfall 45927 (2018) Kat:2, Licht: 0,45927,2,6,2,05,07,2,0,0,0,1,0,0,0,1
"POINT (9.144983992000050 48.754593320000026)",Unfall 45928 (2018) Kat:3, Licht: 0,45928,3,6,2,05,11,6,0,0,0,1,0,0,0,0
"POINT (9.158721784000022 48.853958684000077)",Unfall 45952 (2018) Kat:3, Licht: 0,45952,3,3,5,05,18,3,0,0,0,1,0,0,0,1
"POINT (9.177345917000025 48.782531281000047)",Unfall 46032 (2018) Kat:3, Licht: 2,46032,3,6,2,05,23,4,0,2,0,1,0,0,0,0
"POINT (9.186834967000038 48.773687194000047)",Unfall 46038 (2018) Kat:3, Licht: 2,46038,3,6,3,05,01,2,0,2,0,1,0,0,0,0
"POINT (9.172854795000035 48.768673264000029)",Unfall 46041 (2018) Kat:3, Licht: 0,46041,3,6,2,05,14,3,0,0,0,1,0,0,0,1
"POINT (9.172634771000048 48.822241676000033)",Unfall 46068 (2018) Kat:3, Licht: 0,46068,3,6,2,05,11,6,0,0,0,1,0,0,1,0
"POINT (9.083325800000068 48.756033266000031)",Unfall 46135 (2018) Kat:2, Licht: 0,46135,2,7,0,05,07,4,0,0,0,0,0,1,0,0
"POINT (9.113929890000065 48.756640932000039)",Unfall 46140 (2018) Kat:2, Licht: 0,46140,2,3,5,05,18,5,0,0,0,1,0,1,0,0
"POINT (9.215408961000037 48.794761313000038)",Unfall 46144 (2018) Kat:3, Licht: 0,46144,3,6,3,05,17,5,0,0,0,1,0,0,1,0
"POINT (9.214767309000024 48.809067651000078)",Unfall 46146 (2018) Kat:3, Licht: 0,46146,3,3,5,05,09,5,0,0,1,1,0,0,0,0
"POINT (9.177498024000045 48.816067190000069)",Unfall 46147 (2018) Kat:3, Licht: 0,46147,3,6,3,05,17,2,0,0,0,1,0,0,1,0
"POINT (9.242096035000031 48.818726988000037)",Unfall 46148 (2018) Kat:2, Licht: 0,46148,2,2,5,05,06,5,0,0,0,1,0,1,0,0
"POINT (9.208201073000055 48.806839197000045)",Unfall 46151 (2018) Kat:3, Licht: 0,46151,3,3,5,05,09,5,0,0,1,1,0,0,0,0
"POINT (9.138115377000077 48.727999751000027)",Unfall 46175 (2018) Kat:3, Licht: 0,46175,3,3,0,05,14,3,0,0,1,1,0,0,0,0
"POINT (9.194953236000060 48.806830639000054)",Unfall 46229 (2018) Kat:3, Licht: 0,46229,3,6,2,05,07,3,0,0,0,1,0,0,0,0
"POINT (9.175363855000057 48.819383418000029)",Unfall 46281 (2018) Kat:3, Licht: 1,46281,3,6,3,05,05,3,0,1,0,1,0,0,1,0
"POINT (9.229391452000073 48.812626584000043)",Unfall 46301 (2018) Kat:3, Licht: 0,46301,3,2,5,05,17,2,0,0,1,1,0,0,0,0
"POINT (9.168462537000039 48.773406718000047)",Unfall 46311 (2018) Kat:3, Licht: 0,46311,3,6,3,05,17,2,1,0,0,0,0,1,0,0