WKT,Name,OBJECTID,UKATEGORIE,UTYP1,UART,UMONAT,USTUNDE,UWOCHENTAG,STRZUSTAND,ULICHTVERH,ISTRAD,ISTPKW,ISTFUSS,ISTKRAD,ISTGKFZ,ISTSONSTIG
"POINT (9.200442208000027 48.807332591000034)",Unfall 46319 (2018) Kat:3, Licht: 0,46319,3,6,2,05,06,2,0,0,0,1,0,0,0,0
"POINT (9.210560594000071 48.782730406000042)",Unfall 46320 (2018) Kat:2, Licht: 2,46320,2,3,0,05,23,3,0,2,0,1,0,1,0,0
"POINT (9.182172136000077 48.793948742000055)",Unfall 46323 (2018) Kat:3, Licht: 0,46323,3,6,2,05,07,2,0,0,0,1,0,0,0,0
"POINT (9.210315855000033 48.799496728000065)",Unfall 46395 (2018) Kat:3, Licht: 0,46395,3,6,2,05,10,3,1,0,0,1,0,0,0,1
"POINT (9.213449017000073 48.784635240000057)",Unfall 46496 (2018) Kat:2, Licht: 0,46496,2,4,6,05,17,6,0,0,0,1,1,0,0,0
"POINT (9.180580343000031 48.812193333000039)",Unfall 46498 (2018) Kat:3, Licht: 0,46498,3,3,5,05,12,6,0,0,1,1,0,0,0,0
"POINT (9.165796290000060 48.812468400000057)",Unfall 46501 (2018) Kat:3, Licht: 0,46501,3,3,5,05,16,6,0,0,0,1,0,0,0,0
"POINT (9.134150323000029 48.773858751000034)",Unfall 46504 (2018) Kat:3, Licht: 0,46504,3,7,1,05,07,6,0,0,0,1,0,1,0,0
"POINT (9.210323142000050 48.799500656000077)",Unfall 46506 (2018) Kat:3, Licht: 0,46506,3,6,2,05,09,6,0,0,0,1,0,0,0,0
"POINT (9.160869673000036 48.771316588000047)",Unfall 46509 (2018) Kat:3, Licht: 0,46509,3,6,2,05,10,6,0,0,0,1,0,0,0,0
"POINT (9.217823077000048 48.792393942000047)",Unfall 46554 (2018) Kat:3, Licht: 0,46554,3,6,3,05,11,7,0,0,0,1,0,0,0,0
"POINT (9.172901221000075 48.811155548000045)",Unfall 46606 (2018) Kat:3, Licht: 1,46606,3,1,8,05,05,5,1,1,0,1,0,0,0,0
"POINT (9.216134360000069 48.799138620000065)",Unfall 46656 (2018) Kat:2, Licht: 1,46656,2,1,0,05,20,2,0,1,1,0,0,0,0,0
"POINT (9.090078881000068 48.833669673000031)",Unfall 46673 (2018) Kat:3, Licht: 0,46673,3,6,2,05,15,4,1,0,0,1,0,0,0,0
"POINT (9.198898093000025 48.766898643000047)",Unfall 46735 (2018) Kat:3, Licht: 0,46735,3,3,5,05,17,4,1,0,0,1,0,0,0,0
"POINT (9.166084093000052 48.816030147000049)",Unfall 46737 (2018) Kat:2, Licht: 0,46737,2,6,2,05,14,4,0,0,0,0,0,1,0,0
"POINT (9.180526229000066 48.762870173000067)",Unfall 46739 (2018) Kat:3, Licht: 0,46739,3,7,6,05,13,4,1,0,0,0,1,1,0,0
"POINT (9.234645331000024 48.806449638000061)",Unfall 46741 (2018) Kat:2, Licht: 1,46741,2,5,1,05,20,4,0,1,1,1,0,0,0,0
"POINT (9.214790842000070 48.785243898000033)",Unfall 46743 (2018) Kat:3, Licht: 0,46743,3,3,5,05,06,4,1,0,1,1,0,0,0,0
"POINT (9.210660938000046 48.782798344000071)",Unfall 46778 (2018) Kat:3, Licht: 0,46778,3,3,5,05,16,7,0,0,0,1,0,1,0,0
"POINT (9.111212718000047 48.739872890000072)",Unfall 46796 (2018) Kat:3, Licht: 1,46796,3,1,9,05,05,1,0,1,0,1,0,0,0,0
"POINT (9.180640153000070 48.812131407000038)",Unfall 46798 (2018) Kat:3, Licht: 0,46798,3,2,5,05,07,5,0,0,1,1,0,0,0,0
"POINT (9.128094848000046 48.737342258000069)",Unfall 46850 (2018) Kat:3, Licht: 0,46850,3,2,5,05,17,6,0,0,1,1,0,0,0,0
"POINT (9.252449265000053 48.809818985000049)",Unfall 46860 (2018) Kat:3, Licht: 0,46860,3,1,0,05,15,1,0,0,1,0,0,0,0,0
"POINT (9.183657934000053 48.809862148000036)",Unfall 46879 (2018) Kat:3, Licht: 0,46879,3,6,2,05,18,4,0,0,0,1,0,0,0,0
"POINT (9.240465139000037 48.794898175000071)",Unfall 46882 (2018) Kat:3, Licht: 0,46882,3,6,2,05,17,4,0,0,0,1,0,1,0,0
"POINT (9.137973974000033 48.840914979000047)",Unfall 46884 (2018) Kat:3, Licht: 0,46884,3,6,2,05,14,4,0,0,0,1,0,0,1,0
"POINT (9.269342226000049 48.756896551000068)",Unfall 46886 (2018) Kat:3, Licht: 2,46886,3,2,5,05,23,4,0,2,0,1,0,0,0,0
"POINT (9.151503418000061 48.788644045000069)",Unfall 46889 (2018) Kat:3, Licht: 0,46889,3,6,2,05,17,4,0,0,0,1,0,0,0,1
"POINT (9.177847397000051 48.772063827000068)",Unfall 46891 (2018) Kat:3, Licht: 1,46891,3,3,5,05,19,4,0,1,0,1,0,0,0,0
"POINT (9.097369615000048 48.818528572000048)",Unfall 46892 (2018) Kat:3, Licht: 0,46892,3,6,2,05,17,4,0,0,0,1,0,0,0,0
"POINT (9.218587137000043 48.832010149000041)",Unfall 46894 (2018) Kat:3, Licht: 0,46894,3,6,3,05,19,4,0,0,0,1,0,1,0,0
"POINT (9.234557714000061 48.806285480000042)",Unfall 46895 (2018) Kat:3, Licht: 1,46895,3,6,2,05,20,4,0,1,0,1,0,0,0,0
"POINT (9.149578438000049 48.770193229000029)",Unfall 46914 (2018) Kat:3, Licht: 0,46914,3,6,0,05,15,6,0,0,0,1,0,0,0,1
"POINT (9.109680164000054 48.727389966000032)",Unfall 46942 (2018) Kat:3, Licht: 0,46942,3,2,5,05,15,1,0,0,0,1,0,0,0,0
"POINT (9.157660715000077 48.832363497000074)",Unfall 46997 (2018) Kat:3, Licht: 2,46997,3,6,2,05,02,1,0,2,0,1,0,1,0,0
"POINT (9.218271333000075 48.797886718000029)",Unfall 47016 (2018) Kat:2, Licht: 0,47016,2,7,0,05,15,3,1,0,0,0,0,1,0,0
"POINT (9.143615166000075 48.834585968000056)",Unfall 47019 (2018) Kat:3, Licht: 0,47019,3,2,5,05,16,3,1,0,0,1,0,1,0,0
"POINT (9.200642910000056 48.780133761000059)",Unfall 47023 (2018) Kat:3, Licht: 0,47023,3,6,2,05,19,3,1,0,0,1,0,0,0,0
"POINT (9.165629197000044 48.746618187000081)",Unfall 47025 (2018) Kat:3, Licht: 0,47025,3,3,5,05,10,3,0,0,0,1,0,1,0,0
"POINT (9.168907192000063 48.760776030000045)",Unfall 47027 (2018) Kat:3, Licht: 0,47027,3,6,2,05,16,3,0,0,0,1,0,0,0,0
"POINT (9.116805902000067 48.764154952000069)",Unfall 47047 (2018) Kat:3, Licht: 2,47047,3,7,9,05,22,6,0,2,0,1,0,0,0,0
"POINT (9.089862299000060 48.778014994000046)",Unfall 47056 (2018) Kat:3, Licht: 0,47056,3,5,0,05,12,1,0,0,1,1,0,0,0,0
"POINT (9.169820053000024 48.773714782000070)",Unfall 47158 (2018) Kat:3, Licht: 0,47158,3,3,5,06,09,6,0,0,0,1,0,1,0,0
"POINT (9.212935363000042 48.800495517000058)",Unfall 47171 (2018) Kat:3, Licht: 0,47171,3,3,5,05,06,3,0,0,0,1,0,0,0,0
"POINT (9.187880156000063 48.782946889000073)",Unfall 47172 (2018) Kat:3, Licht: 0,47172,3,7,3,05,09,5,0,0,0,1,0,0,0,0
"POINT (9.178850395000040 48.784269206000033)",Unfall 47174 (2018) Kat:3, Licht: 0,47174,3,3,5,05,08,3,0,0,0,1,0,0,0,1
"POINT (9.191360527000029 48.788595242000042)",Unfall 47176 (2018) Kat:3, Licht: 0,47176,3,6,2,05,10,3,0,0,0,1,0,0,0,0
"POINT (9.195351464000055 48.806805536000070)",Unfall 47178 (2018) Kat:2, Licht: 0,47178,2,6,3,06,20,7,0,0,0,1,0,0,0,0
"POINT (9.209182766000026 48.800274981000030)",Unfall 47179 (2018) Kat:3, Licht: 0,47179,3,6,2,05,10,3,0,0,0,1,0,0,1,0
"POINT (9.216544104000036 48.742507330000080)",Unfall 47181 (2018) Kat:3, Licht: 0,47181,3,7,3,05,15,3,0,0,0,1,0,1,0,0
"POINT (9.133913773000074 48.774453029000028)",Unfall 47205 (2018) Kat:2, Licht: 0,47205,2,4,6,05,12,4,0,0,0,1,1,0,0,0
"POINT (9.152823110000043 48.800277172000051)",Unfall 47304 (2018) Kat:3, Licht: 0,47304,3,6,2,06,16,7,0,0,0,1,0,1,0,0
"POINT (9.188761785000054 48.784126645000072)",Unfall 47341 (2018) Kat:3, Licht: 2,47341,3,6,3,05,01,2,0,2,0,1,0,0,1,0
"POINT (9.165148161000047 48.813410081000029)",Unfall 47394 (2018) Kat:3, Licht: 2,47394,3,6,2,05,02,5,0,2,0,1,0,0,0,0
"POINT (9.242391441000052 48.789251745000058)",Unfall 47425 (2018) Kat:3, Licht: 0,47425,3,6,3,05,07,4,0,0,0,1,0,0,0,0
"POINT (9.205862841000055 48.807861664000029)",Unfall 47434 (2018) Kat:3, Licht: 0,47434,3,6,2,06,16,3,0,0,0,1,0,0,0,0
"POINT (9.182040011000026 48.766336239000054)",Unfall 47438 (2018) Kat:3, Licht: 0,47438,3,6,2,06,13,3,0,0,0,1,0,0,0,0
"POINT (9.178803056000049 48.814267213000051)",Unfall 47449 (2018) Kat:3, Licht: 0,47449,3,1,0,06,07,5,0,0,1,0,0,0,0,0
"POINT (9.180222363000041 48.758297829000071)",Unfall 47456 (2018) Kat:3, Licht: 0,47456,3,6,2,06,06,4,0,0,1,1,0,0,0,0
"POINT (9.242350182000052 48.793116620000035)",Unfall 47462 (2018) Kat:3, Licht: 1,47462,3,3,5,06,05,4,0,1,1,1,0,0,0,0
"POINT (9.209016742000074 48.800611905000039)",Unfall 47474 (2018) Kat:3, Licht: 0,47474,3,6,2,06,17,6,0,0,0,1,0,0,1,0
"POINT (9.209613373000025 48.782095096000035)",Unfall 47493 (2018) Kat:3, Licht: 0,47493,3,3,5,06,18,6,0,0,0,1,0,1,0,0
"POINT (9.218138255000042 48.786879149000072)",Unfall 47538 (2018) Kat:3, Licht: 0,47538,3,2,0,06,08,5,0,0,1,0,1,0,0,0
"POINT (9.147330417000035 48.836667434000049)",Unfall 47546 (2018) Kat:3, Licht: 0,47546,3,3,5,06,18,4,0,0,1,1,0,0,0,0
"POINT (9.205702427000063 48.797081643000070)",Unfall 47557 (2018) Kat:3, Licht: 0,47557,3,6,0,06,08,6,0,0,0,1,0,1,0,0
"POINT (9.165971515000024 48.701150002000077)",Unfall 47578 (2018) Kat:2, Licht: 0,47578,2,6,0,06,14,2,0,0,0,1,0,1,0,0
"POINT (9.170068235000031 48.811862869000038)",Unfall 47620 (2018) Kat:3, Licht: 0,47620,3,6,3,06,09,5,0,0,0,1,0,0,0,0
"POINT (9.145920306000051 48.837896385000079)",Unfall 47628 (2018) Kat:3, Licht: 0,47628,3,6,2,06,11,4,0,0,0,1,0,0,0,0
"POINT (9.104157153000074 48.820075486000064)",Unfall 47642 (2018) Kat:3, Licht: 0,47642,3,7,3,06,14,2,0,0,1,0,0,0,0,1
"POINT (9.223979841000073 48.736264002000041)",Unfall 47643 (2018) Kat:2, Licht: 0,47643,2,3,5,06,15,2,0,0,1,1,0,0,0,0
"POINT (9.229858293000063 48.809890838000058)",Unfall 47645 (2018) Kat:3, Licht: 0,47645,3,6,2,06,15,6,0,0,0,1,0,0,0,0
"POINT (9.133018772000071 48.776868041000057)",Unfall 47647 (2018) Kat:3, Licht: 0,47647,3,3,0,06,16,2,0,0,0,1,0,0,0,1
"POINT (9.219544473000042 48.803768713000068)",Unfall 47665 (2018) Kat:3, Licht: 0,47665,3,2,0,06,13,6,0,0,0,1,0,0,0,1
"POINT (9.181811678000031 48.793154543000071)",Unfall 47721 (2018) Kat:3, Licht: 0,47721,3,3,5,06,17,4,0,0,1,1,0,0,0,0
"POINT (9.177321986000038 48.807519962000072)",Unfall 47734 (2018) Kat:3, Licht: 0,47734,3,7,0,06,10,6,1,0,0,0,0,1,0,1
"POINT (9.175597513000071 48.778711160000057)",Unfall 47754 (2018) Kat:3, Licht: 0,47754,3,1,0,06,10,6,0,0,0,0,0,1,0,0
"POINT (9.092407750000064 48.733923924000067)",Unfall 47788 (2018) Kat:3, Licht: 0,47788,3,1,3,06,17,3,1,0,0,1,0,0,0,1
"POINT (9.100806502000069 48.803031634000035)",Unfall 47799 (2018) Kat:3, Licht: 0,47799,3,6,2,06,07,5,0,0,0,1,0,0,0,1
"POINT (9.192181025000025 48.779702240000063)",Unfall 47806 (2018) Kat:3, Licht: 0,47806,3,6,2,06,12,4,0,0,0,1,0,0,0,0
"POINT (9.182123165000064 48.810581081000066)",Unfall 47823 (2018) Kat:3, Licht: 0,47823,3,3,5,06,13,6,0,0,0,1,0,0,0,0
"POINT (9.188105185000040 48.807950412000025)",Unfall 47842 (2018) Kat:3, Licht: 0,47842,3,6,3,06,16,6,0,0,0,1,0,0,0,0
"POINT (9.193987583000023 48.696802035000076)",Unfall 47865 (2018) Kat:2, Licht: 0,47865,2,3,5,06,15,3,1,0,0,1,0,0,0,0
"POINT (9.187250677000066 48.698041110000077)",Unfall 47905 (2018) Kat:3, Licht: 0,47905,3,7,0,06,15,1,0,0,1,0,0,0,0,0
"POINT (9.208216256000071 48.806830332000061)",Unfall 47920 (2018) Kat:3, Licht: 0,47920,3,3,5,06,07,6,0,0,1,1,0,0,0,0
"POINT (9.174319484000023 48.769395251000049)",Unfall 47940 (2018) Kat:2, Licht: 0,47940,2,3,5,06,14,1,0,0,0,1,0,1,0,0
"POINT (9.229320780000023 48.808518096000057)",Unfall 47945 (2018) Kat:3, Licht: 0,47945,3,6,4,06,15,1,0,0,1,0,0,0,0,0
"POINT (9.226583562000030 48.805218602000082)",Unfall 47953 (2018) Kat:3, Licht: 0,47953,3,2,5,06,13,1,0,0,0,1,0,1,0,0
"POINT (9.159959065000066 48.831363747000069)",Unfall 47955 (2018) Kat:1, Licht: 0,47955,1,2,6,06,17,3,0,0,0,1,1,0,0,0
"POINT (9.211258695000026 48.745655888000044)",Unfall 47956 (2018) Kat:3, Licht: 0,47956,3,7,6,06,17,1,0,0,1,0,1,0,0,0
"POINT (9.183138313000029 48.775512395000078)",Unfall 47962 (2018) Kat:3, Licht: 0,47962,3,4,6,06,14,1,0,0,0,1,1,0,0,0
"POINT (9.186698440000043 48.773550396000076)",Unfall 47964 (2018) Kat:3, Licht: 0,47964,3,6,6,06,15,4,0,0,1,0,1,0,0,0
"POINT (9.101400648000038 48.730231990000050)",Unfall 47978 (2018) Kat:3, Licht: 0,47978,3,7,5,06,14,3,1,0,1,1,0,0,0,0
"POINT (9.152119723000055 48.725712003000069)",Unfall 48012 (2018) Kat:3, Licht: 0,48012,3,3,5,06,17,6,0,0,1,1,0,0,0,0
"POINT (9.210380658000076 48.805560991000050)",Unfall 48048 (2018) Kat:3, Licht: 2,48048,3,6,2,06,22,3,1,2,0,1,0,0,0,0
"POINT (9.167583142000069 48.748483529000055)",Unfall 48086 (2018) Kat:2, Licht: 0,48086,2,3,5,06,17,4,0,0,1,1,0,0,0,0
"POINT (9.167642107000063 48.814387983000074)",Unfall 48158 (2018) Kat:2, Licht: 0,48158,2,6,0,06,13,4,0,0,0,1,0,1,0,0
"POINT (9.166794625000023 48.831112229000041)",Unfall 48171 (2018) Kat:3, Licht: 0,48171,3,6,2,06,14,3,1,0,0,1,0,0,0,0
"POINT (9.244698469000070 48.808767018000026)",Unfall 48211 (2018) Kat:3, Licht: 0,48211,3,6,2,06,12,6,0,0,0,1,0,0,0,0
"POINT (9.084101162000025 48.822073583000076)",Unfall 48215 (2018) Kat:3, Licht: 0,48215,3,6,2,06,17,2,1,0,0,1,0,0,0,0
"POINT (9.180034276000072 48.812758709000036)",Unfall 48236 (2018) Kat:3, Licht: 0,48236,3,6,2,06,07,2,0,0,0,1,0,1,0,0
"POINT (9.180695582000055 48.788255839000044)",Unfall 48246 (2018) Kat:3, Licht: 0,48246,3,6,2,06,16,3,1,0,0,1,0,0,0,0
"POINT (9.242357451000032 48.793107905000056)",Unfall 48255 (2018) Kat:3, Licht: 1,48255,3,3,0,06,06,4,1,1,1,1,0,0,0,0
"POINT (9.169036730000073 48.705269786000031)",Unfall 48285 (2018) Kat:3, Licht: 0,48285,3,6,3,06,19,3,1,0,0,1,0,0,1,0
"POINT (9.134843673000034 48.728275014000076)",Unfall 48301 (2018) Kat:3, Licht: 0,48301,3,6,2,06,11,6,0,0,0,1,0,1,0,0
"POINT (9.218570629000055 48.787111034000077)",Unfall 48336 (2018) Kat:3, Licht: 0,48336,3,4,6,06,20,3,1,0,0,1,1,0,0,0
"POINT (9.214773438000066 48.795408384000041)",Unfall 48349 (2018) Kat:3, Licht: 0,48349,3,6,3,06,09,4,0,0,0,1,0,0,1,0
"POINT (9.189591572000040 48.807688276000079)",Unfall 48374 (2018) Kat:3, Licht: 0,48374,3,6,2,06,19,3,0,0,0,1,0,1,0,0
"POINT (9.111747970000067 48.823557719000064)",Unfall 48420 (2018) Kat:3, Licht: 0,48420,3,6,2,06,08,4,0,0,0,1,0,1,0,0
"POINT (9.138720121000063 48.832255257000043)",Unfall 48432 (2018) Kat:3, Licht: 0,48432,3,6,2,06,17,3,0,0,0,1,0,0,0,0
"POINT (9.209835871000053 48.804961138000067)",Unfall 48446 (2018) Kat:3, Licht: 0,48446,3,6,2,06,10,3,0,0,0,1,0,0,0,0
"POINT (9.179816702000039 48.773628305000045)",Unfall 48450 (2018) Kat:3, Licht: 0,48450,3,7,6,06,12,7,0,0,0,1,1,0,0,0
"POINT (9.152511469000046 48.799891303000038)",Unfall 48471 (2018) Kat:3, Licht: 0,48471,3,5,4,06,19,3,0,0,0,1,0,1,0,0
"POINT (9.100138756000035 48.803842088000067)",Unfall 48495 (2018) Kat:1, Licht: 0,48495,1,4,6,06,10,2,0,0,0,0,1,0,0,1
"POINT (9.263581060000035 48.750898242000062)",Unfall 48497 (2018) Kat:3, Licht: 0,48497,3,6,2,06,17,2,0,0,0,1,0,0,0,0
"POINT (9.207895040000039 48.801619148000043)",Unfall 48522 (2018) Kat:3, Licht: 0,48522,3,6,2,06,17,5,0,0,0,1,0,0,0,0
"POINT (9.177662517000044 48.815822657000069)",Unfall 48526 (2018) Kat:3, Licht: 0,48526,3,2,5,06,11,4,0,0,0,1,0,0,0,0
"POINT (9.177753299000074 48.771983768000041)",Unfall 48529 (2018) Kat:3, Licht: 0,48529,3,2,2,06,14,6,0,0,0,1,0,1,0,0
"POINT (9.227536053000051 48.815637859000049)",Unfall 48532 (2018) Kat:3, Licht: 0,48532,3,3,0,06,14,3,0,0,1,0,0,0,0,1
"POINT (9.222164951000025 48.789026202000059)",Unfall 48552 (2018) Kat:3, Licht: 0,48552,3,6,3,06,18,4,0,0,0,1,0,0,1,0
"POINT (9.102929471000039 48.729990013000076)",Unfall 48626 (2018) Kat:3, Licht: 0,48626,3,3,5,06,08,4,0,0,0,1,0,1,0,0
"POINT (9.177798071000041 48.752156469000056)",Unfall 48650 (2018) Kat:3, Licht: 0,48650,3,6,2,06,15,4,0,0,0,1,0,0,0,1
"POINT (9.149075319000076 48.770860494000033)",Unfall 48656 (2018) Kat:3, Licht: 0,48656,3,7,3,06,10,7,0,0,0,1,0,1,0,0
"POINT (9.177608159000045 48.844959655000025)",Unfall 48739 (2018) Kat:3, Licht: 0,48739,3,3,5,06,17,4,0,0,0,1,0,0,0,0
"POINT (9.208296256000040 48.747695688000078)",Unfall 48745 (2018) Kat:3, Licht: 0,48745,3,6,2,06,09,3,0,0,0,1,0,0,0,0
"POINT (9.144753791000028 48.709031251000056)",Unfall 48757 (2018) Kat:3, Licht: 0,48757,3,6,2,06,18,7,0,0,0,1,0,0,0,0
"POINT (9.149184718000072 48.840423167000040)",Unfall 48764 (2018) Kat:3, Licht: 0,48764,3,6,2,06,17,4,0,0,0,1,0,0,0,0
"POINT (9.147428941000044 48.772570843000040)",Unfall 48791 (2018) Kat:3, Licht: 0,48791,3,1,1,06,16,7,0,0,0,1,0,1,0,0
"POINT (9.158052964000035 48.770584676000055)",Unfall 48830 (2018) Kat:3, Licht: 0,48830,3,2,2,06,17,5,0,0,0,1,0,1,0,0
"POINT (9.214234659000056 48.801444737000054)",Unfall 48831 (2018) Kat:3, Licht: 0,48831,3,3,5,06,15,7,0,0,1,1,0,0,0,0
"POINT (9.225758302000031 48.818631223000068)",Unfall 48834 (2018) Kat:3, Licht: 0,48834,3,2,5,06,07,4,0,0,1,0,0,0,0,1
"POINT (9.240941524000050 48.755349051000053)",Unfall 48845 (2018) Kat:2, Licht: 0,48845,2,1,0,06,18,6,0,0,0,0,0,1,0,0
"POINT (9.213701445000027 48.796606271000030)",Unfall 48853 (2018) Kat:3, Licht: 0,48853,3,6,3,06,12,3,0,0,0,1,0,0,1,0
"POINT (9.173973257000057 48.769713607000028)",Unfall 48865 (2018) Kat:3, Licht: 0,48865,3,3,5,06,09,7,0,0,0,1,0,0,0,0
"POINT (9.233224403000065 48.806138694000026)",Unfall 48899 (2018) Kat:3, Licht: 0,48899,3,2,5,06,14,4,0,0,0,1,0,1,0,0
"POINT (9.125284590000035 48.758705553000027)",Unfall 48910 (2018) Kat:3, Licht: 0,48910,3,6,2,06,17,5,0,0,0,1,0,0,0,0
"POINT (9.193413976000045 48.807120504000068)",Unfall 48915 (2018) Kat:3, Licht: 2,48915,3,3,5,07,01,1,0,2,1,1,0,0,0,0
"POINT (9.073914416000037 48.723279404000039)",Unfall 48923 (2018) Kat:3, Licht: 0,48923,3,3,5,06,18,5,0,0,0,1,0,0,1,0
"POINT (9.162360875000047 48.739241781000032)",Unfall 48945 (2018) Kat:3, Licht: 0,48945,3,6,2,06,08,6,0,0,0,1,0,0,0,0
"POINT (9.187297246000071 48.772645751000027)",Unfall 48995 (2018) Kat:3, Licht: 0,48995,3,6,2,06,11,5,0,0,0,1,0,0,0,0
"POINT (9.246087045000024 48.791548338000041)",Unfall 49004 (2018) Kat:3, Licht: 0,49004,3,6,2,06,13,4,0,0,0,1,0,0,0,0
"POINT (9.141452645000072 48.727333199000043)",Unfall 49031 (2018) Kat:3, Licht: 0,49031,3,2,5,06,16,6,0,0,0,1,0,1,0,0
"POINT (9.185094391000064 48.779171744000053)",Unfall 49085 (2018) Kat:3, Licht: 0,49085,3,3,0,06,07,7,0,0,0,0,0,1,0,1
"POINT (9.164328442000056 48.814755983000055)",Unfall 49102 (2018) Kat:3, Licht: 0,49102,3,6,3,06,15,5,0,0,0,1,0,1,0,0
"POINT (9.151458177000052 48.708103711000035)",Unfall 49124 (2018) Kat:3, Licht: 0,49124,3,6,2,06,08,7,0,0,0,1,0,0,0,0
"POINT (9.213982185000077 48.743918492000034)",Unfall 49136 (2018) Kat:3, Licht: 0,49136,3,7,6,07,12,1,0,0,1,0,1,0,0,0
"POINT (9.109678693000035 48.727375198000061)",Unfall 49141 (2018) Kat:3, Licht: 0,49141,3,7,0,06,10,4,0,0,0,1,0,0,0,0
"POINT (9.136672841000063 48.709528303000070)",Unfall 49145 (2018) Kat:3, Licht: 0,49145,3,6,2,06,13,5,1,0,0,1,0,0,0,0
"POINT (9.217096539000067 48.742230419000066)",Unfall 49170 (2018) Kat:3, Licht: 0,49170,3,2,5,06,11,6,0,0,1,1,0,0,0,0
"POINT (9.191383009000049 48.788614264000046)",Unfall 49231 (2018) Kat:3, Licht: 0,49231,3,3,5,06,11,4,0,0,0,1,0,0,1,0
"POINT (9.172810393000077 48.771154831000047)",Unfall 49249 (2018) Kat:3, Licht: 2,49249,3,7,3,07,23,1,0,2,1,0,0,1,0,0
"POINT (9.106452216000037 48.809026305000032)",Unfall 49257 (2018) Kat:3, Licht: 0,49257,3,6,2,06,14,6,0,0,0,1,0,0,0,0
"POINT (9.097841376000076 48.712485901000036)",Unfall 49303 (2018) Kat:2, Licht: 0,49303,2,6,3,06,11,6,0,0,0,1,0,0,1,0
"POINT (9.198953257000028 48.779792970000074)",Unfall 49312 (2018) Kat:3, Licht: 0,49312,3,6,2,06,14,7,0,0,0,1,0,0,0,0
"POINT (9.226724833000048 48.805139281000038)",Unfall 49327 (2018) Kat:3, Licht: 0,49327,3,2,5,06,09,5,0,0,1,1,0,0,0,0
"POINT (9.149293990000047 48.770413109000060)",Unfall 49365 (2018) Kat:2, Licht: 0,49365,2,3,5,06,17,4,0,0,1,1,0,0,0,0
"POINT (9.103458802000034 48.711411995000049)",Unfall 49368 (2018) Kat:3, Licht: 0,49368,3,6,2,06,10,7,0,0,0,1,0,0,0,0
"POINT (9.176865450000037 48.811023810000052)",Unfall 49465 (2018) Kat:3, Licht: 2,49465,3,3,5,07,21,6,0,2,0,0,0,1,0,0
"POINT (9.105234115000030 48.739524526000025)",Unfall 49477 (2018) Kat:3, Licht: 1,49477,3,1,9,07,20,5,0,1,0,1,0,0,0,0
"POINT (9.265748414000029 48.762704623000047)",Unfall 49489 (2018) Kat:3, Licht: 0,49489,3,3,5,07,08,3,0,0,1,1,0,0,0,0
"POINT (9.142241553000076 48.755364360000044)",Unfall 49498 (2018) Kat:3, Licht: 0,49498,3,4,6,07,12,3,0,0,0,1,1,0,0,0
"POINT (9.106100131000062 48.710726544000067)",Unfall 49525 (2018) Kat:3, Licht: 0,49525,3,6,2,07,17,5,1,0,0,1,0,0,0,0
"POINT (9.243891161000022 48.787563746000046)",Unfall 49539 (2018) Kat:3, Licht: 1,49539,3,2,5,07,05,4,0,1,1,0,0,1,0,0
"POINT (9.142209455000057 48.755351886000028)",Unfall 49577 (2018) Kat:3, Licht: 0,49577,3,3,5,07,08,6,1,0,1,1,0,0,0,0
"POINT (9.143662936000055 48.834608300000070)",Unfall 49581 (2018) Kat:3, Licht: 0,49581,3,3,5,07,13,4,1,0,0,1,0,1,0,0
"POINT (9.139100209000048 48.832441710000069)",Unfall 49606 (2018) Kat:3, Licht: 0,49606,3,6,2,07,16,4,0,0,0,1,0,0,0,0
"POINT (9.156454627000073 48.847723498000050)",Unfall 49608 (2018) Kat:2, Licht: 0,49608,2,2,2,07,17,3,0,0,0,1,0,1,0,0
"POINT (9.212271653000073 48.800588442000048)",Unfall 49643 (2018) Kat:3, Licht: 0,49643,3,6,2,07,16,3,0,0,0,1,0,0,0,1
"POINT (9.126516454000068 48.735361076000061)",Unfall 49645 (2018) Kat:3, Licht: 0,49645,3,1,8,07,14,7,0,0,1,0,0,0,0,0
"POINT (9.194274052000026 48.768396077000034)",Unfall 49680 (2018) Kat:3, Licht: 0,49680,3,6,2,07,09,2,0,0,0,1,0,0,0,1
"POINT (9.215883153000050 48.794278494000025)",Unfall 49709 (2018) Kat:3, Licht: 0,49709,3,1,0,07,19,5,1,0,0,0,0,1,0,0
"POINT (9.224695095000072 48.787885812000070)",Unfall 49722 (2018) Kat:3, Licht: 0,49722,3,1,0,07,07,3,0,0,0,0,0,1,0,0
"POINT (9.146308499000043 48.783707929000059)",Unfall 49729 (2018) Kat:3, Licht: 0,49729,3,2,5,07,16,3,0,0,1,1,0,0,0,0
"POINT (9.199102275000030 48.779843122000045)",Unfall 49744 (2018) Kat:3, Licht: 0,49744,3,6,2,07,09,2,0,0,0,1,0,0,0,1
"POINT (9.195100607000029 48.806821350000064)",Unfall 49758 (2018) Kat:3, Licht: 0,49758,3,6,2,07,16,2,0,0,0,1,0,0,0,0
"POINT (9.175935921000075 48.750595481000062)",Unfall 49764 (2018) Kat:2, Licht: 0,49764,2,3,5,07,08,2,0,0,1,1,0,0,0,0
"POINT (9.094028651000031 48.819711852000069)",Unfall 49814 (2018) Kat:3, Licht: 0,49814,3,6,2,07,13,6,0,0,0,1,0,0,0,0
"POINT (9.150117200000068 48.708450936000077)",Unfall 49817 (2018) Kat:3, Licht: 0,49817,3,6,2,07,09,4,0,0,0,0,0,0,1,0
"POINT (9.256667952000043 48.760476787000073)",Unfall 49844 (2018) Kat:3, Licht: 0,49844,3,2,5,07,06,3,0,0,1,0,0,0,0,1