WKT,Name,OBJECTID,UKATEGORIE,UTYP1,UART,UMONAT,USTUNDE,UWOCHENTAG,STRZUSTAND,ULICHTVERH,ISTRAD,ISTPKW,ISTFUSS,ISTKRAD,ISTGKFZ,ISTSONSTIG
"POINT (9.199865795000051 48.693357693000053)",Unfall 49887 (2018) Kat:3, Licht: 0,49887,3,6,2,07,17,1,0,0,0,1,0,0,0,0
"POINT (9.226727238000024 48.805139918000066)",Unfall 49940 (2018) Kat:3, Licht: 0,49940,3,2,5,07,16,5,1,0,0,1,0,0,0,1
"POINT (9.242470874000048 48.808371075000082)",Unfall 49952 (2018) Kat:3, Licht: 0,49952,3,2,5,07,07,3,0,0,1,1,0,0,0,0
"POINT (9.181567803000064 48.758418057000029)",Unfall 49977 (2018) Kat:3, Licht: 0,49977,3,6,0,07,19,6,0,0,1,1,0,0,0,0
"POINT (9.134032554000044 48.709320801000047)",Unfall 50005 (2018) Kat:2, Licht: 0,50005,2,6,2,07,11,5,0,0,0,1,0,0,1,0
"POINT (9.173519270000043 48.811528921000047)",Unfall 50009 (2018) Kat:3, Licht: 0,50009,3,3,5,07,16,5,0,0,1,1,0,0,0,0
"POINT (9.106161396000061 48.718006709000065)",Unfall 50011 (2018) Kat:3, Licht: 0,50011,3,6,2,07,16,5,0,0,0,1,0,0,0,0
"POINT (9.125587768000059 48.729480789000036)",Unfall 50017 (2018) Kat:3, Licht: 0,50017,3,6,2,07,15,6,0,0,0,1,0,0,0,0
"POINT (9.166177353000023 48.772698417000072)",Unfall 50023 (2018) Kat:3, Licht: 0,50023,3,7,2,07,10,6,0,0,0,1,0,0,1,0
"POINT (9.176146986000049 48.703376554000045)",Unfall 50027 (2018) Kat:3, Licht: 0,50027,3,6,2,07,14,6,0,0,0,1,0,0,0,0
"POINT (9.211792067000033 48.806532222000044)",Unfall 50031 (2018) Kat:3, Licht: 0,50031,3,3,5,07,15,6,0,0,0,1,0,1,0,0
"POINT (9.156052119000037 48.849198726000054)",Unfall 50048 (2018) Kat:3, Licht: 0,50048,3,2,5,07,19,6,0,0,0,1,0,1,0,0
"POINT (9.156315653000036 48.707759221000060)",Unfall 50076 (2018) Kat:3, Licht: 0,50076,3,6,3,07,11,4,0,0,0,1,0,0,1,0
"POINT (9.106913140000074 48.808909112000038)",Unfall 50119 (2018) Kat:3, Licht: 2,50119,3,7,1,07,22,4,0,2,0,1,0,1,0,0
"POINT (9.246301414000072 48.808860829000025)",Unfall 50120 (2018) Kat:3, Licht: 0,50120,3,1,9,07,06,4,0,0,0,0,0,1,0,0
"POINT (9.241567769000028 48.790227804000040)",Unfall 50130 (2018) Kat:3, Licht: 0,50130,3,6,2,07,06,6,0,0,0,1,0,0,0,0
"POINT (9.242052502000036 48.790267610000058)",Unfall 50146 (2018) Kat:3, Licht: 0,50146,3,6,2,07,07,6,0,0,0,1,0,0,0,0
"POINT (9.098498357000040 48.712324489000025)",Unfall 50195 (2018) Kat:3, Licht: 0,50195,3,6,2,07,16,6,0,0,0,1,0,0,0,0
"POINT (9.133102265000048 48.812471313000060)",Unfall 50208 (2018) Kat:3, Licht: 0,50208,3,6,2,07,13,7,0,0,0,1,0,0,0,0
"POINT (9.168396360000031 48.773302908000062)",Unfall 50213 (2018) Kat:3, Licht: 0,50213,3,7,2,07,14,6,0,0,0,1,0,1,0,0
"POINT (9.156108107000023 48.707280551000053)",Unfall 50215 (2018) Kat:3, Licht: 0,50215,3,6,0,07,16,3,0,0,0,1,0,0,1,0
"POINT (9.130168143000049 48.739770717000056)",Unfall 50248 (2018) Kat:3, Licht: 0,50248,3,2,5,07,07,3,0,0,1,1,0,0,0,0
"POINT (9.083172998000066 48.752853023000057)",Unfall 50278 (2018) Kat:3, Licht: 0,50278,3,6,2,07,07,4,0,0,0,1,0,0,0,0
"POINT (9.114088403000039 48.709327140000028)",Unfall 50286 (2018) Kat:3, Licht: 0,50286,3,6,2,07,17,1,0,0,0,1,0,0,0,1
"POINT (9.219465234000040 48.803752979000080)",Unfall 50291 (2018) Kat:3, Licht: 0,50291,3,3,0,07,15,3,0,0,1,0,0,0,0,1
"POINT (9.181945741000050 48.793456829000036)",Unfall 50299 (2018) Kat:3, Licht: 0,50299,3,7,0,07,08,2,0,0,1,1,0,0,0,0
"POINT (9.145017597000049 48.754591315000027)",Unfall 50305 (2018) Kat:3, Licht: 0,50305,3,6,2,07,14,3,0,0,0,1,0,0,0,1
"POINT (9.180187596000053 48.808700289000058)",Unfall 50317 (2018) Kat:3, Licht: 1,50317,3,7,1,07,06,1,0,1,0,1,0,0,0,0
"POINT (9.169780676000073 48.765077977000033)",Unfall 50323 (2018) Kat:3, Licht: 2,50323,3,3,5,07,22,1,0,2,0,1,0,0,0,0
"POINT (9.182153726000024 48.766445844000032)",Unfall 50329 (2018) Kat:3, Licht: 0,50329,3,6,2,07,16,3,0,0,0,1,0,0,0,0
"POINT (9.209442827000032 48.806110814000078)",Unfall 50342 (2018) Kat:2, Licht: 0,50342,2,6,2,07,19,2,0,0,0,1,0,0,0,1
"POINT (9.184849042000053 48.778845487000069)",Unfall 50400 (2018) Kat:3, Licht: 0,50400,3,6,3,07,07,4,0,0,0,1,0,1,0,0
"POINT (9.136972576000062 48.777072678000081)",Unfall 50402 (2018) Kat:3, Licht: 0,50402,3,6,2,07,14,2,0,0,0,1,0,1,0,0
"POINT (9.111328231000073 48.729846055000053)",Unfall 50446 (2018) Kat:3, Licht: 0,50446,3,3,5,07,17,3,0,0,0,1,0,0,0,1
"POINT (9.128097696000054 48.737349598000037)",Unfall 50469 (2018) Kat:3, Licht: 0,50469,3,2,0,07,14,2,0,0,1,1,0,0,0,0
"POINT (9.181725702000051 48.776839758000051)",Unfall 50471 (2018) Kat:3, Licht: 0,50471,3,6,2,07,14,7,0,0,0,1,0,0,0,0
"POINT (9.084793466000065 48.716685406000067)",Unfall 50475 (2018) Kat:3, Licht: 0,50475,3,6,0,07,12,4,0,0,0,1,0,0,0,0
"POINT (9.190821692000043 48.780097340000054)",Unfall 50511 (2018) Kat:3, Licht: 0,50511,3,6,2,07,08,3,0,0,0,1,0,0,0,0
"POINT (9.097775228000046 48.820374260000051)",Unfall 50523 (2018) Kat:2, Licht: 0,50523,2,3,5,07,17,4,0,0,0,1,0,1,0,0
"POINT (9.202340575000051 48.807829453000068)",Unfall 50524 (2018) Kat:3, Licht: 0,50524,3,2,2,07,07,2,0,0,0,1,0,0,0,0
"POINT (9.180036826000048 48.810691261000045)",Unfall 50526 (2018) Kat:3, Licht: 0,50526,3,7,3,07,12,7,0,0,0,1,0,1,0,0
"POINT (9.168776678000029 48.773501636000049)",Unfall 50532 (2018) Kat:3, Licht: 0,50532,3,3,5,07,09,6,0,0,0,1,0,1,0,0
"POINT (9.174304957000061 48.769385228000033)",Unfall 50539 (2018) Kat:3, Licht: 0,50539,3,6,0,07,14,7,1,0,0,1,0,1,0,0
"POINT (9.226737651000065 48.820750822000036)",Unfall 50561 (2018) Kat:3, Licht: 0,50561,3,4,6,07,15,5,0,0,0,1,1,0,0,0
"POINT (9.155843556000036 48.810652691000030)",Unfall 50606 (2018) Kat:3, Licht: 0,50606,3,6,2,07,10,7,0,0,0,1,0,0,0,0
"POINT (9.235050111000021 48.798925088000033)",Unfall 50607 (2018) Kat:3, Licht: 0,50607,3,1,0,07,19,2,0,0,1,0,0,0,0,0
"POINT (9.171558561000040 48.767268380000075)",Unfall 50610 (2018) Kat:3, Licht: 0,50610,3,3,5,07,18,1,1,0,1,1,0,0,0,0
"POINT (9.225056948000031 48.693887066000059)",Unfall 50638 (2018) Kat:3, Licht: 0,50638,3,6,2,07,18,5,0,0,0,1,0,0,0,0
"POINT (9.220569072000046 48.788160654000080)",Unfall 50656 (2018) Kat:2, Licht: 2,50656,2,4,6,07,23,7,1,2,0,1,1,0,0,0
"POINT (9.130543429000056 48.728501551000079)",Unfall 50663 (2018) Kat:3, Licht: 0,50663,3,2,8,07,12,6,0,0,0,1,0,0,0,1
"POINT (9.203749064000022 48.778087600000049)",Unfall 50671 (2018) Kat:3, Licht: 2,50671,3,6,2,07,22,7,1,2,0,1,0,0,0,0
"POINT (9.165455379000036 48.841524748000040)",Unfall 50696 (2018) Kat:3, Licht: 0,50696,3,6,3,07,16,5,0,0,0,1,0,1,0,0
"POINT (9.166627787000039 48.700184287000070)",Unfall 50735 (2018) Kat:3, Licht: 0,50735,3,1,8,07,14,7,1,0,0,1,0,0,0,0
"POINT (9.188497852000069 48.807550835000029)",Unfall 50743 (2018) Kat:3, Licht: 0,50743,3,7,2,07,10,7,0,0,0,1,0,0,0,0
"POINT (9.176986441000054 48.781012111000052)",Unfall 50744 (2018) Kat:3, Licht: 0,50744,3,6,2,07,10,2,0,0,0,1,0,0,0,0
"POINT (9.200714254000047 48.693426572000078)",Unfall 50778 (2018) Kat:3, Licht: 0,50778,3,6,0,07,12,5,0,0,0,1,0,0,0,1
"POINT (9.255804445000024 48.760028680000062)",Unfall 50783 (2018) Kat:3, Licht: 0,50783,3,6,3,07,17,6,0,0,0,1,0,1,0,0
"POINT (9.175728295000056 48.818446778000066)",Unfall 50786 (2018) Kat:3, Licht: 0,50786,3,6,2,07,11,5,0,0,0,1,0,0,0,0
"POINT (9.214013199000021 48.801284120000048)",Unfall 50797 (2018) Kat:3, Licht: 0,50797,3,6,2,07,18,7,0,0,0,1,0,0,0,0
"POINT (9.232390143000032 48.784629819000031)",Unfall 50811 (2018) Kat:3, Licht: 0,50811,3,1,8,07,09,7,1,0,0,1,0,0,0,0
"POINT (9.173728759000028 48.821609688000080)",Unfall 50814 (2018) Kat:3, Licht: 0,50814,3,6,2,07,17,1,0,0,0,1,0,0,0,0
"POINT (9.093674871000076 48.787694276000082)",Unfall 50858 (2018) Kat:2, Licht: 0,50858,2,6,4,07,11,7,1,0,0,1,0,0,0,1
"POINT (9.177118157000052 48.816631831000052)",Unfall 50878 (2018) Kat:3, Licht: 0,50878,3,6,3,07,13,6,0,0,0,1,0,0,1,0
"POINT (9.139095123000061 48.754504036000071)",Unfall 50881 (2018) Kat:3, Licht: 2,50881,3,1,2,07,23,5,0,2,0,1,0,0,0,0
"POINT (9.158126061000075 48.707164791000025)",Unfall 50890 (2018) Kat:3, Licht: 0,50890,3,6,2,07,08,6,0,0,0,1,0,0,0,1
"POINT (9.209166579000055 48.800007401000073)",Unfall 50894 (2018) Kat:3, Licht: 0,50894,3,6,2,07,14,7,0,0,0,1,0,0,0,0
"POINT (9.201377017000027 48.750376459000051)",Unfall 50924 (2018) Kat:2, Licht: 0,50924,2,2,5,07,19,5,0,0,0,1,0,0,0,1
"POINT (9.257757359000038 48.795177435000028)",Unfall 50933 (2018) Kat:2, Licht: 0,50933,2,6,4,07,06,5,0,0,1,0,0,0,0,1
"POINT (9.173377378000055 48.801902137000070)",Unfall 50961 (2018) Kat:3, Licht: 0,50961,3,2,5,07,08,4,0,0,1,1,0,0,0,0
"POINT (9.209610371000053 48.782093073000055)",Unfall 50964 (2018) Kat:3, Licht: 0,50964,3,3,5,07,09,4,0,0,0,1,0,1,0,0
"POINT (9.210250853000048 48.799461698000073)",Unfall 50995 (2018) Kat:3, Licht: 0,50995,3,6,2,07,19,5,0,0,0,1,0,0,0,0
"POINT (9.193832090000058 48.754044722000060)",Unfall 51002 (2018) Kat:3, Licht: 0,51002,3,2,5,07,07,6,0,0,0,1,0,0,0,0
"POINT (9.173344192000059 48.822394006000081)",Unfall 51038 (2018) Kat:3, Licht: 0,51038,3,2,5,07,08,7,0,0,0,1,0,0,0,1
"POINT (9.155675580000036 48.707343241000046)",Unfall 51071 (2018) Kat:3, Licht: 0,51071,3,6,3,07,16,5,0,0,0,1,0,0,1,0
"POINT (9.213707749000037 48.801062583000032)",Unfall 51140 (2018) Kat:3, Licht: 0,51140,3,7,2,07,14,3,0,0,0,1,0,0,0,0
"POINT (9.213058051000076 48.797157658000060)",Unfall 51143 (2018) Kat:2, Licht: 0,51143,2,6,3,07,15,3,0,0,0,1,0,0,1,0
"POINT (9.236148636000053 48.754120333000060)",Unfall 51151 (2018) Kat:3, Licht: 1,51151,3,1,8,07,06,6,0,1,0,1,0,0,0,0
"POINT (9.216979211000023 48.793268216000058)",Unfall 51212 (2018) Kat:3, Licht: 0,51212,3,6,2,07,09,5,0,0,0,1,0,0,0,0
"POINT (9.156570330000022 48.847568717000058)",Unfall 51220 (2018) Kat:3, Licht: 0,51220,3,5,1,08,15,7,0,0,0,1,0,1,0,0
"POINT (9.192549609000025 48.789414101000034)",Unfall 51248 (2018) Kat:3, Licht: 0,51248,3,6,2,07,17,3,0,0,0,1,0,0,0,0
"POINT (9.200756075000072 48.794613230000039)",Unfall 51278 (2018) Kat:3, Licht: 1,51278,3,6,2,08,06,4,1,1,0,1,0,0,0,1
"POINT (9.207267516000059 48.801792776000070)",Unfall 51293 (2018) Kat:3, Licht: 2,51293,3,7,4,08,02,7,0,2,0,1,0,0,0,0
"POINT (9.146268865000025 48.728069004000076)",Unfall 51305 (2018) Kat:3, Licht: 1,51305,3,2,5,08,21,6,0,1,0,1,0,1,0,0
"POINT (9.199728122000067 48.780054121000035)",Unfall 51332 (2018) Kat:3, Licht: 0,51332,3,2,5,08,08,5,0,0,0,1,0,1,0,0
"POINT (9.193991475000075 48.807075510000061)",Unfall 51370 (2018) Kat:3, Licht: 0,51370,3,3,5,08,15,7,0,0,1,1,0,0,0,0
"POINT (9.157192186000032 48.770361022000031)",Unfall 51405 (2018) Kat:3, Licht: 0,51405,3,6,2,08,13,6,0,0,0,1,0,0,0,0
"POINT (9.195559736000064 48.769570657000031)",Unfall 51413 (2018) Kat:3, Licht: 0,51413,3,3,0,08,17,5,0,0,1,0,0,0,0,1
"POINT (9.221509972000035 48.694851292000067)",Unfall 51422 (2018) Kat:3, Licht: 0,51422,3,2,2,07,07,2,0,0,0,1,0,0,0,0
"POINT (9.213050100000032 48.797161686000038)",Unfall 51424 (2018) Kat:3, Licht: 0,51424,3,6,3,07,12,2,0,0,0,1,0,0,1,0
"POINT (9.225689006000039 48.793757636000066)",Unfall 51427 (2018) Kat:3, Licht: 0,51427,3,6,2,07,15,2,0,0,0,1,0,0,0,0
"POINT (9.193271030000062 48.789987089000078)",Unfall 51430 (2018) Kat:3, Licht: 0,51430,3,6,3,07,11,2,0,0,0,1,0,0,0,0
"POINT (9.108659240000065 48.729859537000038)",Unfall 51432 (2018) Kat:3, Licht: 0,51432,3,6,2,07,17,2,0,0,0,1,0,1,0,0
"POINT (9.241817029000060 48.793714189000070)",Unfall 51437 (2018) Kat:3, Licht: 0,51437,3,2,0,08,08,4,1,0,1,0,0,0,0,1
"POINT (9.207391839000024 48.803261765000059)",Unfall 51453 (2018) Kat:3, Licht: 2,51453,3,6,2,08,01,7,0,2,0,1,0,0,0,0
"POINT (9.177361151000071 48.816270643000053)",Unfall 51516 (2018) Kat:3, Licht: 0,51516,3,2,5,08,09,4,1,0,1,1,0,0,0,0
"POINT (9.178233647000070 48.814951515000075)",Unfall 51535 (2018) Kat:3, Licht: 1,51535,3,6,2,08,20,7,0,1,0,1,0,0,0,0
"POINT (9.189905067000041 48.786057503000052)",Unfall 51567 (2018) Kat:3, Licht: 0,51567,3,3,5,08,18,6,0,0,1,1,0,0,0,0
"POINT (9.163586553000073 48.796721033000040)",Unfall 51574 (2018) Kat:2, Licht: 0,51574,2,3,5,08,10,5,0,0,0,1,0,0,0,0
"POINT (9.181833229000063 48.766159141000060)",Unfall 51609 (2018) Kat:3, Licht: 0,51609,3,6,2,08,10,7,0,0,0,1,0,0,0,0
"POINT (9.201375809000069 48.794877738000025)",Unfall 51628 (2018) Kat:3, Licht: 0,51628,3,6,2,08,16,7,0,0,0,1,0,0,0,1
"POINT (9.179788601000041 48.785080483000058)",Unfall 51673 (2018) Kat:3, Licht: 0,51673,3,1,9,08,15,2,0,0,0,0,0,1,0,0
"POINT (9.130745300000058 48.728490168000064)",Unfall 51684 (2018) Kat:3, Licht: 0,51684,3,3,5,08,13,6,0,0,0,1,0,0,0,0
"POINT (9.202109105000034 48.807644474000028)",Unfall 51715 (2018) Kat:3, Licht: 0,51715,3,6,2,08,14,4,0,0,0,1,0,0,0,0
"POINT (9.177533898000036 48.782914695000045)",Unfall 51746 (2018) Kat:3, Licht: 0,51746,3,6,2,08,16,1,0,0,0,0,0,1,0,0
"POINT (9.242762345000074 48.789125571000056)",Unfall 51760 (2018) Kat:3, Licht: 0,51760,3,7,2,08,15,2,0,0,0,1,0,1,0,0
"POINT (9.177684168000042 48.815486549000070)",Unfall 51805 (2018) Kat:3, Licht: 0,51805,3,3,5,08,17,7,0,0,1,1,0,0,0,0
"POINT (9.169612135000023 48.749304463000044)",Unfall 51839 (2018) Kat:3, Licht: 0,51839,3,3,5,08,16,6,0,0,0,1,0,0,0,0
"POINT (9.200779250000039 48.763663572000041)",Unfall 51853 (2018) Kat:3, Licht: 0,51853,3,7,0,08,15,2,0,0,0,1,0,0,0,1
"POINT (9.139641839000035 48.709528689000081)",Unfall 51859 (2018) Kat:3, Licht: 0,51859,3,7,9,08,12,7,0,0,0,1,0,0,1,0
"POINT (9.090811436000024 48.714385350000043)",Unfall 51861 (2018) Kat:3, Licht: 0,51861,3,6,2,08,16,2,0,0,0,1,0,0,0,0
"POINT (9.134461800000054 48.765163978000032)",Unfall 51866 (2018) Kat:3, Licht: 0,51866,3,7,3,08,18,5,0,0,0,1,0,1,0,0
"POINT (9.183975934000046 48.768071851000059)",Unfall 51897 (2018) Kat:3, Licht: 0,51897,3,6,2,08,12,4,0,0,0,1,0,0,0,0
"POINT (9.203716479000036 48.793986191000045)",Unfall 51944 (2018) Kat:3, Licht: 0,51944,3,3,5,08,11,2,0,0,1,1,0,0,0,0
"POINT (9.229503205000071 48.812602440000035)",Unfall 51986 (2018) Kat:2, Licht: 0,51986,2,3,5,08,16,4,0,0,1,0,0,0,0,1
"POINT (9.156802272000050 48.707344734000060)",Unfall 51991 (2018) Kat:3, Licht: 0,51991,3,6,2,08,08,7,0,0,0,1,0,0,0,0
"POINT (9.154216454000050 48.708042710000029)",Unfall 52014 (2018) Kat:3, Licht: 0,52014,3,6,3,08,14,5,0,0,0,1,0,0,1,0
"POINT (9.217170039000052 48.703783511000040)",Unfall 52015 (2018) Kat:3, Licht: 0,52015,3,1,9,08,07,1,0,0,0,1,0,0,1,0
"POINT (9.144127435000030 48.792006602000072)",Unfall 52048 (2018) Kat:3, Licht: 2,52048,3,7,2,08,23,5,0,2,0,1,0,0,0,0
"POINT (9.173872544000062 48.769630130000053)",Unfall 52077 (2018) Kat:3, Licht: 2,52077,3,6,2,08,22,4,0,2,0,1,0,0,0,0
"POINT (9.212003272000061 48.797319152000057)",Unfall 52082 (2018) Kat:3, Licht: 0,52082,3,6,3,08,14,4,0,0,0,1,0,0,1,0
"POINT (9.180750907000061 48.721353405000059)",Unfall 52152 (2018) Kat:3, Licht: 1,52152,3,2,5,08,05,3,0,1,1,0,0,1,0,0
"POINT (9.213167410000040 48.800960280000027)",Unfall 52158 (2018) Kat:3, Licht: 0,52158,3,6,2,08,10,7,0,0,0,1,0,0,0,0
"POINT (9.198607933000062 48.752083112000037)",Unfall 52218 (2018) Kat:3, Licht: 0,52218,3,6,4,08,07,3,0,0,0,0,0,0,1,0
"POINT (9.209528264000028 48.804967900000065)",Unfall 52219 (2018) Kat:3, Licht: 0,52219,3,6,2,08,15,5,0,0,0,1,0,0,0,0
"POINT (9.201862895000033 48.783678180000038)",Unfall 52220 (2018) Kat:3, Licht: 1,52220,3,3,5,08,20,3,0,1,1,1,0,0,0,0
"POINT (9.154238826000039 48.791920307000055)",Unfall 52223 (2018) Kat:3, Licht: 0,52223,3,1,0,08,07,3,0,0,0,1,0,0,0,0
"POINT (9.210714609000036 48.726311623000072)",Unfall 52226 (2018) Kat:3, Licht: 0,52226,3,6,2,08,13,3,0,0,0,1,0,0,0,0
"POINT (9.181704470000057 48.775034945000073)",Unfall 52230 (2018) Kat:3, Licht: 0,52230,3,1,0,08,16,3,0,0,1,0,0,0,0,0
"POINT (9.180137796000054 48.786118127000066)",Unfall 52314 (2018) Kat:3, Licht: 0,52314,3,7,4,08,14,5,0,0,0,1,0,0,0,0
"POINT (9.225785866000024 48.792167407000079)",Unfall 52342 (2018) Kat:3, Licht: 0,52342,3,6,3,08,17,3,0,0,0,1,0,0,0,0
"POINT (9.174491462000049 48.822782930000074)",Unfall 52414 (2018) Kat:3, Licht: 0,52414,3,7,8,08,11,5,0,0,0,0,0,0,1,0
"POINT (9.199991629000067 48.761651326000049)",Unfall 52442 (2018) Kat:2, Licht: 0,52442,2,6,2,08,18,6,0,0,0,1,0,1,0,0
"POINT (9.181181255000070 48.790725239000039)",Unfall 52443 (2018) Kat:3, Licht: 2,52443,3,6,0,08,22,2,0,2,1,0,1,0,0,0
"POINT (9.181159772000058 48.790511656000035)",Unfall 52447 (2018) Kat:3, Licht: 0,52447,3,6,2,08,11,2,0,0,0,1,0,0,0,0
"POINT (9.187010537000049 48.781335490000060)",Unfall 52448 (2018) Kat:3, Licht: 0,52448,3,6,2,08,17,2,1,0,0,1,0,0,1,0
"POINT (9.221760099000051 48.789080798000043)",Unfall 52451 (2018) Kat:3, Licht: 0,52451,3,2,2,08,17,2,1,0,0,1,0,0,0,0
"POINT (9.186033371000065 48.754985308000073)",Unfall 52452 (2018) Kat:3, Licht: 0,52452,3,6,2,08,15,2,0,0,0,1,0,0,1,0
"POINT (9.171999517000074 48.811603756000068)",Unfall 52470 (2018) Kat:3, Licht: 2,52470,3,1,8,08,01,7,1,2,0,1,0,0,0,0
"POINT (9.243163225000046 48.792055695000045)",Unfall 52506 (2018) Kat:2, Licht: 0,52506,2,3,5,08,17,5,0,0,1,1,0,0,0,0
"POINT (9.138370325000039 48.811328499000069)",Unfall 52546 (2018) Kat:3, Licht: 1,52546,3,6,2,08,06,2,0,1,0,1,0,0,0,0
"POINT (9.214181307000047 48.801406042000053)",Unfall 52572 (2018) Kat:3, Licht: 0,52572,3,2,0,08,09,6,0,0,0,1,0,0,0,1
"POINT (9.215368695000052 48.802341237000064)",Unfall 52590 (2018) Kat:3, Licht: 2,52590,3,4,6,08,23,6,0,2,0,1,1,0,0,0
"POINT (9.189702923000027 48.785507666000058)",Unfall 52631 (2018) Kat:3, Licht: 0,52631,3,6,2,08,17,5,0,0,0,1,0,0,1,0
"POINT (9.150730621000037 48.797304649000068)",Unfall 52632 (2018) Kat:3, Licht: 0,52632,3,7,4,08,17,5,0,0,0,1,0,0,0,0
"POINT (9.169692285000053 48.763859873000058)",Unfall 52638 (2018) Kat:3, Licht: 0,52638,3,7,2,08,12,7,0,0,1,1,0,0,0,0
"POINT (9.208805616000063 48.800940768000032)",Unfall 52641 (2018) Kat:3, Licht: 0,52641,3,6,3,08,15,1,0,0,0,1,0,1,0,0
"POINT (9.167343693000021 48.818995128000040)",Unfall 52688 (2018) Kat:2, Licht: 0,52688,2,1,0,08,14,6,1,0,1,0,0,0,0,0
"POINT (9.083688643000073 48.717117430000030)",Unfall 52702 (2018) Kat:3, Licht: 0,52702,3,6,3,08,10,3,0,0,0,1,0,0,1,0
"POINT (9.234480471000040 48.794238251000081)",Unfall 52749 (2018) Kat:3, Licht: 1,52749,3,6,8,08,06,2,0,1,0,1,0,0,0,0
"POINT (9.256600980000030 48.775309301000050)",Unfall 52775 (2018) Kat:3, Licht: 0,52775,3,7,5,08,14,6,0,0,0,1,0,0,0,0
"POINT (9.216724713000076 48.810944662000054)",Unfall 52829 (2018) Kat:2, Licht: 0,52829,2,7,3,08,14,4,0,0,0,1,0,0,0,1
"POINT (9.083356199000036 48.752924344000064)",Unfall 52855 (2018) Kat:3, Licht: 2,52855,3,3,5,08,22,4,0,2,0,1,0,0,0,0
"POINT (9.141633222000053 48.840050239000050)",Unfall 52880 (2018) Kat:3, Licht: 0,52880,3,6,2,08,14,6,1,0,0,1,0,0,0,1
"POINT (9.180032501000028 48.808627770000044)",Unfall 52901 (2018) Kat:3, Licht: 0,52901,3,6,2,08,16,6,1,0,0,1,0,0,0,0
"POINT (9.183448330000033 48.802968251000038)",Unfall 52909 (2018) Kat:2, Licht: 0,52909,2,1,8,08,12,3,0,0,0,0,0,1,0,0
"POINT (9.172411975000046 48.704674096000076)",Unfall 52921 (2018) Kat:3, Licht: 0,52921,3,6,2,08,16,6,0,0,0,1,0,0,0,0
"POINT (9.169988617000058 48.705366144000038)",Unfall 52969 (2018) Kat:3, Licht: 0,52969,3,6,2,08,15,3,0,0,0,1,0,0,0,1
"POINT (9.133024944000056 48.763856339000029)",Unfall 52997 (2018) Kat:3, Licht: 0,52997,3,6,2,08,14,6,1,0,0,1,0,1,0,0
"POINT (9.101019058000077 48.819738798000060)",Unfall 53035 (2018) Kat:3, Licht: 0,53035,3,6,2,09,17,6,0,0,0,1,0,0,0,0
"POINT (9.095437185000037 48.730658530000028)",Unfall 53055 (2018) Kat:3, Licht: 0,53055,3,3,5,09,12,3,0,0,1,1,0,0,0,0
"POINT (9.240478776000032 48.789770442000076)",Unfall 53059 (2018) Kat:3, Licht: 0,53059,3,6,2,09,14,3,0,0,0,1,0,1,0,0
"POINT (9.177393368000026 48.807554047000053)",Unfall 53082 (2018) Kat:3, Licht: 0,53082,3,6,2,09,12,4,0,0,0,1,0,0,0,0
"POINT (9.240459839000039 48.790998274000060)",Unfall 53104 (2018) Kat:3, Licht: 2,53104,3,6,2,09,23,2,0,2,0,1,0,0,0,0
"POINT (9.083354548000045 48.752923702000032)",Unfall 53118 (2018) Kat:3, Licht: 2,53118,3,2,5,09,22,6,0,2,0,1,0,0,0,0
"POINT (9.196637160000023 48.694470709000029)",Unfall 53119 (2018) Kat:3, Licht: 0,53119,3,6,2,09,12,4,0,0,0,1,0,0,0,0
"POINT (9.215897607000045 48.794263777000026)",Unfall 53133 (2018) Kat:2, Licht: 1,53133,2,6,2,09,18,5,1,1,0,1,0,0,0,0
"POINT (9.204794617000061 48.807994592000057)",Unfall 53141 (2018) Kat:3, Licht: 0,53141,3,1,0,09,10,6,1,0,0,0,0,1,0,0
"POINT (9.216885779000052 48.803586264000046)",Unfall 53158 (2018) Kat:3, Licht: 0,53158,3,3,5,09,15,1,0,0,0,1,0,0,0,0
"POINT (9.174110049000035 48.703795857000046)",Unfall 53180 (2018) Kat:3, Licht: 0,53180,3,6,3,09,16,2,0,0,0,1,0,0,1,0
"POINT (9.231128219000027 48.841571973000043)",Unfall 53210 (2018) Kat:3, Licht: 0,53210,3,6,2,09,18,2,0,0,1,1,0,0,0,0
"POINT (9.173704042000054 48.769796483000050)",Unfall 53241 (2018) Kat:3, Licht: 0,53241,3,6,3,09,13,5,0,0,0,1,0,1,0,0
"POINT (9.188873228000034 48.780633632000047)",Unfall 53249 (2018) Kat:3, Licht: 0,53249,3,6,2,09,08,6,1,0,0,1,0,0,0,0
"POINT (9.204516862000048 48.705993754000076)",Unfall 53259 (2018) Kat:3, Licht: 0,53259,3,2,2,09,12,6,0,0,0,1,0,0,0,0
"POINT (9.133565343000043 48.772562501000039)",Unfall 53304 (2018) Kat:2, Licht: 0,53304,2,6,4,09,13,4,0,0,1,0,0,0,0,0
"POINT (9.217190185000050 48.803505918000042)",Unfall 53310 (2018) Kat:3, Licht: 2,53310,3,2,2,09,22,1,1,2,0,1,0,0,0,0
"POINT (9.161914634000027 48.745861221000041)",Unfall 53320 (2018) Kat:3, Licht: 0,53320,3,6,2,09,18,2,0,0,0,1,0,0,0,0
"POINT (9.182626520000042 48.700121448000061)",Unfall 53345 (2018) Kat:2, Licht: 0,53345,2,6,2,09,17,4,0,0,0,1,0,1,0,0
"POINT (9.200900714000056 48.807420512000078)",Unfall 53359 (2018) Kat:3, Licht: 1,53359,3,6,2,09,06,5,0,1,0,1,0,0,0,0
"POINT (9.229683372000068 48.806031777000044)",Unfall 53366 (2018) Kat:3, Licht: 2,53366,3,5,1,09,20,6,0,2,0,1,0,1,0,0
"POINT (9.147695155000065 48.836853166000026)",Unfall 53418 (2018) Kat:3, Licht: 0,53418,3,7,0,09,13,4,1,0,0,0,0,1,0,1