WKT,Name,OBJECTID,UKATEGORIE,UTYP1,UART,UMONAT,USTUNDE,UWOCHENTAG,STRZUSTAND,ULICHTVERH,ISTRAD,ISTPKW,ISTFUSS,ISTKRAD,ISTGKFZ,ISTSONSTIG
"POINT (9.173840991000077 48.802898549000076)",Unfall 53440 (2018) Kat:3, Licht: 0,53440,3,6,2,09,18,2,0,0,0,1,0,0,0,0
"POINT (9.253579440000067 48.758017275000043)",Unfall 53450 (2018) Kat:2, Licht: 0,53450,2,6,4,09,14,7,0,0,0,1,0,0,0,1
"POINT (9.130549176000045 48.740574296000034)",Unfall 53454 (2018) Kat:3, Licht: 0,53454,3,7,5,09,15,6,0,0,1,1,0,0,0,0
"POINT (9.109681303000059 48.727401393000036)",Unfall 53471 (2018) Kat:3, Licht: 2,53471,3,2,5,09,19,5,1,2,0,1,0,0,0,0
"POINT (9.147194155000022 48.767954595000049)",Unfall 53479 (2018) Kat:3, Licht: 2,53479,3,2,5,09,20,6,0,2,0,1,0,1,0,0
"POINT (9.248863131000064 48.779469232000054)",Unfall 53515 (2018) Kat:3, Licht: 0,53515,3,7,0,09,11,7,0,0,0,0,0,0,0,1
"POINT (9.111747340000022 48.823557548000053)",Unfall 53521 (2018) Kat:3, Licht: 0,53521,3,3,5,09,12,7,0,0,0,1,0,0,0,0
"POINT (9.156334112000025 48.832956694000075)",Unfall 53530 (2018) Kat:3, Licht: 2,53530,3,7,9,09,23,4,0,2,0,1,0,0,0,0
"POINT (9.257367972000054 48.760699784000053)",Unfall 53545 (2018) Kat:3, Licht: 0,53545,3,2,2,09,18,2,0,0,0,1,0,1,0,0
"POINT (9.170665051000071 48.766073818000052)",Unfall 53576 (2018) Kat:3, Licht: 2,53576,3,7,7,09,20,5,1,2,1,0,0,0,0,0
"POINT (9.242744708000032 48.754602919000035)",Unfall 53611 (2018) Kat:3, Licht: 0,53611,3,6,2,09,16,6,0,0,0,1,0,0,0,0
"POINT (9.139413214000058 48.709534199000075)",Unfall 53624 (2018) Kat:3, Licht: 2,53624,3,6,2,09,20,5,1,2,0,1,0,0,1,0
"POINT (9.171693155000071 48.775118799000040)",Unfall 53629 (2018) Kat:3, Licht: 2,53629,3,2,5,09,21,4,0,2,0,1,0,0,0,1
"POINT (9.181354841000029 48.792171034000035)",Unfall 53632 (2018) Kat:3, Licht: 0,53632,3,6,3,09,17,4,0,0,0,1,0,1,0,0
"POINT (9.167498826000042 48.748457359000042)",Unfall 53634 (2018) Kat:3, Licht: 0,53634,3,6,2,09,15,4,0,0,0,1,0,0,0,0
"POINT (9.181475724000052 48.811642725000070)",Unfall 53649 (2018) Kat:3, Licht: 0,53649,3,6,2,09,16,5,0,0,0,1,0,0,0,0
"POINT (9.191376008000077 48.788608340000053)",Unfall 53690 (2018) Kat:3, Licht: 2,53690,3,3,5,09,00,5,1,2,0,1,0,0,0,0
"POINT (9.208228088000055 48.806823424000072)",Unfall 53722 (2018) Kat:3, Licht: 0,53722,3,3,5,09,13,6,0,0,1,1,0,0,0,0
"POINT (9.226726297000027 48.793163726000046)",Unfall 53764 (2018) Kat:3, Licht: 0,53764,3,6,2,09,15,5,0,0,0,1,0,0,0,0
"POINT (9.130723663000026 48.779287531000080)",Unfall 53770 (2018) Kat:3, Licht: 0,53770,3,3,5,09,19,3,0,0,1,1,0,0,0,0
"POINT (9.180442071000073 48.787404814000070)",Unfall 53772 (2018) Kat:3, Licht: 0,53772,3,6,2,09,13,3,0,0,0,1,0,0,0,1
"POINT (9.183036606000030 48.775593017000062)",Unfall 53774 (2018) Kat:3, Licht: 1,53774,3,6,2,09,19,3,0,1,0,1,0,0,0,0
"POINT (9.175171049000028 48.819916343000045)",Unfall 53776 (2018) Kat:3, Licht: 0,53776,3,7,2,09,17,3,0,0,0,1,0,0,0,0
"POINT (9.092361470000071 48.802746463000062)",Unfall 53778 (2018) Kat:3, Licht: 0,53778,3,4,6,09,13,3,0,0,0,1,1,0,0,0
"POINT (9.130310322000071 48.740177915000061)",Unfall 53779 (2018) Kat:3, Licht: 0,53779,3,6,6,09,17,6,0,0,1,0,1,0,0,0
"POINT (9.151155225000025 48.835464199000057)",Unfall 53781 (2018) Kat:3, Licht: 0,53781,3,6,2,09,08,3,0,0,0,1,0,0,0,0
"POINT (9.179822513000033 48.843745851000051)",Unfall 53808 (2018) Kat:3, Licht: 0,53808,3,7,0,09,17,5,1,0,0,1,0,1,0,0
"POINT (9.173784566000052 48.769707942000082)",Unfall 53820 (2018) Kat:3, Licht: 0,53820,3,7,0,09,08,5,0,0,0,1,0,1,0,0
"POINT (9.230199627000047 48.812782826000046)",Unfall 53835 (2018) Kat:2, Licht: 2,53835,2,3,5,09,20,6,0,2,0,1,0,0,0,1
"POINT (9.156706246000056 48.810908687000051)",Unfall 53856 (2018) Kat:3, Licht: 0,53856,3,6,2,09,18,5,1,0,0,1,0,0,0,0
"POINT (9.158745875000022 48.706898201000058)",Unfall 53860 (2018) Kat:3, Licht: 0,53860,3,6,2,09,16,2,0,0,0,1,0,0,0,0
"POINT (9.180944407000027 48.789877891000060)",Unfall 53880 (2018) Kat:2, Licht: 0,53880,2,6,2,09,16,3,0,0,0,1,0,1,0,0
"POINT (9.182931129000053 48.775743215000034)",Unfall 53895 (2018) Kat:3, Licht: 0,53895,3,6,4,09,14,1,0,0,1,0,0,0,0,0
"POINT (9.181003854000039 48.777194935000068)",Unfall 53905 (2018) Kat:3, Licht: 0,53905,3,6,2,09,09,2,0,0,0,1,0,0,0,0
"POINT (9.242768111000032 48.790496396000037)",Unfall 53928 (2018) Kat:3, Licht: 2,53928,3,6,2,09,20,7,0,2,0,1,0,0,0,0
"POINT (9.176329255000042 48.817803040000058)",Unfall 53931 (2018) Kat:3, Licht: 0,53931,3,1,0,09,15,7,0,0,1,0,0,0,0,0
"POINT (9.220455708000031 48.788085708000040)",Unfall 53933 (2018) Kat:3, Licht: 0,53933,3,1,8,09,17,7,0,0,1,0,0,0,0,0
"POINT (9.229247488000056 48.812561991000052)",Unfall 53938 (2018) Kat:3, Licht: 2,53938,3,4,6,09,20,7,0,2,0,1,1,0,0,0
"POINT (9.201283553000053 48.780338655000037)",Unfall 53939 (2018) Kat:3, Licht: 0,53939,3,6,2,09,09,3,0,0,0,1,0,0,0,0
"POINT (9.177504040000031 48.783082414000035)",Unfall 53969 (2018) Kat:3, Licht: 0,53969,3,2,5,09,10,2,0,0,0,1,0,1,0,0
"POINT (9.187101209000048 48.772806863000028)",Unfall 54020 (2018) Kat:3, Licht: 0,54020,3,6,3,09,14,1,0,0,1,1,0,0,0,0
"POINT (9.212368818000073 48.797401179000076)",Unfall 54031 (2018) Kat:3, Licht: 0,54031,3,6,3,09,14,2,0,0,0,1,0,0,1,0
"POINT (9.142043423000075 48.709360157000049)",Unfall 54032 (2018) Kat:2, Licht: 0,54032,2,7,3,09,08,7,0,0,0,1,0,1,0,0
"POINT (9.099509100000034 48.817590731000053)",Unfall 54069 (2018) Kat:2, Licht: 0,54069,2,7,5,09,07,3,0,0,0,1,0,1,0,0
"POINT (9.182942156000024 48.700147952000066)",Unfall 54074 (2018) Kat:3, Licht: 2,54074,3,7,1,09,21,2,0,2,0,1,0,0,0,0
"POINT (9.242387621000034 48.808350274000077)",Unfall 54102 (2018) Kat:2, Licht: 0,54102,2,2,5,09,07,2,0,0,1,1,0,0,0,0
"POINT (9.139762612000027 48.709909839000034)",Unfall 54110 (2018) Kat:2, Licht: 0,54110,2,1,9,09,11,2,0,0,0,0,0,0,1,0
"POINT (9.200629165000066 48.794549213000039)",Unfall 54133 (2018) Kat:3, Licht: 0,54133,3,6,2,09,14,1,0,0,0,1,0,0,0,0
"POINT (9.135023282000077 48.756943849000038)",Unfall 54160 (2018) Kat:3, Licht: 0,54160,3,6,2,09,18,2,0,0,0,1,0,0,0,0
"POINT (9.209100436000028 48.799019990000033)",Unfall 54212 (2018) Kat:3, Licht: 1,54212,3,6,2,09,18,6,0,1,0,1,0,0,0,0
"POINT (9.182890832000055 48.775806024000076)",Unfall 54232 (2018) Kat:3, Licht: 2,54232,3,3,5,09,19,5,0,2,1,1,0,0,0,0
"POINT (9.219444919000068 48.803749473000039)",Unfall 54326 (2018) Kat:3, Licht: 0,54326,3,2,5,09,14,7,0,0,0,1,0,0,0,0
"POINT (9.155940690000023 48.810683110000070)",Unfall 54347 (2018) Kat:3, Licht: 2,54347,3,3,5,09,05,6,0,2,0,1,0,1,0,0
"POINT (9.208218442000032 48.701723036000033)",Unfall 54384 (2018) Kat:3, Licht: 0,54384,3,2,5,09,16,4,0,0,0,1,0,0,0,0
"POINT (9.169436127000040 48.820519565000041)",Unfall 54386 (2018) Kat:2, Licht: 0,54386,2,3,5,09,09,4,0,0,1,0,0,0,0,0
"POINT (9.180453433000025 48.787446222000028)",Unfall 54388 (2018) Kat:3, Licht: 0,54388,3,6,2,09,17,4,1,0,0,1,0,0,0,0
"POINT (9.176699132000067 48.780206920000069)",Unfall 54391 (2018) Kat:3, Licht: 0,54391,3,6,3,09,14,4,0,0,0,1,0,1,0,0
"POINT (9.091966679000052 48.731333623000069)",Unfall 54394 (2018) Kat:3, Licht: 0,54394,3,6,2,09,16,4,0,0,0,1,0,0,0,0
"POINT (9.181255847000045 48.792353655000056)",Unfall 54398 (2018) Kat:2, Licht: 0,54398,2,1,0,09,15,4,0,0,0,0,0,1,0,0
"POINT (9.232896939000057 48.695259680000049)",Unfall 54399 (2018) Kat:3, Licht: 0,54399,3,6,2,09,16,5,0,0,0,1,0,0,0,0
"POINT (9.181575598000052 48.793060570000080)",Unfall 54417 (2018) Kat:3, Licht: 1,54417,3,6,3,09,06,6,0,1,0,1,0,1,0,0
"POINT (9.167656904000069 48.811623212000029)",Unfall 54439 (2018) Kat:3, Licht: 0,54439,3,2,5,09,11,5,0,0,1,1,0,0,0,0
"POINT (9.221127782000053 48.830697117000057)",Unfall 54520 (2018) Kat:2, Licht: 0,54520,2,2,2,09,15,6,0,0,0,1,0,0,0,0
"POINT (9.148105623000049 48.708729908000066)",Unfall 54521 (2018) Kat:3, Licht: 0,54521,3,6,2,09,09,4,0,0,0,1,0,0,1,0
"POINT (9.185392763000039 48.774322296000037)",Unfall 54568 (2018) Kat:3, Licht: 0,54568,3,6,2,09,17,5,0,0,0,1,0,0,0,0
"POINT (9.201551636000033 48.794952620000061)",Unfall 54577 (2018) Kat:3, Licht: 0,54577,3,6,2,09,15,3,0,0,0,1,0,0,0,0
"POINT (9.111693850000052 48.729837896000049)",Unfall 54578 (2018) Kat:3, Licht: 0,54578,3,7,6,09,09,3,0,0,0,1,1,0,0,0
"POINT (9.141158211000061 48.727324729000031)",Unfall 54580 (2018) Kat:3, Licht: 0,54580,3,6,3,09,09,3,0,0,0,0,0,1,1,0
"POINT (9.207100697000044 48.807465093000076)",Unfall 54644 (2018) Kat:3, Licht: 0,54644,3,6,2,09,15,6,0,0,0,1,0,0,0,1
"POINT (9.225242914000035 48.818271779000042)",Unfall 54677 (2018) Kat:3, Licht: 0,54677,3,6,2,09,11,4,0,0,0,1,0,0,1,0
"POINT (9.241937356000051 48.778501797000047)",Unfall 54691 (2018) Kat:3, Licht: 0,54691,3,6,2,09,18,4,0,0,0,1,0,0,0,0
"POINT (9.131798497000034 48.784850031000076)",Unfall 54703 (2018) Kat:3, Licht: 0,54703,3,3,5,09,08,4,0,0,1,1,0,0,0,0
"POINT (9.210408560000076 48.805375173000073)",Unfall 54726 (2018) Kat:3, Licht: 0,54726,3,6,2,09,17,2,0,0,0,1,0,0,0,0
"POINT (9.160889944000076 48.755885444000057)",Unfall 54727 (2018) Kat:3, Licht: 0,54727,3,6,2,09,09,2,0,0,0,1,0,0,0,0
"POINT (9.178707929000041 48.844102328000076)",Unfall 54729 (2018) Kat:3, Licht: 0,54729,3,6,2,09,07,2,0,0,0,1,0,0,1,0
"POINT (9.190752436000025 48.780115790000082)",Unfall 54794 (2018) Kat:3, Licht: 0,54794,3,6,2,09,17,6,0,0,0,1,0,0,0,0
"POINT (9.176056033000066 48.703243846000078)",Unfall 54814 (2018) Kat:3, Licht: 0,54814,3,6,8,09,07,4,0,0,0,1,0,0,1,0
"POINT (9.116703038000026 48.708706419000066)",Unfall 54829 (2018) Kat:3, Licht: 0,54829,3,6,2,09,15,6,0,0,0,1,0,0,0,0
"POINT (9.160338381000031 48.814299585000072)",Unfall 54870 (2018) Kat:3, Licht: 0,54870,3,6,2,10,09,6,0,0,0,1,0,0,0,0
"POINT (9.193029987000045 48.789824671000076)",Unfall 54946 (2018) Kat:3, Licht: 0,54946,3,6,2,10,17,6,0,0,0,1,0,1,0,0
"POINT (9.134209355000053 48.764261038000029)",Unfall 54980 (2018) Kat:3, Licht: 0,54980,3,6,2,10,13,3,0,0,0,1,0,0,0,0
"POINT (9.225236020000068 48.791751417000057)",Unfall 55011 (2018) Kat:3, Licht: 0,55011,3,7,5,09,09,1,0,0,0,1,0,1,0,0
"POINT (9.208159584000043 48.801382118000049)",Unfall 55014 (2018) Kat:3, Licht: 0,55014,3,6,2,09,19,1,0,0,0,1,0,0,0,0
"POINT (9.208132014000057 48.801488360000064)",Unfall 55018 (2018) Kat:3, Licht: 2,55018,3,1,0,09,19,1,0,2,0,0,0,1,0,0
"POINT (9.176297846000068 48.806829410000034)",Unfall 55030 (2018) Kat:2, Licht: 0,55030,2,3,5,10,09,6,0,0,1,1,0,0,0,0
"POINT (9.204304307000029 48.704434245000073)",Unfall 55058 (2018) Kat:3, Licht: 2,55058,3,1,0,10,18,3,0,2,1,0,0,0,0,0
"POINT (9.220307359000060 48.796737347000033)",Unfall 55072 (2018) Kat:3, Licht: 0,55072,3,6,2,10,16,2,0,0,0,1,0,0,0,0
"POINT (9.164322613000024 48.814820513000029)",Unfall 55084 (2018) Kat:3, Licht: 0,55084,3,3,5,10,13,2,0,0,0,1,0,0,0,0
"POINT (9.215092224000046 48.799682857000050)",Unfall 55089 (2018) Kat:3, Licht: 0,55089,3,6,2,10,17,2,0,0,0,1,0,1,0,0
"POINT (9.240293522000059 48.817745713000079)",Unfall 55097 (2018) Kat:3, Licht: 2,55097,3,2,6,10,05,2,0,2,0,1,1,0,0,0
"POINT (9.141417021000052 48.839667668000061)",Unfall 55107 (2018) Kat:3, Licht: 0,55107,3,6,2,10,07,6,0,0,1,1,0,0,0,0
"POINT (9.139253125000039 48.753808959000025)",Unfall 55146 (2018) Kat:3, Licht: 2,55146,3,3,5,10,05,3,1,2,0,1,0,1,0,0
"POINT (9.201943212000060 48.795118891000072)",Unfall 55165 (2018) Kat:3, Licht: 0,55165,3,6,2,09,16,7,0,0,0,1,0,0,0,0
"POINT (9.173808764000057 48.769681729000069)",Unfall 55168 (2018) Kat:3, Licht: 0,55168,3,3,5,09,08,7,0,0,0,1,0,0,0,0
"POINT (9.216098526000053 48.794267899000033)",Unfall 55170 (2018) Kat:3, Licht: 0,55170,3,6,2,09,09,7,0,0,0,1,0,0,0,0
"POINT (9.106705134000038 48.721698945000071)",Unfall 55209 (2018) Kat:3, Licht: 0,55209,3,6,2,10,15,6,0,0,0,1,0,0,0,1
"POINT (9.177306514000065 48.751685430000066)",Unfall 55220 (2018) Kat:3, Licht: 0,55220,3,6,2,10,13,3,0,0,0,1,0,0,0,0
"POINT (9.239840302000062 48.829958709000039)",Unfall 55250 (2018) Kat:3, Licht: 0,55250,3,6,4,10,08,3,0,0,0,1,0,0,0,1
"POINT (9.094504910000069 48.713305487000071)",Unfall 55252 (2018) Kat:3, Licht: 0,55252,3,6,2,10,17,4,0,0,0,1,0,0,1,0
"POINT (9.091680859000064 48.820311886000070)",Unfall 55268 (2018) Kat:3, Licht: 2,55268,3,6,2,10,20,2,0,2,0,1,0,0,0,0
"POINT (9.175001308000049 48.805226669000035)",Unfall 55275 (2018) Kat:3, Licht: 0,55275,3,6,2,10,15,5,0,0,0,1,0,0,0,1
"POINT (9.117587594000042 48.758666705000053)",Unfall 55285 (2018) Kat:3, Licht: 0,55285,3,6,2,10,17,4,0,0,0,1,0,0,0,0
"POINT (9.176476985000022 48.822596461000046)",Unfall 55286 (2018) Kat:3, Licht: 0,55286,3,7,0,10,16,1,1,0,0,0,0,1,0,0
"POINT (9.209713167000075 48.799165997000046)",Unfall 55288 (2018) Kat:3, Licht: 0,55288,3,6,2,10,17,1,0,0,0,1,0,0,0,0
"POINT (9.180016884000054 48.843944414000077)",Unfall 55291 (2018) Kat:3, Licht: 0,55291,3,3,5,10,16,1,0,0,0,1,0,0,0,1
"POINT (9.213997430000063 48.801272682000047)",Unfall 55328 (2018) Kat:3, Licht: 0,55328,3,3,5,10,09,3,0,0,1,1,0,0,0,0
"POINT (9.165793405000045 48.812472348000028)",Unfall 55359 (2018) Kat:3, Licht: 0,55359,3,3,5,10,12,5,0,0,0,1,0,0,0,0
"POINT (9.136871936000034 48.776291366000066)",Unfall 55367 (2018) Kat:2, Licht: 0,55367,2,1,8,10,11,4,0,0,1,0,0,0,0,0
"POINT (9.171673456000065 48.775304404000053)",Unfall 55422 (2018) Kat:3, Licht: 0,55422,3,4,6,10,16,5,0,0,0,0,1,1,0,0
"POINT (9.211288857000056 48.803849163000052)",Unfall 55439 (2018) Kat:3, Licht: 2,55439,3,7,3,10,00,7,0,2,0,1,0,1,0,0
"POINT (9.173986125000056 48.769717632000038)",Unfall 55440 (2018) Kat:3, Licht: 0,55440,3,3,5,10,10,2,0,0,0,1,0,0,0,0
"POINT (9.147647913000071 48.837009397000031)",Unfall 55443 (2018) Kat:3, Licht: 0,55443,3,7,0,10,12,7,1,0,0,0,0,1,0,1
"POINT (9.152313719000063 48.834691733000057)",Unfall 55444 (2018) Kat:3, Licht: 2,55444,3,7,3,10,06,5,0,2,0,1,0,0,0,0
"POINT (9.218217445000050 48.704166440000051)",Unfall 55447 (2018) Kat:3, Licht: 2,55447,3,1,0,10,00,7,0,2,0,0,0,1,0,0
"POINT (9.209408600000074 48.806131082000036)",Unfall 55456 (2018) Kat:3, Licht: 0,55456,3,6,2,10,12,4,0,0,0,1,0,0,0,0
"POINT (9.075858865000043 48.722055189000059)",Unfall 55500 (2018) Kat:3, Licht: 0,55500,3,6,2,10,08,3,0,0,0,1,0,0,0,0
"POINT (9.249015590000056 48.784341303000076)",Unfall 55504 (2018) Kat:3, Licht: 0,55504,3,3,5,10,17,3,0,0,1,1,0,0,0,0
"POINT (9.238620656000023 48.706249915000058)",Unfall 55525 (2018) Kat:3, Licht: 0,55525,3,6,2,10,12,2,0,0,0,1,0,0,0,0
"POINT (9.196934947000045 48.792336636000073)",Unfall 55536 (2018) Kat:3, Licht: 0,55536,3,6,3,10,14,5,0,0,0,1,0,0,1,0
"POINT (9.251513614000032 48.768646150000052)",Unfall 55545 (2018) Kat:3, Licht: 2,55545,3,6,2,10,19,4,0,2,0,1,0,0,0,0
"POINT (9.166672121000033 48.830981324000049)",Unfall 55622 (2018) Kat:3, Licht: 2,55622,3,6,2,10,06,5,1,2,0,1,0,0,0,1
"POINT (9.202017533000060 48.785453991000054)",Unfall 55730 (2018) Kat:3, Licht: 0,55730,3,2,6,10,14,7,0,0,0,1,1,0,0,0
"POINT (9.167785120000076 48.836675839000065)",Unfall 55732 (2018) Kat:3, Licht: 0,55732,3,6,2,10,11,2,0,0,0,1,0,0,0,0
"POINT (9.212392933000047 48.829652096000075)",Unfall 55733 (2018) Kat:3, Licht: 0,55733,3,3,5,10,16,7,0,0,1,0,0,0,0,1
"POINT (9.212763561000031 48.800583909000068)",Unfall 55734 (2018) Kat:3, Licht: 0,55734,3,3,5,10,07,4,0,0,0,1,0,0,0,0
"POINT (9.182362161000071 48.810922710000057)",Unfall 55735 (2018) Kat:3, Licht: 2,55735,3,1,2,10,20,7,0,2,0,1,0,1,0,0
"POINT (9.107120531000021 48.725169776000030)",Unfall 55738 (2018) Kat:3, Licht: 0,55738,3,2,2,10,13,7,0,0,0,1,0,0,0,0
"POINT (9.107120531000021 48.725169776000030)",Unfall 55739 (2018) Kat:3, Licht: 0,55739,3,6,3,10,13,7,0,0,1,0,0,1,0,0
"POINT (9.100916550000022 48.755795622000051)",Unfall 55784 (2018) Kat:2, Licht: 0,55784,2,7,4,10,14,3,0,0,0,1,0,0,0,0
"POINT (9.165532119000034 48.705393839000067)",Unfall 55797 (2018) Kat:3, Licht: 2,55797,3,6,2,10,21,3,0,2,0,1,0,0,0,0
"POINT (9.164333790000057 48.814817954000034)",Unfall 55822 (2018) Kat:3, Licht: 2,55822,3,3,5,10,20,2,0,2,0,1,0,0,0,0
"POINT (9.203570254000056 48.794062957000051)",Unfall 55824 (2018) Kat:3, Licht: 0,55824,3,3,3,10,12,4,0,0,0,1,0,0,0,1
"POINT (9.145052156000077 48.708911400000034)",Unfall 55832 (2018) Kat:3, Licht: 0,55832,3,6,2,10,17,3,0,0,0,1,0,0,0,0
"POINT (9.218946909000067 48.720092363000049)",Unfall 55874 (2018) Kat:3, Licht: 2,55874,3,1,8,10,01,3,0,2,0,1,0,0,0,0
"POINT (9.173957910000070 48.769686615000069)",Unfall 55895 (2018) Kat:3, Licht: 0,55895,3,3,5,10,11,4,0,0,0,1,0,0,1,0
"POINT (9.177388260000043 48.702800464000063)",Unfall 55986 (2018) Kat:2, Licht: 2,55986,2,7,0,10,19,7,1,2,0,1,0,0,1,0
"POINT (9.141733267000063 48.709391126000071)",Unfall 55991 (2018) Kat:2, Licht: 2,55991,2,1,0,10,02,7,0,2,0,1,0,0,0,0
"POINT (9.210441760000037 48.805399499000032)",Unfall 55994 (2018) Kat:2, Licht: 2,55994,2,3,5,10,22,6,0,2,0,1,0,0,0,0
"POINT (9.202847442000063 48.795467428000052)",Unfall 55997 (2018) Kat:3, Licht: 0,55997,3,6,0,10,17,6,0,0,0,1,0,0,0,1
"POINT (9.128056428000036 48.737243221000028)",Unfall 56000 (2018) Kat:3, Licht: 0,56000,3,6,2,10,16,6,0,0,0,1,0,0,0,0
"POINT (9.201728081000056 48.795182270000055)",Unfall 56001 (2018) Kat:3, Licht: 0,56001,3,6,3,10,14,6,0,0,0,1,0,0,1,0
"POINT (9.250131877000058 48.780826340000033)",Unfall 56014 (2018) Kat:3, Licht: 0,56014,3,7,1,10,12,2,0,0,0,1,0,1,0,0
"POINT (9.160449508000056 48.812094696000031)",Unfall 56016 (2018) Kat:3, Licht: 0,56016,3,2,5,10,18,4,0,0,0,1,0,1,0,0
"POINT (9.229986336000025 48.810964935000072)",Unfall 56066 (2018) Kat:3, Licht: 2,56066,3,6,2,10,22,3,0,2,0,1,0,0,0,0
"POINT (9.100829325000063 48.711761089000049)",Unfall 56090 (2018) Kat:3, Licht: 0,56090,3,6,2,10,16,4,0,0,0,1,0,0,0,0
"POINT (9.184853308000072 48.699057653000068)",Unfall 56119 (2018) Kat:2, Licht: 0,56119,2,6,2,10,16,5,0,0,0,1,0,0,0,0
"POINT (9.159417946000076 48.706800773000055)",Unfall 56127 (2018) Kat:3, Licht: 0,56127,3,6,2,10,07,5,0,0,0,1,0,0,0,0
"POINT (9.212752223000052 48.800489127000048)",Unfall 56140 (2018) Kat:3, Licht: 0,56140,3,6,3,10,12,6,0,0,0,1,0,0,1,0
"POINT (9.213106362000076 48.797133185000064)",Unfall 56143 (2018) Kat:2, Licht: 0,56143,2,6,3,10,09,6,0,0,0,1,0,0,1,0
"POINT (9.189059482000062 48.784554494000076)",Unfall 56187 (2018) Kat:3, Licht: 2,56187,3,6,3,10,18,5,1,2,0,1,0,1,0,0
"POINT (9.165463141000032 48.772510714000077)",Unfall 56211 (2018) Kat:3, Licht: 2,56211,3,6,2,10,19,4,0,2,0,1,0,0,0,0
"POINT (9.222794691000047 48.823928876000082)",Unfall 56219 (2018) Kat:3, Licht: 2,56219,3,6,2,10,17,2,0,2,0,1,0,0,0,0
"POINT (9.164513490000047 48.772263222000049)",Unfall 56314 (2018) Kat:3, Licht: 0,56314,3,6,3,10,16,4,0,0,0,1,0,0,0,0
"POINT (9.101217703000032 48.803450010000063)",Unfall 56319 (2018) Kat:3, Licht: 2,56319,3,2,5,10,18,1,0,2,1,1,0,0,0,0
"POINT (9.143389738000053 48.709209513000076)",Unfall 56338 (2018) Kat:3, Licht: 0,56338,3,6,3,10,08,4,0,0,0,1,0,0,1,0
"POINT (9.137570401000062 48.765354237000054)",Unfall 56341 (2018) Kat:3, Licht: 0,56341,3,6,3,10,08,3,0,0,0,1,0,1,0,0
"POINT (9.140845175000038 48.709463160000041)",Unfall 56343 (2018) Kat:3, Licht: 2,56343,3,7,0,10,02,7,0,2,0,0,0,0,1,0
"POINT (9.163792964000038 48.814941784000041)",Unfall 56429 (2018) Kat:2, Licht: 0,56429,2,4,6,10,08,2,0,0,0,1,1,0,0,0
"POINT (9.219479878000072 48.803755886000033)",Unfall 56447 (2018) Kat:3, Licht: 0,56447,3,2,5,10,05,5,0,0,0,1,0,1,0,0
"POINT (9.097306665000076 48.818556594000029)",Unfall 56449 (2018) Kat:3, Licht: 2,56449,3,6,2,10,19,5,0,2,0,1,0,0,0,0
"POINT (9.160516469000072 48.814358673000072)",Unfall 56452 (2018) Kat:3, Licht: 2,56452,3,6,2,10,18,5,0,2,0,1,0,0,0,0
"POINT (9.173615107000046 48.821966508000060)",Unfall 56456 (2018) Kat:3, Licht: 2,56456,3,6,2,10,19,5,0,2,0,1,0,0,0,0
"POINT (9.211543969000047 48.783398148000060)",Unfall 56528 (2018) Kat:2, Licht: 0,56528,2,2,6,10,11,6,0,0,0,0,1,0,0,1
"POINT (9.182057849000046 48.793694704000075)",Unfall 56529 (2018) Kat:3, Licht: 0,56529,3,2,5,10,16,4,0,0,1,1,0,0,0,0
"POINT (9.234861208000041 48.806355328000052)",Unfall 56533 (2018) Kat:3, Licht: 2,56533,3,6,2,10,20,1,0,2,0,1,0,0,0,0
"POINT (9.188607451000053 48.780709555000044)",Unfall 56543 (2018) Kat:3, Licht: 2,56543,3,6,2,10,18,7,0,2,0,1,0,0,0,0
"POINT (9.186360931000024 48.781364634000056)",Unfall 56571 (2018) Kat:3, Licht: 0,56571,3,2,2,10,17,2,0,0,0,1,0,0,0,0
"POINT (9.110413702000074 48.743424741000069)",Unfall 56654 (2018) Kat:3, Licht: 0,56654,3,6,2,10,08,3,0,0,0,1,0,0,0,0
"POINT (9.205797750000045 48.796901661000049)",Unfall 56662 (2018) Kat:3, Licht: 2,56662,3,6,2,10,17,2,0,2,0,1,0,0,0,0
"POINT (9.214278725000042 48.801481195000065)",Unfall 56671 (2018) Kat:3, Licht: 2,56671,3,2,5,10,19,3,0,2,1,1,0,0,0,0
"POINT (9.114045208000050 48.731496058000062)",Unfall 56704 (2018) Kat:3, Licht: 0,56704,3,3,5,11,15,2,0,0,1,1,0,0,0,0
"POINT (9.096677544000045 48.818745905000071)",Unfall 56713 (2018) Kat:3, Licht: 0,56713,3,6,2,10,17,7,1,0,0,1,0,0,0,1
"POINT (9.235613919000059 48.798082021000027)",Unfall 56718 (2018) Kat:3, Licht: 2,56718,3,6,2,10,20,4,0,2,0,1,0,0,0,0
"POINT (9.150964108000039 48.787285189000045)",Unfall 56754 (2018) Kat:3, Licht: 2,56754,3,3,5,10,19,3,0,2,0,1,0,0,0,0
"POINT (9.170008530000075 48.773809496000069)",Unfall 56766 (2018) Kat:2, Licht: 2,56766,2,4,6,11,03,7,0,2,0,1,1,0,0,0
"POINT (9.159723091000046 48.755618516000027)",Unfall 56816 (2018) Kat:3, Licht: 2,56816,3,6,2,11,19,2,0,2,0,1,0,0,0,0
"POINT (9.090513815000065 48.784213761000046)",Unfall 56847 (2018) Kat:3, Licht: 2,56847,3,1,9,11,19,1,0,2,0,1,0,0,0,0
"POINT (9.106953739000062 48.729898060000039)",Unfall 56864 (2018) Kat:3, Licht: 2,56864,3,2,2,10,19,4,0,2,0,1,0,0,0,0
"POINT (9.156102608000026 48.707281349000027)",Unfall 56880 (2018) Kat:3, Licht: 0,56880,3,6,2,10,17,6,0,0,0,1,0,0,0,0