WKT,Name,OBJECTID,UKATEGORIE,UTYP1,UART,UMONAT,USTUNDE,UWOCHENTAG,STRZUSTAND,ULICHTVERH,ISTRAD,ISTPKW,ISTFUSS,ISTKRAD,ISTGKFZ,ISTSONSTIG
"POINT (9.181175277000023 48.790658875000076)",Unfall 56881 (2018) Kat:3, Licht: 0,56881,3,7,0,11,11,7,0,0,0,0,0,1,0,0
"POINT (9.178325308000069 48.814836537000076)",Unfall 56897 (2018) Kat:3, Licht: 2,56897,3,6,2,10,20,2,1,2,0,1,0,0,0,0
"POINT (9.159661566000068 48.831489378000072)",Unfall 56907 (2018) Kat:3, Licht: 0,56907,3,7,0,10,14,3,0,0,0,0,0,0,0,1
"POINT (9.226232061000076 48.794705769000075)",Unfall 56962 (2018) Kat:3, Licht: 0,56962,3,6,2,11,15,5,0,0,0,1,0,0,0,0
"POINT (9.183149929000024 48.776520350000055)",Unfall 56975 (2018) Kat:3, Licht: 2,56975,3,6,3,10,18,6,0,2,0,1,0,0,0,1
"POINT (9.156052119000037 48.849198726000054)",Unfall 56979 (2018) Kat:3, Licht: 0,56979,3,2,0,10,13,6,0,0,0,1,0,1,0,0
"POINT (9.179571927000040 48.773122046000026)",Unfall 56982 (2018) Kat:3, Licht: 1,56982,3,6,2,10,21,6,0,1,0,1,0,0,0,0
"POINT (9.097436122000033 48.818689333000066)",Unfall 56987 (2018) Kat:2, Licht: 0,56987,2,6,3,10,12,6,0,0,0,0,0,1,1,0
"POINT (9.161599709000029 48.741831654000066)",Unfall 57007 (2018) Kat:2, Licht: 2,57007,2,6,2,11,18,7,0,2,0,1,0,0,0,0
"POINT (9.220139136000057 48.701115217000051)",Unfall 57024 (2018) Kat:3, Licht: 0,57024,3,6,2,10,10,3,1,0,0,1,0,0,0,0
"POINT (9.247830465000050 48.782596612000077)",Unfall 57055 (2018) Kat:3, Licht: 2,57055,3,7,3,11,05,6,1,2,0,1,0,1,0,0
"POINT (9.174319484000023 48.769395251000049)",Unfall 57058 (2018) Kat:3, Licht: 0,57058,3,6,3,11,12,2,0,0,0,1,0,0,0,0
"POINT (9.216722013000037 48.803023825000025)",Unfall 57074 (2018) Kat:3, Licht: 2,57074,3,6,2,10,21,4,0,2,0,1,0,0,0,0
"POINT (9.150374703000068 48.728650014000038)",Unfall 57124 (2018) Kat:3, Licht: 0,57124,3,3,5,11,09,7,0,0,1,1,0,0,0,0
"POINT (9.208878015000039 48.800015352000059)",Unfall 57126 (2018) Kat:3, Licht: 0,57126,3,6,2,10,12,5,0,0,0,1,0,0,0,0
"POINT (9.174080930000059 48.821214420000047)",Unfall 57151 (2018) Kat:3, Licht: 0,57151,3,6,2,10,13,3,1,0,0,1,0,0,0,0
"POINT (9.159469848000072 48.814026744000046)",Unfall 57174 (2018) Kat:3, Licht: 0,57174,3,3,0,11,07,2,0,0,0,1,0,1,0,0
"POINT (9.216131574000031 48.803180575000056)",Unfall 57202 (2018) Kat:3, Licht: 2,57202,3,4,6,11,17,5,0,2,0,1,1,0,0,0
"POINT (9.140052632000050 48.709513447000063)",Unfall 57206 (2018) Kat:3, Licht: 0,57206,3,6,2,10,07,3,0,0,0,1,0,0,0,1
"POINT (9.090742214000045 48.714229627000066)",Unfall 57233 (2018) Kat:3, Licht: 0,57233,3,7,9,10,14,4,0,0,0,0,0,0,0,1
"POINT (9.215272422000055 48.802283781000028)",Unfall 57237 (2018) Kat:3, Licht: 0,57237,3,2,5,10,12,5,0,0,1,0,0,0,0,1
"POINT (9.134947602000068 48.745444030000044)",Unfall 57249 (2018) Kat:3, Licht: 2,57249,3,2,5,11,18,6,0,2,1,1,0,0,0,0
"POINT (9.140393239000048 48.709492991000047)",Unfall 57292 (2018) Kat:3, Licht: 2,57292,3,6,3,11,22,4,0,2,0,1,0,0,1,0
"POINT (9.216163226000049 48.803206698000054)",Unfall 57301 (2018) Kat:3, Licht: 1,57301,3,6,3,11,16,6,0,1,0,0,0,0,0,1
"POINT (9.183722560000035 48.809821005000060)",Unfall 57350 (2018) Kat:3, Licht: 0,57350,3,6,2,11,15,4,0,0,0,1,0,1,0,0
"POINT (9.169669026000065 48.763924911000061)",Unfall 57351 (2018) Kat:2, Licht: 0,57351,2,2,6,11,13,4,0,0,0,0,1,0,1,0
"POINT (9.175176389000058 48.819902169000045)",Unfall 57352 (2018) Kat:3, Licht: 2,57352,3,7,3,11,23,4,0,2,0,1,0,0,0,0
"POINT (9.148436584000024 48.785234272000025)",Unfall 57353 (2018) Kat:3, Licht: 0,57353,3,6,2,11,16,4,0,0,0,1,0,0,0,0
"POINT (9.175313246000030 48.820013579000033)",Unfall 57356 (2018) Kat:3, Licht: 2,57356,3,4,2,11,22,4,0,2,0,1,1,0,0,0
"POINT (9.181758229000025 48.753487292000045)",Unfall 57357 (2018) Kat:3, Licht: 0,57357,3,6,2,11,07,6,0,0,0,1,0,0,0,0
"POINT (9.164364907000049 48.711138446000064)",Unfall 57358 (2018) Kat:3, Licht: 2,57358,3,7,0,11,20,4,0,2,0,1,0,0,0,0
"POINT (9.164651667000044 48.850842706000037)",Unfall 57412 (2018) Kat:3, Licht: 0,57412,3,6,2,11,14,6,0,0,0,0,0,0,1,0
"POINT (9.201166480000040 48.780223152000076)",Unfall 57437 (2018) Kat:3, Licht: 0,57437,3,6,2,11,15,5,0,0,0,1,0,0,0,0
"POINT (9.183466486000043 48.767664116000049)",Unfall 57444 (2018) Kat:3, Licht: 0,57444,3,6,2,11,15,5,0,0,0,1,0,0,0,0
"POINT (9.104022521000047 48.806079625000052)",Unfall 57450 (2018) Kat:3, Licht: 0,57450,3,3,5,11,15,3,0,0,0,1,0,0,0,1
"POINT (9.173978778000048 48.769715334000068)",Unfall 57452 (2018) Kat:3, Licht: 2,57452,3,3,5,11,20,3,0,2,0,1,0,0,0,0
"POINT (9.187942179000061 48.780936569000062)",Unfall 57453 (2018) Kat:3, Licht: 0,57453,3,6,2,11,09,3,0,0,0,1,0,0,0,0
"POINT (9.176301284000033 48.817844545000071)",Unfall 57456 (2018) Kat:3, Licht: 1,57456,3,6,2,11,16,5,0,1,0,1,0,0,0,0
"POINT (9.214971601000059 48.802302287000032)",Unfall 57462 (2018) Kat:2, Licht: 2,57462,2,4,6,11,19,5,0,2,0,0,1,0,0,1
"POINT (9.136157922000052 48.773956757000064)",Unfall 57480 (2018) Kat:3, Licht: 2,57480,3,2,5,11,21,6,0,2,0,1,0,0,0,0
"POINT (9.177775085000064 48.815650991000041)",Unfall 57525 (2018) Kat:3, Licht: 1,57525,3,6,3,11,06,3,0,1,0,1,0,0,0,1
"POINT (9.226863448000074 48.819532530000060)",Unfall 57528 (2018) Kat:3, Licht: 2,57528,3,3,6,11,18,3,0,2,0,1,1,0,0,0
"POINT (9.269350322000037 48.756894323000040)",Unfall 57554 (2018) Kat:3, Licht: 0,57554,3,2,5,11,15,5,0,0,0,1,0,0,0,0
"POINT (9.185436621000065 48.774524481000071)",Unfall 57562 (2018) Kat:3, Licht: 2,57562,3,6,0,11,19,7,0,2,0,1,0,1,0,0
"POINT (9.178768163000029 48.772324658000059)",Unfall 57564 (2018) Kat:3, Licht: 1,57564,3,6,2,11,16,4,0,1,0,1,0,0,0,0
"POINT (9.244885221000061 48.789925404000030)",Unfall 57570 (2018) Kat:3, Licht: 0,57570,3,2,5,11,11,7,0,0,0,1,0,0,0,1
"POINT (9.166790980000030 48.723821433000069)",Unfall 57620 (2018) Kat:3, Licht: 2,57620,3,3,5,11,19,7,1,2,0,1,0,0,0,0
"POINT (9.241437724000036 48.790186816000073)",Unfall 57622 (2018) Kat:3, Licht: 1,57622,3,6,2,11,17,4,0,1,0,1,0,0,0,0
"POINT (9.187645678000024 48.782685396000034)",Unfall 57630 (2018) Kat:3, Licht: 2,57630,3,6,2,11,17,5,0,2,0,1,0,0,0,0
"POINT (9.212508053000022 48.806934886000079)",Unfall 57644 (2018) Kat:3, Licht: 0,57644,3,1,0,11,15,2,0,0,1,0,0,0,0,0
"POINT (9.151904752000064 48.835099895000042)",Unfall 57718 (2018) Kat:3, Licht: 2,57718,3,1,8,11,01,1,1,2,0,1,0,0,0,0
"POINT (9.185404798000036 48.774545378000028)",Unfall 57721 (2018) Kat:3, Licht: 2,57721,3,2,2,11,01,1,1,2,0,1,0,0,0,0
"POINT (9.109678693000035 48.727375198000061)",Unfall 57745 (2018) Kat:3, Licht: 0,57745,3,2,5,11,09,4,0,0,0,1,0,0,0,0
"POINT (9.204709983000043 48.706496852000043)",Unfall 57754 (2018) Kat:3, Licht: 0,57754,3,4,6,11,16,5,0,0,0,1,1,0,0,0
"POINT (9.172635470000046 48.704761180000048)",Unfall 57773 (2018) Kat:3, Licht: 0,57773,3,6,2,11,13,7,0,0,0,1,0,0,0,0
"POINT (9.236755771000048 48.706129147000070)",Unfall 57800 (2018) Kat:3, Licht: 0,57800,3,6,2,11,15,5,0,0,0,1,0,0,0,0
"POINT (9.236286646000053 48.843986484000027)",Unfall 57801 (2018) Kat:2, Licht: 0,57801,2,7,3,11,09,1,0,0,0,1,0,0,0,1
"POINT (9.220345525000028 48.835248479000029)",Unfall 57861 (2018) Kat:3, Licht: 0,57861,3,6,2,11,14,5,0,0,0,1,0,0,0,0
"POINT (9.167129133000060 48.723718091000080)",Unfall 57932 (2018) Kat:3, Licht: 0,57932,3,2,2,11,09,2,0,0,0,1,0,0,0,0
"POINT (9.161624272000040 48.771512573000052)",Unfall 57941 (2018) Kat:3, Licht: 0,57941,3,6,2,11,07,2,0,0,0,1,0,0,0,0
"POINT (9.224928088000070 48.818056152000054)",Unfall 57998 (2018) Kat:3, Licht: 0,57998,3,2,5,11,15,5,0,0,0,1,0,0,0,0
"POINT (9.156773195000028 48.707184151000035)",Unfall 58017 (2018) Kat:3, Licht: 2,58017,3,1,2,11,17,2,0,2,0,1,0,0,0,0
"POINT (9.177718717000062 48.844828621000033)",Unfall 58034 (2018) Kat:2, Licht: 2,58034,2,2,5,11,05,6,0,2,0,1,0,0,1,0
"POINT (9.230015448000074 48.812735121000060)",Unfall 58038 (2018) Kat:3, Licht: 0,58038,3,6,2,11,14,6,0,0,0,1,0,0,0,0
"POINT (9.173645533000070 48.841189862000078)",Unfall 58039 (2018) Kat:3, Licht: 2,58039,3,1,9,11,00,6,0,2,0,1,0,0,0,0
"POINT (9.246286262000069 48.788234046000071)",Unfall 58068 (2018) Kat:3, Licht: 2,58068,3,6,2,11,17,5,0,2,0,1,0,0,0,0
"POINT (9.176320028000021 48.806845676000080)",Unfall 58187 (2018) Kat:3, Licht: 2,58187,3,2,5,11,16,5,0,2,0,1,0,1,0,0
"POINT (9.238775808000071 48.789209038000081)",Unfall 58195 (2018) Kat:3, Licht: 1,58195,3,6,2,11,17,3,1,1,0,1,0,0,0,0
"POINT (9.229449864000060 48.812208648000080)",Unfall 58200 (2018) Kat:2, Licht: 2,58200,2,3,5,11,16,7,0,2,0,1,0,0,0,0
"POINT (9.106249580000053 48.808254327000043)",Unfall 58203 (2018) Kat:3, Licht: 2,58203,3,3,5,11,19,7,0,2,0,1,0,0,0,0
"POINT (9.194171292000021 48.807061498000053)",Unfall 58226 (2018) Kat:3, Licht: 2,58226,3,6,2,11,17,4,0,2,0,1,0,0,0,0
"POINT (9.177697558000034 48.783091238000054)",Unfall 58241 (2018) Kat:3, Licht: 2,58241,3,6,2,11,17,2,1,2,0,1,0,0,0,0
"POINT (9.224779990000059 48.804782155000055)",Unfall 58312 (2018) Kat:3, Licht: 2,58312,3,6,2,11,18,1,0,2,0,1,0,0,0,0
"POINT (9.220247182000037 48.835195983000062)",Unfall 58328 (2018) Kat:3, Licht: 0,58328,3,2,5,11,10,1,0,0,0,1,0,0,0,1
"POINT (9.161412857000073 48.756027371000073)",Unfall 58340 (2018) Kat:3, Licht: 0,58340,3,6,2,11,15,2,1,0,0,1,0,0,0,0
"POINT (9.173774139000045 48.776914356000077)",Unfall 58344 (2018) Kat:3, Licht: 2,58344,3,6,2,11,00,1,0,2,0,1,0,0,0,0
"POINT (9.097599036000077 48.818700694000029)",Unfall 58352 (2018) Kat:3, Licht: 0,58352,3,6,2,11,12,3,1,0,0,1,0,0,1,0
"POINT (9.235284469000021 48.815092200000038)",Unfall 58355 (2018) Kat:3, Licht: 0,58355,3,3,5,11,11,1,0,0,1,1,0,0,0,0
"POINT (9.231367281000075 48.841426102000071)",Unfall 58359 (2018) Kat:3, Licht: 2,58359,3,6,2,11,18,4,1,2,0,1,0,0,0,0
"POINT (9.179651575000037 48.761932813000044)",Unfall 58362 (2018) Kat:3, Licht: 0,58362,3,1,9,11,16,1,0,0,0,0,0,1,0,0
"POINT (9.223966837000035 48.794778417000032)",Unfall 58404 (2018) Kat:3, Licht: 2,58404,3,2,5,11,18,2,1,2,0,1,0,0,0,0
"POINT (9.256768215000022 48.760519735000059)",Unfall 58426 (2018) Kat:3, Licht: 0,58426,3,7,8,11,12,5,0,0,0,0,0,0,0,1
"POINT (9.169090632000064 48.738014233000058)",Unfall 58461 (2018) Kat:3, Licht: 0,58461,3,3,5,11,07,3,1,0,1,1,0,0,0,0
"POINT (9.182742995000069 48.798286315000041)",Unfall 58481 (2018) Kat:3, Licht: 2,58481,3,3,5,11,21,2,1,2,1,1,0,0,0,0
"POINT (9.210307887000056 48.799492435000047)",Unfall 58515 (2018) Kat:3, Licht: 0,58515,3,6,2,11,15,3,0,0,0,1,0,0,0,0
"POINT (9.227551119000054 48.815607345000046)",Unfall 58521 (2018) Kat:3, Licht: 0,58521,3,6,3,11,15,4,0,0,0,1,0,0,1,1
"POINT (9.241186821000042 48.790107735000049)",Unfall 58548 (2018) Kat:3, Licht: 2,58548,3,6,2,12,17,4,0,2,0,1,0,0,0,0
"POINT (9.180031949000068 48.773797406000028)",Unfall 58616 (2018) Kat:2, Licht: 0,58616,2,7,6,12,15,7,0,0,1,0,1,0,0,0
"POINT (9.161238295000032 48.830824429000074)",Unfall 58618 (2018) Kat:3, Licht: 0,58618,3,6,2,12,10,7,1,0,0,1,0,0,0,0
"POINT (9.152973445000043 48.809746207000046)",Unfall 58621 (2018) Kat:3, Licht: 2,58621,3,2,2,12,18,3,1,2,0,1,0,0,0,0
"POINT (9.188536088000035 48.783809322000081)",Unfall 58630 (2018) Kat:3, Licht: 2,58630,3,6,3,12,16,2,1,2,0,1,0,0,1,0
"POINT (9.148054908000063 48.754671406000057)",Unfall 58655 (2018) Kat:3, Licht: 0,58655,3,6,2,12,13,5,0,0,0,1,0,0,0,0
"POINT (9.136685774000057 48.709528736000038)",Unfall 58661 (2018) Kat:3, Licht: 2,58661,3,6,2,12,18,1,1,2,0,1,0,0,0,0
"POINT (9.134703175000027 48.709385801000053)",Unfall 58681 (2018) Kat:3, Licht: 0,58681,3,6,2,12,15,1,1,0,0,1,0,0,0,0
"POINT (9.167007598000055 48.835798586000067)",Unfall 58711 (2018) Kat:2, Licht: 0,58711,2,7,8,12,14,4,0,0,0,1,0,0,0,0
"POINT (9.181814201000066 48.766226782000047)",Unfall 58735 (2018) Kat:3, Licht: 2,58735,3,5,1,12,21,5,0,2,0,1,0,0,0,0
"POINT (9.169975830000055 48.705369125000061)",Unfall 58737 (2018) Kat:2, Licht: 2,58737,2,6,2,11,16,6,1,2,0,1,0,0,0,0
"POINT (9.226472878000038 48.741443032000063)",Unfall 58764 (2018) Kat:3, Licht: 0,58764,3,1,8,12,11,1,1,0,0,1,0,0,0,0
"POINT (9.173231570000041 48.822355710000068)",Unfall 58797 (2018) Kat:2, Licht: 0,58797,2,2,5,12,09,2,1,0,0,1,0,0,0,1
"POINT (9.164173530000028 48.712033002000055)",Unfall 58819 (2018) Kat:3, Licht: 1,58819,3,6,2,12,16,4,0,1,0,1,0,0,0,0
"POINT (9.186513529000024 48.770101006000061)",Unfall 58823 (2018) Kat:3, Licht: 0,58823,3,2,5,11,12,6,1,0,0,1,0,0,0,0
"POINT (9.170078566000029 48.838526351000041)",Unfall 58825 (2018) Kat:3, Licht: 2,58825,3,6,2,12,17,5,0,2,0,1,0,0,0,0
"POINT (9.173994212000025 48.769720162000056)",Unfall 58826 (2018) Kat:3, Licht: 0,58826,3,3,5,11,14,6,1,0,0,1,0,0,0,0
"POINT (9.178139187000056 48.771717818000070)",Unfall 58827 (2018) Kat:3, Licht: 0,58827,3,2,6,11,14,6,1,0,0,1,1,0,0,0
"POINT (9.184010852000029 48.809965412000054)",Unfall 58832 (2018) Kat:2, Licht: 2,58832,2,6,4,11,06,6,0,2,1,0,0,0,0,0
"POINT (9.109875580000050 48.729845541000032)",Unfall 58834 (2018) Kat:3, Licht: 0,58834,3,6,2,11,10,6,1,0,0,1,0,0,0,0
"POINT (9.131387285000074 48.709031628000048)",Unfall 58850 (2018) Kat:3, Licht: 0,58850,3,6,2,12,15,1,1,0,0,1,0,0,0,0
"POINT (9.106491113000061 48.820266176000075)",Unfall 58868 (2018) Kat:3, Licht: 0,58868,3,2,2,12,09,3,1,0,0,1,0,0,0,0
"POINT (9.220327512000040 48.699026166000067)",Unfall 58877 (2018) Kat:3, Licht: 0,58877,3,3,5,12,07,2,1,0,0,1,0,0,0,0
"POINT (9.212808601000063 48.797242306000044)",Unfall 58901 (2018) Kat:3, Licht: 0,58901,3,6,3,12,12,5,0,0,0,1,0,0,1,0
"POINT (9.256660125000053 48.697066095000025)",Unfall 58928 (2018) Kat:2, Licht: 2,58928,2,6,2,12,03,1,1,2,0,1,0,0,0,0
"POINT (9.226920764000056 48.739798405000045)",Unfall 58932 (2018) Kat:3, Licht: 2,58932,3,6,2,12,18,4,1,2,0,1,0,0,0,0
"POINT (9.241142892000028 48.790093889000048)",Unfall 58989 (2018) Kat:3, Licht: 2,58989,3,6,2,12,17,7,1,2,0,1,0,0,0,0
"POINT (9.177637967000067 48.815859155000055)",Unfall 58992 (2018) Kat:3, Licht: 0,58992,3,7,6,12,13,4,0,0,1,0,1,0,0,0
"POINT (9.098214779000045 48.819290143000046)",Unfall 58997 (2018) Kat:3, Licht: 0,58997,3,2,5,12,15,5,0,0,0,1,0,0,0,0
"POINT (9.217193636000047 48.793033772000058)",Unfall 59000 (2018) Kat:3, Licht: 2,59000,3,6,2,12,17,6,0,2,0,1,0,0,0,0
"POINT (9.220663233000039 48.830875313000035)",Unfall 59006 (2018) Kat:3, Licht: 0,59006,3,3,5,12,14,3,0,0,0,1,0,0,0,1
"POINT (9.208333709000044 48.747658759000046)",Unfall 59007 (2018) Kat:2, Licht: 2,59007,2,4,6,12,20,6,1,2,0,1,1,0,0,0
"POINT (9.189538868000057 48.807696324000062)",Unfall 59016 (2018) Kat:3, Licht: 0,59016,3,6,3,12,12,6,0,0,0,1,0,0,0,0
"POINT (9.165770620000046 48.722470422000072)",Unfall 59073 (2018) Kat:3, Licht: 2,59073,3,7,2,12,19,4,0,2,0,1,0,0,0,0
"POINT (9.105808907000039 48.729916498000080)",Unfall 59078 (2018) Kat:3, Licht: 2,59078,3,6,2,12,17,4,1,2,0,1,0,0,0,0
"POINT (9.201633278000031 48.794987287000026)",Unfall 59080 (2018) Kat:3, Licht: 0,59080,3,6,2,12,15,2,1,0,0,1,0,0,0,0
"POINT (9.251908368000045 48.768093436000072)",Unfall 59149 (2018) Kat:3, Licht: 2,59149,3,6,2,12,16,3,1,2,0,1,0,0,1,0
"POINT (9.168799213000057 48.811951964000059)",Unfall 59157 (2018) Kat:3, Licht: 2,59157,3,1,9,12,03,1,1,2,0,1,0,0,0,0
"POINT (9.214070895000077 48.808514573000082)",Unfall 59158 (2018) Kat:3, Licht: 0,59158,3,6,2,12,15,7,1,0,0,1,0,0,0,0
"POINT (9.186074946000076 48.808852875000071)",Unfall 59161 (2018) Kat:3, Licht: 2,59161,3,6,2,12,06,4,1,2,0,1,0,0,0,0
"POINT (9.220768863000046 48.796476799000061)",Unfall 59229 (2018) Kat:3, Licht: 2,59229,3,2,5,12,18,4,0,2,0,1,0,0,0,0
"POINT (9.086365727000043 48.831188726000050)",Unfall 59240 (2018) Kat:3, Licht: 2,59240,3,6,2,12,17,5,0,2,0,1,0,0,0,0
"POINT (9.206892032000042 48.807580254000072)",Unfall 59248 (2018) Kat:3, Licht: 2,59248,3,6,2,12,18,4,0,2,0,1,0,0,0,0
"POINT (9.086610802000052 48.831393443000081)",Unfall 59252 (2018) Kat:3, Licht: 2,59252,3,6,2,12,16,5,0,2,0,1,0,0,0,1
"POINT (9.185783638000032 48.808700724000062)",Unfall 59255 (2018) Kat:3, Licht: 0,59255,3,3,5,12,15,2,0,0,0,1,0,0,0,0
"POINT (9.226932380000051 48.739797001000056)",Unfall 59260 (2018) Kat:3, Licht: 0,59260,3,6,4,12,14,3,1,0,0,1,0,0,0,1
"POINT (9.233849814000052 48.806122484000070)",Unfall 59329 (2018) Kat:3, Licht: 0,59329,3,6,2,12,15,7,0,0,0,1,0,0,0,0
"POINT (9.234723487000053 48.799475006000080)",Unfall 59332 (2018) Kat:3, Licht: 2,59332,3,7,3,12,19,4,0,2,0,1,0,0,0,0
"POINT (9.178313385000024 48.771889688000044)",Unfall 59366 (2018) Kat:3, Licht: 2,59366,3,6,3,12,19,4,1,2,0,1,0,0,0,1
"POINT (9.196637633000023 48.791993361000038)",Unfall 59371 (2018) Kat:3, Licht: 0,59371,3,6,3,12,15,2,0,0,0,1,0,0,0,0
"POINT (9.181833721000032 48.793204247000062)",Unfall 59372 (2018) Kat:3, Licht: 2,59372,3,6,2,12,17,6,1,2,0,1,0,1,0,0
"POINT (9.184242411000071 48.754249317000074)",Unfall 59376 (2018) Kat:3, Licht: 0,59376,3,6,2,12,07,5,1,0,0,1,0,0,0,0
"POINT (9.174140143000045 48.811353738000037)",Unfall 59458 (2018) Kat:3, Licht: 2,59458,3,2,5,12,20,4,1,2,0,1,0,0,0,0
"POINT (9.090981128000067 48.732561891000046)",Unfall 59465 (2018) Kat:3, Licht: 0,59465,3,1,8,12,13,2,1,0,0,1,0,0,0,0
"POINT (9.203505615000040 48.710584194000035)",Unfall 59514 (2018) Kat:3, Licht: 0,59514,3,2,2,12,15,2,1,0,0,1,0,0,0,0
"POINT (9.179179055000077 48.757364007000035)",Unfall 59531 (2018) Kat:2, Licht: 0,59531,2,1,8,12,09,1,2,0,0,1,0,0,0,0
"POINT (9.224674342000071 48.794325026000081)",Unfall 59548 (2018) Kat:3, Licht: 1,59548,3,6,3,12,07,7,1,1,1,1,0,0,0,0
"POINT (9.086363564000067 48.830983758000059)",Unfall 59578 (2018) Kat:3, Licht: 2,59578,3,6,2,12,17,5,0,2,0,1,0,0,0,0
"POINT (9.188337522000040 48.780786662000025)",Unfall 59593 (2018) Kat:3, Licht: 0,59593,3,6,2,12,09,4,1,0,0,1,0,0,0,0
"POINT (9.169597528000054 48.763811844000031)",Unfall 59599 (2018) Kat:3, Licht: 2,59599,3,2,6,12,06,6,0,2,0,1,1,0,0,0
"POINT (9.147565380000060 48.837108860000058)",Unfall 59603 (2018) Kat:3, Licht: 0,59603,3,6,2,12,15,5,0,0,0,1,0,0,0,0
"POINT (9.175294428000029 48.820045993000065)",Unfall 59628 (2018) Kat:3, Licht: 2,59628,3,6,9,12,01,1,0,2,0,1,0,0,0,0
"POINT (9.244456748000062 48.791044557000077)",Unfall 59639 (2018) Kat:3, Licht: 2,59639,3,6,2,12,17,7,0,2,0,1,0,0,0,0
"POINT (9.185579117000032 48.774432479000041)",Unfall 59642 (2018) Kat:3, Licht: 0,59642,3,6,2,12,15,7,0,0,1,1,0,0,0,0
"POINT (9.107098425000061 48.725113531000034)",Unfall 59715 (2018) Kat:3, Licht: 2,59715,3,6,2,12,17,5,0,2,0,1,0,0,0,0
"POINT (9.218092660000025 48.786854421000044)",Unfall 59749 (2018) Kat:3, Licht: 0,59749,3,2,6,12,09,7,1,0,0,1,1,0,0,0
"POINT (9.136714404000031 48.709529692000046)",Unfall 59758 (2018) Kat:3, Licht: 2,59758,3,6,2,12,17,4,1,2,0,1,0,0,0,0
"POINT (9.214967111000021 48.743325514000048)",Unfall 59805 (2018) Kat:3, Licht: 2,59805,3,5,1,12,18,6,0,2,0,1,0,1,0,0
"POINT (9.167303819000040 48.707208559000037)",Unfall 59808 (2018) Kat:3, Licht: 0,59808,3,6,2,12,13,2,1,0,0,1,0,0,0,0
"POINT (9.252282231000038 48.767475298000079)",Unfall 59812 (2018) Kat:3, Licht: 2,59812,3,4,6,12,05,6,0,2,0,1,1,0,0,0
"POINT (9.167744482000046 48.705699199000037)",Unfall 59813 (2018) Kat:2, Licht: 0,59813,2,1,8,12,08,7,1,0,0,1,0,0,0,0
"POINT (9.223803401000055 48.794811813000081)",Unfall 59816 (2018) Kat:3, Licht: 0,59816,3,2,3,12,14,6,0,0,0,1,0,1,0,0
"POINT (9.185328564000031 48.774595437000073)",Unfall 59819 (2018) Kat:3, Licht: 2,59819,3,6,3,12,16,6,0,2,0,0,0,1,0,1
"POINT (9.242397934000053 48.790376995000031)",Unfall 59825 (2018) Kat:3, Licht: 0,59825,3,6,2,12,09,4,1,0,0,0,0,0,0,1
"POINT (9.203101779000065 48.795575157000030)",Unfall 59889 (2018) Kat:3, Licht: 0,59889,3,6,2,12,14,7,1,0,0,1,0,0,0,0
"POINT (9.187779977000048 48.781011749000072)",Unfall 60030 (2018) Kat:3, Licht: 2,60030,3,6,2,12,18,2,1,2,0,1,0,0,0,0
"POINT (9.173311198000022 48.822078338000040)",Unfall 60075 (2018) Kat:3, Licht: 2,60075,3,6,3,12,20,1,1,2,0,1,0,0,0,0
"POINT (9.217933193000022 48.786763646000054)",Unfall 60076 (2018) Kat:3, Licht: 2,60076,3,6,2,12,18,1,0,2,0,1,0,0,0,0
"POINT (9.173981475000062 48.769716178000067)",Unfall 60230 (2018) Kat:3, Licht: 1,60230,3,3,5,12,07,6,0,1,0,1,0,0,0,0
"POINT (9.206345566000039 48.797173440000051)",Unfall 60232 (2018) Kat:3, Licht: 0,60232,3,6,2,12,16,6,0,0,0,1,0,0,0,0
"POINT (9.194080811000049 48.695215803000053)",Unfall 60258 (2018) Kat:3, Licht: 2,60258,3,7,2,12,00,5,0,2,0,1,0,0,0,0
"POINT (9.169417416000044 48.832366141000080)",Unfall 148611 (2018) Kat:3, Licht: 0,148611,3,6,2,01,16,5,1,0,0,1,0,0,0,0
"POINT (9.255025912000065 48.782510513000034)",Unfall 148614 (2018) Kat:3, Licht: 2,148614,3,3,5,01,16,5,1,2,0,1,0,0,0,0
"POINT (9.163238988000046 48.810306769000078)",Unfall 148685 (2018) Kat:3, Licht: 0,148685,3,2,2,01,11,3,0,0,0,1,0,0,0,0
"POINT (9.141519916000050 48.755741225000065)",Unfall 148690 (2018) Kat:3, Licht: 2,148690,3,3,6,01,19,3,0,2,0,1,1,0,0,0
"POINT (9.209190190000072 48.807442651000031)",Unfall 148715 (2018) Kat:3, Licht: 2,148715,3,3,5,01,02,2,1,2,0,1,0,0,0,0
"POINT (9.197216550000064 48.824382764000063)",Unfall 148811 (2018) Kat:3, Licht: 2,148811,3,2,5,01,20,5,0,2,0,1,0,0,0,0
"POINT (9.193504934000032 48.809891500000049)",Unfall 148812 (2018) Kat:3, Licht: 2,148812,3,2,5,01,07,5,0,2,1,1,0,0,0,0
"POINT (9.158100984000043 48.782982932000039)",Unfall 148864 (2018) Kat:3, Licht: 0,148864,3,6,2,01,10,4,0,0,0,1,0,0,0,0
"POINT (9.204076174000022 48.724594388000071)",Unfall 148866 (2018) Kat:2, Licht: 2,148866,2,2,6,01,19,4,0,2,0,1,1,0,0,0
"POINT (9.151216952000027 48.758194504000073)",Unfall 148878 (2018) Kat:3, Licht: 2,148878,3,4,6,01,17,2,0,2,1,0,1,0,0,0
"POINT (9.100194523000027 48.740281883000080)",Unfall 148909 (2018) Kat:2, Licht: 1,148909,2,4,6,01,16,1,0,1,0,1,1,0,0,0
"POINT (9.186413649000031 48.775353540000026)",Unfall 148911 (2018) Kat:3, Licht: 0,148911,3,4,6,01,15,1,0,0,0,1,1,0,0,0