WKT,Name,OBJECTID,UKATEGORIE,UTYP1,UART,UMONAT,USTUNDE,UWOCHENTAG,STRZUSTAND,ULICHTVERH,ISTRAD,ISTPKW,ISTFUSS,ISTKRAD,ISTGKFZ,ISTSONSTIG
"POINT (9.247671383000068 48.768554403000053)",Unfall 148913 (2018) Kat:3, Licht: 2,148913,3,3,5,01,01,1,0,2,0,1,0,0,0,0
"POINT (9.111283404000062 48.815206970000077)",Unfall 148914 (2018) Kat:3, Licht: 2,148914,3,6,2,01,19,1,0,2,0,1,0,0,0,0
"POINT (9.256101795000063 48.782701923000047)",Unfall 148920 (2018) Kat:2, Licht: 0,148920,2,4,6,01,16,3,0,0,0,1,1,0,0,0
"POINT (9.161263811000026 48.781289348000030)",Unfall 148948 (2018) Kat:3, Licht: 0,148948,3,3,5,01,13,7,0,0,0,1,0,0,0,0
"POINT (9.166564437000034 48.762583470000038)",Unfall 148967 (2018) Kat:3, Licht: 2,148967,3,6,3,01,19,2,0,2,1,1,0,0,0,0
"POINT (9.167621929000063 48.747903592000057)",Unfall 149006 (2018) Kat:2, Licht: 0,149006,2,4,6,01,15,6,0,0,0,1,1,0,0,0
"POINT (9.173534253000071 48.771212660000060)",Unfall 149008 (2018) Kat:3, Licht: 2,149008,3,5,1,01,19,6,0,2,1,1,0,0,0,0
"POINT (9.259866945000056 48.767689861000065)",Unfall 149009 (2018) Kat:2, Licht: 2,149009,2,5,1,01,00,6,0,2,0,1,0,0,1,0
"POINT (9.207721312000047 48.786699454000029)",Unfall 149011 (2018) Kat:3, Licht: 0,149011,3,7,2,01,12,6,0,0,0,1,0,0,0,0
"POINT (9.117177192000042 48.745572147000075)",Unfall 149014 (2018) Kat:3, Licht: 0,149014,3,6,6,01,14,6,0,0,0,1,1,0,0,0
"POINT (9.180621149000046 48.765620636000051)",Unfall 149017 (2018) Kat:3, Licht: 1,149017,3,6,2,01,16,6,1,1,0,1,0,0,0,0
"POINT (9.123396397000022 48.814443027000038)",Unfall 149112 (2018) Kat:3, Licht: 2,149112,3,2,6,01,18,5,1,2,0,1,1,0,0,0
"POINT (9.217358376000050 48.802163168000050)",Unfall 149113 (2018) Kat:3, Licht: 2,149113,3,4,6,01,19,5,1,2,0,1,1,0,0,0
"POINT (9.191415635000055 48.752516883000055)",Unfall 149115 (2018) Kat:3, Licht: 2,149115,3,3,5,01,16,5,1,2,0,1,0,0,0,0
"POINT (9.203509908000058 48.817973988000062)",Unfall 149136 (2018) Kat:3, Licht: 0,149136,3,2,5,01,10,2,1,0,0,1,0,0,0,0
"POINT (9.100931346000039 48.725312725000038)",Unfall 149138 (2018) Kat:2, Licht: 0,149138,2,4,6,01,14,2,1,0,0,1,1,0,0,0
"POINT (9.177695028000073 48.784201013000029)",Unfall 149139 (2018) Kat:3, Licht: 2,149139,3,4,6,01,17,2,1,2,0,1,1,0,0,0
"POINT (9.211820255000021 48.811198462000050)",Unfall 149141 (2018) Kat:3, Licht: 2,149141,3,4,6,01,06,2,1,2,0,1,1,0,0,0
"POINT (9.139615301000049 48.775633440000036)",Unfall 149169 (2018) Kat:3, Licht: 0,149169,3,6,4,01,12,1,1,0,0,1,0,0,0,0
"POINT (9.220234239000035 48.801166039000066)",Unfall 149182 (2018) Kat:3, Licht: 2,149182,3,3,5,01,18,4,1,2,1,1,0,0,0,0
"POINT (9.152699636000023 48.805232706000027)",Unfall 149184 (2018) Kat:3, Licht: 2,149184,3,4,6,01,17,4,1,2,0,1,1,0,0,0
"POINT (9.156860542000061 48.844964966000077)",Unfall 149186 (2018) Kat:3, Licht: 0,149186,3,3,5,01,15,4,1,0,0,1,0,0,0,0
"POINT (9.083885663000046 48.750234515000045)",Unfall 149188 (2018) Kat:3, Licht: 1,149188,3,6,2,01,07,4,1,1,0,1,0,0,0,0
"POINT (9.159904130000030 48.779711224000039)",Unfall 149190 (2018) Kat:3, Licht: 2,149190,3,4,6,01,17,4,1,2,0,0,1,0,0,1
"POINT (9.193620626000040 48.788076894000028)",Unfall 149214 (2018) Kat:3, Licht: 0,149214,3,7,6,01,12,7,1,0,1,0,1,0,0,0
"POINT (9.220407399000067 48.809705800000074)",Unfall 149217 (2018) Kat:3, Licht: 2,149217,3,2,6,01,19,7,1,2,0,1,1,0,0,0
"POINT (9.147864606000042 48.774779517000070)",Unfall 149219 (2018) Kat:2, Licht: 2,149219,2,7,5,01,17,7,1,2,0,1,0,0,0,1
"POINT (9.160107466000056 48.756198924000046)",Unfall 149274 (2018) Kat:3, Licht: 2,149274,3,6,2,01,17,3,1,2,0,1,0,0,0,0
"POINT (9.162013751000075 48.761601468000038)",Unfall 149276 (2018) Kat:3, Licht: 0,149276,3,3,5,01,08,3,1,0,1,1,0,0,0,0
"POINT (9.108597999000040 48.805099034000079)",Unfall 149282 (2018) Kat:3, Licht: 2,149282,3,3,5,01,05,6,1,2,1,1,0,0,0,0
"POINT (9.208325208000076 48.813492288000077)",Unfall 149283 (2018) Kat:3, Licht: 2,149283,3,2,6,01,18,6,1,2,0,1,1,0,0,0
"POINT (9.220249097000021 48.739213443000040)",Unfall 149286 (2018) Kat:3, Licht: 2,149286,3,3,5,01,18,6,1,2,0,1,0,0,0,0
"POINT (9.180455176000066 48.774134678000053)",Unfall 149299 (2018) Kat:3, Licht: 2,149299,3,4,6,01,19,7,0,2,0,1,1,0,0,0
"POINT (9.169508956000072 48.766396229000065)",Unfall 149355 (2018) Kat:3, Licht: 0,149355,3,3,0,01,15,6,0,0,1,1,0,0,0,0
"POINT (9.103073801000051 48.749873612000044)",Unfall 149374 (2018) Kat:3, Licht: 0,149374,3,2,5,01,13,4,0,0,0,1,0,0,0,0
"POINT (9.261700466000036 48.759796297000037)",Unfall 149375 (2018) Kat:3, Licht: 2,149375,3,5,1,01,06,4,0,2,1,1,0,0,0,0
"POINT (9.180500367000036 48.732255346000045)",Unfall 149411 (2018) Kat:3, Licht: 0,149411,3,5,1,01,14,5,0,0,0,1,0,0,0,0
"POINT (9.264887147000025 48.767451987000072)",Unfall 149451 (2018) Kat:3, Licht: 2,149451,3,3,5,01,05,3,1,2,1,1,0,0,0,0
"POINT (9.175184304000027 48.833974035000040)",Unfall 149453 (2018) Kat:3, Licht: 1,149453,3,4,6,01,07,3,1,1,0,1,1,0,0,0
"POINT (9.161264298000049 48.763191452000058)",Unfall 149475 (2018) Kat:2, Licht: 0,149475,2,5,1,01,13,4,0,0,0,1,0,0,0,0
"POINT (9.214763914000059 48.744867230000068)",Unfall 149477 (2018) Kat:3, Licht: 0,149477,3,2,6,01,12,4,0,0,0,1,1,0,0,0
"POINT (9.271201254000062 48.766588645000070)",Unfall 149479 (2018) Kat:3, Licht: 0,149479,3,3,5,01,12,4,0,0,1,1,0,0,0,0
"POINT (9.164451598000028 48.777061944000081)",Unfall 149491 (2018) Kat:3, Licht: 0,149491,3,4,6,01,14,2,0,0,0,1,1,0,0,0
"POINT (9.161344030000066 48.768789551000054)",Unfall 149493 (2018) Kat:2, Licht: 1,149493,2,3,5,01,17,2,0,1,0,1,0,1,0,0
"POINT (9.180055805000052 48.833707993000075)",Unfall 149495 (2018) Kat:3, Licht: 0,149495,3,6,2,01,15,2,0,0,0,1,0,0,0,0
"POINT (9.159958799000037 48.761837471000035)",Unfall 149496 (2018) Kat:3, Licht: 0,149496,3,6,6,01,15,2,0,0,1,0,1,0,0,0
"POINT (9.123299983000038 48.814472640000076)",Unfall 149520 (2018) Kat:3, Licht: 1,149520,3,4,6,01,17,1,0,1,0,1,1,0,0,0
"POINT (9.172296903000074 48.773218908000047)",Unfall 149522 (2018) Kat:3, Licht: 0,149522,3,4,6,01,12,1,0,0,0,1,1,0,0,0
"POINT (9.113502035000067 48.813649791000046)",Unfall 149530 (2018) Kat:2, Licht: 1,149530,2,4,6,01,08,3,1,1,0,1,1,0,0,0
"POINT (9.183206970000072 48.782365771000059)",Unfall 149560 (2018) Kat:3, Licht: 2,149560,3,6,3,01,17,7,0,2,0,1,0,0,0,1
"POINT (9.120635245000074 48.724329945000079)",Unfall 149572 (2018) Kat:3, Licht: 0,149572,3,6,2,02,16,3,0,0,0,1,0,0,0,0
"POINT (9.144088720000070 48.808169707000047)",Unfall 149574 (2018) Kat:3, Licht: 0,149574,3,6,2,02,15,3,0,0,0,1,0,0,0,0
"POINT (9.166477908000047 48.791939081000066)",Unfall 149575 (2018) Kat:3, Licht: 0,149575,3,6,2,02,17,3,0,0,0,1,0,0,0,0
"POINT (9.253199593000034 48.761567874000036)",Unfall 149603 (2018) Kat:3, Licht: 0,149603,3,3,5,02,13,2,0,0,1,1,0,0,0,0
"POINT (9.181545737000022 48.770385179000073)",Unfall 149605 (2018) Kat:2, Licht: 2,149605,2,7,6,02,20,2,0,2,0,1,1,0,0,0
"POINT (9.147881116000065 48.774815728000078)",Unfall 149645 (2018) Kat:1, Licht: 2,149645,1,4,6,02,19,1,1,2,0,1,1,0,0,0
"POINT (9.143882182000027 48.719214421000061)",Unfall 149651 (2018) Kat:3, Licht: 2,149651,3,1,0,02,06,7,1,2,0,1,0,0,0,0
"POINT (9.164387076000025 48.776981354000043)",Unfall 149694 (2018) Kat:2, Licht: 0,149694,2,2,5,02,10,7,0,0,0,1,0,0,0,1
"POINT (9.147800860000075 48.775462629000060)",Unfall 149699 (2018) Kat:3, Licht: 0,149699,3,3,5,02,14,6,0,0,0,1,0,0,0,0
"POINT (9.165826620000075 48.736184631000071)",Unfall 149700 (2018) Kat:3, Licht: 0,149700,3,2,5,02,09,6,0,0,0,1,0,0,0,0
"POINT (9.220729393000056 48.798224684000047)",Unfall 149743 (2018) Kat:3, Licht: 2,149743,3,2,5,02,06,6,0,2,1,1,0,0,0,0
"POINT (9.160950218000039 48.754578249000076)",Unfall 149777 (2018) Kat:3, Licht: 2,149777,3,1,4,02,23,4,0,2,0,1,0,0,0,0
"POINT (9.183511485000054 48.782402205000039)",Unfall 149779 (2018) Kat:3, Licht: 0,149779,3,7,4,02,12,4,0,0,0,1,0,0,0,0
"POINT (9.100139634000072 48.732362099000056)",Unfall 149780 (2018) Kat:3, Licht: 1,149780,3,5,1,02,07,4,0,1,0,0,0,0,0,1
"POINT (9.249355034000075 48.780490559000043)",Unfall 149815 (2018) Kat:3, Licht: 0,149815,3,6,3,02,14,5,0,0,0,1,0,0,0,0
"POINT (9.167766782000058 48.779179188000057)",Unfall 149846 (2018) Kat:3, Licht: 2,149846,3,7,6,02,00,1,0,2,0,1,1,0,0,0
"POINT (9.168243772000039 48.777281505000076)",Unfall 149847 (2018) Kat:2, Licht: 2,149847,2,4,6,02,06,1,1,2,0,1,1,0,0,0
"POINT (9.173290559000066 48.825032410000063)",Unfall 149870 (2018) Kat:3, Licht: 2,149870,3,3,5,02,18,3,0,2,0,1,0,0,0,0
"POINT (9.170530607000046 48.767589895000071)",Unfall 149893 (2018) Kat:3, Licht: 0,149893,3,2,6,02,12,7,1,0,0,1,1,0,0,0
"POINT (9.183355015000075 48.790670962000036)",Unfall 149927 (2018) Kat:3, Licht: 0,149927,3,6,4,02,07,3,0,0,0,1,0,0,0,1
"POINT (9.132047839000052 48.719607051000025)",Unfall 149933 (2018) Kat:3, Licht: 0,149933,3,1,0,02,14,3,1,0,0,0,0,1,0,0
"POINT (9.207928588000073 48.781853909000063)",Unfall 149944 (2018) Kat:3, Licht: 2,149944,3,7,1,02,18,5,0,2,0,1,0,1,0,0
"POINT (9.146805055000073 48.727881291000074)",Unfall 149949 (2018) Kat:3, Licht: 0,149949,3,6,0,02,11,6,1,0,0,1,0,1,0,0
"POINT (9.172176013000069 48.810222778000082)",Unfall 149951 (2018) Kat:2, Licht: 0,149951,2,1,8,02,08,6,1,0,1,0,0,0,0,0
"POINT (9.160442517000035 48.784542050000027)",Unfall 149953 (2018) Kat:2, Licht: 0,149953,2,1,0,02,08,6,1,0,1,0,0,0,0,0
"POINT (9.156793373000028 48.835846723000031)",Unfall 150002 (2018) Kat:3, Licht: 0,150002,3,2,3,02,14,6,0,0,0,1,0,0,0,0
"POINT (9.264417871000035 48.767973718000064)",Unfall 150037 (2018) Kat:3, Licht: 0,150037,3,6,0,02,14,5,0,0,0,0,0,0,0,1
"POINT (9.141386897000075 48.728688424000040)",Unfall 150076 (2018) Kat:2, Licht: 0,150076,2,3,5,02,15,3,0,0,0,1,0,1,0,0
"POINT (9.207953809000060 48.785291226000027)",Unfall 150094 (2018) Kat:3, Licht: 0,150094,3,6,3,03,11,6,0,0,0,1,0,1,0,0
"POINT (9.224814607000042 48.800279560000035)",Unfall 150095 (2018) Kat:3, Licht: 0,150095,3,6,2,03,07,6,0,0,0,1,0,1,0,0
"POINT (9.218098729000076 48.808040195000046)",Unfall 150097 (2018) Kat:3, Licht: 2,150097,3,6,2,03,21,6,1,2,0,1,0,0,0,0
"POINT (9.117744429000027 48.716363671000067)",Unfall 150099 (2018) Kat:3, Licht: 0,150099,3,7,0,03,11,6,1,0,0,1,0,0,0,0
"POINT (9.245072050000033 48.772053514000049)",Unfall 150114 (2018) Kat:2, Licht: 0,150114,2,7,0,03,15,2,0,0,0,1,0,0,0,1
"POINT (9.252537464000056 48.778501015000074)",Unfall 150116 (2018) Kat:3, Licht: 0,150116,3,4,6,03,15,3,0,0,0,1,1,0,0,0
"POINT (9.169440563000023 48.770187923000037)",Unfall 150118 (2018) Kat:3, Licht: 1,150118,3,2,2,03,18,2,0,1,0,1,0,0,0,0
"POINT (9.225921198000037 48.805873590000033)",Unfall 150124 (2018) Kat:3, Licht: 0,150124,3,5,1,03,14,5,0,0,0,1,0,0,0,0
"POINT (9.159695403000058 48.760750405000067)",Unfall 150126 (2018) Kat:3, Licht: 1,150126,3,6,3,03,18,5,0,1,0,1,0,0,0,0
"POINT (9.156772895000074 48.748407637000071)",Unfall 150128 (2018) Kat:3, Licht: 1,150128,3,6,2,03,18,5,0,1,0,1,0,0,0,0
"POINT (9.164845295000021 48.810781387000077)",Unfall 150175 (2018) Kat:2, Licht: 2,150175,2,3,5,03,19,1,0,2,0,1,0,0,0,0
"POINT (9.153338718000043 48.810893372000066)",Unfall 150177 (2018) Kat:2, Licht: 0,150177,2,1,0,03,08,1,2,0,1,0,0,0,0,0
"POINT (9.159223251000071 48.763762686000064)",Unfall 150182 (2018) Kat:3, Licht: 0,150182,3,3,5,02,11,4,0,0,0,1,0,0,0,0
"POINT (9.194898258000023 48.774016858000039)",Unfall 150183 (2018) Kat:3, Licht: 0,150183,3,2,6,02,13,4,0,0,0,1,1,0,0,0
"POINT (9.163426902000026 48.835810542000047)",Unfall 150222 (2018) Kat:3, Licht: 0,150222,3,7,2,02,13,3,0,0,0,1,0,0,0,0
"POINT (9.210912164000035 48.700369942000066)",Unfall 150224 (2018) Kat:3, Licht: 0,150224,3,6,6,02,07,3,0,0,1,0,1,0,0,0
"POINT (9.170476293000036 48.834173406000048)",Unfall 150226 (2018) Kat:3, Licht: 2,150226,3,3,5,02,21,3,0,2,0,1,0,0,0,0
"POINT (9.110486250000065 48.747004736000065)",Unfall 150228 (2018) Kat:3, Licht: 2,150228,3,3,5,02,19,3,0,2,0,1,0,0,0,0
"POINT (9.166145112000038 48.728605548000075)",Unfall 150230 (2018) Kat:2, Licht: 2,150230,2,1,0,02,19,3,0,2,1,0,0,0,0,0
"POINT (9.101087396000025 48.733551188000035)",Unfall 150269 (2018) Kat:2, Licht: 2,150269,2,2,5,02,19,2,0,2,1,1,0,0,0,0
"POINT (9.182154169000057 48.810576961000038)",Unfall 150287 (2018) Kat:3, Licht: 2,150287,3,3,5,02,01,1,0,2,0,1,0,0,0,0
"POINT (9.164602006000052 48.813252687000045)",Unfall 150310 (2018) Kat:3, Licht: 2,150310,3,1,0,02,03,7,0,2,0,1,0,0,0,0
"POINT (9.215395792000038 48.804110901000058)",Unfall 150313 (2018) Kat:3, Licht: 0,150313,3,6,6,02,12,7,0,0,1,0,1,0,0,0
"POINT (9.235067818000061 48.777103040000043)",Unfall 150314 (2018) Kat:3, Licht: 0,150314,3,6,2,02,14,7,0,0,0,1,0,0,0,0
"POINT (9.172309629000040 48.769836928000075)",Unfall 150316 (2018) Kat:3, Licht: 2,150316,3,4,6,02,20,7,0,2,0,1,1,0,0,0
"POINT (9.167718701000069 48.763483824000048)",Unfall 150332 (2018) Kat:3, Licht: 2,150332,3,6,2,03,00,1,0,2,0,1,0,0,0,0
"POINT (9.195696380000072 48.834907191000070)",Unfall 150359 (2018) Kat:2, Licht: 2,150359,2,6,2,03,20,4,1,2,0,1,0,1,0,0
"POINT (9.159958513000049 48.765378948000034)",Unfall 150362 (2018) Kat:3, Licht: 1,150362,3,6,2,03,06,4,0,1,0,1,0,0,0,0
"POINT (9.247850435000032 48.768575305000070)",Unfall 150366 (2018) Kat:3, Licht: 0,150366,3,3,5,03,15,7,1,0,1,0,0,0,0,1
"POINT (9.145303259000059 48.810421197000039)",Unfall 150367 (2018) Kat:3, Licht: 0,150367,3,7,0,03,14,7,1,0,1,0,0,0,0,0
"POINT (9.245900340000048 48.767758873000048)",Unfall 150369 (2018) Kat:3, Licht: 0,150369,3,6,4,03,16,7,1,0,0,1,0,0,0,0
"POINT (9.242936957000040 48.772422373000040)",Unfall 150371 (2018) Kat:3, Licht: 0,150371,3,6,3,03,17,7,0,0,0,1,0,0,0,0
"POINT (9.163498130000050 48.778201915000068)",Unfall 150373 (2018) Kat:3, Licht: 0,150373,3,6,2,03,11,7,1,0,0,1,0,0,0,0
"POINT (9.209928034000029 48.786294539000039)",Unfall 150414 (2018) Kat:3, Licht: 2,150414,3,2,6,03,23,6,1,2,0,1,1,0,0,0
"POINT (9.199627432000057 48.788225986000043)",Unfall 150417 (2018) Kat:2, Licht: 0,150417,2,7,1,03,16,6,0,0,0,1,0,0,0,0
"POINT (9.164532469000051 48.776945560000058)",Unfall 150418 (2018) Kat:3, Licht: 0,150418,3,2,0,03,07,6,0,0,0,0,1,0,1,0
"POINT (9.205691320000028 48.811759136000035)",Unfall 150420 (2018) Kat:3, Licht: 0,150420,3,3,5,03,07,6,0,0,0,1,0,0,0,0
"POINT (9.176774132000048 48.776859311000067)",Unfall 150427 (2018) Kat:3, Licht: 2,150427,3,3,5,03,03,3,1,2,1,1,0,0,0,0
"POINT (9.167687243000046 48.777951517000076)",Unfall 150430 (2018) Kat:3, Licht: 0,150430,3,4,0,03,15,3,0,0,0,0,1,0,0,1
"POINT (9.189575191000074 48.834441832000039)",Unfall 150432 (2018) Kat:3, Licht: 0,150432,3,7,5,03,16,3,1,0,0,1,0,0,0,0
"POINT (9.215107979000038 48.806828671000062)",Unfall 150475 (2018) Kat:3, Licht: 0,150475,3,6,2,03,12,5,0,0,0,1,0,0,0,1
"POINT (9.117835695000053 48.719287388000055)",Unfall 150477 (2018) Kat:3, Licht: 0,150477,3,6,2,03,18,5,0,0,0,1,0,0,0,0
"POINT (9.186809560000029 48.750811215000056)",Unfall 150478 (2018) Kat:3, Licht: 0,150478,3,2,6,03,16,5,0,0,0,1,1,0,0,0
"POINT (9.122549810000066 48.771828656000025)",Unfall 150537 (2018) Kat:3, Licht: 0,150537,3,6,2,03,07,2,1,0,0,1,0,0,0,0
"POINT (9.122741777000044 48.723994416000039)",Unfall 150538 (2018) Kat:3, Licht: 0,150538,3,6,2,03,14,4,0,0,0,1,0,0,0,0
"POINT (9.173707443000069 48.831791313000053)",Unfall 150539 (2018) Kat:3, Licht: 0,150539,3,3,5,03,10,2,1,0,1,1,0,0,0,0
"POINT (9.166951621000067 48.831608795000079)",Unfall 150540 (2018) Kat:3, Licht: 0,150540,3,5,1,03,14,4,0,0,0,1,0,0,0,0
"POINT (9.207184817000041 48.788969725000072)",Unfall 150541 (2018) Kat:3, Licht: 2,150541,3,2,5,03,20,2,0,2,0,1,0,0,0,0
"POINT (9.097644602000059 48.731028948000073)",Unfall 150542 (2018) Kat:3, Licht: 0,150542,3,6,2,03,09,4,0,0,0,1,0,0,0,0
"POINT (9.207269138000072 48.808720349000055)",Unfall 150543 (2018) Kat:3, Licht: 0,150543,3,2,5,03,12,4,0,0,0,1,0,0,0,0
"POINT (9.160282744000028 48.782634910000070)",Unfall 150544 (2018) Kat:3, Licht: 0,150544,3,3,5,03,08,2,1,0,0,1,0,0,0,0
"POINT (9.102031611000029 48.740404226000067)",Unfall 150545 (2018) Kat:3, Licht: 1,150545,3,6,2,03,18,4,1,1,0,1,0,0,0,0
"POINT (9.183468042000072 48.782342459000063)",Unfall 150546 (2018) Kat:3, Licht: 0,150546,3,6,0,03,15,4,0,0,0,1,0,0,0,1
"POINT (9.223707504000061 48.850891190000027)",Unfall 150547 (2018) Kat:2, Licht: 0,150547,2,7,0,03,10,2,1,0,0,0,0,1,0,0
"POINT (9.156788095000024 48.759075153000026)",Unfall 150592 (2018) Kat:3, Licht: 0,150592,3,7,0,03,09,2,1,0,1,0,0,0,0,0
"POINT (9.085303659000033 48.744680941000070)",Unfall 150599 (2018) Kat:3, Licht: 1,150599,3,1,4,03,03,1,2,1,0,1,0,0,0,0
"POINT (9.159443687000021 48.808948082000029)",Unfall 150600 (2018) Kat:3, Licht: 0,150600,3,7,0,03,10,1,2,0,0,0,0,1,0,0
"POINT (9.146144232000040 48.758163558000035)",Unfall 150639 (2018) Kat:3, Licht: 0,150639,3,6,4,03,10,7,0,0,1,1,0,0,0,0
"POINT (9.165322119000052 48.781441310000048)",Unfall 150676 (2018) Kat:3, Licht: 0,150676,3,6,2,03,17,6,1,0,0,1,0,0,0,1
"POINT (9.155909225000073 48.774969894000037)",Unfall 150678 (2018) Kat:2, Licht: 0,150678,2,4,6,03,09,6,0,0,0,1,1,0,0,0
"POINT (9.161113456000066 48.813345509000044)",Unfall 150679 (2018) Kat:3, Licht: 0,150679,3,7,3,03,13,6,0,0,0,1,0,0,0,0
"POINT (9.182408006000060 48.801612180000063)",Unfall 150682 (2018) Kat:3, Licht: 0,150682,3,3,5,03,07,6,0,0,0,1,0,0,0,0
"POINT (9.146839751000073 48.811887492000039)",Unfall 150686 (2018) Kat:3, Licht: 0,150686,3,6,2,03,08,2,2,0,1,1,0,0,0,0
"POINT (9.204073593000032 48.817377706000059)",Unfall 150693 (2018) Kat:3, Licht: 1,150693,3,6,2,03,17,3,0,1,0,1,0,0,0,0
"POINT (9.101192939000043 48.725374437000028)",Unfall 150732 (2018) Kat:2, Licht: 2,150732,2,3,5,03,20,6,0,2,0,1,0,1,0,0
"POINT (9.232273615000054 48.830830531000061)",Unfall 150733 (2018) Kat:3, Licht: 0,150733,3,2,5,03,07,5,0,0,0,1,0,0,0,0
"POINT (9.180106991000059 48.771727636000037)",Unfall 150734 (2018) Kat:3, Licht: 2,150734,3,7,1,03,23,6,0,2,0,1,1,0,1,0
"POINT (9.179169425000055 48.812243285000079)",Unfall 150736 (2018) Kat:2, Licht: 0,150736,2,1,0,03,07,6,0,0,1,0,0,0,0,0
"POINT (9.168941658000051 48.815477484000041)",Unfall 150740 (2018) Kat:3, Licht: 2,150740,3,7,1,03,00,6,0,2,1,0,0,0,0,1
"POINT (9.173185857000021 48.770880985000076)",Unfall 150800 (2018) Kat:3, Licht: 0,150800,3,4,6,03,11,5,0,0,0,1,1,0,0,0
"POINT (9.177005511000061 48.749651952000079)",Unfall 150802 (2018) Kat:3, Licht: 0,150802,3,3,5,03,12,4,0,0,0,1,0,0,0,0
"POINT (9.220003762000033 48.801980725000078)",Unfall 150803 (2018) Kat:3, Licht: 0,150803,3,3,5,03,15,5,0,0,1,1,0,0,0,0
"POINT (9.171199980000040 48.764025164000032)",Unfall 150804 (2018) Kat:3, Licht: 0,150804,3,3,5,03,08,4,0,0,1,1,0,0,0,0
"POINT (9.134476662000054 48.745308353000041)",Unfall 150867 (2018) Kat:2, Licht: 1,150867,2,7,0,03,19,5,0,1,1,0,0,0,0,0
"POINT (9.170924782000043 48.784837962000040)",Unfall 150868 (2018) Kat:3, Licht: 0,150868,3,6,3,03,08,5,0,0,1,1,0,0,0,0
"POINT (9.177235093000036 48.772615108000082)",Unfall 150920 (2018) Kat:3, Licht: 0,150920,3,7,2,04,18,3,0,0,0,1,0,0,0,0
"POINT (9.149040049000064 48.720728801000064)",Unfall 150921 (2018) Kat:3, Licht: 0,150921,3,3,5,03,13,4,0,0,0,1,0,0,0,0
"POINT (9.218972523000048 48.805110674000048)",Unfall 150922 (2018) Kat:3, Licht: 0,150922,3,6,2,03,17,4,1,0,0,1,0,0,0,0
"POINT (9.226526260000071 48.802265132000059)",Unfall 150980 (2018) Kat:3, Licht: 0,150980,3,3,5,04,13,1,1,0,0,1,0,0,0,0
"POINT (9.194713514000057 48.798923683000055)",Unfall 151027 (2018) Kat:3, Licht: 0,151027,3,3,5,03,11,2,0,0,0,1,0,0,0,0
"POINT (9.174318730000039 48.831658612000069)",Unfall 151030 (2018) Kat:3, Licht: 0,151030,3,3,6,03,16,2,0,0,0,1,1,0,0,0
"POINT (9.188275148000059 48.816013189000046)",Unfall 151033 (2018) Kat:3, Licht: 0,151033,3,6,3,03,07,2,0,0,0,1,0,0,0,1
"POINT (9.236273958000027 48.776446230000033)",Unfall 151064 (2018) Kat:3, Licht: 0,151064,3,6,2,03,15,1,0,0,0,1,0,0,0,0
"POINT (9.216334760000052 48.803669223000043)",Unfall 151065 (2018) Kat:3, Licht: 0,151065,3,7,6,03,14,6,0,0,1,0,1,0,0,0
"POINT (9.148281149000070 48.849758405000046)",Unfall 151067 (2018) Kat:3, Licht: 0,151067,3,3,5,03,15,1,0,0,1,1,0,0,0,0
"POINT (9.215703954000048 48.781873160000032)",Unfall 151112 (2018) Kat:3, Licht: 0,151112,3,6,2,03,17,7,0,0,0,1,0,0,0,0
"POINT (9.254176407000045 48.782618311000078)",Unfall 151133 (2018) Kat:3, Licht: 0,151133,3,2,5,04,07,4,0,0,1,1,0,0,0,1
"POINT (9.210169932000042 48.770366704000025)",Unfall 151160 (2018) Kat:3, Licht: 0,151160,3,2,2,04,15,7,0,0,0,1,0,0,0,0
"POINT (9.145184372000074 48.774711911000054)",Unfall 151163 (2018) Kat:2, Licht: 2,151163,2,4,6,04,23,7,0,2,0,1,1,0,0,0
"POINT (9.177850871000032 48.778016294000054)",Unfall 151165 (2018) Kat:3, Licht: 0,151165,3,7,6,04,18,7,0,0,0,1,1,0,0,0
"POINT (9.189488224000058 48.804175793000070)",Unfall 151166 (2018) Kat:3, Licht: 0,151166,3,6,2,04,13,7,0,0,0,1,0,0,0,0
"POINT (9.184622375000060 48.782103951000067)",Unfall 151220 (2018) Kat:3, Licht: 0,151220,3,6,2,04,08,3,0,0,0,1,0,0,0,0
"POINT (9.188194181000029 48.782407779000039)",Unfall 151223 (2018) Kat:3, Licht: 0,151223,3,2,6,04,17,3,0,0,0,1,1,0,0,0
"POINT (9.156706051000072 48.772493624000049)",Unfall 151243 (2018) Kat:2, Licht: 0,151243,2,2,5,04,16,6,0,0,0,1,0,1,0,0
"POINT (9.247815619000050 48.789814543000034)",Unfall 151244 (2018) Kat:2, Licht: 0,151244,2,7,6,04,15,6,0,0,0,0,1,0,0,1
"POINT (9.106545468000036 48.744419515000061)",Unfall 151247 (2018) Kat:3, Licht: 0,151247,3,6,2,04,16,6,0,0,0,1,0,0,0,0
"POINT (9.173681066000029 48.767237323000074)",Unfall 151250 (2018) Kat:3, Licht: 0,151250,3,5,1,04,08,6,0,0,1,1,0,0,0,0
"POINT (9.229033096000023 48.799432756000044)",Unfall 151288 (2018) Kat:3, Licht: 2,151288,3,3,5,04,05,2,0,2,0,1,0,0,0,0
"POINT (9.178848580000022 48.781299722000028)",Unfall 151313 (2018) Kat:3, Licht: 2,151313,3,3,6,04,20,5,0,2,0,1,1,0,0,0