WKT,Name,OBJECTID,UKATEGORIE,UTYP1,UART,UMONAT,USTUNDE,UWOCHENTAG,STRZUSTAND,ULICHTVERH,ISTRAD,ISTPKW,ISTFUSS,ISTKRAD,ISTGKFZ,ISTSONSTIG
"POINT (9.159643377000066 48.760263473000066)",Unfall 151314 (2018) Kat:3, Licht: 0,151314,3,3,5,04,11,5,0,0,0,1,0,1,0,0
"POINT (9.155320282000048 48.773420294000061)",Unfall 151316 (2018) Kat:3, Licht: 0,151316,3,5,1,04,12,5,0,0,1,1,0,0,0,0
"POINT (9.174204195000073 48.779456341000071)",Unfall 151317 (2018) Kat:3, Licht: 0,151317,3,6,2,04,14,5,0,0,0,1,0,0,0,0
"POINT (9.152377263000062 48.758703659000048)",Unfall 151320 (2018) Kat:3, Licht: 0,151320,3,7,0,04,19,5,0,0,1,0,0,0,0,0
"POINT (9.160692273000052 48.765675125000030)",Unfall 151374 (2018) Kat:2, Licht: 2,151374,2,7,0,04,01,1,0,2,1,0,0,0,0,0
"POINT (9.163958653000066 48.783722971000032)",Unfall 151450 (2018) Kat:3, Licht: 2,151450,3,2,5,04,21,6,0,2,0,1,0,1,0,0
"POINT (9.156621934000043 48.749252362000050)",Unfall 151451 (2018) Kat:3, Licht: 0,151451,3,3,5,04,10,6,0,0,0,1,0,0,1,0
"POINT (9.161584924000067 48.762295436000045)",Unfall 151452 (2018) Kat:3, Licht: 0,151452,3,3,5,04,15,3,0,0,1,1,0,0,0,0
"POINT (9.204106135000075 48.818272321000052)",Unfall 151453 (2018) Kat:3, Licht: 0,151453,3,7,3,04,16,3,0,0,0,1,0,1,0,0
"POINT (9.164661757000033 48.832364280000036)",Unfall 151454 (2018) Kat:3, Licht: 0,151454,3,6,4,04,06,6,0,0,1,0,0,0,0,0
"POINT (9.087349805000031 48.809794418000081)",Unfall 151455 (2018) Kat:3, Licht: 0,151455,3,2,5,04,17,3,0,0,0,1,0,0,0,0
"POINT (9.155836306000026 48.837426223000080)",Unfall 151456 (2018) Kat:3, Licht: 0,151456,3,7,2,04,15,3,0,0,0,1,0,1,0,0
"POINT (9.193999785000074 48.832491296000057)",Unfall 151457 (2018) Kat:2, Licht: 0,151457,2,3,5,04,17,3,0,0,1,1,0,0,0,0
"POINT (9.144877618000066 48.721061048000081)",Unfall 151459 (2018) Kat:3, Licht: 0,151459,3,6,2,04,14,3,0,0,0,1,0,0,1,0
"POINT (9.197229090000064 48.824373893000029)",Unfall 151550 (2018) Kat:3, Licht: 0,151550,3,3,5,04,14,5,0,0,1,1,0,0,0,0
"POINT (9.211445521000030 48.784191596000028)",Unfall 151551 (2018) Kat:3, Licht: 0,151551,3,4,6,04,11,5,0,0,0,1,1,0,0,0
"POINT (9.155993826000042 48.778446840000072)",Unfall 151553 (2018) Kat:3, Licht: 2,151553,3,1,0,04,22,5,0,2,0,0,0,1,0,0
"POINT (9.199213066000027 48.774721797000041)",Unfall 151562 (2018) Kat:3, Licht: 0,151562,3,1,0,04,18,1,0,0,0,0,0,1,0,0
"POINT (9.255221847000030 48.782378820000076)",Unfall 151564 (2018) Kat:3, Licht: 0,151564,3,1,0,04,17,1,0,0,1,0,0,0,0,0
"POINT (9.176760113000057 48.809404698000037)",Unfall 151565 (2018) Kat:3, Licht: 0,151565,3,1,0,04,16,1,0,0,1,0,0,0,0,0
"POINT (9.216201537000075 48.781940363000047)",Unfall 151568 (2018) Kat:3, Licht: 0,151568,3,1,0,04,15,1,0,0,1,0,0,0,0,0
"POINT (9.160648865000042 48.808901525000067)",Unfall 151635 (2018) Kat:3, Licht: 0,151635,3,2,6,04,09,7,0,0,0,1,1,0,0,0
"POINT (9.200898373000030 48.819910064000055)",Unfall 151671 (2018) Kat:3, Licht: 0,151671,3,6,2,04,11,1,0,0,0,1,0,0,0,0
"POINT (9.197372829000074 48.785884857000042)",Unfall 151745 (2018) Kat:3, Licht: 0,151745,3,3,0,04,08,5,0,0,0,1,0,1,0,0
"POINT (9.219589773000052 48.821437757000069)",Unfall 151746 (2018) Kat:2, Licht: 0,151746,2,3,5,04,17,5,0,0,1,1,0,0,0,0
"POINT (9.238223155000071 48.791176571000051)",Unfall 151748 (2018) Kat:3, Licht: 0,151748,3,2,5,04,17,5,0,0,0,1,0,1,0,0
"POINT (9.195523532000038 48.789376800000070)",Unfall 151751 (2018) Kat:3, Licht: 0,151751,3,4,6,04,18,5,0,0,0,0,1,0,0,1
"POINT (9.170420915000022 48.810977517000026)",Unfall 151753 (2018) Kat:3, Licht: 0,151753,3,3,5,04,19,5,0,0,1,1,0,0,0,0
"POINT (9.181471951000049 48.833788123000033)",Unfall 151755 (2018) Kat:3, Licht: 0,151755,3,2,5,04,16,5,0,0,0,1,0,1,0,0
"POINT (9.172452360000023 48.782438601000081)",Unfall 151761 (2018) Kat:3, Licht: 2,151761,3,4,6,04,22,7,0,2,0,1,1,0,0,0
"POINT (9.177186600000027 48.829690030000052)",Unfall 151763 (2018) Kat:3, Licht: 0,151763,3,3,5,04,11,7,0,0,0,1,0,0,0,1
"POINT (9.224923104000027 48.802966438000055)",Unfall 151764 (2018) Kat:3, Licht: 2,151764,3,3,5,04,23,7,0,2,0,1,0,1,0,0
"POINT (9.102530099000035 48.744726445000026)",Unfall 151767 (2018) Kat:2, Licht: 0,151767,2,1,0,04,16,7,0,0,1,0,0,0,0,0
"POINT (9.184283953000033 48.791869457000075)",Unfall 151875 (2018) Kat:3, Licht: 0,151875,3,3,5,04,13,4,0,0,0,1,0,0,0,0
"POINT (9.217142229000046 48.807394224000063)",Unfall 151878 (2018) Kat:3, Licht: 0,151878,3,3,5,04,12,4,0,0,1,1,0,0,0,0
"POINT (9.160590346000049 48.760950703000049)",Unfall 151879 (2018) Kat:2, Licht: 0,151879,2,2,5,04,08,4,0,0,0,1,0,1,0,0
"POINT (9.150315710000029 48.811331455000072)",Unfall 151881 (2018) Kat:3, Licht: 0,151881,3,3,0,04,07,4,0,0,1,1,0,0,0,0
"POINT (9.199992814000041 48.843005448000042)",Unfall 151883 (2018) Kat:2, Licht: 0,151883,2,3,5,04,18,4,0,0,1,1,0,0,0,0
"POINT (9.107618565000053 48.813403054000048)",Unfall 151885 (2018) Kat:3, Licht: 0,151885,3,3,5,04,19,4,0,0,1,1,0,0,0,0
"POINT (9.181709732000059 48.777048122000053)",Unfall 151886 (2018) Kat:3, Licht: 2,151886,3,7,0,04,21,4,0,2,1,0,0,0,0,0
"POINT (9.193966237000041 48.788282449000064)",Unfall 151912 (2018) Kat:3, Licht: 0,151912,3,5,1,04,11,6,0,0,0,1,0,1,0,0
"POINT (9.139858478000065 48.774714401000040)",Unfall 151913 (2018) Kat:3, Licht: 0,151913,3,1,0,04,17,6,0,0,1,0,0,0,0,0
"POINT (9.184207150000077 48.816160162000074)",Unfall 151985 (2018) Kat:2, Licht: 0,151985,2,1,0,04,14,3,1,0,1,0,0,0,0,0
"POINT (9.191997696000044 48.777284036000026)",Unfall 151986 (2018) Kat:3, Licht: 0,151986,3,2,5,04,08,3,0,0,1,1,0,0,0,0
"POINT (9.156420515000036 48.723626063000040)",Unfall 151988 (2018) Kat:3, Licht: 0,151988,3,5,1,04,18,3,0,0,1,1,0,0,0,0
"POINT (9.140709492000042 48.772231195000074)",Unfall 151989 (2018) Kat:3, Licht: 0,151989,3,6,2,04,08,3,0,0,0,1,0,0,0,0
"POINT (9.195671951000065 48.833345115000043)",Unfall 152001 (2018) Kat:3, Licht: 0,152001,3,3,5,04,18,5,0,0,0,1,0,0,0,0
"POINT (9.167265151000038 48.800463994000040)",Unfall 152004 (2018) Kat:3, Licht: 2,152004,3,5,1,04,22,5,0,2,1,1,0,0,0,0
"POINT (9.156812158000037 48.747239810000053)",Unfall 152092 (2018) Kat:3, Licht: 0,152092,3,3,5,04,14,2,1,0,0,1,0,0,0,0
"POINT (9.187496554000063 48.789716207000026)",Unfall 152095 (2018) Kat:3, Licht: 1,152095,3,6,2,04,20,2,0,1,0,1,0,0,0,1
"POINT (9.227858598000069 48.792640729000027)",Unfall 152098 (2018) Kat:3, Licht: 0,152098,3,2,3,04,14,2,0,0,0,1,0,1,0,0
"POINT (9.173811011000055 48.827485224000043)",Unfall 152101 (2018) Kat:3, Licht: 0,152101,3,1,9,04,16,2,0,0,0,1,1,0,0,0
"POINT (9.145496693000041 48.815174099000046)",Unfall 152104 (2018) Kat:3, Licht: 0,152104,3,3,0,04,17,2,0,0,1,1,0,0,0,0
"POINT (9.161603771000046 48.774292821000074)",Unfall 152105 (2018) Kat:3, Licht: 0,152105,3,7,0,04,07,2,0,0,0,1,0,0,0,0
"POINT (9.155237674000034 48.802903331000039)",Unfall 152112 (2018) Kat:2, Licht: 0,152112,2,1,8,04,19,4,0,0,0,1,0,0,0,0
"POINT (9.101395850000074 48.726707260000069)",Unfall 152113 (2018) Kat:3, Licht: 0,152113,3,2,5,04,17,4,0,0,1,1,0,0,0,0
"POINT (9.194736416000069 48.784505019000051)",Unfall 152205 (2018) Kat:3, Licht: 0,152205,3,4,6,04,07,6,0,0,0,1,1,0,0,0
"POINT (9.220743518000063 48.799059083000031)",Unfall 152216 (2018) Kat:2, Licht: 2,152216,2,2,6,05,00,4,0,2,0,1,1,0,0,0
"POINT (9.182212711000034 48.782787066000026)",Unfall 152220 (2018) Kat:2, Licht: 2,152220,2,4,6,04,23,2,0,2,0,1,1,0,0,0
"POINT (9.158036112000048 48.845098645000064)",Unfall 152222 (2018) Kat:3, Licht: 1,152222,3,3,5,04,19,2,0,1,1,1,0,0,0,0
"POINT (9.204988146000062 48.727527381000073)",Unfall 152223 (2018) Kat:3, Licht: 0,152223,3,3,5,04,16,2,0,0,1,1,0,0,0,0
"POINT (9.157375841000032 48.714583232000052)",Unfall 152224 (2018) Kat:3, Licht: 0,152224,3,3,5,04,14,2,0,0,0,1,0,1,0,0
"POINT (9.119635708000033 48.812380995000069)",Unfall 152226 (2018) Kat:2, Licht: 0,152226,2,6,3,04,13,2,0,0,1,0,0,0,0,0
"POINT (9.193295045000070 48.787888711000051)",Unfall 152227 (2018) Kat:2, Licht: 0,152227,2,6,3,04,18,2,0,0,1,1,0,0,0,0
"POINT (9.176486159000035 48.839991973000053)",Unfall 152229 (2018) Kat:3, Licht: 0,152229,3,2,5,04,13,2,0,0,0,1,0,0,0,0
"POINT (9.231991261000076 48.842165860000080)",Unfall 152231 (2018) Kat:2, Licht: 0,152231,2,1,8,04,07,2,0,0,1,0,0,0,0,0
"POINT (9.174813402000041 48.829428930000063)",Unfall 152232 (2018) Kat:3, Licht: 0,152232,3,6,2,04,17,2,0,0,0,1,0,0,0,0
"POINT (9.117209375000073 48.816500054000073)",Unfall 152234 (2018) Kat:3, Licht: 0,152234,3,3,5,04,17,2,0,0,1,0,0,0,0,0
"POINT (9.216045336000036 48.806855981000069)",Unfall 152273 (2018) Kat:3, Licht: 2,152273,3,2,2,04,20,1,0,2,0,1,0,1,0,0
"POINT (9.125479853000059 48.730800737000038)",Unfall 152317 (2018) Kat:3, Licht: 0,152317,3,3,5,05,11,4,0,0,1,1,0,0,0,0
"POINT (9.192540438000037 48.787707624000063)",Unfall 152377 (2018) Kat:3, Licht: 0,152377,3,1,0,05,08,3,0,0,0,0,0,1,0,0
"POINT (9.154034106000040 48.807699247000073)",Unfall 152403 (2018) Kat:3, Licht: 0,152403,3,7,0,04,18,6,0,0,1,0,0,0,0,1
"POINT (9.151184128000068 48.741364537000038)",Unfall 152420 (2018) Kat:3, Licht: 0,152420,3,2,6,05,14,4,0,0,0,1,1,0,0,0
"POINT (9.171206665000057 48.777809952000041)",Unfall 152428 (2018) Kat:3, Licht: 0,152428,3,4,6,04,13,6,0,0,0,1,1,0,0,0
"POINT (9.178613302000031 48.795699090000028)",Unfall 152430 (2018) Kat:3, Licht: 0,152430,3,6,4,04,14,6,0,0,0,1,0,1,0,0
"POINT (9.197927554000046 48.835773515000028)",Unfall 152431 (2018) Kat:3, Licht: 0,152431,3,6,2,04,10,6,0,0,0,1,0,0,0,0
"POINT (9.211886558000060 48.788927565000051)",Unfall 152433 (2018) Kat:3, Licht: 0,152433,3,6,2,04,11,6,0,0,0,1,0,0,0,0
"POINT (9.188556960000028 48.818184914000028)",Unfall 152472 (2018) Kat:3, Licht: 0,152472,3,3,5,05,18,6,0,0,1,1,0,0,0,0
"POINT (9.175118346000033 48.744675383000072)",Unfall 152476 (2018) Kat:3, Licht: 0,152476,3,5,1,05,13,6,0,0,0,1,0,0,0,0
"POINT (9.175812663000045 48.795498553000073)",Unfall 152478 (2018) Kat:3, Licht: 0,152478,3,5,1,05,16,1,0,0,0,1,0,1,0,0
"POINT (9.178506475000063 48.766901603000065)",Unfall 152479 (2018) Kat:2, Licht: 0,152479,2,2,5,05,09,6,0,0,0,1,0,1,0,0
"POINT (9.122169922000069 48.724017198000070)",Unfall 152482 (2018) Kat:3, Licht: 0,152482,3,3,5,05,10,6,0,0,0,1,0,0,0,1
"POINT (9.168091544000049 48.764913077000074)",Unfall 152485 (2018) Kat:3, Licht: 0,152485,3,6,2,05,15,6,0,0,0,1,0,0,0,0
"POINT (9.235133519000044 48.777067337000062)",Unfall 152487 (2018) Kat:2, Licht: 0,152487,2,2,5,05,16,6,0,0,0,1,0,0,0,0
"POINT (9.175006145000054 48.783439186000066)",Unfall 152491 (2018) Kat:3, Licht: 0,152491,3,6,0,05,11,6,0,0,0,1,0,0,0,1
"POINT (9.206579320000060 48.780214716000046)",Unfall 152587 (2018) Kat:3, Licht: 0,152587,3,7,5,05,11,1,0,0,0,1,0,0,0,0
"POINT (9.193648872000040 48.785262858000067)",Unfall 152614 (2018) Kat:3, Licht: 0,152614,3,3,5,05,15,2,0,0,0,1,0,1,0,0
"POINT (9.119812736000029 48.814317900000049)",Unfall 152616 (2018) Kat:3, Licht: 0,152616,3,3,0,05,19,2,0,0,1,1,0,0,0,0
"POINT (9.151612204000060 48.841522264000048)",Unfall 152619 (2018) Kat:3, Licht: 0,152619,3,3,5,05,07,2,0,0,1,1,0,0,0,0
"POINT (9.239354407000064 48.776264354000034)",Unfall 152620 (2018) Kat:3, Licht: 0,152620,3,3,5,05,19,2,0,0,1,1,0,0,0,0
"POINT (9.220350982000070 48.800649577000058)",Unfall 152665 (2018) Kat:3, Licht: 0,152665,3,6,2,05,13,5,0,0,0,1,0,0,0,0
"POINT (9.229170949000036 48.742253360000063)",Unfall 152666 (2018) Kat:3, Licht: 0,152666,3,3,5,05,12,7,0,0,0,1,0,1,0,0
"POINT (9.240132122000034 48.791512883000053)",Unfall 152671 (2018) Kat:3, Licht: 0,152671,3,6,4,05,10,5,0,0,0,1,0,0,1,0
"POINT (9.160050381000076 48.754383176000033)",Unfall 152675 (2018) Kat:3, Licht: 0,152675,3,1,0,05,13,5,0,0,0,0,0,1,0,0
"POINT (9.144455319000031 48.756929321000030)",Unfall 152710 (2018) Kat:2, Licht: 0,152710,2,1,0,05,10,5,0,0,1,0,0,0,0,0
"POINT (9.209029385000065 48.782458387000077)",Unfall 152711 (2018) Kat:3, Licht: 0,152711,3,6,2,05,14,3,0,0,0,1,0,0,0,0
"POINT (9.146988227000065 48.726868810000042)",Unfall 152730 (2018) Kat:2, Licht: 0,152730,2,2,6,05,11,3,0,0,0,1,1,0,0,0
"POINT (9.162788362000072 48.769249798000033)",Unfall 152735 (2018) Kat:3, Licht: 0,152735,3,2,5,05,15,3,0,0,1,1,0,0,0,0
"POINT (9.148203726000077 48.811378173000037)",Unfall 152750 (2018) Kat:3, Licht: 0,152750,3,3,5,05,16,2,1,0,1,0,0,0,0,1
"POINT (9.178029027000036 48.833890919000055)",Unfall 152752 (2018) Kat:3, Licht: 0,152752,3,6,2,05,20,2,1,0,0,1,0,0,0,0
"POINT (9.156775582000023 48.748291474000041)",Unfall 152754 (2018) Kat:3, Licht: 0,152754,3,6,2,05,19,2,1,0,0,1,0,0,0,0
"POINT (9.166221140000062 48.820130990000052)",Unfall 152783 (2018) Kat:3, Licht: 1,152783,3,3,5,05,20,4,0,1,1,1,0,0,0,0
"POINT (9.168052194000040 48.747902357000044)",Unfall 152784 (2018) Kat:3, Licht: 0,152784,3,3,5,05,12,1,0,0,1,1,0,0,0,0
"POINT (9.258821374000036 48.755101747000026)",Unfall 152785 (2018) Kat:3, Licht: 0,152785,3,3,5,05,06,4,0,0,0,1,0,1,0,0
"POINT (9.179097069000022 48.766347902000064)",Unfall 152786 (2018) Kat:3, Licht: 0,152786,3,5,1,05,16,1,0,0,1,1,0,0,0,0
"POINT (9.170131353000045 48.780105632000073)",Unfall 152787 (2018) Kat:3, Licht: 1,152787,3,4,6,05,21,4,0,1,0,0,1,1,0,0
"POINT (9.150975438000046 48.713053916000035)",Unfall 152844 (2018) Kat:3, Licht: 0,152844,3,6,8,05,15,7,0,0,1,0,0,0,0,0
"POINT (9.108209347000070 48.733728194000037)",Unfall 152950 (2018) Kat:2, Licht: 2,152950,2,3,5,05,22,3,0,2,0,1,0,0,0,0
"POINT (9.110052428000074 48.813593834000073)",Unfall 152952 (2018) Kat:3, Licht: 0,152952,3,3,5,05,07,3,0,0,1,1,0,0,0,0
"POINT (9.207090590000064 48.788976373000025)",Unfall 152954 (2018) Kat:3, Licht: 0,152954,3,3,5,05,10,3,0,0,0,1,0,0,1,0
"POINT (9.168048319000036 48.764743445000079)",Unfall 153019 (2018) Kat:3, Licht: 0,153019,3,6,2,05,08,4,1,0,0,0,0,1,1,0
"POINT (9.194759304000058 48.772684849000029)",Unfall 153021 (2018) Kat:3, Licht: 0,153021,3,6,2,05,14,4,0,0,0,1,0,0,0,0
"POINT (9.174715532000050 48.783342723000032)",Unfall 153104 (2018) Kat:3, Licht: 0,153104,3,5,1,05,13,6,0,0,0,1,0,1,0,0
"POINT (9.211466828000027 48.815319865000049)",Unfall 153106 (2018) Kat:3, Licht: 0,153106,3,3,5,05,16,6,0,0,1,0,0,0,0,1
"POINT (9.152596868000046 48.774869880000040)",Unfall 153109 (2018) Kat:3, Licht: 0,153109,3,6,2,05,10,6,0,0,0,1,0,0,0,0
"POINT (9.150133751000055 48.850078147000033)",Unfall 153150 (2018) Kat:3, Licht: 0,153150,3,3,5,05,09,3,0,0,0,1,0,0,0,1
"POINT (9.116706824000062 48.724951330000067)",Unfall 153152 (2018) Kat:3, Licht: 2,153152,3,3,5,05,23,3,0,2,0,1,0,0,0,0
"POINT (9.162214362000043 48.776201396000033)",Unfall 153198 (2018) Kat:3, Licht: 0,153198,3,7,6,05,19,5,0,0,1,1,1,0,0,0
"POINT (9.232955268000069 48.842867303000048)",Unfall 153200 (2018) Kat:3, Licht: 0,153200,3,3,5,05,18,5,0,0,0,1,0,0,0,0
"POINT (9.107059290000052 48.731285072000048)",Unfall 153201 (2018) Kat:3, Licht: 2,153201,3,3,5,05,21,5,0,2,0,1,0,0,0,0
"POINT (9.135606122000070 48.719423466000080)",Unfall 153203 (2018) Kat:3, Licht: 0,153203,3,6,2,05,08,5,0,0,0,1,0,0,0,1
"POINT (9.174447762000057 48.830953037000029)",Unfall 153215 (2018) Kat:3, Licht: 2,153215,3,1,0,05,21,5,0,2,1,0,0,0,0,0
"POINT (9.162097847000041 48.770224614000028)",Unfall 153216 (2018) Kat:2, Licht: 0,153216,2,3,5,05,16,5,0,0,0,1,0,0,0,0
"POINT (9.190432729000065 48.777919489000055)",Unfall 153217 (2018) Kat:3, Licht: 0,153217,3,1,4,05,17,5,1,0,0,0,0,1,1,0
"POINT (9.170588296000062 48.780094334000069)",Unfall 153251 (2018) Kat:3, Licht: 0,153251,3,4,6,05,19,4,0,0,0,1,1,0,0,0
"POINT (9.115312820000042 48.813933791000068)",Unfall 153253 (2018) Kat:3, Licht: 0,153253,3,6,2,05,12,4,0,0,0,1,0,0,0,0
"POINT (9.163228114000049 48.810303557000054)",Unfall 153256 (2018) Kat:3, Licht: 0,153256,3,2,6,05,08,4,0,0,0,1,1,0,0,0
"POINT (9.179158317000031 48.812117435000062)",Unfall 153258 (2018) Kat:3, Licht: 0,153258,3,6,4,05,14,4,0,0,0,1,0,0,0,1
"POINT (9.211651675000042 48.784823731000074)",Unfall 153261 (2018) Kat:3, Licht: 0,153261,3,7,1,05,09,4,0,0,1,1,0,0,0,0
"POINT (9.209775535000063 48.809533856000030)",Unfall 153314 (2018) Kat:3, Licht: 0,153314,3,6,2,05,09,7,0,0,0,1,0,0,0,0
"POINT (9.153882956000075 48.776436183000044)",Unfall 153315 (2018) Kat:3, Licht: 0,153315,3,7,1,05,15,7,0,0,1,0,0,1,0,0
"POINT (9.237682311000071 48.791477260000079)",Unfall 153348 (2018) Kat:2, Licht: 1,153348,2,2,5,05,05,3,0,1,0,1,0,1,0,0
"POINT (9.232161312000073 48.844617409000080)",Unfall 153350 (2018) Kat:3, Licht: 0,153350,3,7,0,05,14,3,1,0,1,0,0,0,0,0
"POINT (9.226678321000065 48.782748907000041)",Unfall 153353 (2018) Kat:2, Licht: 0,153353,2,6,3,05,16,3,1,0,0,1,0,1,0,0
"POINT (9.250441651000074 48.780799973000057)",Unfall 153355 (2018) Kat:3, Licht: 0,153355,3,1,0,05,16,3,1,0,0,0,0,1,0,0
"POINT (9.159678157000030 48.768246694000027)",Unfall 153396 (2018) Kat:3, Licht: 2,153396,3,2,5,05,22,6,0,2,0,1,0,0,0,0
"POINT (9.222975464000058 48.782244843000058)",Unfall 153398 (2018) Kat:3, Licht: 0,153398,3,6,4,05,20,6,0,0,1,0,0,0,0,0
"POINT (9.172646651000036 48.772892483000078)",Unfall 153416 (2018) Kat:3, Licht: 0,153416,3,7,5,05,17,2,0,0,0,1,1,0,0,0
"POINT (9.170571349000056 48.829136585000072)",Unfall 153472 (2018) Kat:3, Licht: 0,153472,3,3,5,05,16,5,0,0,1,1,0,0,0,0
"POINT (9.164777866000065 48.762385210000048)",Unfall 153474 (2018) Kat:3, Licht: 0,153474,3,5,1,05,09,5,0,0,0,1,0,0,0,0
"POINT (9.153647424000042 48.780227734000050)",Unfall 153476 (2018) Kat:3, Licht: 0,153476,3,2,5,05,18,5,0,0,0,1,0,1,0,0
"POINT (9.143109816000049 48.770367512000064)",Unfall 153510 (2018) Kat:2, Licht: 0,153510,2,2,6,05,21,4,0,0,0,1,1,0,0,0
"POINT (9.197843915000021 48.710043447000032)",Unfall 153511 (2018) Kat:3, Licht: 0,153511,3,7,5,05,16,4,0,0,1,1,0,0,0,0
"POINT (9.155908169000043 48.774969867000038)",Unfall 153512 (2018) Kat:3, Licht: 0,153512,3,4,6,05,13,4,0,0,0,0,1,0,0,1
"POINT (9.099747280000031 48.821787289000042)",Unfall 153514 (2018) Kat:3, Licht: 0,153514,3,5,6,05,13,4,0,0,0,1,1,0,0,0
"POINT (9.202718714000071 48.789152175000027)",Unfall 153576 (2018) Kat:2, Licht: 0,153576,2,4,6,05,18,3,0,0,0,1,1,0,0,0
"POINT (9.135603411000034 48.741940380000074)",Unfall 153577 (2018) Kat:3, Licht: 0,153577,3,3,5,06,17,7,0,0,1,1,0,0,0,0
"POINT (9.251313055000026 48.769657478000056)",Unfall 153578 (2018) Kat:3, Licht: 0,153578,3,3,5,06,19,7,0,0,0,1,0,0,0,0
"POINT (9.167275391000032 48.763370766000037)",Unfall 153579 (2018) Kat:3, Licht: 0,153579,3,3,5,05,16,3,0,0,1,1,0,0,0,0
"POINT (9.144134610000037 48.810348977000046)",Unfall 153665 (2018) Kat:3, Licht: 0,153665,3,4,6,05,09,2,0,0,1,0,1,0,0,0
"POINT (9.169855361000032 48.832331643000032)",Unfall 153666 (2018) Kat:3, Licht: 0,153666,3,4,6,05,12,2,0,0,0,1,1,0,0,0
"POINT (9.169589436000024 48.808982739000044)",Unfall 153667 (2018) Kat:3, Licht: 0,153667,3,6,2,05,19,2,0,0,0,1,0,1,0,0
"POINT (9.186441176000074 48.790649142000063)",Unfall 153698 (2018) Kat:3, Licht: 2,153698,3,6,2,05,02,5,1,2,0,1,0,0,0,0
"POINT (9.174448904000030 48.830934082000056)",Unfall 153700 (2018) Kat:3, Licht: 2,153700,3,4,6,05,22,5,0,2,0,1,1,0,0,0
"POINT (9.150720219000050 48.759256624000045)",Unfall 153741 (2018) Kat:3, Licht: 0,153741,3,5,1,06,18,4,0,0,1,1,0,0,0,0
"POINT (9.184704136000050 48.791764069000067)",Unfall 153742 (2018) Kat:3, Licht: 0,153742,3,6,2,06,08,4,0,0,0,1,0,1,0,0
"POINT (9.164492260000031 48.848817053000062)",Unfall 153743 (2018) Kat:3, Licht: 0,153743,3,3,5,06,08,4,0,0,1,1,0,0,0,0
"POINT (9.170257531000061 48.740630693000071)",Unfall 153744 (2018) Kat:3, Licht: 0,153744,3,7,0,06,07,4,0,0,1,0,0,0,0,0
"POINT (9.178577208000036 48.795754732000034)",Unfall 153816 (2018) Kat:3, Licht: 0,153816,3,3,5,06,05,6,0,0,0,1,0,1,0,0
"POINT (9.207554015000028 48.779822581000076)",Unfall 153818 (2018) Kat:3, Licht: 0,153818,3,3,5,06,08,6,0,0,0,1,0,1,0,0
"POINT (9.211120995000044 48.821704432000047)",Unfall 153821 (2018) Kat:3, Licht: 0,153821,3,2,5,06,07,6,0,0,1,1,0,0,0,0
"POINT (9.194664033000038 48.799649190000025)",Unfall 153823 (2018) Kat:3, Licht: 2,153823,3,7,2,06,22,6,1,2,0,1,0,1,0,0
"POINT (9.196345198000074 48.833376294000061)",Unfall 153907 (2018) Kat:2, Licht: 0,153907,2,7,0,06,18,2,0,0,1,1,0,0,0,0
"POINT (9.148963274000039 48.850410786000054)",Unfall 153909 (2018) Kat:3, Licht: 0,153909,3,3,5,06,19,2,0,0,1,1,0,0,0,0
"POINT (9.152512339000055 48.771943602000078)",Unfall 153910 (2018) Kat:3, Licht: 0,153910,3,5,1,06,07,5,0,0,0,1,0,0,0,0
"POINT (9.111610275000032 48.813651683000046)",Unfall 153913 (2018) Kat:2, Licht: 0,153913,2,3,5,06,17,5,0,0,1,1,0,0,0,0
"POINT (9.210773427000049 48.816191224000079)",Unfall 153915 (2018) Kat:3, Licht: 0,153915,3,6,0,06,14,5,0,0,1,1,0,0,0,0
"POINT (9.158110238000063 48.757542192000074)",Unfall 153916 (2018) Kat:3, Licht: 0,153916,3,3,5,06,18,5,0,0,1,1,0,0,0,0
"POINT (9.232490758000040 48.778874970000061)",Unfall 153918 (2018) Kat:3, Licht: 1,153918,3,3,5,06,18,5,0,1,1,1,0,0,0,0
"POINT (9.260541646000036 48.753625004000071)",Unfall 153945 (2018) Kat:3, Licht: 0,153945,3,5,1,06,07,4,0,0,1,1,0,0,0,0
"POINT (9.157382903000041 48.771460780000041)",Unfall 153969 (2018) Kat:3, Licht: 0,153969,3,3,5,06,13,1,0,0,1,1,0,0,0,0
"POINT (9.214363425000045 48.736838326000054)",Unfall 154050 (2018) Kat:3, Licht: 0,154050,3,2,2,06,07,5,0,0,0,1,0,0,0,0
"POINT (9.110605302000067 48.812680832000069)",Unfall 154051 (2018) Kat:3, Licht: 0,154051,3,3,5,06,13,5,0,0,1,1,0,0,0,0
"POINT (9.157385265000073 48.727089473000035)",Unfall 154053 (2018) Kat:3, Licht: 0,154053,3,3,5,06,18,5,0,0,0,1,0,0,0,0
"POINT (9.150325472000077 48.758943386000055)",Unfall 154056 (2018) Kat:3, Licht: 0,154056,3,2,6,06,18,5,0,0,0,1,1,0,0,0
"POINT (9.191129988000057 48.834646800000030)",Unfall 154058 (2018) Kat:3, Licht: 2,154058,3,5,1,06,22,5,0,2,0,1,0,0,0,0