WKT,Name,OBJECTID,UKATEGORIE,UTYP1,UART,UMONAT,USTUNDE,UWOCHENTAG,STRZUSTAND,ULICHTVERH,ISTRAD,ISTPKW,ISTFUSS,ISTKRAD,ISTGKFZ,ISTSONSTIG
"POINT (9.232134581000025 48.790290784000035)",Unfall 154061 (2018) Kat:3, Licht: 0,154061,3,3,5,06,14,2,0,0,0,0,0,0,1,1
"POINT (9.167096494000020 48.785104721000039)",Unfall 154124 (2018) Kat:2, Licht: 0,154124,2,1,0,06,12,1,0,0,1,0,0,0,0,0
"POINT (9.183535535000033 48.808771522000029)",Unfall 154125 (2018) Kat:3, Licht: 0,154125,3,1,0,06,18,1,1,0,0,0,0,1,0,0
"POINT (9.185673059000067 48.791105834000064)",Unfall 154127 (2018) Kat:3, Licht: 0,154127,3,1,0,06,13,1,0,0,1,0,0,0,0,0
"POINT (9.177728374000026 48.797172881000051)",Unfall 154138 (2018) Kat:2, Licht: 0,154138,2,3,5,06,18,4,0,0,1,1,0,0,0,0
"POINT (9.160601150000048 48.788148096000043)",Unfall 154140 (2018) Kat:3, Licht: 0,154140,3,6,2,06,16,4,0,0,0,1,0,0,0,0
"POINT (9.116325962000076 48.815058323000073)",Unfall 154205 (2018) Kat:3, Licht: 0,154205,3,6,0,06,10,7,0,0,1,1,0,0,0,0
"POINT (9.176109805000067 48.829582822000077)",Unfall 154207 (2018) Kat:3, Licht: 0,154207,3,3,5,06,17,7,0,0,0,1,0,0,0,0
"POINT (9.174337967000042 48.831654168000057)",Unfall 154209 (2018) Kat:3, Licht: 0,154209,3,2,6,06,10,7,0,0,0,1,1,0,0,0
"POINT (9.093097195000041 48.738774820000060)",Unfall 154235 (2018) Kat:3, Licht: 0,154235,3,3,5,06,07,3,0,0,1,1,0,0,0,0
"POINT (9.134228259000054 48.726758339000071)",Unfall 154236 (2018) Kat:2, Licht: 0,154236,2,2,5,06,15,3,1,0,1,0,0,0,0,1
"POINT (9.197805916000050 48.835771529000056)",Unfall 154238 (2018) Kat:3, Licht: 0,154238,3,3,5,06,14,3,1,0,0,1,0,0,0,0
"POINT (9.174152565000043 48.772680833000038)",Unfall 154239 (2018) Kat:3, Licht: 0,154239,3,7,6,06,11,3,0,0,0,1,1,0,0,0
"POINT (9.161477264000041 48.838034256000071)",Unfall 154241 (2018) Kat:3, Licht: 0,154241,3,1,0,06,14,3,1,0,0,0,0,1,0,0
"POINT (9.209484137000061 48.780817412000033)",Unfall 154244 (2018) Kat:3, Licht: 0,154244,3,7,2,06,17,3,1,0,0,1,0,1,0,0
"POINT (9.202919843000075 48.726520386000061)",Unfall 154268 (2018) Kat:3, Licht: 0,154268,3,1,0,06,14,1,0,0,0,0,0,1,0,0
"POINT (9.168747271000029 48.765421204000063)",Unfall 154329 (2018) Kat:3, Licht: 0,154329,3,2,5,06,14,7,0,0,1,1,0,0,0,0
"POINT (9.180778558000043 48.787936545000036)",Unfall 154331 (2018) Kat:3, Licht: 0,154331,3,6,2,06,13,7,0,0,0,1,0,0,0,0
"POINT (9.156346071000030 48.780181823000078)",Unfall 154333 (2018) Kat:3, Licht: 0,154333,3,5,1,06,09,7,0,0,0,1,0,1,0,0
"POINT (9.161859068000069 48.777137800000048)",Unfall 154334 (2018) Kat:3, Licht: 0,154334,3,3,5,06,10,7,0,0,0,1,0,0,0,0
"POINT (9.174614834000067 48.772732211000061)",Unfall 154336 (2018) Kat:3, Licht: 0,154336,3,7,6,06,17,7,0,0,1,0,1,0,0,0
"POINT (9.263101904000052 48.790618679000033)",Unfall 154365 (2018) Kat:3, Licht: 0,154365,3,3,5,06,12,3,0,0,1,1,0,0,0,0
"POINT (9.153688003000070 48.768098901000030)",Unfall 154367 (2018) Kat:3, Licht: 0,154367,3,6,2,06,16,3,0,0,0,1,0,1,0,0
"POINT (9.218241726000031 48.801937775000056)",Unfall 154370 (2018) Kat:2, Licht: 0,154370,2,4,6,06,17,3,0,0,0,1,1,0,0,0
"POINT (9.155615138000030 48.778326518000028)",Unfall 154438 (2018) Kat:2, Licht: 0,154438,2,3,5,06,14,6,0,0,0,1,0,1,0,0
"POINT (9.211479130000043 48.822754293000060)",Unfall 154481 (2018) Kat:2, Licht: 0,154481,2,1,8,06,16,2,0,0,0,0,0,1,0,0
"POINT (9.159909609000067 48.776747668000041)",Unfall 154540 (2018) Kat:2, Licht: 0,154540,2,3,5,06,09,6,0,0,0,1,0,1,0,0
"POINT (9.156762266000044 48.749293027000078)",Unfall 154541 (2018) Kat:3, Licht: 0,154541,3,6,2,06,15,6,0,0,0,1,0,1,0,0
"POINT (9.176770674000068 48.776855602000069)",Unfall 154543 (2018) Kat:2, Licht: 0,154543,2,3,5,06,07,6,0,0,1,1,0,0,0,0
"POINT (9.248577613000066 48.788224863000039)",Unfall 154545 (2018) Kat:2, Licht: 0,154545,2,3,5,06,11,6,0,0,0,1,0,0,0,0
"POINT (9.171794725000041 48.774920213000030)",Unfall 154556 (2018) Kat:3, Licht: 0,154556,3,3,5,06,07,4,0,0,1,0,0,0,0,1
"POINT (9.166211425000029 48.762901980000038)",Unfall 154559 (2018) Kat:3, Licht: 1,154559,3,1,0,06,21,4,0,1,1,0,0,0,0,0
"POINT (9.253441393000060 48.778087874000050)",Unfall 154655 (2018) Kat:3, Licht: 0,154655,3,3,5,06,20,1,0,0,1,1,0,0,0,0
"POINT (9.099831540000025 48.732184184000062)",Unfall 154664 (2018) Kat:3, Licht: 0,154664,3,3,5,06,16,5,0,0,1,1,0,0,0,0
"POINT (9.180266828000072 48.783425810000040)",Unfall 154665 (2018) Kat:3, Licht: 0,154665,3,7,6,06,16,5,0,0,1,0,1,0,0,0
"POINT (9.244826908000050 48.810293943000033)",Unfall 154667 (2018) Kat:2, Licht: 0,154667,2,5,1,06,18,5,0,0,1,1,0,0,0,0
"POINT (9.174446280000041 48.830977678000067)",Unfall 154668 (2018) Kat:3, Licht: 0,154668,3,6,2,06,08,5,0,0,0,1,0,0,0,0
"POINT (9.191535428000066 48.817531233000068)",Unfall 154670 (2018) Kat:3, Licht: 0,154670,3,6,2,06,07,5,0,0,0,1,0,0,0,0
"POINT (9.207707711000069 48.813035122000031)",Unfall 154672 (2018) Kat:3, Licht: 0,154672,3,4,6,06,16,5,0,0,0,1,1,0,0,0
"POINT (9.225732645000051 48.783339285000068)",Unfall 154674 (2018) Kat:3, Licht: 0,154674,3,3,5,06,08,5,0,0,0,1,0,1,0,0
"POINT (9.107904719000032 48.737520310000036)",Unfall 154694 (2018) Kat:3, Licht: 0,154694,3,3,5,06,09,4,0,0,1,1,0,0,0,0
"POINT (9.171667405000051 48.769026866000047)",Unfall 154763 (2018) Kat:3, Licht: 0,154763,3,5,1,06,13,7,0,0,1,1,0,0,0,0
"POINT (9.190597551000053 48.778249865000078)",Unfall 154818 (2018) Kat:3, Licht: 0,154818,3,2,5,06,20,4,0,0,0,1,0,1,0,0
"POINT (9.192614567000021 48.778521552000029)",Unfall 154820 (2018) Kat:3, Licht: 0,154820,3,1,0,06,16,4,0,0,1,0,0,0,0,0
"POINT (9.211212154000066 48.720847009000067)",Unfall 154821 (2018) Kat:3, Licht: 0,154821,3,1,0,06,16,4,0,0,0,0,0,1,0,0
"POINT (9.175655061000043 48.766487331000064)",Unfall 154824 (2018) Kat:3, Licht: 0,154824,3,6,2,06,13,4,0,0,0,1,0,0,0,0
"POINT (9.157805486000029 48.813135331000069)",Unfall 154851 (2018) Kat:3, Licht: 0,154851,3,2,0,06,07,5,0,0,1,1,0,0,0,0
"POINT (9.117901611000036 48.718260793000070)",Unfall 154854 (2018) Kat:3, Licht: 0,154854,3,3,5,06,09,5,0,0,1,1,0,0,0,0
"POINT (9.271089942000060 48.769235374000061)",Unfall 154924 (2018) Kat:2, Licht: 0,154924,2,7,0,06,07,3,0,0,1,0,0,0,0,0
"POINT (9.229755179000051 48.741153103000045)",Unfall 154925 (2018) Kat:3, Licht: 0,154925,3,7,0,06,12,3,0,0,0,1,0,0,0,0
"POINT (9.214126850000071 48.809641167000052)",Unfall 155022 (2018) Kat:3, Licht: 0,155022,3,3,5,06,10,2,0,0,0,1,0,1,0,0
"POINT (9.146903285000064 48.727619175000029)",Unfall 155052 (2018) Kat:3, Licht: 0,155052,3,4,6,07,17,2,0,0,0,1,1,0,0,0
"POINT (9.267560999000068 48.763427503000059)",Unfall 155054 (2018) Kat:3, Licht: 0,155054,3,2,5,07,13,2,0,0,0,1,0,1,0,0
"POINT (9.102856788000054 48.729389746000038)",Unfall 155055 (2018) Kat:3, Licht: 0,155055,3,3,5,07,08,2,0,0,1,1,0,0,0,0
"POINT (9.188110121000022 48.791034288000048)",Unfall 155057 (2018) Kat:2, Licht: 0,155057,2,1,6,07,09,2,0,0,1,0,1,0,0,0
"POINT (9.149522520000062 48.774856927000030)",Unfall 155110 (2018) Kat:3, Licht: 0,155110,3,6,3,07,20,1,0,0,1,1,0,0,0,0
"POINT (9.189646191000065 48.803633199000046)",Unfall 155154 (2018) Kat:3, Licht: 0,155154,3,3,5,07,17,3,0,0,1,1,0,0,0,0
"POINT (9.210112140000035 48.785851219000051)",Unfall 155157 (2018) Kat:2, Licht: 0,155157,2,4,6,07,20,3,0,0,0,1,1,0,0,0
"POINT (9.242042247000029 48.818749749000062)",Unfall 155160 (2018) Kat:2, Licht: 0,155160,2,7,0,07,14,3,0,0,1,0,0,0,0,0
"POINT (9.104556256000024 48.732781734000071)",Unfall 155177 (2018) Kat:3, Licht: 2,155177,3,3,5,06,23,7,0,2,0,1,0,0,0,0
"POINT (9.220052856000052 48.756174123000051)",Unfall 155179 (2018) Kat:3, Licht: 0,155179,3,2,5,06,13,7,0,0,1,1,0,0,0,0
"POINT (9.159678434000057 48.807423887000027)",Unfall 155180 (2018) Kat:3, Licht: 1,155180,3,3,5,06,21,7,0,1,1,0,0,1,0,0
"POINT (9.160169300000064 48.786592922000068)",Unfall 155183 (2018) Kat:3, Licht: 0,155183,3,4,6,06,13,7,0,0,0,1,1,0,0,0
"POINT (9.199803889000066 48.791813862000026)",Unfall 155279 (2018) Kat:3, Licht: 2,155279,3,2,5,06,00,6,1,2,0,1,0,0,0,1
"POINT (9.169111581000038 48.817779984000026)",Unfall 155280 (2018) Kat:3, Licht: 0,155280,3,7,1,06,13,6,0,0,0,1,0,0,0,0
"POINT (9.248494521000055 48.768841844000065)",Unfall 155282 (2018) Kat:3, Licht: 0,155282,3,3,5,06,08,6,0,0,0,1,0,0,0,0
"POINT (9.151846513000066 48.750713066000060)",Unfall 155283 (2018) Kat:3, Licht: 0,155283,3,1,0,06,20,6,0,0,1,0,0,0,0,0
"POINT (9.174498216000075 48.775568258000078)",Unfall 155304 (2018) Kat:2, Licht: 2,155304,2,3,5,07,23,6,0,2,0,1,0,0,0,0
"POINT (9.175914888000023 48.765743298000075)",Unfall 155358 (2018) Kat:3, Licht: 0,155358,3,3,5,07,16,1,0,0,1,1,0,0,0,0
"POINT (9.183182923000061 48.772075370000039)",Unfall 155359 (2018) Kat:3, Licht: 0,155359,3,7,2,07,14,1,0,0,0,1,0,0,0,0
"POINT (9.227097262000029 48.804715793000071)",Unfall 155362 (2018) Kat:3, Licht: 0,155362,3,5,0,07,16,6,0,0,0,1,0,1,0,0
"POINT (9.249755802000038 48.766042828000081)",Unfall 155400 (2018) Kat:3, Licht: 0,155400,3,7,3,07,16,5,1,0,0,0,0,0,1,1
"POINT (9.188601198000072 48.789211877000071)",Unfall 155405 (2018) Kat:3, Licht: 0,155405,3,1,8,07,07,6,1,0,0,1,0,0,0,0
"POINT (9.117343937000044 48.814169945000060)",Unfall 155480 (2018) Kat:2, Licht: 0,155480,2,4,6,07,14,6,0,0,1,0,1,0,0,0
"POINT (9.161553674000061 48.809826952000037)",Unfall 155531 (2018) Kat:3, Licht: 0,155531,3,2,5,07,08,4,0,0,1,1,0,0,0,0
"POINT (9.210382701000071 48.785294649000036)",Unfall 155533 (2018) Kat:3, Licht: 0,155533,3,7,5,07,14,4,0,0,0,0,0,1,0,1
"POINT (9.172823049000044 48.762318698000058)",Unfall 155536 (2018) Kat:3, Licht: 0,155536,3,3,5,07,11,4,0,0,0,1,0,0,0,0
"POINT (9.139378007000062 48.726639713000054)",Unfall 155540 (2018) Kat:3, Licht: 0,155540,3,3,5,07,17,4,0,0,1,1,0,0,0,0
"POINT (9.189676571000064 48.768874326000059)",Unfall 155541 (2018) Kat:3, Licht: 0,155541,3,1,0,07,16,4,1,0,0,0,0,1,0,0
"POINT (9.174315732000025 48.773786075000032)",Unfall 155560 (2018) Kat:3, Licht: 0,155560,3,4,0,07,14,4,0,0,0,0,1,0,0,1
"POINT (9.247937292000074 48.768191548000061)",Unfall 155561 (2018) Kat:3, Licht: 0,155561,3,3,5,07,13,4,0,0,1,1,0,0,0,0
"POINT (9.158418449000067 48.756159857000057)",Unfall 155562 (2018) Kat:2, Licht: 0,155562,2,7,4,07,07,4,0,0,0,1,0,0,0,0
"POINT (9.164959519000036 48.749340905000054)",Unfall 155563 (2018) Kat:3, Licht: 0,155563,3,1,0,07,10,4,0,0,1,0,0,0,0,0
"POINT (9.249319143000037 48.777005755000062)",Unfall 155626 (2018) Kat:3, Licht: 0,155626,3,1,1,07,20,6,0,0,0,1,0,1,0,0
"POINT (9.107034962000057 48.732527086000061)",Unfall 155628 (2018) Kat:3, Licht: 2,155628,3,1,0,07,23,6,0,2,0,0,0,1,0,0
"POINT (9.190404127000022 48.777861464000068)",Unfall 155647 (2018) Kat:2, Licht: 0,155647,2,1,0,07,21,3,0,0,1,0,0,0,0,0
"POINT (9.161894120000056 48.786785133000080)",Unfall 155649 (2018) Kat:3, Licht: 0,155649,3,3,5,07,12,3,0,0,1,1,0,0,0,0
"POINT (9.166784078000035 48.819530295000050)",Unfall 155755 (2018) Kat:3, Licht: 0,155755,3,7,4,07,17,5,0,0,0,1,0,0,0,1
"POINT (9.199769891000074 48.791833144000066)",Unfall 155756 (2018) Kat:3, Licht: 0,155756,3,2,5,07,16,5,0,0,0,1,0,0,0,1
"POINT (9.180194819000064 48.783456456000067)",Unfall 155758 (2018) Kat:3, Licht: 0,155758,3,6,2,07,12,5,0,0,0,1,0,0,0,0
"POINT (9.137752597000031 48.753311508000081)",Unfall 155761 (2018) Kat:3, Licht: 0,155761,3,1,9,07,08,5,0,0,0,1,0,0,0,0
"POINT (9.157813384000065 48.782800014000031)",Unfall 155764 (2018) Kat:3, Licht: 0,155764,3,6,2,07,11,5,0,0,0,1,0,0,0,0
"POINT (9.167914890000077 48.763709743000049)",Unfall 155766 (2018) Kat:3, Licht: 0,155766,3,4,6,07,17,5,0,0,0,1,1,0,0,0
"POINT (9.264084882000077 48.768411757000081)",Unfall 155768 (2018) Kat:2, Licht: 0,155768,2,4,6,07,15,5,0,0,1,0,1,0,0,0
"POINT (9.151672301000076 48.809648311000046)",Unfall 155769 (2018) Kat:3, Licht: 0,155769,3,2,0,07,09,5,0,0,0,1,0,1,0,0
"POINT (9.176441049000061 48.832531995000068)",Unfall 155771 (2018) Kat:3, Licht: 0,155771,3,6,2,07,17,5,0,0,1,1,0,0,0,0
"POINT (9.197328470000059 48.792006099000048)",Unfall 155774 (2018) Kat:3, Licht: 0,155774,3,5,1,07,10,5,0,0,0,1,0,0,0,0
"POINT (9.251344747000076 48.769668609000064)",Unfall 155775 (2018) Kat:2, Licht: 2,155775,2,3,5,07,21,2,0,2,0,1,0,0,0,0
"POINT (9.112155943000062 48.728324866000037)",Unfall 155776 (2018) Kat:3, Licht: 0,155776,3,6,4,07,18,5,0,0,1,0,0,0,0,1
"POINT (9.168204099000036 48.765600997000035)",Unfall 155777 (2018) Kat:3, Licht: 0,155777,3,4,6,07,07,2,0,0,0,1,1,0,0,0
"POINT (9.165223308000066 48.773954270000047)",Unfall 155778 (2018) Kat:3, Licht: 1,155778,3,6,2,07,20,5,0,1,1,0,0,0,0,0
"POINT (9.225869940000052 48.811574744000040)",Unfall 155780 (2018) Kat:2, Licht: 0,155780,2,6,2,07,17,2,0,0,0,1,0,1,0,0
"POINT (9.206012119000036 48.713937936000036)",Unfall 155782 (2018) Kat:3, Licht: 0,155782,3,2,5,07,08,2,0,0,1,1,0,0,0,0
"POINT (9.180641840000021 48.787471853000056)",Unfall 155821 (2018) Kat:3, Licht: 0,155821,3,6,2,07,15,2,0,0,0,1,0,0,0,0
"POINT (9.185855827000069 48.830484775000059)",Unfall 155822 (2018) Kat:3, Licht: 0,155822,3,6,2,07,13,2,0,0,0,1,0,0,0,0
"POINT (9.213308559000041 48.783215430000041)",Unfall 155891 (2018) Kat:3, Licht: 0,155891,3,7,0,07,14,1,0,0,1,0,0,0,0,0
"POINT (9.163438343000053 48.780887108000059)",Unfall 155982 (2018) Kat:3, Licht: 0,155982,3,5,1,07,18,3,0,0,0,1,0,1,0,0
"POINT (9.180295368000031 48.783410105000030)",Unfall 155983 (2018) Kat:3, Licht: 0,155983,3,3,5,07,11,3,0,0,0,1,0,0,0,0
"POINT (9.253852972000061 48.778540178000071)",Unfall 155985 (2018) Kat:3, Licht: 0,155985,3,7,0,07,09,3,0,0,0,0,0,1,0,0
"POINT (9.217313154000067 48.811292957000035)",Unfall 155998 (2018) Kat:3, Licht: 0,155998,3,7,5,07,16,7,0,0,0,1,0,1,0,0
"POINT (9.192649662000065 48.782814079000048)",Unfall 156000 (2018) Kat:3, Licht: 0,156000,3,5,1,07,19,7,0,0,0,1,0,0,0,0
"POINT (9.110018450000041 48.718305333000046)",Unfall 156001 (2018) Kat:3, Licht: 0,156001,3,2,5,07,17,7,0,0,1,1,0,0,0,0
"POINT (9.207845524000049 48.782724528000074)",Unfall 156101 (2018) Kat:3, Licht: 0,156101,3,5,1,07,11,3,0,0,0,1,0,1,0,0
"POINT (9.172828055000025 48.831914993000055)",Unfall 156104 (2018) Kat:3, Licht: 0,156104,3,7,6,07,19,3,0,0,0,1,0,0,0,1
"POINT (9.191195599000025 48.831962629000031)",Unfall 156106 (2018) Kat:2, Licht: 0,156106,2,4,0,07,07,3,0,0,0,0,1,0,0,1
"POINT (9.100987885000052 48.733569892000048)",Unfall 156107 (2018) Kat:3, Licht: 0,156107,3,3,5,07,17,3,0,0,1,1,0,0,0,0
"POINT (9.220395554000049 48.809697394000068)",Unfall 156109 (2018) Kat:3, Licht: 0,156109,3,2,5,07,17,3,0,0,0,0,0,1,0,0
"POINT (9.268563702000051 48.762340500000050)",Unfall 156111 (2018) Kat:3, Licht: 0,156111,3,4,6,07,09,3,0,0,0,1,1,0,0,0
"POINT (9.083950449000042 48.749539980000065)",Unfall 156114 (2018) Kat:3, Licht: 0,156114,3,3,5,07,19,3,0,0,0,1,0,0,0,0
"POINT (9.112897616000055 48.727418177000061)",Unfall 156116 (2018) Kat:3, Licht: 1,156116,3,1,9,07,21,3,0,1,0,0,0,1,0,0
"POINT (9.194700818000058 48.773202998000045)",Unfall 156117 (2018) Kat:3, Licht: 0,156117,3,2,5,07,16,3,0,0,0,1,0,1,0,0
"POINT (9.254298365000068 48.754215933000069)",Unfall 156152 (2018) Kat:3, Licht: 0,156152,3,1,1,07,14,6,0,0,1,1,0,0,0,0
"POINT (9.182218249000073 48.782785297000032)",Unfall 156155 (2018) Kat:3, Licht: 0,156155,3,6,0,07,09,6,0,0,0,1,0,1,0,0
"POINT (9.204116250000027 48.785633088000054)",Unfall 156156 (2018) Kat:3, Licht: 0,156156,3,6,3,07,10,6,0,0,0,1,0,0,0,1
"POINT (9.175315372000057 48.836443329000076)",Unfall 156158 (2018) Kat:3, Licht: 0,156158,3,3,5,07,14,6,0,0,1,1,0,0,0,0
"POINT (9.149270439000077 48.726526042000046)",Unfall 156160 (2018) Kat:3, Licht: 0,156160,3,3,5,07,14,6,0,0,1,1,0,0,0,0
"POINT (9.158393470000021 48.714551097000026)",Unfall 156221 (2018) Kat:3, Licht: 0,156221,3,3,5,07,15,2,0,0,1,1,0,0,0,0
"POINT (9.103759993000040 48.740803660000040)",Unfall 156223 (2018) Kat:3, Licht: 0,156223,3,3,5,07,19,2,0,0,0,1,0,0,0,0
"POINT (9.183518277000076 48.773705442000050)",Unfall 156255 (2018) Kat:2, Licht: 0,156255,2,7,6,07,09,5,0,0,0,0,1,0,1,0
"POINT (9.268302653000035 48.754813858000034)",Unfall 156257 (2018) Kat:3, Licht: 0,156257,3,6,2,07,09,1,0,0,1,0,0,0,0,0
"POINT (9.249697059000027 48.786725201000081)",Unfall 156258 (2018) Kat:3, Licht: 0,156258,3,6,2,07,11,5,0,0,0,1,0,1,0,0
"POINT (9.201958804000071 48.745048809000082)",Unfall 156260 (2018) Kat:3, Licht: 0,156260,3,7,1,07,14,1,0,0,1,1,0,0,0,0
"POINT (9.166346274000034 48.762953132000064)",Unfall 156333 (2018) Kat:2, Licht: 0,156333,2,2,5,07,10,2,0,0,0,1,0,1,0,0
"POINT (9.164542819000076 48.810691939000037)",Unfall 156375 (2018) Kat:3, Licht: 0,156375,3,6,6,07,19,1,0,0,1,0,1,0,0,0
"POINT (9.131349857000032 48.721087441000066)",Unfall 156377 (2018) Kat:3, Licht: 0,156377,3,1,0,07,11,1,0,0,0,0,0,1,0,0
"POINT (9.192239715000028 48.786413460000063)",Unfall 156398 (2018) Kat:3, Licht: 0,156398,3,3,5,07,18,5,0,0,1,1,0,0,0,0
"POINT (9.160878515000036 48.784484661000079)",Unfall 156400 (2018) Kat:2, Licht: 0,156400,2,4,6,07,08,5,0,0,0,0,1,1,0,0
"POINT (9.185052153000072 48.832286373000045)",Unfall 156401 (2018) Kat:3, Licht: 0,156401,3,5,1,07,12,5,0,0,0,1,0,1,0,0
"POINT (9.147006960000056 48.727342527000076)",Unfall 156403 (2018) Kat:3, Licht: 0,156403,3,5,1,07,10,5,0,0,1,1,0,0,0,0
"POINT (9.138145231000067 48.813646132000031)",Unfall 156405 (2018) Kat:3, Licht: 0,156405,3,5,1,07,16,5,0,0,1,1,0,0,0,0
"POINT (9.124819167000055 48.728900871000064)",Unfall 156408 (2018) Kat:3, Licht: 0,156408,3,6,2,07,18,5,0,0,0,1,0,0,0,0
"POINT (9.179097231000071 48.766348850000043)",Unfall 156410 (2018) Kat:2, Licht: 2,156410,2,1,1,07,23,5,0,2,0,1,0,1,0,0
"POINT (9.266876948000061 48.764224366000064)",Unfall 156442 (2018) Kat:3, Licht: 0,156442,3,2,2,07,12,7,0,0,0,1,0,0,0,0
"POINT (9.114414551000039 48.738523598000029)",Unfall 156509 (2018) Kat:3, Licht: 0,156509,3,2,3,07,09,4,0,0,0,1,0,0,1,0
"POINT (9.195702740000058 48.833482195000045)",Unfall 156511 (2018) Kat:3, Licht: 0,156511,3,4,6,07,18,4,0,0,0,1,1,0,0,0
"POINT (9.157164982000040 48.760942587000045)",Unfall 156513 (2018) Kat:3, Licht: 0,156513,3,3,5,07,20,4,0,0,1,1,0,0,0,0
"POINT (9.168804607000027 48.816300631000047)",Unfall 156515 (2018) Kat:2, Licht: 0,156515,2,3,5,07,13,4,0,0,0,1,0,1,0,0
"POINT (9.150198127000067 48.749962639000046)",Unfall 156516 (2018) Kat:2, Licht: 0,156516,2,1,8,07,21,4,0,0,0,0,0,1,0,0
"POINT (9.098506291000035 48.823415396000030)",Unfall 156548 (2018) Kat:3, Licht: 0,156548,3,3,5,07,14,6,0,0,1,1,0,0,0,0
"POINT (9.159924475000025 48.762850331000038)",Unfall 156552 (2018) Kat:3, Licht: 0,156552,3,6,3,07,17,6,0,0,1,1,0,0,0,0
"POINT (9.108070103000046 48.737431805000028)",Unfall 156555 (2018) Kat:3, Licht: 0,156555,3,1,0,07,13,6,0,0,1,0,0,0,0,0
"POINT (9.178499231000046 48.781437071000028)",Unfall 156639 (2018) Kat:3, Licht: 0,156639,3,2,5,08,17,4,0,0,1,1,0,0,0,0
"POINT (9.157271785000035 48.839309115000049)",Unfall 156641 (2018) Kat:3, Licht: 0,156641,3,2,5,08,10,4,0,0,0,1,0,0,0,0
"POINT (9.156017411000050 48.779621812000073)",Unfall 156644 (2018) Kat:3, Licht: 0,156644,3,7,5,08,11,4,0,0,0,1,0,0,0,0
"POINT (9.239588833000028 48.790093151000065)",Unfall 156646 (2018) Kat:3, Licht: 1,156646,3,3,0,08,06,4,1,1,1,1,0,0,0,0
"POINT (9.272819570000024 48.783217334000028)",Unfall 156665 (2018) Kat:3, Licht: 0,156665,3,1,5,08,10,7,0,0,0,1,0,1,0,0
"POINT (9.204164817000049 48.789100494000081)",Unfall 156666 (2018) Kat:2, Licht: 0,156666,2,1,0,08,06,7,0,0,1,0,0,0,0,0
"POINT (9.109741133000057 48.729994183000031)",Unfall 156669 (2018) Kat:3, Licht: 0,156669,3,6,2,08,14,7,0,0,0,1,0,0,0,0
"POINT (9.166176838000069 48.801846993000026)",Unfall 156671 (2018) Kat:3, Licht: 0,156671,3,7,2,07,09,3,0,0,0,1,0,0,0,0
"POINT (9.157474197000056 48.780060561000028)",Unfall 156686 (2018) Kat:2, Licht: 0,156686,2,3,5,08,17,5,0,0,0,1,0,1,0,0
"POINT (9.180550642000071 48.783427994000078)",Unfall 156692 (2018) Kat:3, Licht: 2,156692,3,3,5,08,03,5,1,2,1,1,0,0,0,0
"POINT (9.157886082000061 48.832560627000078)",Unfall 156700 (2018) Kat:3, Licht: 0,156700,3,3,5,08,11,5,0,0,1,1,0,0,0,0
"POINT (9.252613662000044 48.758699257000046)",Unfall 156703 (2018) Kat:2, Licht: 0,156703,2,7,9,08,18,5,0,0,1,0,1,0,0,0
"POINT (9.245263888000068 48.771879419000072)",Unfall 156716 (2018) Kat:2, Licht: 0,156716,2,7,0,08,11,5,0,0,1,0,0,0,0,0
"POINT (9.170759090000047 48.763976849000073)",Unfall 156732 (2018) Kat:3, Licht: 0,156732,3,3,5,08,16,5,0,0,1,0,0,0,0,1
"POINT (9.164930891000040 48.796858900000075)",Unfall 156743 (2018) Kat:3, Licht: 0,156743,3,7,6,08,10,5,0,0,0,1,1,0,0,0
"POINT (9.180040037000026 48.833707101000073)",Unfall 156757 (2018) Kat:3, Licht: 0,156757,3,2,0,08,10,6,0,0,1,1,0,0,0,0
"POINT (9.227505699000062 48.781486028000074)",Unfall 156759 (2018) Kat:3, Licht: 0,156759,3,3,5,08,08,6,0,0,0,1,0,0,1,0
"POINT (9.174106732000041 48.738282755000057)",Unfall 156761 (2018) Kat:3, Licht: 0,156761,3,3,5,08,12,6,0,0,0,1,0,0,0,0
"POINT (9.232487583000022 48.781599904000075)",Unfall 156762 (2018) Kat:3, Licht: 0,156762,3,3,5,07,09,3,0,0,0,1,0,1,0,0
"POINT (9.219786451000061 48.802879033000067)",Unfall 156764 (2018) Kat:3, Licht: 0,156764,3,2,5,07,18,3,0,0,1,1,0,0,0,0
"POINT (9.177076770000042 48.772698458000036)",Unfall 156767 (2018) Kat:3, Licht: 0,156767,3,6,3,07,08,3,0,0,1,1,0,0,0,0
"POINT (9.211913249000077 48.788931891000061)",Unfall 156873 (2018) Kat:3, Licht: 0,156873,3,4,6,08,17,7,0,0,0,0,1,1,0,0
"POINT (9.146244705000072 48.757085947000064)",Unfall 156883 (2018) Kat:3, Licht: 1,156883,3,3,5,08,20,5,0,1,0,1,0,0,0,1
"POINT (9.142751977000046 48.730273418000081)",Unfall 156885 (2018) Kat:3, Licht: 0,156885,3,7,0,08,08,5,0,0,1,0,0,0,0,0
"POINT (9.167708079000022 48.738228236000054)",Unfall 156888 (2018) Kat:3, Licht: 0,156888,3,3,5,08,17,6,0,0,0,1,0,0,0,0
"POINT (9.254397768000047 48.754385067000044)",Unfall 156904 (2018) Kat:3, Licht: 0,156904,3,5,1,08,06,1,0,0,1,1,0,0,0,0