WKT,Name,OBJECTID,UKATEGORIE,UTYP1,UART,UMONAT,USTUNDE,UWOCHENTAG,STRZUSTAND,ULICHTVERH,ISTRAD,ISTPKW,ISTFUSS,ISTKRAD,ISTGKFZ,ISTSONSTIG
"POINT (9.159613030000060 48.760616528000071)",Unfall 156915 (2018) Kat:3, Licht: 2,156915,3,3,5,08,03,1,0,2,0,1,0,0,0,0
"POINT (9.252509602000032 48.778513371000031)",Unfall 156916 (2018) Kat:3, Licht: 0,156916,3,1,8,08,14,6,0,0,0,1,0,0,0,0
"POINT (9.164445537000063 48.810663201000068)",Unfall 156923 (2018) Kat:3, Licht: 0,156923,3,7,0,08,19,6,0,0,1,0,0,0,0,0
"POINT (9.230670529000065 48.779758737000066)",Unfall 156941 (2018) Kat:3, Licht: 0,156941,3,7,5,08,16,4,0,0,0,0,0,0,0,1
"POINT (9.220108175000064 48.809493440000040)",Unfall 156942 (2018) Kat:3, Licht: 0,156942,3,6,2,08,08,4,0,0,0,1,0,1,0,0
"POINT (9.219203493000066 48.805216050000070)",Unfall 156945 (2018) Kat:3, Licht: 0,156945,3,6,2,08,15,4,0,0,0,1,0,0,0,0
"POINT (9.175919712000052 48.788048271000036)",Unfall 156946 (2018) Kat:3, Licht: 0,156946,3,7,0,08,12,4,0,0,0,0,0,1,0,0
"POINT (9.206870063000054 48.778242067000065)",Unfall 156972 (2018) Kat:3, Licht: 0,156972,3,2,0,08,13,7,0,0,0,0,0,1,0,0
"POINT (9.173757994000027 48.763435395000045)",Unfall 157018 (2018) Kat:2, Licht: 0,157018,2,4,6,08,17,3,0,0,0,1,1,0,0,0
"POINT (9.252162768000062 48.778698023000061)",Unfall 157020 (2018) Kat:3, Licht: 0,157020,3,3,5,08,07,3,0,0,1,1,0,0,0,0
"POINT (9.248400022000055 48.779440990000069)",Unfall 157078 (2018) Kat:3, Licht: 1,157078,3,3,5,08,06,2,0,1,1,0,0,0,0,0
"POINT (9.176968314000021 48.815558204000070)",Unfall 157080 (2018) Kat:3, Licht: 0,157080,3,3,5,08,10,2,0,0,0,1,0,0,0,0
"POINT (9.148016245000065 48.756922955000050)",Unfall 157121 (2018) Kat:3, Licht: 0,157121,3,7,8,08,13,1,0,0,1,0,0,0,0,0
"POINT (9.122146427000075 48.817651752000074)",Unfall 157133 (2018) Kat:3, Licht: 0,157133,3,5,0,08,17,3,0,0,1,1,0,0,0,0
"POINT (9.180241495000075 48.783436592000044)",Unfall 157189 (2018) Kat:3, Licht: 0,157189,3,3,5,08,08,2,0,0,1,1,0,0,0,0
"POINT (9.171993692000058 48.782520851000072)",Unfall 157193 (2018) Kat:3, Licht: 0,157193,3,7,6,08,08,2,0,0,0,1,1,0,0,0
"POINT (9.161899236000068 48.780416406000029)",Unfall 157194 (2018) Kat:3, Licht: 2,157194,3,3,5,08,01,7,1,2,0,1,0,0,0,0
"POINT (9.189646191000065 48.803633199000046)",Unfall 157197 (2018) Kat:3, Licht: 0,157197,3,3,5,08,16,7,0,0,1,0,0,0,0,1
"POINT (9.220623247000049 48.799021133000053)",Unfall 157201 (2018) Kat:3, Licht: 2,157201,3,3,5,08,02,7,1,2,0,1,0,0,0,0
"POINT (9.199967275000063 48.834596486000066)",Unfall 157216 (2018) Kat:3, Licht: 0,157216,3,3,5,08,13,6,0,0,1,1,0,0,0,0
"POINT (9.210224208000057 48.721389831000067)",Unfall 157218 (2018) Kat:2, Licht: 0,157218,2,7,5,08,18,3,0,0,1,1,0,0,0,0
"POINT (9.169876280000040 48.776131584000041)",Unfall 157261 (2018) Kat:3, Licht: 0,157261,3,2,5,08,08,4,0,0,0,1,0,0,0,0
"POINT (9.122488896000050 48.721571948000076)",Unfall 157279 (2018) Kat:3, Licht: 0,157279,3,3,5,08,13,3,0,0,1,1,0,0,0,0
"POINT (9.179529769000055 48.811581257000057)",Unfall 157283 (2018) Kat:3, Licht: 0,157283,3,6,2,08,10,6,0,0,0,1,0,0,0,1
"POINT (9.192854326000031 48.783128744000066)",Unfall 157312 (2018) Kat:3, Licht: 0,157312,3,5,1,08,18,1,0,0,1,1,0,0,0,0
"POINT (9.156821922000063 48.835698086000036)",Unfall 157323 (2018) Kat:3, Licht: 0,157323,3,2,5,08,12,3,0,0,0,0,0,1,0,1
"POINT (9.234309763000056 48.843480659000079)",Unfall 157408 (2018) Kat:2, Licht: 0,157408,2,6,3,08,07,4,0,0,1,0,0,0,0,0
"POINT (9.128436905000058 48.722869462000062)",Unfall 157409 (2018) Kat:3, Licht: 0,157409,3,6,2,08,17,4,1,0,0,1,0,1,0,0
"POINT (9.197939977000033 48.789341994000040)",Unfall 157410 (2018) Kat:3, Licht: 0,157410,3,7,3,08,16,4,0,0,1,1,0,0,0,0
"POINT (9.160622902000057 48.782211300000029)",Unfall 157433 (2018) Kat:3, Licht: 0,157433,3,2,5,08,16,1,0,0,0,1,0,0,0,0
"POINT (9.160859315000039 48.784488522000061)",Unfall 157434 (2018) Kat:3, Licht: 2,157434,3,1,9,08,23,1,0,2,0,0,0,0,0,1
"POINT (9.245209134000049 48.771959250000066)",Unfall 157480 (2018) Kat:3, Licht: 0,157480,3,2,5,08,15,7,0,0,0,1,0,0,0,1
"POINT (9.163018451000028 48.763847826000074)",Unfall 157481 (2018) Kat:3, Licht: 0,157481,3,6,3,08,17,7,0,0,0,1,0,1,0,0
"POINT (9.157244384000023 48.839303839000081)",Unfall 157482 (2018) Kat:2, Licht: 0,157482,2,2,5,08,14,3,0,0,0,1,0,0,0,0
"POINT (9.093149874000062 48.738706300000047)",Unfall 157483 (2018) Kat:3, Licht: 0,157483,3,3,5,08,17,3,0,0,1,1,0,0,0,0
"POINT (9.159645700000056 48.760625506000054)",Unfall 157485 (2018) Kat:3, Licht: 1,157485,3,3,5,08,06,3,0,1,0,1,0,0,0,0
"POINT (9.202332327000022 48.837614594000058)",Unfall 157537 (2018) Kat:3, Licht: 0,157537,3,4,6,08,08,6,0,0,0,1,1,0,0,0
"POINT (9.211734738000075 48.817924130000051)",Unfall 157539 (2018) Kat:3, Licht: 0,157539,3,1,0,08,15,6,1,0,0,0,0,1,0,0
"POINT (9.172246129000030 48.761105825000072)",Unfall 157541 (2018) Kat:3, Licht: 0,157541,3,3,0,08,13,6,1,0,0,1,0,1,0,0
"POINT (9.233474935000061 48.778036500000042)",Unfall 157556 (2018) Kat:3, Licht: 0,157556,3,3,5,08,14,2,0,0,1,1,0,0,0,0
"POINT (9.185831527000062 48.830510761000028)",Unfall 157557 (2018) Kat:2, Licht: 0,157557,2,2,6,08,08,2,0,0,0,1,1,0,0,0
"POINT (9.148346857000036 48.811578805000067)",Unfall 157559 (2018) Kat:3, Licht: 1,157559,3,1,1,08,05,2,0,1,0,1,0,1,0,0
"POINT (9.209532316000036 48.814155030000052)",Unfall 157621 (2018) Kat:2, Licht: 0,157621,2,2,6,08,11,5,0,0,0,1,1,0,0,0
"POINT (9.177176154000051 48.829664336000064)",Unfall 157623 (2018) Kat:2, Licht: 0,157623,2,3,5,08,18,5,0,0,0,1,0,0,0,1
"POINT (9.192062607000025 48.774436085000048)",Unfall 157624 (2018) Kat:3, Licht: 1,157624,3,7,1,08,20,5,0,1,0,1,0,1,0,0
"POINT (9.177538797000068 48.782974281000065)",Unfall 157655 (2018) Kat:3, Licht: 0,157655,3,2,0,08,15,5,0,0,0,1,0,1,0,0
"POINT (9.211481269000046 48.718173334000028)",Unfall 157706 (2018) Kat:3, Licht: 0,157706,3,6,2,08,11,4,0,0,0,1,0,0,0,0
"POINT (9.170957951000048 48.825926271000071)",Unfall 157786 (2018) Kat:3, Licht: 0,157786,3,6,2,08,07,3,0,0,0,1,0,0,0,0
"POINT (9.228532440000038 48.781554173000075)",Unfall 157789 (2018) Kat:3, Licht: 1,157789,3,7,0,08,07,3,0,1,1,0,0,0,0,0
"POINT (9.164792854000041 48.762015277000046)",Unfall 157791 (2018) Kat:3, Licht: 0,157791,3,6,2,08,14,3,0,0,1,1,0,0,0,0
"POINT (9.170311677000029 48.747508856000081)",Unfall 157813 (2018) Kat:3, Licht: 0,157813,3,2,0,09,12,7,0,0,0,1,0,0,0,1
"POINT (9.277941499000065 48.774266508000039)",Unfall 157814 (2018) Kat:3, Licht: 0,157814,3,6,3,08,11,2,0,0,1,1,0,0,0,0
"POINT (9.190174215000070 48.782634119000079)",Unfall 157885 (2018) Kat:2, Licht: 0,157885,2,4,6,08,16,6,1,0,1,0,1,0,0,0
"POINT (9.126270251000051 48.723296422000033)",Unfall 157887 (2018) Kat:3, Licht: 0,157887,3,3,5,08,17,6,1,0,0,1,0,0,0,0
"POINT (9.187788531000024 48.776945157000057)",Unfall 157907 (2018) Kat:2, Licht: 0,157907,2,4,6,09,07,6,0,0,1,0,0,0,0,1
"POINT (9.188144325000053 48.789124492000042)",Unfall 157908 (2018) Kat:3, Licht: 0,157908,3,7,4,09,14,6,0,0,1,0,0,0,0,0
"POINT (9.204957899000021 48.785708698000064)",Unfall 157909 (2018) Kat:3, Licht: 0,157909,3,6,2,09,18,6,0,0,0,1,0,0,0,0
"POINT (9.108646307000072 48.732703858000036)",Unfall 157910 (2018) Kat:3, Licht: 0,157910,3,1,1,09,17,6,0,0,1,1,0,0,0,0
"POINT (9.208826551000072 48.721446843000081)",Unfall 157911 (2018) Kat:3, Licht: 0,157911,3,7,7,09,17,6,0,0,1,0,0,0,0,1
"POINT (9.207479142000068 48.814196408000043)",Unfall 157956 (2018) Kat:3, Licht: 1,157956,3,3,5,09,19,2,0,1,0,1,0,1,0,0
"POINT (9.176877934000061 48.809856957000079)",Unfall 157959 (2018) Kat:3, Licht: 2,157959,3,7,3,09,05,2,0,2,0,1,0,1,0,0
"POINT (9.190365666000048 48.778661724000074)",Unfall 157961 (2018) Kat:2, Licht: 0,157961,2,7,2,09,19,2,0,0,0,1,0,1,0,0
"POINT (9.203090075000034 48.818776935000074)",Unfall 157963 (2018) Kat:3, Licht: 0,157963,3,6,2,09,17,2,0,0,0,1,0,0,0,1
"POINT (9.183268324000039 48.782463912000026)",Unfall 157964 (2018) Kat:3, Licht: 0,157964,3,6,3,09,12,2,0,0,0,1,0,0,0,1
"POINT (9.196008599000038 48.789614084000050)",Unfall 157977 (2018) Kat:3, Licht: 1,157977,3,2,5,09,19,5,1,1,0,1,0,0,0,1
"POINT (9.180101885000056 48.777489748000050)",Unfall 157979 (2018) Kat:2, Licht: 0,157979,2,7,5,09,07,5,0,0,1,0,0,0,0,0
"POINT (9.172524288000034 48.769708631000071)",Unfall 157980 (2018) Kat:3, Licht: 2,157980,3,6,2,09,19,5,1,2,0,1,0,0,0,0
"POINT (9.151905435000060 48.712880072000075)",Unfall 158068 (2018) Kat:3, Licht: 0,158068,3,3,5,09,08,4,0,0,1,1,0,0,0,0
"POINT (9.193659982000042 48.785261834000039)",Unfall 158070 (2018) Kat:3, Licht: 0,158070,3,3,5,09,10,4,0,0,0,1,0,0,0,1
"POINT (9.174975458000063 48.779657416000077)",Unfall 158071 (2018) Kat:3, Licht: 1,158071,3,7,2,09,20,4,0,1,0,1,0,1,0,0
"POINT (9.209303837000050 48.712366830000065)",Unfall 158073 (2018) Kat:3, Licht: 0,158073,3,7,0,09,14,4,0,0,0,0,1,0,1,0
"POINT (9.211593433000076 48.822397645000081)",Unfall 158110 (2018) Kat:3, Licht: 0,158110,3,2,5,09,09,7,0,0,1,1,0,0,0,0
"POINT (9.146746705000055 48.775422317000050)",Unfall 158111 (2018) Kat:3, Licht: 0,158111,3,7,1,09,09,7,0,0,0,1,0,1,0,0
"POINT (9.207060116000037 48.778576208000061)",Unfall 158114 (2018) Kat:3, Licht: 0,158114,3,4,6,09,14,7,0,0,0,1,1,1,0,0
"POINT (9.233419783000045 48.747264558000040)",Unfall 158116 (2018) Kat:3, Licht: 0,158116,3,7,2,09,18,7,0,0,0,1,0,1,0,0
"POINT (9.190714575000072 48.777896980000037)",Unfall 158118 (2018) Kat:3, Licht: 0,158118,3,7,6,09,15,7,0,0,0,1,1,0,0,0
"POINT (9.157352059000061 48.771451152000054)",Unfall 158137 (2018) Kat:3, Licht: 0,158137,3,3,5,09,08,3,0,0,1,1,0,0,0,0
"POINT (9.258706369000038 48.789361376000045)",Unfall 158138 (2018) Kat:3, Licht: 0,158138,3,3,5,09,13,3,0,0,0,1,0,1,0,0
"POINT (9.123500432000071 48.725722898000072)",Unfall 158140 (2018) Kat:3, Licht: 0,158140,3,3,5,09,14,3,0,0,1,1,0,0,0,0
"POINT (9.177124043000049 48.816623081000046)",Unfall 158142 (2018) Kat:3, Licht: 0,158142,3,2,5,09,18,3,0,0,1,1,0,0,0,0
"POINT (9.153679711000052 48.831697944000041)",Unfall 158144 (2018) Kat:3, Licht: 0,158144,3,2,5,09,08,3,0,0,1,1,0,0,0,0
"POINT (9.149926601000061 48.740065297000058)",Unfall 158147 (2018) Kat:2, Licht: 0,158147,2,1,0,09,07,3,0,0,1,0,0,0,0,0
"POINT (9.161177663000046 48.781260859000042)",Unfall 158149 (2018) Kat:3, Licht: 0,158149,3,6,0,09,18,3,0,0,1,1,0,0,0,0
"POINT (9.146488068000053 48.723750884000026)",Unfall 158202 (2018) Kat:3, Licht: 0,158202,3,2,5,09,16,4,0,0,1,1,0,0,0,0
"POINT (9.159689992000040 48.760721787000080)",Unfall 158205 (2018) Kat:3, Licht: 0,158205,3,6,2,09,14,4,0,0,0,1,0,1,0,0
"POINT (9.215341585000033 48.807290755000054)",Unfall 158207 (2018) Kat:3, Licht: 0,158207,3,4,6,09,13,4,0,0,1,0,1,0,0,0
"POINT (9.108520026000065 48.810488785000075)",Unfall 158211 (2018) Kat:3, Licht: 0,158211,3,6,4,09,18,4,0,0,1,0,0,0,0,0
"POINT (9.243587990000037 48.776032517000033)",Unfall 158213 (2018) Kat:3, Licht: 2,158213,3,6,0,09,23,4,1,2,1,1,0,0,0,0
"POINT (9.239008680000040 48.790762946000029)",Unfall 158215 (2018) Kat:3, Licht: 0,158215,3,3,5,09,14,4,0,0,0,1,0,0,0,0
"POINT (9.257500244000028 48.776520044000051)",Unfall 158216 (2018) Kat:3, Licht: 0,158216,3,6,2,09,18,4,0,0,1,0,0,0,0,0
"POINT (9.217248640000037 48.803959465000048)",Unfall 158240 (2018) Kat:3, Licht: 0,158240,3,7,0,09,14,6,0,0,1,1,0,0,0,1
"POINT (9.165830180000057 48.780943728000068)",Unfall 158241 (2018) Kat:2, Licht: 2,158241,2,1,9,09,23,6,0,2,0,0,0,1,0,0
"POINT (9.160026289000030 48.821642724000071)",Unfall 158244 (2018) Kat:2, Licht: 0,158244,2,3,5,09,08,6,0,0,1,0,0,0,0,0
"POINT (9.170339096000021 48.825985116000027)",Unfall 158246 (2018) Kat:3, Licht: 0,158246,3,6,2,09,17,6,0,0,1,1,0,0,0,0
"POINT (9.175069977000021 48.775243994000050)",Unfall 158248 (2018) Kat:3, Licht: 0,158248,3,7,0,09,11,6,0,0,0,1,1,0,0,0
"POINT (9.118395150000026 48.747698806000074)",Unfall 158345 (2018) Kat:3, Licht: 0,158345,3,3,5,09,16,5,0,0,1,1,0,0,0,0
"POINT (9.223203036000029 48.810832484000059)",Unfall 158348 (2018) Kat:3, Licht: 0,158348,3,3,5,09,16,3,0,0,1,0,0,1,0,0
"POINT (9.164223528000036 48.762183433000075)",Unfall 158349 (2018) Kat:2, Licht: 0,158349,2,3,5,09,07,5,0,0,1,0,0,1,0,0
"POINT (9.108892727000068 48.810905045000027)",Unfall 158350 (2018) Kat:3, Licht: 0,158350,3,2,4,09,07,3,0,0,0,1,0,1,0,0
"POINT (9.216387210000050 48.781962423000039)",Unfall 158351 (2018) Kat:3, Licht: 0,158351,3,4,6,09,18,3,0,0,0,1,1,0,0,0
"POINT (9.250048272000072 48.765648685000031)",Unfall 158352 (2018) Kat:3, Licht: 0,158352,3,6,3,09,13,5,0,0,1,1,0,0,0,0
"POINT (9.158950284000071 48.760850554000058)",Unfall 158353 (2018) Kat:2, Licht: 0,158353,2,7,9,09,16,5,0,0,0,0,0,1,0,0
"POINT (9.118490526000073 48.735405934000028)",Unfall 158354 (2018) Kat:3, Licht: 0,158354,3,3,5,09,08,3,0,0,0,1,0,0,0,0
"POINT (9.102436752000074 48.715056181000080)",Unfall 158356 (2018) Kat:3, Licht: 0,158356,3,3,5,09,17,3,0,0,0,1,0,0,0,0
"POINT (9.143489920000036 48.717596416000049)",Unfall 158431 (2018) Kat:2, Licht: 0,158431,2,7,0,09,09,5,0,0,1,0,0,0,0,0
"POINT (9.183426309000026 48.765105580000068)",Unfall 158432 (2018) Kat:3, Licht: 0,158432,3,6,4,09,19,5,0,0,1,1,0,0,0,0
"POINT (9.209654861000047 48.826102914000046)",Unfall 158500 (2018) Kat:2, Licht: 0,158500,2,7,6,09,18,2,0,0,1,0,1,0,0,0
"POINT (9.166433024000071 48.778808182000034)",Unfall 158503 (2018) Kat:3, Licht: 0,158503,3,7,0,09,13,2,0,0,0,0,1,0,0,1
"POINT (9.183017030000030 48.790498636000052)",Unfall 158549 (2018) Kat:3, Licht: 0,158549,3,7,6,09,11,4,0,0,0,0,1,0,0,1
"POINT (9.181673671000056 48.782968868000069)",Unfall 158551 (2018) Kat:3, Licht: 0,158551,3,2,5,09,08,4,0,0,0,1,0,0,0,1
"POINT (9.160552406000022 48.764158751000082)",Unfall 158552 (2018) Kat:3, Licht: 0,158552,3,4,6,09,15,4,0,0,0,1,1,0,0,0
"POINT (9.171327914000074 48.835931732000063)",Unfall 158554 (2018) Kat:3, Licht: 0,158554,3,3,5,09,15,4,0,0,1,1,0,0,0,0
"POINT (9.105618187000061 48.732665808000036)",Unfall 158556 (2018) Kat:3, Licht: 0,158556,3,2,5,09,15,4,0,0,0,1,0,0,0,0
"POINT (9.177650042000039 48.784187436000082)",Unfall 158558 (2018) Kat:3, Licht: 0,158558,3,7,0,09,08,4,0,0,1,0,0,0,0,0
"POINT (9.146243824000067 48.726222844000063)",Unfall 158573 (2018) Kat:3, Licht: 0,158573,3,3,5,09,15,1,0,0,1,1,0,0,0,0
"POINT (9.174050818000069 48.771681567000030)",Unfall 158575 (2018) Kat:2, Licht: 1,158575,2,3,0,09,06,1,0,1,1,1,0,0,0,0
"POINT (9.171296749000021 48.835904455000048)",Unfall 158634 (2018) Kat:3, Licht: 2,158634,3,3,5,09,19,3,0,2,0,1,0,0,0,0
"POINT (9.159220977000075 48.763742773000047)",Unfall 158635 (2018) Kat:3, Licht: 0,158635,3,7,2,09,13,7,0,0,0,1,0,1,0,0
"POINT (9.203323034000050 48.783843011000044)",Unfall 158636 (2018) Kat:3, Licht: 0,158636,3,3,5,09,10,7,0,0,0,1,0,1,0,0
"POINT (9.192018867000058 48.834727169000075)",Unfall 158637 (2018) Kat:3, Licht: 0,158637,3,5,0,09,13,3,0,0,0,1,0,1,0,0
"POINT (9.161191409000026 48.756327288000080)",Unfall 158638 (2018) Kat:2, Licht: 0,158638,2,3,5,09,17,7,0,0,1,1,0,0,0,0
"POINT (9.199501028000043 48.808979904000068)",Unfall 158639 (2018) Kat:3, Licht: 0,158639,3,7,6,09,13,3,0,0,0,0,1,0,0,1
"POINT (9.190172685000050 48.798787645000061)",Unfall 158640 (2018) Kat:2, Licht: 2,158640,2,1,0,09,21,7,0,2,1,0,0,0,0,0
"POINT (9.219995855000036 48.801362201000074)",Unfall 158641 (2018) Kat:3, Licht: 0,158641,3,3,5,09,14,3,0,0,0,1,0,1,0,0
"POINT (9.166710971000043 48.785239934000060)",Unfall 158642 (2018) Kat:3, Licht: 0,158642,3,2,0,09,17,7,0,0,0,1,0,1,0,0
"POINT (9.182262397000045 48.782656307000082)",Unfall 158643 (2018) Kat:3, Licht: 0,158643,3,6,3,09,10,3,0,0,0,1,0,1,0,0
"POINT (9.166013637000049 48.774192043000028)",Unfall 158684 (2018) Kat:3, Licht: 0,158684,3,6,2,09,08,4,0,0,0,1,0,1,0,0
"POINT (9.225297135000062 48.803035912000041)",Unfall 158707 (2018) Kat:3, Licht: 0,158707,3,4,6,09,18,7,0,0,0,1,1,0,0,0
"POINT (9.202905771000076 48.789145631000054)",Unfall 158708 (2018) Kat:3, Licht: 0,158708,3,7,8,09,16,7,0,0,1,0,0,0,0,0
"POINT (9.174581107000051 48.786371455000051)",Unfall 158711 (2018) Kat:3, Licht: 0,158711,3,1,0,09,13,7,0,0,1,0,0,0,0,0
"POINT (9.215377588000024 48.806483234000041)",Unfall 158800 (2018) Kat:2, Licht: 0,158800,2,7,6,09,12,3,0,0,0,1,1,0,0,0
"POINT (9.215158196000061 48.752286683000079)",Unfall 158803 (2018) Kat:1, Licht: 0,158803,1,7,0,09,12,3,0,0,1,0,0,0,0,0
"POINT (9.104850425000052 48.737396771000078)",Unfall 158804 (2018) Kat:3, Licht: 0,158804,3,3,5,09,08,3,0,0,0,1,0,1,0,0
"POINT (9.212204217000021 48.789841810000041)",Unfall 158806 (2018) Kat:3, Licht: 2,158806,3,3,5,09,20,3,0,2,0,1,0,0,0,0
"POINT (9.181663707000041 48.782972237000081)",Unfall 158807 (2018) Kat:3, Licht: 0,158807,3,2,0,09,14,6,0,0,0,1,0,0,0,1
"POINT (9.172982207000075 48.824946319000048)",Unfall 158808 (2018) Kat:3, Licht: 0,158808,3,2,5,09,12,6,0,0,1,1,0,0,0,0
"POINT (9.156691828000021 48.835976330000051)",Unfall 158809 (2018) Kat:3, Licht: 0,158809,3,6,2,09,08,3,0,0,0,1,0,0,0,0
"POINT (9.191391116000034 48.779824346000055)",Unfall 158810 (2018) Kat:3, Licht: 0,158810,3,3,5,09,17,3,0,0,0,1,0,1,0,0
"POINT (9.251938487000075 48.779499868000073)",Unfall 158811 (2018) Kat:3, Licht: 0,158811,3,2,5,09,11,6,0,0,1,1,0,0,0,0
"POINT (9.118025067000076 48.735935377000033)",Unfall 158886 (2018) Kat:2, Licht: 2,158886,2,7,2,09,22,2,0,2,0,1,0,0,0,0
"POINT (9.209916001000067 48.809554346000027)",Unfall 158888 (2018) Kat:3, Licht: 0,158888,3,5,1,09,17,2,0,0,0,1,0,1,0,0
"POINT (9.172777744000030 48.766692570000032)",Unfall 158926 (2018) Kat:3, Licht: 0,158926,3,7,0,09,12,1,0,0,0,1,0,1,0,0
"POINT (9.210153491000028 48.724060613000063)",Unfall 158927 (2018) Kat:2, Licht: 0,158927,2,7,0,09,11,1,0,0,1,0,0,0,0,0
"POINT (9.238290526000071 48.745372999000040)",Unfall 158929 (2018) Kat:2, Licht: 1,158929,2,1,0,09,19,1,1,1,1,0,0,0,0,0
"POINT (9.215878117000045 48.806772810000041)",Unfall 158935 (2018) Kat:2, Licht: 0,158935,2,2,5,09,12,5,0,0,0,1,0,1,0,0
"POINT (9.211767502000043 48.788812580000069)",Unfall 158937 (2018) Kat:3, Licht: 0,158937,3,6,2,09,14,5,0,0,0,1,0,0,0,0
"POINT (9.186338047000049 48.790690383000026)",Unfall 158979 (2018) Kat:3, Licht: 0,158979,3,6,2,10,13,3,0,0,0,1,0,0,0,0
"POINT (9.225315321000039 48.814600771000073)",Unfall 159006 (2018) Kat:2, Licht: 0,159006,2,3,5,09,18,6,0,0,0,1,0,1,0,0
"POINT (9.194577912000057 48.818906670000047)",Unfall 159008 (2018) Kat:3, Licht: 0,159008,3,2,2,09,13,6,0,0,0,1,0,0,0,0
"POINT (9.215122891000021 48.843499417000032)",Unfall 159009 (2018) Kat:3, Licht: 2,159009,3,2,3,09,22,6,1,2,0,1,0,1,0,0
"POINT (9.149210345000029 48.714627326000027)",Unfall 159076 (2018) Kat:3, Licht: 2,159076,3,3,6,10,00,2,0,2,0,1,1,0,0,0
"POINT (9.110161300000073 48.747376260000067)",Unfall 159078 (2018) Kat:3, Licht: 1,159078,3,7,0,10,18,2,1,1,0,0,0,1,0,0
"POINT (9.114700752000033 48.813885290000030)",Unfall 159079 (2018) Kat:3, Licht: 0,159079,3,3,5,10,12,2,0,0,1,1,0,0,0,0
"POINT (9.217506829000058 48.804154400000073)",Unfall 159082 (2018) Kat:3, Licht: 1,159082,3,3,6,10,19,2,0,1,0,1,1,0,0,0
"POINT (9.196386839000070 48.829274196000028)",Unfall 159102 (2018) Kat:3, Licht: 0,159102,3,1,1,09,15,5,0,0,0,1,0,0,0,1
"POINT (9.113848450000035 48.815900466000073)",Unfall 159104 (2018) Kat:3, Licht: 0,159104,3,6,2,09,15,5,0,0,0,1,0,1,0,0
"POINT (9.118754292000062 48.814141920000054)",Unfall 159106 (2018) Kat:2, Licht: 0,159106,2,2,5,09,17,5,0,0,1,1,0,0,0,0
"POINT (9.207386579000058 48.840280658000040)",Unfall 159109 (2018) Kat:3, Licht: 0,159109,3,7,5,09,17,5,0,0,0,1,0,0,0,0
"POINT (9.144996551000077 48.811140998000042)",Unfall 159124 (2018) Kat:3, Licht: 0,159124,3,3,5,09,13,1,0,0,0,1,0,0,0,0
"POINT (9.178299909000032 48.779826291000063)",Unfall 159127 (2018) Kat:2, Licht: 2,159127,2,4,6,09,03,1,0,2,0,1,1,0,0,0
"POINT (9.203449104000072 48.812881012000048)",Unfall 159129 (2018) Kat:3, Licht: 0,159129,3,6,3,09,13,1,0,0,1,1,0,0,0,0
"POINT (9.209992274000058 48.810812675000079)",Unfall 159132 (2018) Kat:3, Licht: 0,159132,3,7,0,09,11,1,1,0,1,0,0,0,0,1
"POINT (9.111586895000073 48.813707391000037)",Unfall 159183 (2018) Kat:3, Licht: 0,159183,3,1,0,09,17,7,0,0,1,0,0,0,0,0
"POINT (9.179324607000069 48.783875640000076)",Unfall 159185 (2018) Kat:3, Licht: 2,159185,3,7,4,09,19,7,0,2,0,1,0,0,0,0
"POINT (9.207727060000025 48.785125055000037)",Unfall 159222 (2018) Kat:3, Licht: 0,159222,3,6,3,10,08,3,0,0,0,1,0,1,0,0
"POINT (9.216699913000070 48.801952963000076)",Unfall 159242 (2018) Kat:3, Licht: 2,159242,3,2,5,10,20,7,0,2,1,1,0,0,0,0
"POINT (9.165326420000042 48.775741417000063)",Unfall 159243 (2018) Kat:3, Licht: 0,159243,3,2,5,10,11,2,0,0,1,1,0,0,0,0
"POINT (9.130384269000047 48.776929149000068)",Unfall 159245 (2018) Kat:3, Licht: 0,159245,3,7,6,10,15,7,0,0,0,1,1,0,0,0
"POINT (9.181662534000054 48.782972634000032)",Unfall 159258 (2018) Kat:3, Licht: 2,159258,3,2,5,10,05,3,0,2,0,1,0,0,0,1
"POINT (9.174886725000022 48.783272395000040)",Unfall 159270 (2018) Kat:3, Licht: 0,159270,3,2,0,10,12,3,0,0,0,1,0,0,0,1
"POINT (9.086763180000048 48.751040891000059)",Unfall 159309 (2018) Kat:3, Licht: 2,159309,3,1,1,10,18,3,0,2,1,1,0,0,0,0
"POINT (9.209100097000032 48.721791610000025)",Unfall 159317 (2018) Kat:3, Licht: 0,159317,3,5,1,10,11,6,0,0,1,1,0,0,1,0
"POINT (9.171005662000027 48.782321691000050)",Unfall 159318 (2018) Kat:3, Licht: 0,159318,3,2,0,10,09,6,0,0,0,1,0,0,0,1
"POINT (9.247662338000055 48.768566746000033)",Unfall 159319 (2018) Kat:2, Licht: 1,159319,2,2,5,10,18,6,0,1,1,0,0,0,0,1
"POINT (9.221473484000057 48.810382393000054)",Unfall 159320 (2018) Kat:3, Licht: 0,159320,3,3,5,10,17,6,0,0,0,1,0,1,0,0
"POINT (9.177261201000022 48.780225309000059)",Unfall 159323 (2018) Kat:3, Licht: 1,159323,3,6,2,10,19,6,0,1,0,1,0,0,1,0