WKT,Name,OBJECTID,UKATEGORIE,UTYP1,UART,UMONAT,USTUNDE,UWOCHENTAG,STRZUSTAND,ULICHTVERH,ISTRAD,ISTPKW,ISTFUSS,ISTKRAD,ISTGKFZ,ISTSONSTIG
"POINT (9.265706308000063 48.754021084000044)",Unfall 159346 (2018) Kat:2, Licht: 0,159346,2,6,3,10,14,2,0,0,0,1,0,1,0,0
"POINT (9.220757321000065 48.798030902000050)",Unfall 159354 (2018) Kat:3, Licht: 2,159354,3,4,6,10,00,1,0,2,0,1,1,0,0,0
"POINT (9.230926686000032 48.799042738000026)",Unfall 159362 (2018) Kat:3, Licht: 0,159362,3,3,5,10,13,3,0,0,0,1,0,0,0,0
"POINT (9.207923616000073 48.784827187000076)",Unfall 159376 (2018) Kat:3, Licht: 2,159376,3,5,0,10,22,3,0,2,1,1,0,0,0,0
"POINT (9.197394408000037 48.824242280000078)",Unfall 159416 (2018) Kat:3, Licht: 0,159416,3,6,2,10,16,5,0,0,0,1,0,0,0,1
"POINT (9.177199666000035 48.829704106000065)",Unfall 159418 (2018) Kat:3, Licht: 0,159418,3,3,0,10,15,3,0,0,0,1,0,0,0,1
"POINT (9.187615847000075 48.790936335000026)",Unfall 159481 (2018) Kat:3, Licht: 2,159481,3,7,4,10,19,7,0,2,0,1,0,1,0,0
"POINT (9.239008231000071 48.827796501000080)",Unfall 159531 (2018) Kat:3, Licht: 0,159531,3,7,6,10,16,7,0,0,0,1,1,0,0,0
"POINT (9.174759805000065 48.737814332000028)",Unfall 159555 (2018) Kat:3, Licht: 2,159555,3,7,7,10,20,5,0,2,0,1,0,0,0,1
"POINT (9.202958520000038 48.818435724000039)",Unfall 159557 (2018) Kat:3, Licht: 0,159557,3,6,2,10,08,5,0,0,0,1,0,1,0,0
"POINT (9.173134987000026 48.782653212000071)",Unfall 159558 (2018) Kat:3, Licht: 0,159558,3,3,5,10,16,5,0,0,0,1,0,0,0,1
"POINT (9.231770736000044 48.843670294000049)",Unfall 159560 (2018) Kat:2, Licht: 0,159560,2,3,0,10,16,5,0,0,1,1,0,0,0,0
"POINT (9.170884494000063 48.769152239000050)",Unfall 159561 (2018) Kat:3, Licht: 0,159561,3,7,1,10,16,5,0,0,1,1,0,0,0,0
"POINT (9.159350840000059 48.758469522000041)",Unfall 159563 (2018) Kat:3, Licht: 0,159563,3,6,2,10,17,5,0,0,0,1,0,0,0,0
"POINT (9.199633705000053 48.836443866000081)",Unfall 159635 (2018) Kat:3, Licht: 0,159635,3,2,5,10,15,7,0,0,0,1,0,0,0,1
"POINT (9.153817881000066 48.759774862000029)",Unfall 159654 (2018) Kat:3, Licht: 0,159654,3,2,5,10,07,4,0,0,1,1,0,0,0,0
"POINT (9.130569839000032 48.731089883000038)",Unfall 159656 (2018) Kat:3, Licht: 0,159656,3,6,2,10,14,4,0,0,0,1,0,0,0,0
"POINT (9.206467613000029 48.784769427000072)",Unfall 159659 (2018) Kat:3, Licht: 0,159659,3,3,5,10,17,4,0,0,0,1,0,1,0,0
"POINT (9.239270507000072 48.775065002000076)",Unfall 159661 (2018) Kat:3, Licht: 1,159661,3,4,6,10,18,4,0,1,0,1,1,0,0,0
"POINT (9.203035243000045 48.817474592000053)",Unfall 159662 (2018) Kat:3, Licht: 1,159662,3,6,2,10,19,4,0,1,0,1,0,0,0,0
"POINT (9.202661209000041 48.731079286000067)",Unfall 159664 (2018) Kat:3, Licht: 2,159664,3,5,1,10,07,4,0,2,0,1,0,0,0,0
"POINT (9.165593723000029 48.775389048000079)",Unfall 159686 (2018) Kat:3, Licht: 0,159686,3,7,6,10,14,7,0,0,1,0,1,0,0,0
"POINT (9.192779750000057 48.818157697000061)",Unfall 159700 (2018) Kat:3, Licht: 0,159700,3,3,5,10,13,6,0,0,0,1,0,0,0,0
"POINT (9.238719388000050 48.794089142000075)",Unfall 159703 (2018) Kat:3, Licht: 2,159703,3,2,6,10,05,6,0,2,0,1,1,0,0,0
"POINT (9.229326908000076 48.791834817000051)",Unfall 159705 (2018) Kat:3, Licht: 0,159705,3,2,5,10,18,6,0,0,0,1,0,1,0,0
"POINT (9.163585362000049 48.761943499000040)",Unfall 159714 (2018) Kat:3, Licht: 0,159714,3,1,0,10,15,6,0,0,1,1,0,0,0,0
"POINT (9.185370147000072 48.831273589000034)",Unfall 159773 (2018) Kat:3, Licht: 1,159773,3,4,6,10,18,6,0,1,0,0,1,0,0,1
"POINT (9.113882159000070 48.815934366000079)",Unfall 159800 (2018) Kat:3, Licht: 0,159800,3,3,6,10,11,3,0,0,0,1,1,0,0,0
"POINT (9.158017241000039 48.771664147000081)",Unfall 159801 (2018) Kat:3, Licht: 0,159801,3,7,3,10,16,3,0,0,1,1,0,0,0,0
"POINT (9.190196851000053 48.788901356000054)",Unfall 159803 (2018) Kat:3, Licht: 0,159803,3,6,2,10,09,3,0,0,0,1,0,0,0,1
"POINT (9.126971803000060 48.774161780000043)",Unfall 159805 (2018) Kat:3, Licht: 0,159805,3,6,2,10,16,3,0,0,1,1,0,0,0,0
"POINT (9.251815507000060 48.781971641000041)",Unfall 159808 (2018) Kat:2, Licht: 0,159808,2,3,5,10,08,3,0,0,1,1,0,0,0,0
"POINT (9.166159895000021 48.811179641000081)",Unfall 159826 (2018) Kat:3, Licht: 2,159826,3,3,5,10,19,5,0,2,1,1,0,0,0,0
"POINT (9.122132850000071 48.724149129000068)",Unfall 159829 (2018) Kat:3, Licht: 0,159829,3,3,5,10,18,5,0,0,1,1,0,0,0,0
"POINT (9.112454387000071 48.746717882000041)",Unfall 159832 (2018) Kat:3, Licht: 0,159832,3,3,5,10,16,5,0,0,0,1,0,0,0,0
"POINT (9.249276611000028 48.787315765000073)",Unfall 159839 (2018) Kat:3, Licht: 0,159839,3,4,6,10,17,6,0,0,0,1,1,0,0,0
"POINT (9.146163246000072 48.723190984000041)",Unfall 159877 (2018) Kat:3, Licht: 1,159877,3,3,0,10,06,6,1,1,0,0,0,1,0,0
"POINT (9.178492953000045 48.773628126000062)",Unfall 159896 (2018) Kat:3, Licht: 0,159896,3,3,5,10,10,2,0,0,1,1,0,0,0,0
"POINT (9.190069047000065 48.828249666000033)",Unfall 159898 (2018) Kat:3, Licht: 1,159898,3,6,2,10,17,2,0,1,0,1,0,0,0,0
"POINT (9.156707834000031 48.772491097000056)",Unfall 159900 (2018) Kat:2, Licht: 0,159900,2,2,5,10,16,2,0,0,0,1,0,1,0,0
"POINT (9.164423914000054 48.777636113000028)",Unfall 159902 (2018) Kat:3, Licht: 2,159902,3,3,5,10,20,2,0,2,0,1,0,1,0,0
"POINT (9.176489116000028 48.840020220000042)",Unfall 159934 (2018) Kat:3, Licht: 0,159934,3,3,5,10,08,4,0,0,0,1,0,0,0,0
"POINT (9.140609937000022 48.711717930000077)",Unfall 159937 (2018) Kat:3, Licht: 0,159937,3,6,2,10,09,4,0,0,0,1,0,0,1,0
"POINT (9.194530457000042 48.839556488000028)",Unfall 159939 (2018) Kat:3, Licht: 2,159939,3,4,6,10,18,4,0,2,0,1,1,0,0,0
"POINT (9.178497986000025 48.767165448000071)",Unfall 159941 (2018) Kat:3, Licht: 0,159941,3,6,2,10,15,4,0,0,0,1,0,0,0,0
"POINT (9.160676982000041 48.808210809000059)",Unfall 159943 (2018) Kat:3, Licht: 0,159943,3,2,2,10,07,4,0,0,1,1,0,0,0,0
"POINT (9.188206417000060 48.751331301000050)",Unfall 159945 (2018) Kat:3, Licht: 0,159945,3,7,5,10,17,6,0,0,0,1,0,1,0,0
"POINT (9.226876225000069 48.793060685000057)",Unfall 159947 (2018) Kat:2, Licht: 0,159947,2,3,5,10,16,4,0,0,1,0,0,0,0,1
"POINT (9.146619823000037 48.769855858000028)",Unfall 159950 (2018) Kat:3, Licht: 2,159950,3,6,2,10,17,4,0,2,0,1,0,0,0,0
"POINT (9.172725299000035 48.770350362000045)",Unfall 159952 (2018) Kat:3, Licht: 0,159952,3,5,1,10,15,4,0,0,1,1,0,0,0,0
"POINT (9.124096040000040 48.814515377000077)",Unfall 159960 (2018) Kat:2, Licht: 2,159960,2,4,6,10,20,1,0,2,0,0,1,0,0,1
"POINT (9.148370892000060 48.809080409000046)",Unfall 159962 (2018) Kat:3, Licht: 0,159962,3,4,6,10,10,1,0,0,0,1,1,0,0,0
"POINT (9.106500618000041 48.738475004000065)",Unfall 159971 (2018) Kat:3, Licht: 0,159971,3,6,2,10,17,6,0,0,0,1,0,0,0,0
"POINT (9.172040528000025 48.765769840000075)",Unfall 159972 (2018) Kat:3, Licht: 0,159972,3,5,1,10,13,3,0,0,1,1,0,0,0,0
"POINT (9.229127071000050 48.816405132000057)",Unfall 159973 (2018) Kat:3, Licht: 2,159973,3,3,5,10,07,6,0,2,1,1,0,0,0,0
"POINT (9.171303233000060 48.764038891000041)",Unfall 159974 (2018) Kat:3, Licht: 0,159974,3,2,2,10,07,3,0,0,1,1,0,0,0,0
"POINT (9.264873206000061 48.767535992000035)",Unfall 159976 (2018) Kat:3, Licht: 1,159976,3,6,3,10,07,6,0,1,1,0,0,0,0,1
"POINT (9.171741367000038 48.832062124000061)",Unfall 160055 (2018) Kat:3, Licht: 2,160055,3,7,4,10,19,2,0,2,1,1,0,0,0,0
"POINT (9.188103513000044 48.792179437000073)",Unfall 160057 (2018) Kat:3, Licht: 2,160057,3,3,5,10,23,2,0,2,0,1,0,0,0,0
"POINT (9.155869789000064 48.774968861000048)",Unfall 160058 (2018) Kat:3, Licht: 0,160058,3,6,2,10,09,2,0,0,0,1,0,0,0,0
"POINT (9.156312972000023 48.780109208000056)",Unfall 160059 (2018) Kat:3, Licht: 0,160059,3,7,5,10,08,2,0,0,1,1,0,0,0,0
"POINT (9.208728638000025 48.788952227000038)",Unfall 160061 (2018) Kat:3, Licht: 0,160061,3,7,0,10,15,2,0,0,0,0,0,1,0,0
"POINT (9.123167233000061 48.725672453000072)",Unfall 160064 (2018) Kat:3, Licht: 0,160064,3,6,2,10,09,2,0,0,0,1,0,0,0,1
"POINT (9.143110537000041 48.770367339000074)",Unfall 160076 (2018) Kat:3, Licht: 2,160076,3,3,5,10,06,5,0,2,0,1,0,0,0,0
"POINT (9.193516324000029 48.808211583000059)",Unfall 160079 (2018) Kat:3, Licht: 0,160079,3,3,5,10,12,5,0,0,0,1,0,1,0,0
"POINT (9.162550424000074 48.836903661000065)",Unfall 160083 (2018) Kat:3, Licht: 2,160083,3,6,2,10,21,5,0,2,0,1,0,0,0,0
"POINT (9.193360518000077 48.795103678000032)",Unfall 160085 (2018) Kat:3, Licht: 2,160085,3,2,5,10,07,5,1,2,0,1,0,1,0,0
"POINT (9.181651517000034 48.782976359000031)",Unfall 160136 (2018) Kat:3, Licht: 2,160136,3,2,0,10,20,7,0,2,0,1,0,0,0,1
"POINT (9.213029367000047 48.819253186000026)",Unfall 160150 (2018) Kat:3, Licht: 0,160150,3,3,2,10,14,4,0,0,0,1,0,0,0,0
"POINT (9.153394494000054 48.728373214000044)",Unfall 160152 (2018) Kat:3, Licht: 0,160152,3,7,1,10,15,4,0,0,0,1,0,0,0,0
"POINT (9.146491198000035 48.811894633000065)",Unfall 160182 (2018) Kat:2, Licht: 0,160182,2,4,6,10,16,6,0,0,1,0,1,0,0,0
"POINT (9.193652902000054 48.788259211000081)",Unfall 160230 (2018) Kat:3, Licht: 0,160230,3,6,2,10,10,3,0,0,0,1,0,0,0,0
"POINT (9.184868039000037 48.830318945000045)",Unfall 160231 (2018) Kat:3, Licht: 0,160231,3,4,0,10,15,6,0,0,0,0,1,1,0,0
"POINT (9.193313140000043 48.798846483000034)",Unfall 160262 (2018) Kat:3, Licht: 2,160262,3,6,3,10,19,2,0,2,0,1,0,0,0,0
"POINT (9.166468646000055 48.774273449000077)",Unfall 160265 (2018) Kat:2, Licht: 0,160265,2,3,5,10,10,2,0,0,1,1,0,0,0,0
"POINT (9.087636138000050 48.731838639000046)",Unfall 160268 (2018) Kat:3, Licht: 1,160268,3,7,0,10,09,2,1,1,0,1,0,0,0,0
"POINT (9.232300666000072 48.846323151000036)",Unfall 160307 (2018) Kat:3, Licht: 1,160307,3,3,5,10,07,3,0,1,1,1,0,0,0,0
"POINT (9.211188882000045 48.821789458000069)",Unfall 160309 (2018) Kat:2, Licht: 2,160309,2,1,8,11,04,7,0,2,0,1,0,0,0,0
"POINT (9.219349521000027 48.804176361000032)",Unfall 160311 (2018) Kat:3, Licht: 0,160311,3,3,5,11,14,7,0,0,0,1,0,0,0,0
"POINT (9.173783692000029 48.774700318000043)",Unfall 160318 (2018) Kat:3, Licht: 2,160318,3,4,6,10,02,1,1,2,0,1,1,0,0,0
"POINT (9.150068634000036 48.850057312000047)",Unfall 160321 (2018) Kat:3, Licht: 0,160321,3,3,5,10,14,1,1,0,0,1,0,0,0,0
"POINT (9.190831370000069 48.778715660000046)",Unfall 160369 (2018) Kat:3, Licht: 0,160369,3,5,1,11,09,6,0,0,0,0,0,0,0,1
"POINT (9.209902557000021 48.811021748000030)",Unfall 160372 (2018) Kat:3, Licht: 0,160372,3,7,0,11,08,6,0,0,0,0,0,0,1,0
"POINT (9.181922468000039 48.782884750000051)",Unfall 160374 (2018) Kat:3, Licht: 0,160374,3,6,0,11,13,6,0,0,0,0,0,0,0,1
"POINT (9.222237865000068 48.810604801000068)",Unfall 160386 (2018) Kat:3, Licht: 2,160386,3,1,0,10,06,7,1,2,0,0,0,1,0,0
"POINT (9.235511204000034 48.788393835000079)",Unfall 160407 (2018) Kat:2, Licht: 0,160407,2,3,5,10,16,3,0,0,1,1,0,0,0,0
"POINT (9.163169828000036 48.761786582000070)",Unfall 160409 (2018) Kat:3, Licht: 2,160409,3,6,2,11,22,5,1,2,0,1,0,0,0,0
"POINT (9.164200400000027 48.783669405000069)",Unfall 160411 (2018) Kat:3, Licht: 0,160411,3,3,5,11,14,5,0,0,0,1,0,0,0,0
"POINT (9.173931804000063 48.819069869000032)",Unfall 160414 (2018) Kat:3, Licht: 2,160414,3,2,6,11,20,5,1,2,0,1,1,0,0,0
"POINT (9.162379825000073 48.776388799000074)",Unfall 160478 (2018) Kat:3, Licht: 2,160478,3,2,5,10,17,4,0,2,0,1,0,0,0,1
"POINT (9.168662960000063 48.784352202000036)",Unfall 160480 (2018) Kat:3, Licht: 0,160480,3,6,2,10,16,4,0,0,0,1,0,0,0,0
"POINT (9.154843645000028 48.835481249000054)",Unfall 160481 (2018) Kat:3, Licht: 1,160481,3,3,5,10,06,3,1,1,1,1,0,0,0,0
"POINT (9.162262918000067 48.808470747000058)",Unfall 160483 (2018) Kat:3, Licht: 1,160483,3,3,5,10,17,4,0,1,0,1,0,0,0,0
"POINT (9.209432968000044 48.787544036000043)",Unfall 160516 (2018) Kat:2, Licht: 0,160516,2,3,6,11,08,5,0,0,0,1,1,0,0,0
"POINT (9.193416444000036 48.788117307000050)",Unfall 160518 (2018) Kat:3, Licht: 0,160518,3,7,5,11,08,5,1,0,0,1,0,0,0,0
"POINT (9.247942057000046 48.815441609000061)",Unfall 160520 (2018) Kat:3, Licht: 2,160520,3,2,5,11,17,5,0,2,1,1,0,0,0,0
"POINT (9.215721067000061 48.781886062000069)",Unfall 160522 (2018) Kat:3, Licht: 0,160522,3,3,5,11,08,5,0,0,0,1,0,0,0,0
"POINT (9.159673216000044 48.760633068000061)",Unfall 160526 (2018) Kat:3, Licht: 1,160526,3,6,3,11,18,5,0,1,0,1,0,1,0,0
"POINT (9.220218741000053 48.801164332000042)",Unfall 160551 (2018) Kat:3, Licht: 0,160551,3,6,2,11,10,1,1,0,0,1,0,0,0,0
"POINT (9.189774356000044 48.776608442000054)",Unfall 160553 (2018) Kat:3, Licht: 0,160553,3,7,0,11,11,1,1,0,1,1,0,0,0,0
"POINT (9.093129913000041 48.738749916000074)",Unfall 160611 (2018) Kat:3, Licht: 2,160611,3,3,5,11,20,4,0,2,0,1,0,0,0,0
"POINT (9.217504953000059 48.802095793000035)",Unfall 160613 (2018) Kat:2, Licht: 0,160613,2,7,0,11,16,4,0,0,1,0,0,0,0,0
"POINT (9.177062707000061 48.747792068000081)",Unfall 160614 (2018) Kat:2, Licht: 2,160614,2,1,0,11,00,7,0,2,1,0,0,0,0,0
"POINT (9.158029983000063 48.845109048000040)",Unfall 160615 (2018) Kat:2, Licht: 0,160615,2,3,5,11,08,4,0,0,0,1,0,0,0,1
"POINT (9.179834238000069 48.774582053000074)",Unfall 160616 (2018) Kat:3, Licht: 0,160616,3,1,0,11,16,4,1,0,1,0,0,0,0,0
"POINT (9.163488389000065 48.761906879000037)",Unfall 160617 (2018) Kat:3, Licht: 0,160617,3,7,0,11,09,7,0,0,1,0,0,0,0,0
"POINT (9.145642323000061 48.774726440000052)",Unfall 160673 (2018) Kat:2, Licht: 0,160673,2,6,3,11,07,3,0,0,0,1,0,0,0,1
"POINT (9.146207435000065 48.770219411000028)",Unfall 160675 (2018) Kat:3, Licht: 0,160675,3,7,6,11,08,3,0,0,1,0,1,0,0,0
"POINT (9.173427838000066 48.825442467000073)",Unfall 160678 (2018) Kat:3, Licht: 2,160678,3,6,2,11,18,3,0,2,0,1,0,0,0,0
"POINT (9.159607867000034 48.783563862000051)",Unfall 160680 (2018) Kat:3, Licht: 0,160680,3,7,6,11,07,3,0,0,0,0,1,0,0,1
"POINT (9.226413947000026 48.806632100000058)",Unfall 160705 (2018) Kat:3, Licht: 2,160705,3,5,1,11,20,6,0,2,0,1,1,0,0,0
"POINT (9.193490317000055 48.785248899000067)",Unfall 160708 (2018) Kat:2, Licht: 2,160708,2,3,5,11,19,6,0,2,0,1,0,1,0,0
"POINT (9.178907832000050 48.790991365000082)",Unfall 160710 (2018) Kat:3, Licht: 0,160710,3,2,2,11,15,6,0,0,0,1,0,0,0,0
"POINT (9.251732746000073 48.765298619000077)",Unfall 160755 (2018) Kat:3, Licht: 2,160755,3,3,5,11,17,2,0,2,0,1,0,1,0,0
"POINT (9.159580347000031 48.810573738000073)",Unfall 160781 (2018) Kat:2, Licht: 2,160781,2,2,5,11,19,1,0,2,0,1,0,1,0,0
"POINT (9.205533725000066 48.812219432000063)",Unfall 160782 (2018) Kat:3, Licht: 0,160782,3,2,2,11,12,1,0,0,0,1,0,0,0,0
"POINT (9.216532309000058 48.734540964000075)",Unfall 160784 (2018) Kat:3, Licht: 0,160784,3,3,5,11,10,1,0,0,0,1,0,0,0,0
"POINT (9.212175573000025 48.788877648000039)",Unfall 160831 (2018) Kat:3, Licht: 0,160831,3,4,6,11,07,4,0,0,0,1,1,0,0,0
"POINT (9.152049186000056 48.809758853000062)",Unfall 160832 (2018) Kat:3, Licht: 2,160832,3,6,2,11,18,4,0,2,0,1,0,0,0,0
"POINT (9.246509442000047 48.815135132000080)",Unfall 160834 (2018) Kat:3, Licht: 2,160834,3,4,6,11,23,4,0,2,0,1,1,0,0,0
"POINT (9.192715439000040 48.794406239000068)",Unfall 160838 (2018) Kat:3, Licht: 0,160838,3,6,2,11,09,4,1,0,0,1,0,0,0,0
"POINT (9.194797263000055 48.788780902000042)",Unfall 160839 (2018) Kat:3, Licht: 0,160839,3,7,0,11,13,7,0,0,0,0,1,0,1,0
"POINT (9.178276535000066 48.784321249000072)",Unfall 160842 (2018) Kat:3, Licht: 2,160842,3,6,0,11,17,7,0,2,0,1,0,0,0,1
"POINT (9.190380298000036 48.825504636000062)",Unfall 160922 (2018) Kat:3, Licht: 0,160922,3,5,1,11,08,6,0,0,1,1,0,0,0,0
"POINT (9.146561194000071 48.724871665000080)",Unfall 160924 (2018) Kat:2, Licht: 1,160924,2,3,5,11,16,6,0,1,1,1,0,0,0,0
"POINT (9.220834008000054 48.797558713000058)",Unfall 160929 (2018) Kat:3, Licht: 0,160929,3,7,0,11,07,3,1,0,1,0,0,0,0,0
"POINT (9.145367207000049 48.721872193000081)",Unfall 160932 (2018) Kat:3, Licht: 2,160932,3,3,5,11,16,3,0,2,1,1,0,0,0,0
"POINT (9.197073273000058 48.831176741000036)",Unfall 160934 (2018) Kat:3, Licht: 0,160934,3,3,5,11,09,3,1,0,0,1,0,0,0,0
"POINT (9.130107830000043 48.727672618000042)",Unfall 160935 (2018) Kat:3, Licht: 0,160935,3,1,0,11,13,3,1,0,1,0,0,0,0,0
"POINT (9.168972376000056 48.828718010000046)",Unfall 160997 (2018) Kat:3, Licht: 0,160997,3,6,2,11,07,5,0,0,0,1,0,0,0,0
"POINT (9.164463421000050 48.832358763000059)",Unfall 160999 (2018) Kat:3, Licht: 2,160999,3,7,8,11,05,5,0,2,1,0,0,0,0,0
"POINT (9.172736845000031 48.825733202000038)",Unfall 161014 (2018) Kat:3, Licht: 0,161014,3,2,5,11,08,2,0,0,1,1,0,0,0,0
"POINT (9.161626827000021 48.744253936000064)",Unfall 161016 (2018) Kat:3, Licht: 0,161016,3,5,1,11,16,2,0,0,1,1,0,0,0,0
"POINT (9.152762267000071 48.733708936000028)",Unfall 161018 (2018) Kat:3, Licht: 0,161018,3,1,0,11,09,2,0,0,0,0,0,1,0,0
"POINT (9.185485161000031 48.781685693000043)",Unfall 161061 (2018) Kat:3, Licht: 0,161061,3,6,2,11,12,5,0,0,0,1,0,0,0,0
"POINT (9.174232550000056 48.821272371000077)",Unfall 161062 (2018) Kat:3, Licht: 0,161062,3,6,2,11,12,5,0,0,0,1,0,0,0,0
"POINT (9.134040580000033 48.719292126000028)",Unfall 161064 (2018) Kat:3, Licht: 2,161064,3,6,2,11,18,5,0,2,0,1,0,0,0,0
"POINT (9.174488719000067 48.772423959000037)",Unfall 161066 (2018) Kat:3, Licht: 0,161066,3,6,6,11,10,5,0,0,1,0,1,0,0,0
"POINT (9.193720041000063 48.785256291000053)",Unfall 161068 (2018) Kat:3, Licht: 2,161068,3,3,5,11,17,5,0,2,1,1,0,0,0,0
"POINT (9.195368545000065 48.789281698000082)",Unfall 161105 (2018) Kat:2, Licht: 0,161105,2,4,6,11,14,2,1,0,0,0,1,0,0,1
"POINT (9.218612964000045 48.802589328000067)",Unfall 161106 (2018) Kat:3, Licht: 0,161106,3,2,6,11,11,2,0,0,0,1,1,0,0,0
"POINT (9.156723132000025 48.748791325000070)",Unfall 161108 (2018) Kat:3, Licht: 2,161108,3,6,2,11,18,2,1,2,0,1,0,0,0,0
"POINT (9.182143571000040 48.810578370000030)",Unfall 161111 (2018) Kat:3, Licht: 2,161111,3,3,5,11,20,2,1,2,0,1,0,0,0,0
"POINT (9.174536801000045 48.831467367000073)",Unfall 161115 (2018) Kat:2, Licht: 1,161115,2,4,6,11,07,2,1,1,0,1,1,0,0,0
"POINT (9.149732558000039 48.727154734000067)",Unfall 161117 (2018) Kat:3, Licht: 2,161117,3,3,5,11,21,2,1,2,1,1,0,0,0,0
"POINT (9.156019714000024 48.773603777000062)",Unfall 161119 (2018) Kat:3, Licht: 0,161119,3,7,0,11,15,2,1,0,0,0,0,1,0,1
"POINT (9.108733876000031 48.805149300000039)",Unfall 161120 (2018) Kat:3, Licht: 2,161120,3,5,1,11,19,2,1,2,1,1,0,0,0,0
"POINT (9.192236339000033 48.786412953000081)",Unfall 161124 (2018) Kat:3, Licht: 2,161124,3,2,6,11,22,4,0,2,0,1,1,0,0,0
"POINT (9.261423970000067 48.760196995000058)",Unfall 161127 (2018) Kat:3, Licht: 0,161127,3,7,5,11,14,4,0,0,0,1,0,1,0,0
"POINT (9.163182844000062 48.810332260000052)",Unfall 161178 (2018) Kat:3, Licht: 2,161178,3,2,6,11,20,7,0,2,0,0,1,0,0,1
"POINT (9.229854936000038 48.842849737000051)",Unfall 161204 (2018) Kat:3, Licht: 0,161204,3,6,2,11,09,3,0,0,0,1,0,0,0,0
"POINT (9.193426307000038 48.809737107000046)",Unfall 161206 (2018) Kat:3, Licht: 1,161206,3,2,0,11,07,3,0,1,1,0,0,0,0,1
"POINT (9.177337127000044 48.780192736000060)",Unfall 161254 (2018) Kat:3, Licht: 0,161254,3,7,0,11,11,6,0,0,0,0,0,1,0,0
"POINT (9.253256630000067 48.765660973000081)",Unfall 161305 (2018) Kat:2, Licht: 2,161305,2,7,1,11,03,6,0,2,0,1,0,0,0,1
"POINT (9.175404503000038 48.799518942000077)",Unfall 161306 (2018) Kat:3, Licht: 0,161306,3,2,5,11,12,6,1,0,0,1,0,0,0,0
"POINT (9.247487685000067 48.778796833000058)",Unfall 161307 (2018) Kat:3, Licht: 0,161307,3,3,5,11,14,6,1,0,1,1,0,0,0,0
"POINT (9.168660782000075 48.782622417000027)",Unfall 161308 (2018) Kat:3, Licht: 2,161308,3,2,5,11,18,6,1,2,0,1,0,1,0,0
"POINT (9.159218597000063 48.833105721000038)",Unfall 161349 (2018) Kat:3, Licht: 2,161349,3,4,6,12,19,2,1,2,0,1,1,0,0,0
"POINT (9.155924937000066 48.775091690000068)",Unfall 161352 (2018) Kat:3, Licht: 0,161352,3,2,5,12,10,2,1,0,0,1,0,0,0,1
"POINT (9.196445959000073 48.789760807000050)",Unfall 161354 (2018) Kat:3, Licht: 2,161354,3,5,1,12,20,2,1,2,0,1,0,0,0,0
"POINT (9.154489896000030 48.809050352000042)",Unfall 161355 (2018) Kat:3, Licht: 1,161355,3,4,6,12,07,2,1,1,0,1,1,0,0,0
"POINT (9.184648879000065 48.833884909000062)",Unfall 161357 (2018) Kat:3, Licht: 2,161357,3,6,2,12,20,2,1,2,0,1,0,0,0,0
"POINT (9.220027238000057 48.801906006000081)",Unfall 161359 (2018) Kat:3, Licht: 0,161359,3,2,6,12,12,2,1,0,0,1,1,0,0,0
"POINT (9.175376579000044 48.743710474000068)",Unfall 161362 (2018) Kat:3, Licht: 2,161362,3,6,0,12,18,2,1,2,0,1,1,0,0,0
"POINT (9.107430471000043 48.737702311000078)",Unfall 161373 (2018) Kat:3, Licht: 2,161373,3,4,6,11,07,5,0,2,0,1,1,0,0,0
"POINT (9.145733860000064 48.810447711000052)",Unfall 161374 (2018) Kat:3, Licht: 0,161374,3,5,1,11,11,5,0,0,0,1,0,0,0,0
"POINT (9.163918130000070 48.785009040000034)",Unfall 161375 (2018) Kat:3, Licht: 0,161375,3,4,6,11,13,5,0,0,0,1,1,0,0,0
"POINT (9.196207698000023 48.789621752000073)",Unfall 161393 (2018) Kat:3, Licht: 2,161393,3,4,6,12,17,1,1,2,0,1,1,0,0,0
"POINT (9.185139387000049 48.753252927000062)",Unfall 161396 (2018) Kat:3, Licht: 0,161396,3,7,6,12,12,1,0,0,0,1,1,0,0,0
"POINT (9.231665809000049 48.839266957000063)",Unfall 161440 (2018) Kat:3, Licht: 0,161440,3,6,4,11,12,4,1,0,1,0,0,0,0,1
"POINT (9.235333871000023 48.797165159000031)",Unfall 161442 (2018) Kat:2, Licht: 2,161442,2,6,2,11,06,4,0,2,0,1,0,1,0,0
"POINT (9.252174264000075 48.778706909000050)",Unfall 161444 (2018) Kat:3, Licht: 0,161444,3,3,5,11,10,4,0,0,0,1,0,1,0,0
"POINT (9.087073263000036 48.814476107000075)",Unfall 161451 (2018) Kat:3, Licht: 0,161451,3,3,5,12,15,7,0,0,0,1,0,0,0,0
"POINT (9.202568561000021 48.837697203000062)",Unfall 161453 (2018) Kat:3, Licht: 1,161453,3,6,2,12,16,7,0,1,0,1,0,0,0,0
"POINT (9.196157051000057 48.835189677000074)",Unfall 161543 (2018) Kat:3, Licht: 2,161543,3,6,2,11,17,3,1,2,0,1,0,0,0,1
"POINT (9.251395317000061 48.769682817000046)",Unfall 161544 (2018) Kat:3, Licht: 2,161544,3,3,5,11,05,3,1,2,0,1,0,0,0,0
"POINT (9.160560276000069 48.775852484000040)",Unfall 161546 (2018) Kat:3, Licht: 0,161546,3,2,0,11,14,3,1,0,0,1,0,0,0,1