WKT,Name,OBJECTID,UKATEGORIE,UTYP1,UART,UMONAT,USTUNDE,UWOCHENTAG,STRZUSTAND,ULICHTVERH,ISTRAD,ISTPKW,ISTFUSS,ISTKRAD,ISTGKFZ,ISTSONSTIG
"POINT (9.174387570000022 48.779523188000042)",Unfall 161574 (2018) Kat:3, Licht: 2,161574,3,7,4,12,03,1,1,2,0,1,0,0,0,0
"POINT (9.208695616000057 48.795645871000033)",Unfall 161604 (2018) Kat:3, Licht: 0,161604,3,3,5,12,14,6,1,0,0,1,0,0,0,0
"POINT (9.107036728000026 48.732569629000068)",Unfall 161607 (2018) Kat:3, Licht: 2,161607,3,3,5,12,23,6,1,2,0,1,0,0,0,0
"POINT (9.158606498000040 48.811636612000029)",Unfall 161609 (2018) Kat:3, Licht: 1,161609,3,4,6,12,07,6,0,1,0,1,1,0,0,0
"POINT (9.157162756000048 48.848100624000040)",Unfall 161611 (2018) Kat:3, Licht: 0,161611,3,3,5,12,15,6,1,0,1,1,0,0,0,0
"POINT (9.167774578000035 48.778050548000067)",Unfall 161622 (2018) Kat:3, Licht: 2,161622,3,7,0,12,07,2,1,2,0,1,0,0,0,0
"POINT (9.186491641000032 48.790654301000075)",Unfall 161655 (2018) Kat:3, Licht: 2,161655,3,3,5,12,05,7,0,2,0,1,0,0,0,0
"POINT (9.212984577000043 48.817000129000064)",Unfall 161660 (2018) Kat:3, Licht: 0,161660,3,4,0,12,16,2,0,0,0,0,1,0,0,1
"POINT (9.270141795000029 48.761841067000034)",Unfall 161664 (2018) Kat:3, Licht: 0,161664,3,5,1,12,11,7,0,0,1,1,0,0,0,0
"POINT (9.220203506000075 48.801449053000056)",Unfall 161670 (2018) Kat:3, Licht: 0,161670,3,3,5,12,08,7,0,0,1,1,0,0,0,0
"POINT (9.209754550000071 48.812474134000070)",Unfall 161675 (2018) Kat:2, Licht: 0,161675,2,3,5,12,16,5,0,0,0,1,0,0,0,0
"POINT (9.167079314000034 48.779073335000078)",Unfall 161676 (2018) Kat:3, Licht: 2,161676,3,4,6,12,02,1,0,2,0,0,1,1,0,0
"POINT (9.170673804000046 48.790308920000030)",Unfall 161677 (2018) Kat:3, Licht: 1,161677,3,3,5,12,16,5,0,1,0,1,0,0,0,0
"POINT (9.219996893000030 48.786014252000030)",Unfall 161730 (2018) Kat:3, Licht: 2,161730,3,3,5,12,21,2,1,2,0,1,0,0,0,0
"POINT (9.162602801000048 48.783883319000040)",Unfall 161741 (2018) Kat:3, Licht: 0,161741,3,6,2,12,09,4,0,0,0,1,0,0,0,1
"POINT (9.176401676000069 48.834558298000047)",Unfall 161743 (2018) Kat:3, Licht: 2,161743,3,2,5,12,21,4,0,2,1,1,0,0,0,0
"POINT (9.239047224000046 48.790791923000029)",Unfall 161745 (2018) Kat:3, Licht: 0,161745,3,4,6,12,15,4,1,0,0,1,1,0,0,0
"POINT (9.207612055000027 48.786114126000030)",Unfall 161747 (2018) Kat:3, Licht: 2,161747,3,3,5,12,05,4,0,2,0,1,0,1,0,0
"POINT (9.117814222000050 48.747645738000074)",Unfall 161803 (2018) Kat:3, Licht: 2,161803,3,1,8,12,00,3,1,2,0,1,0,0,0,0
"POINT (9.183933055000068 48.788349002000075)",Unfall 161805 (2018) Kat:3, Licht: 2,161805,3,3,6,12,19,3,0,2,0,1,1,0,0,0
"POINT (9.174513232000038 48.742679609000049)",Unfall 161816 (2018) Kat:2, Licht: 2,161816,2,4,6,12,17,2,0,2,1,0,1,0,0,0
"POINT (9.179850266000074 48.765107056000033)",Unfall 161836 (2018) Kat:2, Licht: 2,161836,2,4,6,12,03,7,0,2,0,1,1,0,0,0
"POINT (9.185870483000031 48.815920720000065)",Unfall 161838 (2018) Kat:3, Licht: 2,161838,3,2,2,12,18,7,0,2,0,1,0,0,0,0
"POINT (9.150139577000061 48.756970431000070)",Unfall 161845 (2018) Kat:2, Licht: 0,161845,2,1,0,12,08,3,2,0,1,0,0,0,0,0
"POINT (9.160124995000047 48.838829886000042)",Unfall 161892 (2018) Kat:3, Licht: 0,161892,3,6,6,12,07,6,0,0,0,0,1,0,0,1
"POINT (9.171313233000035 48.835901259000082)",Unfall 161893 (2018) Kat:3, Licht: 0,161893,3,3,5,12,15,6,0,0,0,1,0,0,0,0
"POINT (9.182910618000051 48.772864815000048)",Unfall 161895 (2018) Kat:3, Licht: 2,161895,3,6,4,12,22,6,0,2,0,1,0,0,0,0
"POINT (9.181031440000027 48.769869871000026)",Unfall 161930 (2018) Kat:3, Licht: 0,161930,3,4,6,12,13,2,0,0,0,0,1,0,0,1
"POINT (9.184357385000055 48.733436205000032)",Unfall 161932 (2018) Kat:2, Licht: 1,161932,2,7,9,12,16,2,1,1,0,1,0,0,0,0
"POINT (9.098466173000077 48.740179659000034)",Unfall 161934 (2018) Kat:3, Licht: 0,161934,3,4,2,12,14,2,1,0,0,1,1,0,0,0
"POINT (9.220974653000042 48.694827400000065)",Unfall 161939 (2018) Kat:3, Licht: 0,161939,3,7,0,12,10,2,2,0,1,0,0,0,0,0
"POINT (9.209970445000067 48.810833770000045)",Unfall 161949 (2018) Kat:3, Licht: 2,161949,3,1,8,12,21,3,1,2,0,1,0,0,0,0
"POINT (9.250578786000062 48.805835086000059)",Unfall 161958 (2018) Kat:3, Licht: 0,161958,3,3,5,12,13,5,0,0,1,1,0,0,0,0
"POINT (9.170960139000044 48.790785599000060)",Unfall 161998 (2018) Kat:3, Licht: 1,161998,3,1,0,12,06,3,1,1,1,0,0,0,0,0
"POINT (9.246452117000047 48.777885736000030)",Unfall 162003 (2018) Kat:3, Licht: 2,162003,3,7,3,12,19,1,1,2,0,1,0,0,0,1
"POINT (9.254558142000064 48.770590979000076)",Unfall 162004 (2018) Kat:3, Licht: 2,162004,3,3,5,12,22,4,0,2,1,1,0,0,0,0
"POINT (9.165602699000033 48.783355389000064)",Unfall 162005 (2018) Kat:3, Licht: 0,162005,3,5,1,12,09,4,0,0,0,1,0,0,1,0
"POINT (9.191702991000057 48.817604440000082)",Unfall 162051 (2018) Kat:2, Licht: 2,162051,2,4,6,12,07,3,1,2,0,1,1,0,0,0
"POINT (9.101400599000044 48.733472295000070)",Unfall 162061 (2018) Kat:2, Licht: 2,162061,2,2,6,12,18,3,1,2,0,1,1,0,0,0
"POINT (9.202616123000041 48.837656262000053)",Unfall 162064 (2018) Kat:3, Licht: 2,162064,3,7,2,12,19,3,1,2,0,1,0,0,0,0
"POINT (9.201206732000060 48.816642645000059)",Unfall 162065 (2018) Kat:3, Licht: 0,162065,3,1,8,12,14,3,0,0,0,1,0,0,0,0
"POINT (9.174088935000043 48.773938582000028)",Unfall 162067 (2018) Kat:3, Licht: 2,162067,3,3,5,12,20,3,1,2,1,1,0,0,0,0
"POINT (9.174907486000052 48.783405513000048)",Unfall 162086 (2018) Kat:3, Licht: 0,162086,3,7,0,12,15,5,0,0,0,1,0,0,0,0
"POINT (9.197288649000029 48.785790770000062)",Unfall 162088 (2018) Kat:3, Licht: 0,162088,3,3,5,12,11,5,1,0,0,1,0,0,0,0
"POINT (9.169904689000020 48.815241837000031)",Unfall 162089 (2018) Kat:3, Licht: 0,162089,3,6,2,12,14,5,0,0,0,1,0,0,0,0
"POINT (9.164572638000038 48.832321178000029)",Unfall 162091 (2018) Kat:3, Licht: 2,162091,3,2,5,12,18,6,1,2,0,1,0,0,0,0
"POINT (9.226343251000060 48.815064783000025)",Unfall 162121 (2018) Kat:3, Licht: 0,162121,3,3,5,12,13,7,1,0,0,1,0,0,1,0
"POINT (9.170526564000056 48.775901654000052)",Unfall 162132 (2018) Kat:3, Licht: 2,162132,3,7,0,12,16,6,1,2,0,1,0,0,0,1
"POINT (9.085961179000037 48.814813141000059)",Unfall 162158 (2018) Kat:3, Licht: 0,162158,3,3,5,12,11,6,0,0,1,1,0,0,0,0
"POINT (9.212875252000060 48.805827410000063)",Unfall 162186 (2018) Kat:3, Licht: 2,162186,3,7,2,12,19,4,0,2,0,1,0,1,0,0
"POINT (9.243859336000071 48.776013275000025)",Unfall 162228 (2018) Kat:3, Licht: 2,162228,3,2,5,12,02,2,1,2,0,1,0,0,0,0
"POINT (9.159053758000027 48.842929824000066)",Unfall 162253 (2018) Kat:3, Licht: 0,162253,3,2,2,12,11,6,1,0,0,1,0,0,0,0
"POINT (9.193757627000025 48.801068978000046)",Unfall 162254 (2018) Kat:3, Licht: 2,162254,3,1,9,12,05,1,1,2,0,1,0,0,0,0
"POINT (9.211148229000060 48.821733753000046)",Unfall 162283 (2018) Kat:3, Licht: 2,162283,3,2,6,12,17,7,1,2,0,1,1,0,0,0
"POINT (9.090573892000066 48.731634990000032)",Unfall 21615 (2019) Kat:3, Licht: 2,21615,3,6,2,01,19,7,1,2,0,1,0,0,0,1
"POINT (9.221282888000076 48.804032147000044)",Unfall 21631 (2019) Kat:2, Licht: 0,21631,2,3,5,01,12,6,1,0,1,1,0,0,0,0
"POINT (9.184184477000031 48.805126658000063)",Unfall 21661 (2019) Kat:3, Licht: 2,21661,3,1,9,01,20,5,2,2,0,1,0,0,0,0
"POINT (9.217963740000073 48.786778892000029)",Unfall 21662 (2019) Kat:3, Licht: 0,21662,3,2,5,01,08,5,0,0,0,1,0,0,0,0
"POINT (9.175624947000074 48.728847830000063)",Unfall 21663 (2019) Kat:2, Licht: 0,21663,2,1,8,01,16,5,2,0,0,1,0,0,0,0
"POINT (9.189676994000024 48.807675231000076)",Unfall 21700 (2019) Kat:3, Licht: 0,21700,3,6,2,01,12,4,1,0,0,1,0,0,0,0
"POINT (9.229255419000026 48.785600114000033)",Unfall 21701 (2019) Kat:2, Licht: 2,21701,2,4,6,01,23,4,0,2,0,1,1,0,0,0
"POINT (9.111442801000067 48.709850902000028)",Unfall 21835 (2019) Kat:3, Licht: 2,21835,3,6,3,01,00,7,1,2,0,1,0,0,0,0
"POINT (9.146955827000056 48.836266139000031)",Unfall 21903 (2019) Kat:3, Licht: 0,21903,3,6,2,01,12,5,1,0,0,1,0,0,0,0
"POINT (9.177958386000057 48.771575371000040)",Unfall 21904 (2019) Kat:3, Licht: 0,21904,3,2,0,01,10,5,1,0,0,1,0,0,0,1
"POINT (9.171362425000041 48.766911542000059)",Unfall 21905 (2019) Kat:2, Licht: 0,21905,2,7,6,01,07,5,1,0,0,1,1,0,0,0
"POINT (9.184699870000031 48.805808892000073)",Unfall 21906 (2019) Kat:3, Licht: 2,21906,3,7,2,01,06,5,1,2,0,1,0,0,0,0
"POINT (9.189375622000057 48.697092288000078)",Unfall 21960 (2019) Kat:3, Licht: 1,21960,3,6,2,01,07,4,1,1,0,1,0,0,0,0
"POINT (9.171462962000021 48.771942482000043)",Unfall 21992 (2019) Kat:3, Licht: 0,21992,3,6,2,01,14,4,1,0,0,1,0,0,0,0
"POINT (9.194310481000059 48.768437478000067)",Unfall 21993 (2019) Kat:3, Licht: 1,21993,3,1,2,01,08,4,2,1,0,1,0,0,0,0
"POINT (9.177329375000056 48.807523490000051)",Unfall 21994 (2019) Kat:3, Licht: 0,21994,3,6,2,01,10,4,1,0,0,1,0,0,0,0
"POINT (9.173988595000026 48.769720101000075)",Unfall 21996 (2019) Kat:3, Licht: 0,21996,3,3,5,01,15,4,1,0,0,1,0,0,0,0
"POINT (9.221837380000068 48.740294619000053)",Unfall 21997 (2019) Kat:3, Licht: 0,21997,3,7,4,01,11,4,2,0,0,1,0,0,0,0
"POINT (9.187189260000025 48.773368939000079)",Unfall 21999 (2019) Kat:3, Licht: 0,21999,3,6,2,01,12,4,1,0,0,1,0,0,1,0
"POINT (9.222122554000066 48.789366810000047)",Unfall 22000 (2019) Kat:3, Licht: 2,22000,3,6,2,01,18,4,1,2,0,1,0,0,0,0
"POINT (9.186814963000074 48.781258417000060)",Unfall 22001 (2019) Kat:3, Licht: 2,22001,3,2,2,01,21,4,1,2,0,1,0,0,0,0
"POINT (9.110058295000044 48.709952088000080)",Unfall 22031 (2019) Kat:3, Licht: 1,22031,3,6,3,01,16,3,1,1,0,1,0,0,1,0
"POINT (9.180547322000052 48.774211190000074)",Unfall 22051 (2019) Kat:3, Licht: 0,22051,3,2,5,01,08,3,0,0,1,1,0,0,0,0
"POINT (9.183145667000076 48.775706243000059)",Unfall 22052 (2019) Kat:3, Licht: 0,22052,3,6,2,01,11,3,1,0,0,1,0,0,0,0
"POINT (9.227414366000062 48.815589360000047)",Unfall 22167 (2019) Kat:3, Licht: 0,22167,3,3,5,01,08,4,0,0,0,1,0,0,0,1
"POINT (9.208297302000062 48.747694656000078)",Unfall 22169 (2019) Kat:2, Licht: 0,22169,2,4,6,01,15,4,0,0,0,1,1,0,0,0
"POINT (9.202342502000022 48.807829825000056)",Unfall 22170 (2019) Kat:2, Licht: 1,22170,2,3,5,01,16,4,0,1,1,1,0,0,0,0
"POINT (9.193661716000065 48.754662031000066)",Unfall 22223 (2019) Kat:2, Licht: 2,22223,2,6,2,01,17,5,1,2,0,1,0,0,0,0
"POINT (9.163557880000042 48.737158049000072)",Unfall 22241 (2019) Kat:3, Licht: 2,22241,3,6,2,01,18,3,1,2,0,1,0,0,0,0
"POINT (9.105858633000025 48.716399255000056)",Unfall 22242 (2019) Kat:3, Licht: 0,22242,3,3,5,01,09,3,1,0,1,1,0,0,0,0
"POINT (9.156801597000026 48.707344834000025)",Unfall 22287 (2019) Kat:3, Licht: 2,22287,3,6,2,01,18,5,1,2,0,1,0,0,0,0
"POINT (9.109253336000052 48.822428567000031)",Unfall 22301 (2019) Kat:2, Licht: 1,22301,2,7,1,01,07,5,0,1,0,1,0,0,0,0
"POINT (9.212832872000035 48.797235854000064)",Unfall 22314 (2019) Kat:3, Licht: 0,22314,3,6,3,01,10,2,0,0,0,1,0,0,1,0
"POINT (9.177687619000039 48.783265426000071)",Unfall 22339 (2019) Kat:3, Licht: 2,22339,3,6,2,01,17,1,1,2,0,1,0,0,0,0
"POINT (9.194235727000034 48.807056478000050)",Unfall 22340 (2019) Kat:3, Licht: 2,22340,3,6,2,01,19,1,1,2,0,1,0,0,0,1
"POINT (9.175808903000075 48.770406468000033)",Unfall 22370 (2019) Kat:2, Licht: 2,22370,2,4,6,01,22,7,1,2,0,0,1,1,0,0
"POINT (9.181289318000040 48.811432830000058)",Unfall 22372 (2019) Kat:3, Licht: 0,22372,3,6,3,01,15,7,1,0,0,1,0,0,0,0
"POINT (9.181868841000039 48.793702596000060)",Unfall 22413 (2019) Kat:3, Licht: 0,22413,3,6,2,01,14,5,0,0,0,1,0,0,0,0
"POINT (9.178233196000065 48.814952202000029)",Unfall 22516 (2019) Kat:3, Licht: 2,22516,3,6,2,01,18,4,0,2,0,1,0,0,0,0
"POINT (9.144594517000030 48.841760545000056)",Unfall 22517 (2019) Kat:3, Licht: 2,22517,3,2,6,01,06,4,0,2,0,1,1,0,0,0
"POINT (9.118735622000031 48.758535673000040)",Unfall 22519 (2019) Kat:3, Licht: 0,22519,3,1,9,01,10,4,1,0,0,1,0,0,0,0
"POINT (9.178821713000048 48.784004967000044)",Unfall 22552 (2019) Kat:3, Licht: 2,22552,3,1,6,01,01,5,2,2,0,1,1,0,0,0
"POINT (9.120736593000061 48.708498167000073)",Unfall 22561 (2019) Kat:3, Licht: 2,22561,3,6,2,01,06,3,0,2,0,1,0,0,0,0
"POINT (9.183120223000060 48.767536528000051)",Unfall 22567 (2019) Kat:2, Licht: 0,22567,2,2,6,01,16,5,1,0,0,1,1,0,0,0
"POINT (9.133158173000027 48.786481608000031)",Unfall 22578 (2019) Kat:2, Licht: 2,22578,2,4,6,01,07,3,0,2,0,1,1,0,0,0
"POINT (9.250127707000047 48.780749540000045)",Unfall 22579 (2019) Kat:2, Licht: 0,22579,2,2,6,01,13,3,0,0,0,1,1,0,0,0
"POINT (9.201908099000036 48.795103982000057)",Unfall 22580 (2019) Kat:2, Licht: 0,22580,2,6,2,01,11,3,0,0,0,1,0,0,0,0
"POINT (9.180011222000076 48.843881555000053)",Unfall 22621 (2019) Kat:3, Licht: 0,22621,3,6,2,01,14,5,1,0,0,1,0,0,0,0
"POINT (9.219502156000033 48.803760310000030)",Unfall 22623 (2019) Kat:3, Licht: 0,22623,3,2,5,01,12,6,0,0,0,1,0,0,0,1
"POINT (9.195421094000039 48.806801148000034)",Unfall 22632 (2019) Kat:3, Licht: 2,22632,3,6,2,01,17,5,1,2,0,1,0,0,0,0
"POINT (9.221542576000047 48.804094656000075)",Unfall 22639 (2019) Kat:1, Licht: 0,22639,1,4,6,01,14,2,0,0,0,0,1,0,0,1
"POINT (9.169353089000026 48.732058928000072)",Unfall 22706 (2019) Kat:2, Licht: 2,22706,2,1,4,01,19,7,0,2,0,1,0,0,0,0
"POINT (9.215411716000062 48.794758507000040)",Unfall 22707 (2019) Kat:3, Licht: 2,22707,3,6,2,01,17,7,0,2,0,1,0,0,0,0
"POINT (9.219338521000054 48.787445294000065)",Unfall 22709 (2019) Kat:3, Licht: 0,22709,3,3,5,01,14,7,0,0,0,1,0,0,0,0
"POINT (9.179560229000060 48.813255391000041)",Unfall 22798 (2019) Kat:3, Licht: 2,22798,3,6,3,01,21,6,1,2,0,1,0,0,0,0
"POINT (9.248705336000057 48.809208764000061)",Unfall 22826 (2019) Kat:3, Licht: 0,22826,3,5,1,01,09,5,1,0,0,1,0,0,0,0
"POINT (9.106463495000071 48.718050349000066)",Unfall 22827 (2019) Kat:3, Licht: 2,22827,3,3,5,01,18,5,1,2,0,1,0,0,0,0
"POINT (9.215370203000020 48.802342017000058)",Unfall 22893 (2019) Kat:3, Licht: 1,22893,3,2,6,02,07,6,1,1,0,1,1,0,0,0
"POINT (9.174248347000059 48.769398858000045)",Unfall 23041 (2019) Kat:3, Licht: 2,23041,3,3,5,02,06,6,0,2,0,1,0,0,0,0
"POINT (9.209787052000024 48.782212163000054)",Unfall 23062 (2019) Kat:3, Licht: 2,23062,3,6,3,01,19,2,1,2,0,1,0,0,0,0
"POINT (9.169198063000067 48.814817424000069)",Unfall 23064 (2019) Kat:3, Licht: 0,23064,3,6,2,01,10,2,1,0,0,1,0,0,0,0
"POINT (9.233490922000044 48.753487642000039)",Unfall 23098 (2019) Kat:2, Licht: 2,23098,2,1,9,01,03,1,1,2,0,1,0,0,0,0
"POINT (9.177519159000042 48.815734564000081)",Unfall 23099 (2019) Kat:3, Licht: 0,23099,3,6,2,01,13,1,0,0,0,1,0,0,0,0
"POINT (9.164348892000021 48.814814496000054)",Unfall 23101 (2019) Kat:3, Licht: 0,23101,3,3,5,01,09,1,0,0,0,1,0,0,0,0
"POINT (9.156097410000029 48.810729290000040)",Unfall 23116 (2019) Kat:3, Licht: 2,23116,3,6,2,02,18,6,1,2,0,1,0,0,0,1
"POINT (9.123466783000026 48.708479209000075)",Unfall 23143 (2019) Kat:3, Licht: 0,23143,3,6,2,01,12,5,1,0,0,1,0,0,0,0
"POINT (9.130081882000070 48.708894954000073)",Unfall 23236 (2019) Kat:3, Licht: 2,23236,3,6,2,02,18,5,0,2,0,1,0,0,0,0
"POINT (9.095992964000061 48.823395615000038)",Unfall 23247 (2019) Kat:3, Licht: 0,23247,3,2,2,02,15,5,1,0,0,1,0,0,1,0
"POINT (9.150950181000042 48.787242098000036)",Unfall 23249 (2019) Kat:3, Licht: 0,23249,3,3,5,02,14,5,1,0,0,1,0,0,0,0
"POINT (9.201334589000055 48.794860145000030)",Unfall 23251 (2019) Kat:3, Licht: 0,23251,3,6,2,02,09,5,0,0,0,1,0,0,0,0
"POINT (9.169318086000033 48.773669765000079)",Unfall 23252 (2019) Kat:3, Licht: 0,23252,3,1,8,02,10,5,1,0,0,1,0,0,0,0
"POINT (9.217173512000045 48.832927427000072)",Unfall 23269 (2019) Kat:3, Licht: 0,23269,3,6,0,02,15,1,1,0,0,1,0,1,0,0
"POINT (9.211451527000065 48.804823757000065)",Unfall 23279 (2019) Kat:3, Licht: 0,23279,3,3,5,02,09,2,1,0,1,1,0,0,0,0
"POINT (9.216130338000028 48.802743806000080)",Unfall 23319 (2019) Kat:2, Licht: 0,23319,2,4,6,02,13,6,0,0,0,1,1,0,0,0
"POINT (9.215085747000046 48.743253897000045)",Unfall 23339 (2019) Kat:2, Licht: 0,23339,2,4,6,02,08,4,0,0,0,1,1,0,0,0
"POINT (9.152367503000050 48.770045021000044)",Unfall 23340 (2019) Kat:3, Licht: 1,23340,3,6,3,02,17,4,0,1,0,1,0,0,0,0
"POINT (9.133838508000054 48.764028552000070)",Unfall 23381 (2019) Kat:3, Licht: 0,23381,3,6,2,02,14,2,0,0,0,1,0,0,0,0
"POINT (9.167710489000058 48.748647274000064)",Unfall 23385 (2019) Kat:3, Licht: 0,23385,3,6,2,02,11,6,0,0,0,1,0,0,0,0
"POINT (9.213451626000051 48.796886104000066)",Unfall 23418 (2019) Kat:3, Licht: 2,23418,3,6,3,02,20,3,0,2,0,1,0,0,1,0
"POINT (9.114065124000035 48.731519610000078)",Unfall 23419 (2019) Kat:2, Licht: 2,23419,2,2,6,02,18,3,0,2,0,1,1,0,0,0
"POINT (9.229466407000075 48.812459062000073)",Unfall 23441 (2019) Kat:3, Licht: 0,23441,3,6,2,02,16,2,0,0,0,1,0,1,0,0
"POINT (9.128766249000023 48.779052678000028)",Unfall 23505 (2019) Kat:3, Licht: 0,23505,3,3,5,02,11,2,1,0,0,1,0,0,0,0
"POINT (9.106612914000039 48.719745584000066)",Unfall 23507 (2019) Kat:2, Licht: 0,23507,2,7,4,02,11,2,0,0,0,1,0,1,0,0
"POINT (9.202936511000075 48.700555774000065)",Unfall 23509 (2019) Kat:3, Licht: 0,23509,3,3,5,02,13,2,0,0,0,1,0,0,0,0
"POINT (9.220804244000021 48.697400717000050)",Unfall 23511 (2019) Kat:3, Licht: 0,23511,3,3,5,02,15,2,0,0,0,1,0,0,0,0
"POINT (9.257266225000024 48.760708836000049)",Unfall 23553 (2019) Kat:3, Licht: 1,23553,3,6,2,02,07,2,1,1,0,1,0,0,0,0
"POINT (9.250475007000034 48.756553463000046)",Unfall 23567 (2019) Kat:3, Licht: 0,23567,3,2,5,02,13,1,0,0,1,1,0,0,0,0
"POINT (9.255812267000067 48.760032456000033)",Unfall 23621 (2019) Kat:3, Licht: 0,23621,3,1,4,02,16,7,0,0,0,1,0,1,0,0
"POINT (9.116719016000047 48.708704047000026)",Unfall 23622 (2019) Kat:3, Licht: 0,23622,3,6,2,02,09,3,0,0,0,1,0,0,0,1
"POINT (9.182592639000063 48.776158994000070)",Unfall 23623 (2019) Kat:3, Licht: 0,23623,3,6,3,02,10,7,0,0,0,1,0,0,0,0
"POINT (9.174331688000052 48.769403628000077)",Unfall 23626 (2019) Kat:2, Licht: 2,23626,2,3,5,02,19,7,0,2,0,1,0,0,0,0
"POINT (9.205833029000075 48.796919165000077)",Unfall 23656 (2019) Kat:3, Licht: 0,23656,3,6,2,02,08,2,0,0,0,1,0,0,0,1
"POINT (9.150100065000061 48.708291638000048)",Unfall 23746 (2019) Kat:3, Licht: 1,23746,3,6,2,02,17,3,0,1,0,1,0,0,0,0
"POINT (9.220698420000076 48.816068840000071)",Unfall 23755 (2019) Kat:3, Licht: 0,23755,3,6,2,02,12,6,0,0,0,1,0,0,0,0
"POINT (9.189270021000027 48.807744491000051)",Unfall 23756 (2019) Kat:3, Licht: 0,23756,3,6,2,02,08,2,0,0,0,1,0,0,0,0
"POINT (9.100443184000028 48.819665833000045)",Unfall 23757 (2019) Kat:3, Licht: 0,23757,3,4,6,02,16,6,0,0,0,1,1,0,0,0
"POINT (9.169097542000031 48.738110555000048)",Unfall 23781 (2019) Kat:3, Licht: 0,23781,3,3,5,02,16,1,0,0,0,1,0,0,0,0
"POINT (9.202007432000073 48.807765130000064)",Unfall 23849 (2019) Kat:3, Licht: 0,23849,3,6,2,02,16,2,0,0,0,1,0,0,0,0
"POINT (9.211396941000032 48.804864559000066)",Unfall 23877 (2019) Kat:3, Licht: 1,23877,3,3,0,02,06,3,0,1,1,1,0,0,0,0
"POINT (9.176977105000049 48.811010290000070)",Unfall 23881 (2019) Kat:3, Licht: 0,23881,3,6,2,02,14,5,0,0,0,1,0,0,0,0
"POINT (9.210338941000032 48.799509170000078)",Unfall 23883 (2019) Kat:3, Licht: 0,23883,3,6,3,02,09,5,0,0,0,1,0,0,0,1
"POINT (9.219624980000049 48.803784698000072)",Unfall 23974 (2019) Kat:3, Licht: 1,23974,3,6,2,02,17,1,0,1,0,1,0,0,0,0
"POINT (9.156716469000060 48.847358031000056)",Unfall 23979 (2019) Kat:3, Licht: 1,23979,3,5,0,02,17,4,0,1,1,0,0,0,0,1
"POINT (9.228190339000037 48.805643622000048)",Unfall 24055 (2019) Kat:3, Licht: 0,24055,3,7,0,02,09,2,0,0,1,0,0,0,0,0
"POINT (9.210267707000071 48.692964583000048)",Unfall 24058 (2019) Kat:2, Licht: 2,24058,2,6,2,02,00,3,0,2,0,1,0,0,0,0
"POINT (9.184653962000027 48.805764539000052)",Unfall 24083 (2019) Kat:2, Licht: 2,24083,2,4,6,02,06,3,0,2,0,0,1,0,0,1
"POINT (9.192809743000055 48.807167580000055)",Unfall 24084 (2019) Kat:3, Licht: 0,24084,3,4,6,02,11,3,0,0,0,1,1,0,0,0
"POINT (9.183132171000068 48.775723380000045)",Unfall 24085 (2019) Kat:3, Licht: 1,24085,3,6,2,02,07,3,0,1,0,1,0,0,0,0
"POINT (9.104808434000063 48.711148717000071)",Unfall 24105 (2019) Kat:3, Licht: 0,24105,3,6,3,03,16,2,1,0,0,1,0,0,1,0
"POINT (9.217247841000074 48.707838279000043)",Unfall 24113 (2019) Kat:3, Licht: 0,24113,3,6,2,02,13,4,0,0,0,1,0,0,0,0
"POINT (9.204601643000046 48.807982608000032)",Unfall 24115 (2019) Kat:3, Licht: 0,24115,3,6,2,02,13,4,0,0,0,1,0,0,0,0
"POINT (9.106942429000071 48.724716636000039)",Unfall 24117 (2019) Kat:3, Licht: 0,24117,3,7,0,02,07,4,0,0,1,0,0,0,0,0
"POINT (9.139369598000030 48.811057094000034)",Unfall 24134 (2019) Kat:3, Licht: 0,24134,3,6,2,03,14,2,0,0,0,1,0,0,0,0
"POINT (9.208267670000055 48.781227570000055)",Unfall 24169 (2019) Kat:3, Licht: 2,24169,3,6,9,03,22,1,0,2,0,0,0,1,0,0
"POINT (9.081032285000049 48.729354926000042)",Unfall 24196 (2019) Kat:3, Licht: 0,24196,3,6,2,02,17,3,0,0,0,1,0,0,0,0
"POINT (9.237147379000021 48.758431328000029)",Unfall 24237 (2019) Kat:3, Licht: 0,24237,3,3,0,03,15,7,0,0,1,0,0,0,0,1
"POINT (9.119406429000037 48.708580344000040)",Unfall 24303 (2019) Kat:3, Licht: 0,24303,3,6,2,03,14,6,1,0,0,1,0,0,0,0
"POINT (9.201169155000059 48.782117850000077)",Unfall 24318 (2019) Kat:3, Licht: 2,24318,3,3,5,02,06,2,0,2,0,1,0,1,0,0
"POINT (9.211954396000067 48.806473280000034)",Unfall 24364 (2019) Kat:3, Licht: 2,24364,3,3,5,03,04,6,1,2,0,1,0,0,0,0
"POINT (9.215894168000034 48.794267279000053)",Unfall 24366 (2019) Kat:3, Licht: 0,24366,3,6,2,03,10,6,1,0,0,1,0,0,0,1
"POINT (9.232789950000040 48.802841857000033)",Unfall 24368 (2019) Kat:3, Licht: 0,24368,3,1,0,03,15,6,1,0,0,0,0,1,0,0
"POINT (9.156806325000048 48.707344134000039)",Unfall 24419 (2019) Kat:3, Licht: 2,24419,3,6,2,02,18,5,0,2,0,1,0,0,0,0
"POINT (9.187261454000065 48.773030081000059)",Unfall 24476 (2019) Kat:3, Licht: 0,24476,3,6,3,02,12,7,0,0,0,1,0,1,0,0
"POINT (9.253659377000076 48.758069645000035)",Unfall 24548 (2019) Kat:3, Licht: 1,24548,3,5,1,02,06,6,0,1,1,0,0,0,0,1