WKT,Name,OBJECTID,UKATEGORIE,UTYP1,UART,UMONAT,USTUNDE,UWOCHENTAG,STRZUSTAND,ULICHTVERH,ISTRAD,ISTPKW,ISTFUSS,ISTKRAD,ISTGKFZ,ISTSONSTIG
"POINT (9.210270262000051 48.692964576000065)",Unfall 24549 (2019) Kat:3, Licht: 2,24549,3,6,3,02,18,4,0,2,0,1,0,0,1,0
"POINT (9.226736795000022 48.793151418000036)",Unfall 24550 (2019) Kat:2, Licht: 1,24550,2,4,6,02,07,6,0,1,0,1,1,0,0,0
"POINT (9.176854325000022 48.779771026000049)",Unfall 24554 (2019) Kat:3, Licht: 0,24554,3,6,2,02,16,6,0,0,0,1,0,1,0,0
"POINT (9.183961643000032 48.777229811000041)",Unfall 24580 (2019) Kat:3, Licht: 0,24580,3,6,2,03,12,7,0,0,0,0,0,0,0,1
"POINT (9.161468070000069 48.706862803000035)",Unfall 24610 (2019) Kat:2, Licht: 2,24610,2,3,5,03,19,1,1,2,0,1,0,0,0,0
"POINT (9.212678168000025 48.800309598000069)",Unfall 24638 (2019) Kat:3, Licht: 2,24638,3,7,2,03,04,1,1,2,0,1,0,0,0,0
"POINT (9.188507083000047 48.783768522000059)",Unfall 24640 (2019) Kat:3, Licht: 0,24640,3,6,3,03,16,1,0,0,0,1,0,0,1,0
"POINT (9.198681320000048 48.695147384000052)",Unfall 24644 (2019) Kat:3, Licht: 0,24644,3,7,3,03,11,1,1,0,0,1,0,0,0,0
"POINT (9.169769376000033 48.763406658000065)",Unfall 24651 (2019) Kat:3, Licht: 0,24651,3,6,2,03,10,6,1,0,0,1,0,0,0,0
"POINT (9.220707728000036 48.830858247000037)",Unfall 24671 (2019) Kat:1, Licht: 0,24671,1,4,6,03,18,3,0,0,0,1,1,0,0,0
"POINT (9.212396939000030 48.744902589000048)",Unfall 24675 (2019) Kat:3, Licht: 2,24675,3,5,1,03,19,6,0,2,0,1,0,0,0,0
"POINT (9.146512971000050 48.728111306000073)",Unfall 24684 (2019) Kat:3, Licht: 0,24684,3,6,2,03,12,7,0,0,0,1,0,0,0,0
"POINT (9.081239348000054 48.718659857000034)",Unfall 24687 (2019) Kat:3, Licht: 0,24687,3,6,2,03,10,4,0,0,0,1,0,0,0,1
"POINT (9.191358098000023 48.788593186000071)",Unfall 24698 (2019) Kat:3, Licht: 0,24698,3,6,2,03,10,7,0,0,0,1,0,0,0,0
"POINT (9.194200460000047 48.767501220000042)",Unfall 24700 (2019) Kat:2, Licht: 2,24700,2,1,9,03,03,7,0,2,0,1,0,0,0,0
"POINT (9.218908754000040 48.720116241000028)",Unfall 24727 (2019) Kat:3, Licht: 2,24727,3,7,8,03,19,4,1,2,0,1,0,0,0,0
"POINT (9.183033810000040 48.776325108000037)",Unfall 24753 (2019) Kat:3, Licht: 2,24753,3,6,2,03,18,6,0,2,0,1,0,0,0,0
"POINT (9.181204875000049 48.790987262000044)",Unfall 24760 (2019) Kat:3, Licht: 2,24760,3,6,2,03,20,7,0,2,0,1,0,0,0,0
"POINT (9.164712224000027 48.797221008000065)",Unfall 24790 (2019) Kat:3, Licht: 0,24790,3,6,2,03,15,6,0,0,0,1,0,0,0,1
"POINT (9.179348694000055 48.784291935000056)",Unfall 24792 (2019) Kat:3, Licht: 2,24792,3,3,5,03,18,6,0,2,0,1,0,0,0,0
"POINT (9.173953315000063 48.821357654000053)",Unfall 24794 (2019) Kat:3, Licht: 0,24794,3,6,2,03,17,6,0,0,0,1,0,0,0,0
"POINT (9.151064782000049 48.726471062000030)",Unfall 24804 (2019) Kat:3, Licht: 1,24804,3,3,5,03,18,3,0,1,0,1,0,1,0,0
"POINT (9.218548653000028 48.787101713000027)",Unfall 24832 (2019) Kat:3, Licht: 0,24832,3,6,2,03,07,5,1,0,0,1,0,0,0,0
"POINT (9.209061532000021 48.781731173000026)",Unfall 24857 (2019) Kat:3, Licht: 0,24857,3,7,0,03,15,6,1,0,0,0,0,1,0,1
"POINT (9.249030408000067 48.756174027000043)",Unfall 24883 (2019) Kat:3, Licht: 0,24883,3,3,5,03,13,3,0,0,0,1,0,0,0,0
"POINT (9.180623382000022 48.760906213000055)",Unfall 24895 (2019) Kat:3, Licht: 2,24895,3,1,3,03,22,5,0,2,0,1,0,0,0,1
"POINT (9.212368836000053 48.800572259000035)",Unfall 24896 (2019) Kat:3, Licht: 0,24896,3,6,2,03,13,7,0,0,0,1,0,0,0,1
"POINT (9.243376899000054 48.777491723000026)",Unfall 24965 (2019) Kat:3, Licht: 0,24965,3,6,2,03,14,6,1,0,0,1,0,0,0,0
"POINT (9.209621711000068 48.782100716000059)",Unfall 24997 (2019) Kat:3, Licht: 2,24997,3,2,5,03,18,4,0,2,1,1,0,0,0,0
"POINT (9.178761664000035 48.783964513000058)",Unfall 24998 (2019) Kat:3, Licht: 2,24998,3,6,2,03,01,7,0,2,0,1,0,0,0,0
"POINT (9.181425042000058 48.792346009000028)",Unfall 25021 (2019) Kat:3, Licht: 0,25021,3,6,2,03,06,3,0,0,0,1,0,0,0,0
"POINT (9.209230625000032 48.798629400000038)",Unfall 25049 (2019) Kat:2, Licht: 0,25049,2,2,5,03,14,4,0,0,0,1,0,1,0,0
"POINT (9.157078633000026 48.846766230000071)",Unfall 25081 (2019) Kat:3, Licht: 0,25081,3,5,1,03,13,6,1,0,0,1,0,1,0,0
"POINT (9.165349955000067 48.747667033000027)",Unfall 25099 (2019) Kat:3, Licht: 0,25099,3,6,2,03,16,3,1,0,0,1,0,0,0,0
"POINT (9.155942316000051 48.812929932000031)",Unfall 25101 (2019) Kat:3, Licht: 0,25101,3,6,2,03,17,3,1,0,0,1,0,0,0,0
"POINT (9.251129574000061 48.778451426000061)",Unfall 25103 (2019) Kat:3, Licht: 1,25103,3,6,2,03,17,3,1,1,0,1,0,0,0,0
"POINT (9.144821650000040 48.709368861000030)",Unfall 25126 (2019) Kat:3, Licht: 0,25126,3,6,2,03,08,5,0,0,0,1,0,0,1,1
"POINT (9.233083096000030 48.806106439000075)",Unfall 25146 (2019) Kat:2, Licht: 0,25146,2,2,5,03,07,5,0,0,1,1,0,0,0,0
"POINT (9.252855320000037 48.810110408000071)",Unfall 25147 (2019) Kat:3, Licht: 0,25147,3,6,2,03,13,5,0,0,0,1,0,0,1,0
"POINT (9.172268063000047 48.752130253000075)",Unfall 25148 (2019) Kat:3, Licht: 0,25148,3,6,2,03,17,5,0,0,0,1,0,0,0,0
"POINT (9.180409729000076 48.787286847000075)",Unfall 25149 (2019) Kat:3, Licht: 0,25149,3,4,6,03,17,5,0,0,0,1,1,0,0,0
"POINT (9.242896367000071 48.808467975000042)",Unfall 25213 (2019) Kat:3, Licht: 0,25213,3,4,6,03,07,4,0,0,0,0,1,0,0,1
"POINT (9.234767424000040 48.814769945000080)",Unfall 25256 (2019) Kat:3, Licht: 0,25256,3,2,0,03,13,3,0,0,0,1,0,0,0,1
"POINT (9.168990403000066 48.814892070000042)",Unfall 25257 (2019) Kat:3, Licht: 1,25257,3,2,3,03,18,3,0,1,0,1,0,0,1,0
"POINT (9.156032842000059 48.806121974000064)",Unfall 25258 (2019) Kat:3, Licht: 0,25258,3,2,5,03,07,3,0,0,0,1,0,1,0,0
"POINT (9.136706596000067 48.775409050000064)",Unfall 25259 (2019) Kat:3, Licht: 2,25259,3,6,3,03,19,3,0,2,0,1,0,0,0,0
"POINT (9.152695773000062 48.800119824000035)",Unfall 25325 (2019) Kat:3, Licht: 2,25325,3,6,4,03,18,2,1,2,0,1,0,0,0,0
"POINT (9.179540600000053 48.757815917000073)",Unfall 25361 (2019) Kat:3, Licht: 2,25361,3,1,8,03,18,1,1,2,0,1,0,0,0,0
"POINT (9.253514719000066 48.757974874000070)",Unfall 25391 (2019) Kat:3, Licht: 2,25391,3,5,1,03,19,3,0,2,0,1,0,0,0,0
"POINT (9.168815887000051 48.825942239000028)",Unfall 25444 (2019) Kat:3, Licht: 0,25444,3,6,2,03,14,2,1,0,0,1,0,0,0,0
"POINT (9.206068449000043 48.797035960000073)",Unfall 25445 (2019) Kat:3, Licht: 0,25445,3,6,2,03,16,2,0,0,0,1,0,1,0,0
"POINT (9.178488769000069 48.814634453000053)",Unfall 25446 (2019) Kat:3, Licht: 0,25446,3,6,2,03,13,2,1,0,0,1,0,0,0,0
"POINT (9.181939030000024 48.793441698000038)",Unfall 25482 (2019) Kat:3, Licht: 0,25482,3,6,3,03,13,4,0,0,0,1,0,0,0,1
"POINT (9.220325311000067 48.739874292000081)",Unfall 25539 (2019) Kat:2, Licht: 0,25539,2,4,6,03,13,4,0,0,0,1,1,0,0,0
"POINT (9.175120769000046 48.820018497000035)",Unfall 25564 (2019) Kat:3, Licht: 0,25564,3,6,2,03,12,7,0,0,0,1,0,0,0,0
"POINT (9.192624089000049 48.807182043000068)",Unfall 25655 (2019) Kat:3, Licht: 0,25655,3,4,6,03,12,6,0,0,0,0,1,0,0,1
"POINT (9.178123205000077 48.772323220000033)",Unfall 25667 (2019) Kat:3, Licht: 0,25667,3,6,2,03,10,4,0,0,0,1,0,0,0,0
"POINT (9.169367317000024 48.721939865000081)",Unfall 25788 (2019) Kat:3, Licht: 0,25788,3,3,5,03,11,7,0,0,0,1,0,0,0,0
"POINT (9.226527429000043 48.805089149000025)",Unfall 25790 (2019) Kat:3, Licht: 0,25790,3,6,2,03,12,7,0,0,0,1,0,0,0,0
"POINT (9.211373253000033 48.804398312000046)",Unfall 25792 (2019) Kat:3, Licht: 0,25792,3,6,2,03,15,7,0,0,0,1,0,0,0,0
"POINT (9.128098615000056 48.737351968000041)",Unfall 25793 (2019) Kat:3, Licht: 0,25793,3,2,5,03,17,7,0,0,1,1,0,0,0,0
"POINT (9.112700685000050 48.709434892000047)",Unfall 25847 (2019) Kat:3, Licht: 0,25847,3,6,2,03,14,6,0,0,0,1,0,0,0,1
"POINT (9.182362161000071 48.810922710000057)",Unfall 25863 (2019) Kat:3, Licht: 0,25863,3,6,2,04,16,2,0,0,0,1,0,0,0,1
"POINT (9.211433058000068 48.804839164000043)",Unfall 25886 (2019) Kat:3, Licht: 0,25886,3,3,5,03,17,6,0,0,1,1,0,0,0,0
"POINT (9.139577261000056 48.727741637000065)",Unfall 25888 (2019) Kat:3, Licht: 0,25888,3,3,5,03,17,6,0,0,1,1,0,0,0,0
"POINT (9.182575100000065 48.796753090000038)",Unfall 25889 (2019) Kat:3, Licht: 0,25889,3,6,2,03,11,6,0,0,0,1,0,0,0,0
"POINT (9.144755083000064 48.835048255000061)",Unfall 25890 (2019) Kat:3, Licht: 0,25890,3,6,2,03,13,6,0,0,0,1,0,0,0,1
"POINT (9.095872297000028 48.755753732000073)",Unfall 25977 (2019) Kat:3, Licht: 0,25977,3,6,2,03,11,5,0,0,0,1,0,0,0,0
"POINT (9.215666192000072 48.794499404000078)",Unfall 25978 (2019) Kat:2, Licht: 0,25978,2,6,3,03,11,5,0,0,0,1,0,0,0,0
"POINT (9.131632939000042 48.728466509000043)",Unfall 25981 (2019) Kat:2, Licht: 1,25981,2,6,2,03,18,5,0,1,0,1,0,0,0,1
"POINT (9.220301292000045 48.740462103000027)",Unfall 25982 (2019) Kat:3, Licht: 1,25982,3,7,2,03,20,5,0,1,0,1,0,0,0,0
"POINT (9.110112093000055 48.710111300000051)",Unfall 26053 (2019) Kat:3, Licht: 0,26053,3,6,3,04,18,6,0,0,0,1,0,0,1,0
"POINT (9.103308655000035 48.805381474000058)",Unfall 26076 (2019) Kat:3, Licht: 0,26076,3,6,2,04,17,6,0,0,0,1,0,0,0,0
"POINT (9.174099739000042 48.777387583000063)",Unfall 26078 (2019) Kat:3, Licht: 1,26078,3,7,3,04,18,6,0,1,1,1,0,0,0,0
"POINT (9.193896105000022 48.790528807000044)",Unfall 26081 (2019) Kat:3, Licht: 0,26081,3,6,2,04,10,1,0,0,0,1,0,0,0,0
"POINT (9.182082368000067 48.794498535000059)",Unfall 26144 (2019) Kat:3, Licht: 0,26144,3,6,2,04,09,5,0,0,0,1,0,0,0,0
"POINT (9.180358859000023 48.810678778000067)",Unfall 26145 (2019) Kat:3, Licht: 2,26145,3,6,3,04,01,5,0,2,0,1,0,1,0,0
"POINT (9.184749075000070 48.778561445000037)",Unfall 26201 (2019) Kat:3, Licht: 0,26201,3,6,2,04,16,4,0,0,0,1,0,0,0,0
"POINT (9.176573625000060 48.779602865000072)",Unfall 26202 (2019) Kat:3, Licht: 0,26202,3,7,5,04,14,4,0,0,0,1,0,0,0,0
"POINT (9.207484386000033 48.797738405000075)",Unfall 26204 (2019) Kat:3, Licht: 1,26204,3,6,2,04,18,4,1,1,0,1,0,0,0,0
"POINT (9.171619714000030 48.767342017000033)",Unfall 26205 (2019) Kat:3, Licht: 0,26205,3,6,2,04,08,4,1,0,0,1,0,0,0,0
"POINT (9.235647568000047 48.806536324000035)",Unfall 26302 (2019) Kat:3, Licht: 0,26302,3,6,2,04,08,3,0,0,0,1,0,0,0,0
"POINT (9.209792594000021 48.805173346000061)",Unfall 26304 (2019) Kat:3, Licht: 0,26304,3,6,2,04,10,3,0,0,0,1,0,0,0,0
"POINT (9.232122885000024 48.803839236000044)",Unfall 26305 (2019) Kat:2, Licht: 0,26305,2,3,5,04,12,3,0,0,1,1,0,0,0,0
"POINT (9.181173808000040 48.790642565000041)",Unfall 26307 (2019) Kat:3, Licht: 0,26307,3,6,2,04,11,3,0,0,0,1,0,0,0,1
"POINT (9.178318079000064 48.783640713000068)",Unfall 26407 (2019) Kat:3, Licht: 0,26407,3,6,2,04,14,1,0,0,0,1,0,0,0,0
"POINT (9.180272206000041 48.773693851000075)",Unfall 26456 (2019) Kat:3, Licht: 0,26456,3,6,3,04,12,6,0,0,0,1,0,1,0,0
"POINT (9.182851545000062 48.775465969000038)",Unfall 26458 (2019) Kat:3, Licht: 0,26458,3,6,2,04,15,6,0,0,0,1,0,0,0,0
"POINT (9.114530938000030 48.729812753000033)",Unfall 26459 (2019) Kat:3, Licht: 0,26459,3,6,3,04,12,6,0,0,0,1,0,0,0,0
"POINT (9.103475799000023 48.711408680000034)",Unfall 26472 (2019) Kat:3, Licht: 0,26472,3,6,2,04,14,1,0,0,0,1,0,0,0,0
"POINT (9.169740510000054 48.765029118000029)",Unfall 26541 (2019) Kat:2, Licht: 2,26541,2,4,6,04,21,3,0,2,0,0,1,1,0,0
"POINT (9.088331467000046 48.821200539000074)",Unfall 26546 (2019) Kat:3, Licht: 0,26546,3,6,2,04,18,5,0,0,0,1,0,0,0,0
"POINT (9.182887892000053 48.810573208000051)",Unfall 26547 (2019) Kat:3, Licht: 0,26547,3,6,2,04,17,5,0,0,0,1,0,0,0,0
"POINT (9.185460654000053 48.774278730000049)",Unfall 26549 (2019) Kat:3, Licht: 0,26549,3,4,6,04,16,5,0,0,0,1,1,0,0,0
"POINT (9.220145792000039 48.740489353000044)",Unfall 26551 (2019) Kat:3, Licht: 0,26551,3,6,2,04,15,5,0,0,0,1,0,0,0,0
"POINT (9.208289672000035 48.801438450000035)",Unfall 26552 (2019) Kat:3, Licht: 0,26552,3,6,3,04,08,5,0,0,0,1,0,0,0,0
"POINT (9.143782253000040 48.770356524000078)",Unfall 26553 (2019) Kat:3, Licht: 0,26553,3,3,5,04,08,5,0,0,0,1,0,0,0,0
"POINT (9.173996484000043 48.769657626000026)",Unfall 26555 (2019) Kat:3, Licht: 0,26555,3,3,5,04,14,5,0,0,0,1,0,0,0,0
"POINT (9.173274012000036 48.801596592000067)",Unfall 26565 (2019) Kat:3, Licht: 2,26565,3,7,2,04,01,1,1,2,0,1,0,0,0,0
"POINT (9.253991258000042 48.758281942000053)",Unfall 26575 (2019) Kat:3, Licht: 0,26575,3,6,3,04,18,2,0,0,1,1,0,0,0,0
"POINT (9.191253532000076 48.788450653000041)",Unfall 26622 (2019) Kat:2, Licht: 0,26622,2,7,4,04,14,4,0,0,0,1,0,0,0,0
"POINT (9.161514590000024 48.812819590000061)",Unfall 26623 (2019) Kat:3, Licht: 1,26623,3,3,5,04,07,4,1,1,0,1,0,0,0,1
"POINT (9.154748696000070 48.812555585000041)",Unfall 26625 (2019) Kat:3, Licht: 0,26625,3,1,2,04,08,4,0,0,0,1,0,0,0,0
"POINT (9.221431074000066 48.694675951000079)",Unfall 26626 (2019) Kat:3, Licht: 2,26626,3,2,3,04,03,4,1,2,0,1,0,0,0,0
"POINT (9.096694674000048 48.712940234000030)",Unfall 26629 (2019) Kat:3, Licht: 0,26629,3,6,2,04,13,1,0,0,0,1,0,0,0,0
"POINT (9.166735553000024 48.817544825000027)",Unfall 26714 (2019) Kat:3, Licht: 2,26714,3,3,5,04,20,3,0,2,0,1,0,1,0,0
"POINT (9.136054026000068 48.747366861000046)",Unfall 26715 (2019) Kat:3, Licht: 0,26715,3,3,5,04,07,3,0,0,1,0,0,0,0,0
"POINT (9.230400872000075 48.812820634000047)",Unfall 26722 (2019) Kat:2, Licht: 0,26722,2,4,6,04,16,2,0,0,0,1,1,0,0,0
"POINT (9.105111036000039 48.729931554000075)",Unfall 26744 (2019) Kat:3, Licht: 0,26744,3,6,2,04,18,2,0,0,0,1,0,0,0,0
"POINT (9.177321135000057 48.782359256000063)",Unfall 26748 (2019) Kat:3, Licht: 0,26748,3,6,2,04,14,7,1,0,0,1,0,0,0,0
"POINT (9.230999060000045 48.785647133000055)",Unfall 26753 (2019) Kat:2, Licht: 1,26753,2,6,2,04,19,7,1,1,0,1,0,0,0,0
"POINT (9.226863821000052 48.739781697000069)",Unfall 26802 (2019) Kat:3, Licht: 2,26802,3,2,0,04,00,7,0,2,0,1,0,0,0,1
"POINT (9.216812978000064 48.798702024000079)",Unfall 26803 (2019) Kat:3, Licht: 0,26803,3,4,6,04,13,7,0,0,0,1,1,0,0,0
"POINT (9.097434914000075 48.818499840000072)",Unfall 26804 (2019) Kat:3, Licht: 0,26804,3,6,2,04,11,7,0,0,0,1,0,0,0,0
"POINT (9.216836629000056 48.798689730000035)",Unfall 26806 (2019) Kat:3, Licht: 0,26806,3,1,0,04,13,7,0,0,1,0,0,0,0,0
"POINT (9.169194053000069 48.773545886000079)",Unfall 26829 (2019) Kat:3, Licht: 0,26829,3,2,5,04,12,3,0,0,1,1,0,0,0,0
"POINT (9.118104597000070 48.708697612000037)",Unfall 26883 (2019) Kat:3, Licht: 0,26883,3,6,2,04,10,6,0,0,0,1,0,1,0,0
"POINT (9.210427201000073 48.805408313000044)",Unfall 26922 (2019) Kat:3, Licht: 2,26922,3,2,5,04,20,6,0,2,0,1,0,0,0,0
"POINT (9.134268699000074 48.764315191000037)",Unfall 27010 (2019) Kat:2, Licht: 0,27010,2,2,5,04,17,1,0,0,0,1,0,0,0,0
"POINT (9.135665160000031 48.771366237000052)",Unfall 27013 (2019) Kat:3, Licht: 0,27013,3,6,2,04,12,1,0,0,0,1,0,0,0,0
"POINT (9.212489721000054 48.829734755000061)",Unfall 27017 (2019) Kat:3, Licht: 2,27017,3,6,2,04,20,1,0,2,0,1,0,0,0,0
"POINT (9.201886515000069 48.783719209000026)",Unfall 27079 (2019) Kat:3, Licht: 0,27079,3,6,2,04,17,5,0,0,0,1,0,0,0,0
"POINT (9.130882822000046 48.728486503000056)",Unfall 27080 (2019) Kat:3, Licht: 0,27080,3,6,2,04,12,5,0,0,0,1,0,0,0,0
"POINT (9.152091025000061 48.835104931000046)",Unfall 27081 (2019) Kat:3, Licht: 0,27081,3,7,2,04,15,5,0,0,0,1,0,0,0,0
"POINT (9.195004988000051 48.806827377000047)",Unfall 27084 (2019) Kat:3, Licht: 0,27084,3,6,2,04,10,5,0,0,0,1,0,0,0,0
"POINT (9.152426644000059 48.834688503000052)",Unfall 27190 (2019) Kat:3, Licht: 0,27190,3,6,3,04,10,4,1,0,0,1,0,0,0,0
"POINT (9.200057114000060 48.794245223000075)",Unfall 27229 (2019) Kat:3, Licht: 0,27229,3,6,2,04,14,3,0,0,0,1,0,0,1,0
"POINT (9.161461059000033 48.771470205000071)",Unfall 27232 (2019) Kat:2, Licht: 2,27232,2,4,6,04,22,7,1,2,0,1,1,0,0,0
"POINT (9.201874740000051 48.795089817000076)",Unfall 27233 (2019) Kat:3, Licht: 0,27233,3,6,2,04,17,7,1,0,0,1,0,0,0,0
"POINT (9.173246114000051 48.750286416000051)",Unfall 27261 (2019) Kat:3, Licht: 0,27261,3,6,6,05,12,4,0,0,1,0,1,0,0,0
"POINT (9.254548833000058 48.776611776000038)",Unfall 27294 (2019) Kat:3, Licht: 0,27294,3,2,5,04,17,2,0,0,1,1,0,0,0,0
"POINT (9.209607488000074 48.799099759000057)",Unfall 27322 (2019) Kat:3, Licht: 2,27322,3,1,0,04,03,6,0,2,0,0,0,1,0,0
"POINT (9.215666869000074 48.809606423000048)",Unfall 27324 (2019) Kat:2, Licht: 0,27324,2,4,6,04,15,6,1,0,0,0,1,0,0,1
"POINT (9.092315598000027 48.787394677000066)",Unfall 27326 (2019) Kat:3, Licht: 0,27326,3,1,0,04,17,6,1,0,0,0,0,1,0,0
"POINT (9.139135668000051 48.753748338000037)",Unfall 27328 (2019) Kat:3, Licht: 0,27328,3,6,2,04,18,6,0,0,0,1,0,0,0,0
"POINT (9.158028289000072 48.770578265000040)",Unfall 27330 (2019) Kat:3, Licht: 0,27330,3,3,5,04,18,6,0,0,0,1,0,0,0,0
"POINT (9.180807084000037 48.763415706000046)",Unfall 27341 (2019) Kat:3, Licht: 0,27341,3,1,0,04,06,3,1,0,1,0,0,0,0,0
"POINT (9.263042161000044 48.762829940000074)",Unfall 27416 (2019) Kat:3, Licht: 0,27416,3,6,2,04,09,5,0,0,0,1,0,0,0,0
"POINT (9.173953081000036 48.777263490000053)",Unfall 27418 (2019) Kat:3, Licht: 0,27418,3,6,2,04,16,5,0,0,0,1,0,0,0,1
"POINT (9.189895180000065 48.785977646000049)",Unfall 27436 (2019) Kat:3, Licht: 2,27436,3,6,0,05,22,4,1,2,0,1,0,1,0,0
"POINT (9.199737589000051 48.794047604000070)",Unfall 27515 (2019) Kat:3, Licht: 0,27515,3,7,1,04,16,3,0,0,0,0,0,0,1,1
"POINT (9.178886648000059 48.784048717000076)",Unfall 27534 (2019) Kat:3, Licht: 0,27534,3,7,2,04,12,4,0,0,0,1,0,0,0,0
"POINT (9.251077576000057 48.769485781000071)",Unfall 27536 (2019) Kat:3, Licht: 0,27536,3,6,2,04,06,4,0,0,0,1,0,0,0,0
"POINT (9.177870232000032 48.772083942000052)",Unfall 27556 (2019) Kat:3, Licht: 2,27556,3,6,2,04,03,1,0,2,0,1,0,0,0,0
"POINT (9.169728850000070 48.763756251000075)",Unfall 27641 (2019) Kat:3, Licht: 0,27641,3,6,2,04,14,3,0,0,0,1,0,0,1,0
"POINT (9.182235233000029 48.795805389000066)",Unfall 27643 (2019) Kat:3, Licht: 0,27643,3,6,3,04,17,3,0,0,0,1,0,1,0,0
"POINT (9.179228208000041 48.844508929000028)",Unfall 27645 (2019) Kat:2, Licht: 2,27645,2,1,9,04,21,3,0,2,0,0,0,1,0,0
"POINT (9.182909914000049 48.799458012000059)",Unfall 27647 (2019) Kat:3, Licht: 0,27647,3,2,5,04,09,3,0,0,1,1,0,0,0,0
"POINT (9.211701607000066 48.804599265000036)",Unfall 27649 (2019) Kat:3, Licht: 0,27649,3,2,2,04,12,3,0,0,0,1,0,0,0,0
"POINT (9.221173334000071 48.796252150000043)",Unfall 27651 (2019) Kat:3, Licht: 2,27651,3,1,0,04,23,3,0,2,1,0,0,0,0,0
"POINT (9.184639388000051 48.808981764000066)",Unfall 27659 (2019) Kat:3, Licht: 0,27659,3,3,5,05,13,1,0,0,0,1,0,0,0,0
"POINT (9.211752982000064 48.804552173000047)",Unfall 27689 (2019) Kat:3, Licht: 0,27689,3,3,5,05,05,5,0,0,1,1,0,0,0,0
"POINT (9.158960466000053 48.723481850000042)",Unfall 27702 (2019) Kat:3, Licht: 0,27702,3,6,2,05,12,4,0,0,0,1,0,0,1,0
"POINT (9.254609760000051 48.810437069000045)",Unfall 27725 (2019) Kat:3, Licht: 0,27725,3,6,2,05,16,4,1,0,0,1,0,0,0,0
"POINT (9.114552375000073 48.731885240000054)",Unfall 27741 (2019) Kat:3, Licht: 0,27741,3,7,5,05,11,3,0,0,0,1,0,0,0,0
"POINT (9.162200652000024 48.722919359000059)",Unfall 27748 (2019) Kat:3, Licht: 0,27748,3,6,2,05,19,4,1,0,0,1,0,0,0,0
"POINT (9.135245494000060 48.745972118000054)",Unfall 27788 (2019) Kat:3, Licht: 0,27788,3,2,5,05,15,5,1,0,1,0,0,0,0,1
"POINT (9.181297027000028 48.792459453000049)",Unfall 27803 (2019) Kat:3, Licht: 2,27803,3,6,2,05,22,7,0,2,0,1,0,0,0,0
"POINT (9.173937063000039 48.769702286000040)",Unfall 27833 (2019) Kat:3, Licht: 0,27833,3,3,5,05,20,1,0,0,0,1,0,0,0,0
"POINT (9.212516391000065 48.797386229000040)",Unfall 27842 (2019) Kat:3, Licht: 0,27842,3,6,2,05,12,2,0,0,0,1,0,0,1,0
"POINT (9.100994521000075 48.711723563000078)",Unfall 27852 (2019) Kat:3, Licht: 0,27852,3,6,2,05,08,6,0,0,0,1,0,0,0,0
"POINT (9.207603149000022 48.801853897000058)",Unfall 27861 (2019) Kat:3, Licht: 0,27861,3,6,2,05,09,5,0,0,0,1,0,0,0,0
"POINT (9.203582958000027 48.791425023000045)",Unfall 27870 (2019) Kat:2, Licht: 0,27870,2,4,6,05,18,1,0,0,0,1,1,0,0,0
"POINT (9.210768138000049 48.806299278000040)",Unfall 27873 (2019) Kat:3, Licht: 0,27873,3,6,2,05,17,1,0,0,0,1,0,0,0,0
"POINT (9.143301613000062 48.791161894000027)",Unfall 27874 (2019) Kat:3, Licht: 0,27874,3,6,2,05,15,1,0,0,0,1,0,0,0,1
"POINT (9.183393272000046 48.776883591000058)",Unfall 27916 (2019) Kat:3, Licht: 0,27916,3,6,2,05,07,6,0,0,0,1,0,0,0,0
"POINT (9.146981565000033 48.754657600000030)",Unfall 27951 (2019) Kat:3, Licht: 0,27951,3,6,2,05,16,7,0,0,0,1,0,0,0,0
"POINT (9.152032215000077 48.834747576000041)",Unfall 27953 (2019) Kat:3, Licht: 0,27953,3,6,2,05,12,7,1,0,0,1,0,0,0,0
"POINT (9.209173926000062 48.781805229000042)",Unfall 27955 (2019) Kat:3, Licht: 0,27955,3,6,2,05,18,7,0,0,0,1,0,0,0,0
"POINT (9.181293778000054 48.792450652000070)",Unfall 27991 (2019) Kat:3, Licht: 2,27991,3,6,2,05,02,5,0,2,0,1,0,0,0,0
"POINT (9.184645867000029 48.808954902000039)",Unfall 28006 (2019) Kat:3, Licht: 0,28006,3,2,5,05,15,7,1,0,0,1,0,0,0,0
"POINT (9.079799141000024 48.719582742000057)",Unfall 28024 (2019) Kat:3, Licht: 0,28024,3,3,5,05,14,6,0,0,0,1,0,0,1,0
"POINT (9.171340982000061 48.750613168000029)",Unfall 28035 (2019) Kat:3, Licht: 0,28035,3,7,3,05,15,1,0,0,0,1,0,0,0,0
"POINT (9.122109093000063 48.708458021000069)",Unfall 28057 (2019) Kat:3, Licht: 0,28057,3,6,3,05,07,6,1,0,0,1,0,0,1,0
"POINT (9.095875291000027 48.824721062000037)",Unfall 28059 (2019) Kat:3, Licht: 0,28059,3,3,5,05,15,6,0,0,1,1,0,0,0,0
"POINT (9.195268034000037 48.716928442000039)",Unfall 28062 (2019) Kat:3, Licht: 0,28062,3,6,2,05,14,6,0,0,0,1,0,0,0,0
"POINT (9.220327764000047 48.699022564000074)",Unfall 28064 (2019) Kat:3, Licht: 0,28064,3,6,3,05,12,6,0,0,0,1,0,0,0,0
"POINT (9.090437494000071 48.781322382000042)",Unfall 28099 (2019) Kat:3, Licht: 0,28099,3,3,5,05,18,5,1,0,0,1,0,0,0,0
"POINT (9.199533606000045 48.807154354000033)",Unfall 28105 (2019) Kat:3, Licht: 0,28105,3,6,2,05,14,5,0,0,0,1,0,0,0,0
"POINT (9.229613410000070 48.812099473000046)",Unfall 28108 (2019) Kat:3, Licht: 0,28108,3,4,6,05,07,5,0,0,0,1,1,0,0,0