WKT,Name,OBJECTID,UKATEGORIE,UTYP1,UART,UMONAT,USTUNDE,UWOCHENTAG,STRZUSTAND,ULICHTVERH,ISTRAD,ISTPKW,ISTFUSS,ISTKRAD,ISTGKFZ,ISTSONSTIG
"POINT (9.177357026000038 48.751779333000059)",Unfall 28132 (2019) Kat:3, Licht: 0,28132,3,6,2,05,14,6,1,0,0,1,0,0,0,0
"POINT (9.207501429000047 48.803198057000031)",Unfall 28145 (2019) Kat:2, Licht: 0,28145,2,6,2,05,07,7,1,0,0,1,0,0,1,0
"POINT (9.165841502000035 48.812466826000048)",Unfall 28155 (2019) Kat:3, Licht: 0,28155,3,3,5,05,14,4,1,0,0,1,0,1,0,0
"POINT (9.192853387000071 48.695656563000057)",Unfall 28168 (2019) Kat:3, Licht: 0,28168,3,6,2,05,16,4,1,0,0,1,0,0,0,0
"POINT (9.185257453000077 48.806399185000032)",Unfall 28175 (2019) Kat:3, Licht: 0,28175,3,6,2,05,15,3,1,0,0,1,0,0,0,0
"POINT (9.182719332000033 48.799894341000027)",Unfall 28176 (2019) Kat:3, Licht: 1,28176,3,2,5,05,17,3,1,1,1,1,0,0,0,0
"POINT (9.069790179000052 48.727504824000050)",Unfall 28191 (2019) Kat:3, Licht: 0,28191,3,6,2,05,08,3,1,0,0,1,0,0,0,0
"POINT (9.220083936000037 48.803875827000070)",Unfall 28235 (2019) Kat:3, Licht: 0,28235,3,7,0,05,15,5,0,0,0,1,0,1,0,0
"POINT (9.204014266000058 48.796219821000079)",Unfall 28238 (2019) Kat:3, Licht: 0,28238,3,6,2,05,18,5,0,0,0,1,0,0,0,0
"POINT (9.096002693000060 48.823246800000049)",Unfall 28240 (2019) Kat:3, Licht: 0,28240,3,6,2,05,07,5,0,0,0,1,0,0,0,0
"POINT (9.099940839000055 48.802188709000063)",Unfall 28277 (2019) Kat:3, Licht: 0,28277,3,3,5,05,17,2,1,0,0,1,0,0,0,1
"POINT (9.171424521000063 48.824550167000041)",Unfall 28280 (2019) Kat:3, Licht: 0,28280,3,6,2,05,09,2,1,0,0,1,0,0,1,0
"POINT (9.223566642000037 48.788291029000050)",Unfall 28282 (2019) Kat:3, Licht: 2,28282,3,6,3,05,20,2,1,2,0,1,0,0,1,0
"POINT (9.235839367000040 48.806578857000034)",Unfall 28286 (2019) Kat:3, Licht: 0,28286,3,6,2,05,18,2,1,0,0,1,0,0,0,0
"POINT (9.167744567000057 48.705873682000060)",Unfall 28342 (2019) Kat:3, Licht: 0,28342,3,1,8,05,20,1,1,0,0,1,0,0,0,0
"POINT (9.184791370000028 48.778679338000074)",Unfall 28383 (2019) Kat:3, Licht: 0,28383,3,6,2,05,18,1,0,0,0,1,0,0,0,0
"POINT (9.155167510000069 48.754925959000047)",Unfall 28384 (2019) Kat:3, Licht: 0,28384,3,7,4,05,06,1,0,0,0,1,0,0,0,0
"POINT (9.160517854000034 48.814362446000075)",Unfall 28386 (2019) Kat:3, Licht: 0,28386,3,6,3,05,17,1,0,0,0,1,0,0,0,0
"POINT (9.167712001000041 48.814401963000080)",Unfall 28390 (2019) Kat:3, Licht: 1,28390,3,6,2,05,20,4,0,1,0,1,0,0,0,0
"POINT (9.153654517000064 48.843481048000058)",Unfall 28393 (2019) Kat:3, Licht: 0,28393,3,2,5,05,10,4,0,0,0,1,0,0,0,0
"POINT (9.176120367000067 48.817825392000032)",Unfall 28395 (2019) Kat:3, Licht: 0,28395,3,6,3,05,08,4,0,0,0,1,0,0,1,0
"POINT (9.136824151000042 48.750092669000026)",Unfall 28398 (2019) Kat:2, Licht: 0,28398,2,7,0,05,18,4,0,0,0,0,1,0,0,1
"POINT (9.209350613000026 48.799616777000040)",Unfall 28400 (2019) Kat:3, Licht: 0,28400,3,6,2,05,06,4,0,0,0,1,0,1,0,0
"POINT (9.234333483000057 48.737804356000026)",Unfall 28402 (2019) Kat:3, Licht: 0,28402,3,6,2,05,16,4,0,0,0,1,0,0,0,0
"POINT (9.210904543000027 48.701084138000056)",Unfall 28430 (2019) Kat:3, Licht: 0,28430,3,2,0,05,12,4,0,0,0,1,0,0,0,1
"POINT (9.106037903000072 48.820236140000077)",Unfall 28490 (2019) Kat:3, Licht: 0,28490,3,6,0,05,17,7,0,0,0,1,0,1,0,0
"POINT (9.171068769000044 48.750392639000040)",Unfall 28492 (2019) Kat:3, Licht: 0,28492,3,6,2,05,15,7,1,0,0,1,0,0,0,0
"POINT (9.174313725000047 48.811332701000026)",Unfall 28494 (2019) Kat:3, Licht: 2,28494,3,6,3,05,23,7,0,2,0,1,0,0,0,0
"POINT (9.220048299000041 48.803868751000039)",Unfall 28496 (2019) Kat:3, Licht: 0,28496,3,2,5,05,12,7,0,0,1,1,0,0,0,0
"POINT (9.169976518000055 48.705368964000058)",Unfall 28504 (2019) Kat:3, Licht: 0,28504,3,6,2,05,17,3,0,0,0,1,0,0,0,1
"POINT (9.214659614000027 48.802064933000054)",Unfall 28510 (2019) Kat:3, Licht: 0,28510,3,6,3,05,08,3,0,0,0,1,0,0,1,0
"POINT (9.130089665000071 48.708895757000050)",Unfall 28618 (2019) Kat:3, Licht: 0,28618,3,6,2,05,18,4,0,0,0,1,0,0,0,0
"POINT (9.212795882000023 48.797245687000043)",Unfall 28663 (2019) Kat:3, Licht: 0,28663,3,6,3,05,14,4,0,0,0,1,0,0,1,0
"POINT (9.216931377000037 48.803578965000042)",Unfall 28667 (2019) Kat:3, Licht: 0,28667,3,6,3,05,09,2,0,0,0,1,0,0,0,1
"POINT (9.130407988000059 48.740114078000033)",Unfall 28690 (2019) Kat:2, Licht: 0,28690,2,4,6,05,16,6,0,0,1,0,1,0,0,0
"POINT (9.143469390000064 48.709364103000041)",Unfall 28716 (2019) Kat:3, Licht: 0,28716,3,6,2,05,18,4,0,0,0,1,0,0,0,0
"POINT (9.138106173000040 48.778914756000063)",Unfall 28734 (2019) Kat:3, Licht: 0,28734,3,6,2,05,08,3,1,0,0,1,0,0,0,0
"POINT (9.196137622000038 48.713860268000076)",Unfall 28833 (2019) Kat:2, Licht: 2,28833,2,7,8,05,02,7,0,2,0,1,0,0,0,0
"POINT (9.219076051000059 48.803574346000062)",Unfall 28834 (2019) Kat:3, Licht: 0,28834,3,2,0,05,18,7,0,0,1,1,0,0,0,0
"POINT (9.075133478000055 48.724082534000047)",Unfall 28905 (2019) Kat:1, Licht: 0,28905,1,1,5,05,14,6,0,0,0,0,0,1,0,1
"POINT (9.176775231000022 48.842294477000053)",Unfall 28906 (2019) Kat:3, Licht: 0,28906,3,1,3,05,18,6,0,0,0,1,0,0,0,0
"POINT (9.214205474000039 48.796020887000054)",Unfall 28907 (2019) Kat:3, Licht: 0,28907,3,6,3,05,15,6,0,0,0,1,0,0,1,0
"POINT (9.166769965000071 48.723742119000065)",Unfall 28908 (2019) Kat:3, Licht: 0,28908,3,2,2,05,17,6,0,0,0,1,0,0,0,0
"POINT (9.170540696000046 48.749955415000045)",Unfall 28909 (2019) Kat:3, Licht: 0,28909,3,6,2,05,17,6,0,0,0,1,0,0,0,0
"POINT (9.177537153000060 48.816009027000064)",Unfall 28998 (2019) Kat:3, Licht: 0,28998,3,3,5,05,14,5,0,0,1,1,0,0,0,0
"POINT (9.171715933000030 48.824491050000063)",Unfall 28999 (2019) Kat:2, Licht: 2,28999,2,1,3,05,22,5,0,2,0,1,0,1,0,0
"POINT (9.164149053000074 48.747005378000040)",Unfall 29001 (2019) Kat:3, Licht: 0,29001,3,6,2,05,19,5,0,0,0,1,0,0,0,0
"POINT (9.191387662000068 48.788618202000066)",Unfall 29041 (2019) Kat:3, Licht: 0,29041,3,6,2,05,12,6,0,0,0,1,0,0,0,0
"POINT (9.208849492000070 48.798225114000047)",Unfall 29049 (2019) Kat:3, Licht: 0,29049,3,1,9,05,18,2,0,0,0,0,0,1,0,0
"POINT (9.169015643000023 48.814901946000077)",Unfall 29111 (2019) Kat:3, Licht: 2,29111,3,3,5,05,00,5,0,2,0,1,0,0,0,1
"POINT (9.173969208000074 48.769713399000068)",Unfall 29169 (2019) Kat:3, Licht: 0,29169,3,3,5,05,14,4,1,0,0,1,0,0,0,0
"POINT (9.129631960000040 48.739245577000077)",Unfall 29171 (2019) Kat:2, Licht: 0,29171,2,2,5,05,18,4,0,0,1,1,0,0,0,0
"POINT (9.141523568000025 48.810502235000058)",Unfall 29172 (2019) Kat:2, Licht: 2,29172,2,6,4,05,05,4,0,2,0,1,0,0,0,0
"POINT (9.157795057000044 48.813510634000068)",Unfall 29173 (2019) Kat:3, Licht: 0,29173,3,6,2,05,05,4,0,0,0,1,0,0,0,0
"POINT (9.178459333000035 48.772093511000037)",Unfall 29174 (2019) Kat:3, Licht: 0,29174,3,2,3,05,17,4,0,0,1,0,0,1,0,0
"POINT (9.156455401000073 48.770169574000079)",Unfall 29229 (2019) Kat:3, Licht: 0,29229,3,3,5,05,08,3,1,0,0,1,0,1,0,0
"POINT (9.173978222000073 48.769716515000027)",Unfall 29230 (2019) Kat:3, Licht: 0,29230,3,3,5,05,18,3,0,0,0,1,0,0,0,0
"POINT (9.232226750000052 48.829830590000029)",Unfall 29276 (2019) Kat:3, Licht: 0,29276,3,3,5,05,13,2,0,0,0,1,0,1,0,0
"POINT (9.183006644000045 48.775625278000064)",Unfall 29287 (2019) Kat:3, Licht: 0,29287,3,3,5,05,10,2,0,0,1,1,0,0,0,0
"POINT (9.222489016000054 48.737528962000056)",Unfall 29290 (2019) Kat:3, Licht: 0,29290,3,2,0,05,20,2,0,0,0,1,0,1,0,0
"POINT (9.171460686000046 48.824505063000061)",Unfall 29334 (2019) Kat:3, Licht: 0,29334,3,6,2,06,18,3,0,0,0,1,0,0,0,1
"POINT (9.211317518000044 48.804918076000035)",Unfall 29335 (2019) Kat:3, Licht: 0,29335,3,6,2,06,17,3,0,0,1,0,0,0,0,0
"POINT (9.141802396000060 48.755176193000068)",Unfall 29337 (2019) Kat:3, Licht: 0,29337,3,6,2,06,21,3,0,0,0,1,0,0,0,0
"POINT (9.213731908000057 48.808231016000036)",Unfall 29431 (2019) Kat:3, Licht: 0,29431,3,6,2,06,08,2,0,0,0,1,0,0,0,0
"POINT (9.177818756000022 48.815584383000044)",Unfall 29432 (2019) Kat:3, Licht: 0,29432,3,3,5,06,09,2,0,0,1,1,0,0,0,0
"POINT (9.207609236000053 48.801931487000047)",Unfall 29433 (2019) Kat:3, Licht: 0,29433,3,6,2,06,10,2,0,0,0,1,0,0,0,0
"POINT (9.165631413000028 48.746623699000054)",Unfall 29434 (2019) Kat:3, Licht: 0,29434,3,3,5,06,07,2,0,0,0,1,0,0,0,1
"POINT (9.168989868000040 48.825716717000034)",Unfall 29490 (2019) Kat:3, Licht: 0,29490,3,1,0,06,14,4,0,0,0,1,0,0,0,1
"POINT (9.183095293000065 48.767454380000061)",Unfall 29504 (2019) Kat:3, Licht: 0,29504,3,1,8,06,20,1,0,0,0,1,0,0,0,0
"POINT (9.144815333000054 48.754598325000075)",Unfall 29506 (2019) Kat:3, Licht: 0,29506,3,3,5,06,09,1,0,0,0,1,0,0,0,0
"POINT (9.180219928000042 48.810684164000065)",Unfall 29507 (2019) Kat:3, Licht: 0,29507,3,6,2,06,17,1,0,0,0,1,0,1,0,0
"POINT (9.191670951000049 48.696128072000079)",Unfall 29538 (2019) Kat:3, Licht: 2,29538,3,6,2,06,23,3,0,2,0,1,0,0,0,0
"POINT (9.187491709000028 48.782508141000051)",Unfall 29624 (2019) Kat:3, Licht: 0,29624,3,6,3,06,20,7,0,0,0,1,0,0,0,0
"POINT (9.182174498000052 48.810522682000055)",Unfall 29680 (2019) Kat:3, Licht: 0,29680,3,2,5,06,17,3,0,0,0,1,0,0,0,0
"POINT (9.106719412000075 48.710774349000076)",Unfall 29725 (2019) Kat:3, Licht: 2,29725,3,1,9,06,00,3,1,2,0,1,0,0,0,0
"POINT (9.173613410000030 48.822385771000029)",Unfall 29741 (2019) Kat:3, Licht: 2,29741,3,1,9,06,00,7,1,2,0,1,0,0,0,0
"POINT (9.182606247000024 48.775848211000039)",Unfall 29743 (2019) Kat:3, Licht: 0,29743,3,3,5,06,16,7,0,0,1,0,0,0,0,0
"POINT (9.223379477000037 48.790346732000046)",Unfall 29770 (2019) Kat:3, Licht: 0,29770,3,7,3,06,08,3,0,0,0,1,0,0,0,0
"POINT (9.173287924000022 48.822104459000059)",Unfall 29863 (2019) Kat:3, Licht: 0,29863,3,6,2,06,15,6,0,0,0,1,0,0,0,1
"POINT (9.101433258000043 48.803661427000065)",Unfall 29864 (2019) Kat:3, Licht: 0,29864,3,6,2,06,06,6,0,0,0,1,0,0,0,0
"POINT (9.142050696000069 48.755296679000026)",Unfall 29865 (2019) Kat:3, Licht: 0,29865,3,3,5,06,07,6,0,0,0,1,0,0,0,0
"POINT (9.205172201000039 48.808147917000042)",Unfall 29867 (2019) Kat:2, Licht: 0,29867,2,6,2,06,14,6,0,0,0,1,0,1,0,0
"POINT (9.225718504000042 48.818603445000065)",Unfall 29868 (2019) Kat:3, Licht: 0,29868,3,3,5,06,18,6,0,0,1,1,0,0,0,0
"POINT (9.226182677000054 48.741722749000076)",Unfall 29869 (2019) Kat:2, Licht: 0,29869,2,1,8,06,19,6,0,0,0,0,0,1,0,0
"POINT (9.139246603000061 48.780297519000044)",Unfall 29871 (2019) Kat:3, Licht: 0,29871,3,1,1,06,09,6,0,0,0,1,0,0,0,0
"POINT (9.167707718000031 48.759447030000047)",Unfall 29916 (2019) Kat:3, Licht: 0,29916,3,6,2,06,13,3,0,0,0,1,0,0,0,0
"POINT (9.156890074000046 48.847079405000045)",Unfall 29955 (2019) Kat:3, Licht: 0,29955,3,7,2,06,11,5,0,0,0,1,0,0,0,0
"POINT (9.262849173000063 48.767227657000035)",Unfall 29957 (2019) Kat:3, Licht: 0,29957,3,6,2,06,08,5,0,0,0,1,0,0,0,0
"POINT (9.172879663000060 48.750254916000074)",Unfall 29958 (2019) Kat:3, Licht: 0,29958,3,6,2,06,18,5,0,0,0,1,0,0,0,0
"POINT (9.167325570000060 48.814366435000068)",Unfall 30060 (2019) Kat:3, Licht: 0,30060,3,2,6,06,08,3,0,0,0,1,1,0,0,0
"POINT (9.209396364000043 48.806139888000075)",Unfall 30065 (2019) Kat:3, Licht: 0,30065,3,7,5,06,12,1,0,0,0,1,0,0,0,0
"POINT (9.156133041000032 48.806301169000051)",Unfall 30145 (2019) Kat:3, Licht: 0,30145,3,7,1,06,14,7,0,0,0,1,0,0,0,0
"POINT (9.174308705000044 48.821187112000075)",Unfall 30146 (2019) Kat:3, Licht: 0,30146,3,6,0,06,14,7,0,0,0,1,0,1,0,0
"POINT (9.222438860000068 48.836363876000064)",Unfall 30207 (2019) Kat:3, Licht: 0,30207,3,6,2,06,15,3,0,0,0,1,0,1,0,0
"POINT (9.166641998000046 48.723804766000057)",Unfall 30227 (2019) Kat:3, Licht: 0,30227,3,2,5,06,15,6,0,0,0,1,0,0,0,0
"POINT (9.182372993000058 48.775544076000074)",Unfall 30228 (2019) Kat:3, Licht: 2,30228,3,7,0,06,22,6,0,2,1,0,0,0,0,0
"POINT (9.165836113000069 48.812474611000027)",Unfall 30287 (2019) Kat:3, Licht: 0,30287,3,3,5,06,07,2,0,0,0,1,0,0,0,0
"POINT (9.160385030000043 48.814314241000034)",Unfall 30304 (2019) Kat:3, Licht: 0,30304,3,1,2,06,17,2,0,0,0,1,0,0,0,0
"POINT (9.119244224000056 48.758590651000077)",Unfall 30326 (2019) Kat:3, Licht: 2,30326,3,1,8,06,22,5,0,2,0,1,0,0,0,0
"POINT (9.223950598000045 48.823158115000069)",Unfall 30328 (2019) Kat:3, Licht: 0,30328,3,7,1,06,16,5,0,0,0,1,0,0,0,1
"POINT (9.213568099000042 48.796758331000035)",Unfall 30358 (2019) Kat:3, Licht: 0,30358,3,6,3,06,16,2,0,0,0,1,0,0,1,0
"POINT (9.136681333000070 48.842093408000039)",Unfall 30372 (2019) Kat:3, Licht: 0,30372,3,6,3,06,14,2,0,0,0,1,0,0,1,0
"POINT (9.068265620000034 48.727687799000080)",Unfall 30416 (2019) Kat:2, Licht: 0,30416,2,3,5,06,12,1,0,0,0,1,0,1,0,0
"POINT (9.097216246000073 48.818596844000069)",Unfall 30426 (2019) Kat:3, Licht: 0,30426,3,7,2,06,13,2,0,0,0,1,0,0,1,0
"POINT (9.165573638000069 48.828972880000038)",Unfall 30446 (2019) Kat:2, Licht: 0,30446,2,4,6,06,16,1,0,0,0,1,1,0,0,0
"POINT (9.092045327000051 48.755763694000052)",Unfall 30448 (2019) Kat:2, Licht: 0,30448,2,1,9,06,19,1,0,0,0,0,0,1,0,0
"POINT (9.243472396000072 48.754418149000060)",Unfall 30487 (2019) Kat:3, Licht: 0,30487,3,1,1,06,19,2,0,0,0,1,0,0,0,0
"POINT (9.180011222000076 48.843881555000053)",Unfall 30527 (2019) Kat:3, Licht: 0,30527,3,6,2,06,11,7,0,0,0,1,0,0,0,0
"POINT (9.134373972000049 48.728317426000046)",Unfall 30528 (2019) Kat:3, Licht: 0,30528,3,2,5,06,17,3,0,0,1,1,0,0,0,0
"POINT (9.203823385000021 48.778343077000045)",Unfall 30529 (2019) Kat:3, Licht: 1,30529,3,1,1,06,20,7,1,1,0,1,0,1,0,0
"POINT (9.230113861000064 48.785382191000053)",Unfall 30530 (2019) Kat:3, Licht: 0,30530,3,1,9,06,20,7,1,0,0,1,0,0,0,0
"POINT (9.169730570000070 48.763751376000073)",Unfall 30532 (2019) Kat:3, Licht: 0,30532,3,6,2,06,10,7,0,0,0,1,0,0,0,0
"POINT (9.178712588000053 48.784163274000036)",Unfall 30563 (2019) Kat:3, Licht: 0,30563,3,3,5,06,06,2,0,0,0,1,0,1,0,0
"POINT (9.165586784000027 48.707720785000049)",Unfall 30588 (2019) Kat:2, Licht: 0,30588,2,1,8,06,20,6,0,0,0,0,0,1,0,0
"POINT (9.163904177000063 48.756868475000033)",Unfall 30605 (2019) Kat:3, Licht: 0,30605,3,6,2,06,16,6,0,0,0,1,0,0,0,0
"POINT (9.211806600000045 48.799900014000059)",Unfall 30662 (2019) Kat:3, Licht: 0,30662,3,6,4,06,14,5,0,0,1,0,0,0,0,0
"POINT (9.179658405000055 48.773471461000042)",Unfall 30669 (2019) Kat:3, Licht: 0,30669,3,6,2,06,09,2,0,0,0,1,0,0,0,0
"POINT (9.209135448000041 48.799354531000063)",Unfall 30690 (2019) Kat:3, Licht: 0,30690,3,6,2,06,15,3,0,0,0,1,0,1,0,0
"POINT (9.241362265000021 48.790259953000032)",Unfall 30730 (2019) Kat:3, Licht: 0,30730,3,6,2,06,07,2,0,0,0,1,0,0,0,0
"POINT (9.158032738000031 48.770579421000036)",Unfall 30782 (2019) Kat:3, Licht: 0,30782,3,2,5,06,17,3,0,0,1,1,1,0,0,0
"POINT (9.163865781000027 48.851214727000070)",Unfall 30805 (2019) Kat:3, Licht: 0,30805,3,6,3,06,14,4,0,0,0,1,0,0,1,0
"POINT (9.186457981000046 48.773686234000081)",Unfall 30807 (2019) Kat:3, Licht: 0,30807,3,7,6,06,10,4,0,0,1,0,1,0,0,0
"POINT (9.224498563000054 48.787980003000030)",Unfall 30809 (2019) Kat:3, Licht: 0,30809,3,6,3,06,10,4,0,0,0,1,0,0,0,1
"POINT (9.273728895000033 48.756812601000036)",Unfall 30832 (2019) Kat:3, Licht: 0,30832,3,3,5,07,20,2,0,0,0,1,0,0,0,0
"POINT (9.166397394000057 48.705164646000071)",Unfall 30898 (2019) Kat:2, Licht: 0,30898,2,1,8,06,11,6,0,0,0,0,0,1,0,0
"POINT (9.202563072000032 48.711372909000033)",Unfall 30915 (2019) Kat:3, Licht: 0,30915,3,6,6,07,16,2,0,0,1,0,1,0,0,0
"POINT (9.217579548000060 48.803289508000034)",Unfall 30921 (2019) Kat:3, Licht: 0,30921,3,6,2,07,19,2,0,0,0,1,0,0,0,0
"POINT (9.172879663000060 48.750254916000074)",Unfall 30944 (2019) Kat:2, Licht: 0,30944,2,2,5,06,09,6,0,0,1,1,0,0,0,0
"POINT (9.180993526000066 48.774556314000051)",Unfall 30946 (2019) Kat:3, Licht: 0,30946,3,2,5,06,09,6,0,0,1,1,0,0,0,0
"POINT (9.180936807000023 48.789792348000049)",Unfall 30947 (2019) Kat:3, Licht: 0,30947,3,6,2,06,20,6,0,0,0,1,0,0,0,0
"POINT (9.220571378000045 48.788162178000050)",Unfall 30949 (2019) Kat:3, Licht: 0,30949,3,6,2,06,13,6,0,0,0,1,0,0,1,0
"POINT (9.220322769000063 48.739758264000045)",Unfall 31000 (2019) Kat:3, Licht: 0,31000,3,4,6,07,07,2,0,0,0,1,1,0,0,0
"POINT (9.189277802000049 48.807403667000074)",Unfall 31047 (2019) Kat:3, Licht: 0,31047,3,6,3,06,21,7,0,0,0,1,0,1,0,0
"POINT (9.177402419000032 48.751848604000031)",Unfall 31064 (2019) Kat:3, Licht: 0,31064,3,3,5,07,07,2,0,0,0,1,0,1,0,0
"POINT (9.079780499000037 48.751636283000039)",Unfall 31076 (2019) Kat:3, Licht: 2,31076,3,7,7,06,02,5,0,2,0,1,0,0,0,0
"POINT (9.174943231000043 48.805115980000039)",Unfall 31078 (2019) Kat:3, Licht: 0,31078,3,6,2,06,14,5,0,0,0,1,0,0,0,0
"POINT (9.186051880000036 48.808615673000077)",Unfall 31080 (2019) Kat:3, Licht: 0,31080,3,6,3,06,08,5,0,0,0,1,0,1,0,0
"POINT (9.143698280000024 48.834622440000032)",Unfall 31083 (2019) Kat:3, Licht: 0,31083,3,2,5,07,13,2,0,0,0,1,0,1,0,0
"POINT (9.225373253000043 48.794802081000057)",Unfall 31109 (2019) Kat:3, Licht: 0,31109,3,7,3,06,16,7,0,0,0,1,0,1,0,0
"POINT (9.195984748000058 48.806935867000050)",Unfall 31128 (2019) Kat:3, Licht: 0,31128,3,3,5,06,13,7,0,0,1,1,0,0,0,0
"POINT (9.220295929000031 48.803917919000071)",Unfall 31147 (2019) Kat:3, Licht: 0,31147,3,2,5,06,20,7,0,0,1,1,0,0,0,0
"POINT (9.177211420000049 48.816200065000032)",Unfall 31174 (2019) Kat:3, Licht: 0,31174,3,6,2,07,06,2,0,0,0,1,0,0,0,0
"POINT (9.220486912000069 48.698191000000065)",Unfall 31198 (2019) Kat:3, Licht: 0,31198,3,6,2,07,08,2,0,0,0,1,0,0,0,0
"POINT (9.201475074000030 48.782917549000047)",Unfall 31225 (2019) Kat:2, Licht: 1,31225,2,3,5,06,21,4,0,1,0,1,0,0,0,0
"POINT (9.174011401000030 48.822619403000033)",Unfall 31228 (2019) Kat:3, Licht: 0,31228,3,6,2,06,13,4,0,0,0,1,0,0,1,0
"POINT (9.109042322000050 48.726804357000049)",Unfall 31229 (2019) Kat:2, Licht: 0,31229,2,4,6,06,16,4,0,0,0,1,1,0,0,0
"POINT (9.208918143000062 48.721873349000077)",Unfall 31231 (2019) Kat:3, Licht: 0,31231,3,2,5,06,07,4,0,0,1,1,0,0,0,0
"POINT (9.203263764000042 48.777414652000061)",Unfall 31262 (2019) Kat:3, Licht: 0,31262,3,6,4,07,17,6,0,0,0,1,0,0,0,0
"POINT (9.195933201000059 48.753334471000073)",Unfall 31268 (2019) Kat:3, Licht: 0,31268,3,6,3,07,06,2,0,0,0,0,0,1,1,0
"POINT (9.209273276000033 48.701518210000074)",Unfall 31287 (2019) Kat:3, Licht: 0,31287,3,7,8,07,17,6,0,0,0,1,0,0,0,0
"POINT (9.218063917000052 48.786838834000037)",Unfall 31309 (2019) Kat:3, Licht: 0,31309,3,1,9,07,17,7,0,0,0,1,0,0,0,0
"POINT (9.200042703000065 48.761710320000077)",Unfall 31337 (2019) Kat:2, Licht: 0,31337,2,6,0,07,17,3,0,0,0,0,0,1,0,0
"POINT (9.248832712000024 48.781023181000080)",Unfall 31367 (2019) Kat:3, Licht: 0,31367,3,6,2,07,16,6,0,0,0,1,0,0,0,0
"POINT (9.156063165000035 48.806176203000064)",Unfall 31373 (2019) Kat:3, Licht: 0,31373,3,7,0,07,07,2,1,0,0,0,0,1,0,0
"POINT (9.210296976000052 48.805485858000054)",Unfall 31378 (2019) Kat:3, Licht: 0,31378,3,6,2,07,18,5,0,0,0,1,0,0,0,0
"POINT (9.170402751000040 48.811830895000071)",Unfall 31380 (2019) Kat:3, Licht: 0,31380,3,3,5,07,15,5,0,0,1,1,0,0,0,0
"POINT (9.201970892000077 48.795288840000069)",Unfall 31382 (2019) Kat:3, Licht: 0,31382,3,2,5,07,06,5,0,0,0,1,0,1,0,0
"POINT (9.250125768000032 48.780856539000069)",Unfall 31441 (2019) Kat:3, Licht: 0,31441,3,6,8,07,21,7,0,0,0,0,0,1,0,0
"POINT (9.143436392000069 48.709368434000055)",Unfall 31462 (2019) Kat:3, Licht: 0,31462,3,6,2,07,16,6,0,0,0,1,0,0,0,0
"POINT (9.101694735000024 48.755825457000071)",Unfall 31467 (2019) Kat:2, Licht: 0,31467,2,3,5,07,17,6,0,0,0,1,0,0,0,0
"POINT (9.190502805000051 48.807170986000074)",Unfall 31565 (2019) Kat:3, Licht: 0,31565,3,6,2,07,17,4,0,0,0,1,0,0,0,0
"POINT (9.200258115000054 48.794353386000068)",Unfall 31567 (2019) Kat:3, Licht: 0,31567,3,6,2,07,15,4,0,0,0,1,0,0,0,0
"POINT (9.213467699000034 48.801177115000030)",Unfall 31577 (2019) Kat:3, Licht: 0,31577,3,6,0,07,15,6,0,0,0,1,0,0,0,1
"POINT (9.148524017000057 48.754679148000037)",Unfall 31583 (2019) Kat:3, Licht: 0,31583,3,6,2,07,15,2,0,0,0,1,0,0,0,0
"POINT (9.193268422000074 48.697104412000044)",Unfall 31602 (2019) Kat:3, Licht: 0,31602,3,6,2,07,16,6,0,0,0,1,0,0,0,0
"POINT (9.178444634000073 48.814689017000035)",Unfall 31622 (2019) Kat:3, Licht: 0,31622,3,6,2,07,14,7,0,0,0,1,0,0,0,0
"POINT (9.102184992000048 48.804377464000027)",Unfall 31650 (2019) Kat:2, Licht: 2,31650,2,6,2,07,22,3,0,2,0,1,0,1,0,0
"POINT (9.201292020000039 48.794841977000033)",Unfall 31682 (2019) Kat:3, Licht: 0,31682,3,6,2,07,14,6,0,0,0,1,0,0,0,0
"POINT (9.171392741000034 48.775030609000055)",Unfall 31727 (2019) Kat:3, Licht: 0,31727,3,3,5,07,07,3,0,0,1,1,0,0,0,0
"POINT (9.175310655000033 48.820018041000026)",Unfall 31728 (2019) Kat:3, Licht: 0,31728,3,3,5,07,09,3,0,0,1,0,0,0,0,1
"POINT (9.177435650000064 48.807573881000053)",Unfall 31731 (2019) Kat:3, Licht: 0,31731,3,6,2,07,06,3,0,0,0,1,0,0,0,0
"POINT (9.109716844000047 48.728200139000080)",Unfall 31805 (2019) Kat:3, Licht: 0,31805,3,3,5,07,06,4,0,0,1,1,0,0,0,0
"POINT (9.256646976000070 48.775273657000071)",Unfall 31837 (2019) Kat:2, Licht: 0,31837,2,2,3,07,18,7,0,0,1,1,0,0,0,0
"POINT (9.087036021000074 48.802796342000079)",Unfall 31876 (2019) Kat:3, Licht: 0,31876,3,3,5,07,18,6,1,0,0,1,0,1,0,0
"POINT (9.248012206000055 48.756019785000035)",Unfall 31879 (2019) Kat:3, Licht: 0,31879,3,6,2,07,15,6,1,0,0,1,0,0,0,0
"POINT (9.180250618000059 48.773792393000065)",Unfall 31887 (2019) Kat:3, Licht: 0,31887,3,6,2,07,15,3,0,0,0,1,0,1,0,0
"POINT (9.220080245000077 48.803875094000034)",Unfall 31890 (2019) Kat:3, Licht: 0,31890,3,2,5,07,08,4,0,0,1,1,0,0,0,0
"POINT (9.204143565000038 48.780749665000030)",Unfall 31919 (2019) Kat:3, Licht: 0,31919,3,2,6,07,11,4,0,0,0,1,1,0,0,0
"POINT (9.174730011000065 48.820485877000067)",Unfall 32001 (2019) Kat:3, Licht: 0,32001,3,6,3,07,18,5,0,0,0,0,0,1,1,0