WKT,Name,OBJECTID,UKATEGORIE,UTYP1,UART,UMONAT,USTUNDE,UWOCHENTAG,STRZUSTAND,ULICHTVERH,ISTRAD,ISTPKW,ISTFUSS,ISTKRAD,ISTGKFZ,ISTSONSTIG
"POINT (9.179622092000045 48.761781612000050)",Unfall 32004 (2019) Kat:3, Licht: 0,32004,3,1,0,07,13,5,1,0,0,0,0,1,0,0
"POINT (9.169996064000031 48.773233346000040)",Unfall 32006 (2019) Kat:2, Licht: 0,32006,2,1,8,07,14,3,0,0,0,1,0,0,0,0
"POINT (9.212085004000073 48.800323111000068)",Unfall 32007 (2019) Kat:3, Licht: 0,32007,3,3,5,07,10,5,1,0,0,1,0,0,1,0
"POINT (9.174408293000056 48.779429491000030)",Unfall 32008 (2019) Kat:2, Licht: 0,32008,2,3,5,07,13,5,1,0,1,1,0,0,0,0
"POINT (9.186355256000070 48.780875714000047)",Unfall 32010 (2019) Kat:3, Licht: 0,32010,3,6,2,07,18,5,0,0,0,1,0,0,0,0
"POINT (9.147020338000061 48.784157478000054)",Unfall 32012 (2019) Kat:3, Licht: 0,32012,3,6,2,07,15,5,1,0,0,1,0,0,0,0
"POINT (9.191973348000033 48.807058879000067)",Unfall 32015 (2019) Kat:3, Licht: 0,32015,3,6,2,07,11,5,0,0,0,1,0,0,1,0
"POINT (9.202219840000055 48.795380304000048)",Unfall 32017 (2019) Kat:3, Licht: 0,32017,3,2,5,07,08,5,0,0,0,1,0,0,0,0
"POINT (9.180180784000072 48.786323351000078)",Unfall 32020 (2019) Kat:3, Licht: 2,32020,3,6,2,07,22,5,0,2,0,1,0,0,0,0
"POINT (9.170406713000034 48.811830536000059)",Unfall 32037 (2019) Kat:3, Licht: 0,32037,3,2,6,07,11,4,0,0,0,1,1,0,0,0
"POINT (9.148327201000029 48.858704526000054)",Unfall 32066 (2019) Kat:3, Licht: 2,32066,3,1,8,07,02,7,1,2,0,1,0,0,0,0
"POINT (9.085392790000071 48.787743156000033)",Unfall 32118 (2019) Kat:3, Licht: 0,32118,3,5,0,07,14,3,0,0,0,0,0,1,0,0
"POINT (9.219322205000026 48.787437773000079)",Unfall 32121 (2019) Kat:3, Licht: 0,32121,3,3,5,07,12,4,0,0,0,1,0,0,0,0
"POINT (9.152390251000043 48.834689456000035)",Unfall 32148 (2019) Kat:3, Licht: 0,32148,3,1,3,07,06,4,0,0,0,1,0,0,0,0
"POINT (9.209135448000041 48.799354531000063)",Unfall 32213 (2019) Kat:3, Licht: 0,32213,3,6,2,07,17,4,0,0,0,1,0,1,0,0
"POINT (9.137775149000049 48.811490841000079)",Unfall 32216 (2019) Kat:3, Licht: 0,32216,3,6,2,07,17,4,0,0,0,1,0,0,0,0
"POINT (9.187337174000049 48.772120676000043)",Unfall 32218 (2019) Kat:3, Licht: 0,32218,3,6,3,07,16,4,0,0,0,1,0,0,0,0
"POINT (9.146293721000063 48.783696131000056)",Unfall 32221 (2019) Kat:3, Licht: 0,32221,3,3,5,07,10,4,0,0,1,1,0,0,0,0
"POINT (9.254652078000049 48.759532293000063)",Unfall 32237 (2019) Kat:3, Licht: 0,32237,3,2,6,07,10,3,0,0,0,1,1,0,0,0
"POINT (9.106503983000039 48.711758176000046)",Unfall 32263 (2019) Kat:2, Licht: 0,32263,2,2,5,07,06,4,0,0,1,0,0,1,0,0
"POINT (9.252509538000027 48.810043611000026)",Unfall 32268 (2019) Kat:3, Licht: 0,32268,3,1,9,07,16,3,0,0,0,1,0,0,0,0
"POINT (9.227511366000044 48.840355437000028)",Unfall 32272 (2019) Kat:3, Licht: 0,32272,3,6,2,07,07,4,0,0,0,1,0,0,0,1
"POINT (9.220604107000042 48.830898990000037)",Unfall 32297 (2019) Kat:3, Licht: 0,32297,3,2,5,07,11,2,0,0,0,1,0,0,1,0
"POINT (9.182075356000041 48.794329478000066)",Unfall 32363 (2019) Kat:2, Licht: 0,32363,2,7,8,07,18,3,0,0,0,1,0,0,0,0
"POINT (9.152094178000027 48.835104544000046)",Unfall 32391 (2019) Kat:3, Licht: 0,32391,3,6,3,07,15,2,0,0,0,1,0,0,0,0
"POINT (9.182580059000031 48.776394130000028)",Unfall 32441 (2019) Kat:3, Licht: 0,32441,3,7,4,07,15,1,0,0,0,1,0,0,0,0
"POINT (9.135807105000026 48.771967943000050)",Unfall 32511 (2019) Kat:3, Licht: 0,32511,3,6,2,07,14,7,0,0,0,1,0,0,0,0
"POINT (9.136970726000072 48.750157326000078)",Unfall 32512 (2019) Kat:3, Licht: 0,32512,3,7,6,07,11,7,0,0,1,0,1,0,0,0
"POINT (9.142804401000035 48.839432362000082)",Unfall 32620 (2019) Kat:3, Licht: 0,32620,3,7,5,07,07,5,0,0,0,1,0,0,0,0
"POINT (9.203378434000058 48.779347125000072)",Unfall 32681 (2019) Kat:3, Licht: 0,32681,3,3,0,07,17,5,0,0,0,1,0,1,0,0
"POINT (9.178912999000033 48.784066473000053)",Unfall 32682 (2019) Kat:3, Licht: 0,32682,3,3,5,07,15,5,0,0,1,1,0,0,0,0
"POINT (9.154774072000066 48.769732167000029)",Unfall 32683 (2019) Kat:3, Licht: 0,32683,3,2,5,07,13,5,0,0,1,1,0,0,0,0
"POINT (9.202388432000021 48.795287392000034)",Unfall 32684 (2019) Kat:3, Licht: 0,32684,3,3,5,07,15,5,0,0,0,0,0,0,0,1
"POINT (9.257731318000026 48.759396478000042)",Unfall 32721 (2019) Kat:2, Licht: 0,32721,2,6,2,07,14,6,0,0,0,1,0,0,0,0
"POINT (9.183579985000051 48.809917726000037)",Unfall 32768 (2019) Kat:3, Licht: 0,32768,3,2,5,07,18,4,0,0,0,1,0,0,0,0
"POINT (9.158052964000035 48.770584676000055)",Unfall 32770 (2019) Kat:2, Licht: 0,32770,2,3,5,07,21,4,0,0,0,1,0,0,0,0
"POINT (9.089717234000034 48.778094934000080)",Unfall 32771 (2019) Kat:3, Licht: 0,32771,3,3,5,07,09,4,0,0,1,1,0,0,0,0
"POINT (9.112099670000021 48.729828837000071)",Unfall 32772 (2019) Kat:2, Licht: 0,32772,2,4,6,07,20,4,0,0,0,1,1,0,0,0
"POINT (9.173777874000052 48.777114999000048)",Unfall 32779 (2019) Kat:3, Licht: 0,32779,3,6,2,07,15,6,0,0,0,1,0,1,0,0
"POINT (9.123408541000060 48.708477133000031)",Unfall 32844 (2019) Kat:3, Licht: 2,32844,3,1,9,07,23,3,0,2,0,1,0,0,0,0
"POINT (9.106364458000030 48.718117137000036)",Unfall 32874 (2019) Kat:3, Licht: 0,32874,3,2,2,07,19,3,0,0,1,1,0,0,0,0
"POINT (9.177284330000020 48.782061860000056)",Unfall 32875 (2019) Kat:3, Licht: 0,32875,3,6,3,07,14,3,0,0,0,1,0,0,0,1
"POINT (9.202268985000046 48.795243801000026)",Unfall 32902 (2019) Kat:3, Licht: 0,32902,3,6,2,07,09,6,0,0,0,1,0,0,0,1
"POINT (9.209303844000033 48.806004355000027)",Unfall 33002 (2019) Kat:3, Licht: 0,33002,3,7,0,07,19,4,0,0,0,0,0,1,1,0
"POINT (9.173303808000071 48.800161998000078)",Unfall 33008 (2019) Kat:3, Licht: 0,33008,3,7,1,07,13,3,0,0,0,1,0,0,0,0
"POINT (9.131887355000060 48.728459726000040)",Unfall 33018 (2019) Kat:3, Licht: 0,33018,3,3,5,07,13,4,0,0,0,1,0,0,0,0
"POINT (9.232425822000039 48.829820416000075)",Unfall 33026 (2019) Kat:3, Licht: 0,33026,3,7,0,08,12,5,0,0,0,1,0,0,0,0
"POINT (9.158052964000035 48.770584676000055)",Unfall 33051 (2019) Kat:3, Licht: 0,33051,3,6,2,07,06,4,0,0,0,1,0,0,0,0
"POINT (9.166486172000020 48.811535544000037)",Unfall 33094 (2019) Kat:3, Licht: 0,33094,3,6,3,07,13,2,0,0,0,1,0,0,0,0
"POINT (9.227245755000070 48.740321994000055)",Unfall 33095 (2019) Kat:3, Licht: 0,33095,3,3,5,07,10,2,0,0,0,1,0,1,0,0
"POINT (9.217126294000025 48.833147921000034)",Unfall 33145 (2019) Kat:3, Licht: 0,33145,3,6,2,07,20,1,0,0,0,1,0,0,0,0
"POINT (9.175349193000045 48.819921785000076)",Unfall 33147 (2019) Kat:3, Licht: 0,33147,3,6,2,07,12,1,1,0,0,1,0,0,0,0
"POINT (9.231418183000073 48.841440618000036)",Unfall 33224 (2019) Kat:3, Licht: 0,33224,3,3,5,08,15,5,0,0,0,1,0,1,0,0
"POINT (9.204830415000060 48.796636480000075)",Unfall 33366 (2019) Kat:3, Licht: 0,33366,3,6,2,08,10,2,0,0,0,1,0,0,0,0
"POINT (9.217548733000058 48.814300121000031)",Unfall 33368 (2019) Kat:3, Licht: 1,33368,3,3,5,08,06,2,1,1,0,1,0,0,0,1
"POINT (9.246293662000028 48.788224784000079)",Unfall 33510 (2019) Kat:2, Licht: 1,33510,2,7,0,08,20,7,1,1,0,0,0,1,0,0
"POINT (9.176002273000051 48.778841969000041)",Unfall 33511 (2019) Kat:3, Licht: 2,33511,3,6,2,08,00,7,1,2,0,1,0,0,0,0
"POINT (9.229431063000050 48.812556305000044)",Unfall 33512 (2019) Kat:3, Licht: 0,33512,3,2,3,08,16,7,0,0,0,1,0,0,0,0
"POINT (9.186248228000068 48.773810090000040)",Unfall 33513 (2019) Kat:3, Licht: 0,33513,3,6,2,08,15,7,0,0,0,1,0,0,0,0
"POINT (9.201702301000069 48.795016596000039)",Unfall 33514 (2019) Kat:3, Licht: 0,33514,3,6,2,08,19,5,0,0,0,1,0,0,0,0
"POINT (9.131866749000039 48.784711800000082)",Unfall 33583 (2019) Kat:3, Licht: 0,33583,3,6,3,08,07,4,1,0,1,1,0,0,0,0
"POINT (9.164322305000042 48.814745975000051)",Unfall 33606 (2019) Kat:3, Licht: 0,33606,3,6,3,08,13,6,0,0,0,1,0,0,0,1
"POINT (9.144560012000056 48.727780379000080)",Unfall 33607 (2019) Kat:3, Licht: 0,33607,3,3,5,08,07,6,0,0,0,1,0,0,1,0
"POINT (9.129080018000025 48.779144296000027)",Unfall 33640 (2019) Kat:3, Licht: 0,33640,3,3,5,08,19,3,0,0,0,1,0,0,0,1
"POINT (9.202773023000077 48.795605453000064)",Unfall 33654 (2019) Kat:3, Licht: 0,33654,3,6,2,08,18,3,0,0,0,1,0,0,0,0
"POINT (9.195025233000024 48.806997244000058)",Unfall 33687 (2019) Kat:3, Licht: 0,33687,3,6,2,08,09,6,0,0,0,1,0,0,1,0
"POINT (9.182407631000046 48.810297497000079)",Unfall 33709 (2019) Kat:3, Licht: 0,33709,3,2,5,08,06,5,0,0,0,0,0,1,0,1
"POINT (9.103399839000076 48.711254416000031)",Unfall 33749 (2019) Kat:3, Licht: 0,33749,3,6,2,08,19,2,0,0,0,1,0,0,1,0
"POINT (9.072842568000056 48.728116554000053)",Unfall 33753 (2019) Kat:3, Licht: 0,33753,3,6,1,08,17,2,0,0,0,1,0,0,0,0
"POINT (9.217028983000034 48.803157739000028)",Unfall 33772 (2019) Kat:3, Licht: 0,33772,3,6,2,08,10,2,0,0,0,1,0,0,0,0
"POINT (9.263104667000050 48.762852270000053)",Unfall 33779 (2019) Kat:3, Licht: 0,33779,3,2,5,08,18,4,0,0,0,1,0,0,0,0
"POINT (9.185499408000055 48.774483252000039)",Unfall 33845 (2019) Kat:3, Licht: 0,33845,3,2,0,08,17,6,0,0,1,1,0,0,0,0
"POINT (9.231742743000041 48.784275329000081)",Unfall 33865 (2019) Kat:3, Licht: 0,33865,3,1,8,08,11,5,1,0,0,1,0,0,0,0
"POINT (9.273693347000062 48.757409942000038)",Unfall 33874 (2019) Kat:3, Licht: 0,33874,3,3,5,08,10,1,0,0,0,1,0,0,0,0
"POINT (9.211433058000068 48.804839164000043)",Unfall 33875 (2019) Kat:3, Licht: 0,33875,3,3,5,08,14,1,0,0,1,1,0,0,0,0
"POINT (9.218115340000054 48.832290165000074)",Unfall 33920 (2019) Kat:2, Licht: 0,33920,2,7,9,08,10,6,0,0,0,1,0,0,0,0
"POINT (9.212288107000063 48.692984871000078)",Unfall 33929 (2019) Kat:3, Licht: 0,33929,3,6,0,08,15,7,0,0,0,1,0,0,0,0
"POINT (9.176068826000062 48.818190260000051)",Unfall 33942 (2019) Kat:3, Licht: 0,33942,3,6,2,08,11,5,0,0,0,1,0,0,0,0
"POINT (9.183708854000031 48.776860344000056)",Unfall 33953 (2019) Kat:3, Licht: 0,33953,3,6,2,08,20,7,0,0,0,1,0,0,0,0
"POINT (9.210682956000028 48.797618561000036)",Unfall 34016 (2019) Kat:3, Licht: 0,34016,3,1,0,08,14,4,0,0,0,0,0,1,0,0
"POINT (9.172168421000038 48.771641196000076)",Unfall 34062 (2019) Kat:2, Licht: 0,34062,2,4,6,08,09,6,0,0,0,1,1,0,0,0
"POINT (9.183161754000025 48.775685815000031)",Unfall 34063 (2019) Kat:3, Licht: 0,34063,3,4,6,08,10,6,0,0,1,0,1,0,0,0
"POINT (9.169887567000046 48.813676987000065)",Unfall 34085 (2019) Kat:3, Licht: 1,34085,3,3,5,08,06,5,0,1,1,1,0,0,0,0
"POINT (9.249706716000048 48.782053642000051)",Unfall 34086 (2019) Kat:2, Licht: 0,34086,2,2,5,08,07,5,0,0,1,0,0,0,0,1
"POINT (9.156625517000066 48.808662292000065)",Unfall 34102 (2019) Kat:3, Licht: 0,34102,3,4,6,08,10,6,0,0,0,0,1,0,0,1
"POINT (9.178168675000052 48.771741050000060)",Unfall 34132 (2019) Kat:3, Licht: 0,34132,3,6,2,08,15,7,0,0,0,1,0,1,0,0
"POINT (9.211591496000040 48.745435640000039)",Unfall 34161 (2019) Kat:3, Licht: 0,34161,3,7,3,08,13,1,0,0,1,1,0,0,0,0
"POINT (9.209833482000022 48.805632638000077)",Unfall 34176 (2019) Kat:3, Licht: 0,34176,3,6,3,08,06,4,0,0,0,1,0,0,1,0
"POINT (9.085095231000025 48.821869627000069)",Unfall 34178 (2019) Kat:2, Licht: 0,34178,2,6,0,08,11,4,0,0,0,0,0,1,0,0
"POINT (9.156634009000072 48.808659926000075)",Unfall 34179 (2019) Kat:3, Licht: 0,34179,3,2,6,08,12,4,0,0,0,1,1,0,0,0
"POINT (9.214679342000068 48.795504187000063)",Unfall 34193 (2019) Kat:3, Licht: 0,34193,3,6,3,08,18,6,0,0,0,1,0,0,1,0
"POINT (9.215156590000049 48.795018271000060)",Unfall 34214 (2019) Kat:3, Licht: 0,34214,3,6,3,08,11,6,0,0,0,1,0,0,0,0
"POINT (9.110716941000021 48.842532244000040)",Unfall 34239 (2019) Kat:3, Licht: 0,34239,3,6,2,08,07,3,0,0,0,1,0,0,1,0
"POINT (9.126553633000071 48.758737907000068)",Unfall 34249 (2019) Kat:3, Licht: 2,34249,3,1,8,08,22,3,0,2,0,1,0,0,0,0
"POINT (9.114808140000037 48.731726112000047)",Unfall 34250 (2019) Kat:3, Licht: 2,34250,3,1,9,08,04,3,0,2,0,1,0,0,0,0
"POINT (9.119309116000068 48.764389772000072)",Unfall 34252 (2019) Kat:3, Licht: 0,34252,3,1,0,08,17,3,1,0,0,0,0,1,0,0
"POINT (9.207928253000034 48.803547341000069)",Unfall 34276 (2019) Kat:3, Licht: 0,34276,3,6,2,08,16,6,0,0,0,1,0,0,0,1
"POINT (9.116735510000069 48.708701598000061)",Unfall 34289 (2019) Kat:3, Licht: 0,34289,3,1,3,08,07,2,1,0,0,1,0,0,1,0
"POINT (9.170353417000058 48.749931777000029)",Unfall 34296 (2019) Kat:3, Licht: 0,34296,3,6,2,08,13,6,0,0,0,1,0,0,0,0
"POINT (9.175308154000049 48.820022349000055)",Unfall 34304 (2019) Kat:2, Licht: 2,34304,2,7,4,08,23,7,0,2,0,1,0,0,0,0
"POINT (9.201034274000051 48.780200662000027)",Unfall 34305 (2019) Kat:3, Licht: 2,34305,3,6,2,08,22,2,0,2,0,1,0,0,0,0
"POINT (9.211613205000049 48.783446284000036)",Unfall 34309 (2019) Kat:3, Licht: 2,34309,3,6,3,08,21,1,0,2,0,1,0,0,0,0
"POINT (9.228349915000024 48.813982492000036)",Unfall 34360 (2019) Kat:2, Licht: 0,34360,2,6,3,08,11,6,0,0,0,1,0,0,1,0
"POINT (9.216136921000043 48.794229116000054)",Unfall 34407 (2019) Kat:2, Licht: 2,34407,2,7,4,08,00,1,1,2,0,1,0,0,0,0
"POINT (9.211839779000059 48.806558299000073)",Unfall 34453 (2019) Kat:3, Licht: 0,34453,3,3,5,08,17,6,0,0,0,1,0,1,0,0
"POINT (9.209526480000022 48.798886131000074)",Unfall 34480 (2019) Kat:3, Licht: 0,34480,3,7,0,08,10,6,0,0,0,1,0,1,0,0
"POINT (9.174980333000065 48.805186693000053)",Unfall 34557 (2019) Kat:3, Licht: 0,34557,3,7,2,08,19,6,0,0,0,1,0,0,0,0
"POINT (9.177405937000060 48.810962571000061)",Unfall 34559 (2019) Kat:3, Licht: 0,34559,3,6,2,08,14,6,0,0,0,1,0,0,1,0
"POINT (9.242129327000043 48.808285735000027)",Unfall 34561 (2019) Kat:2, Licht: 2,34561,2,7,8,08,20,6,0,2,1,0,0,0,0,0
"POINT (9.141670765000072 48.839941217000046)",Unfall 34671 (2019) Kat:3, Licht: 0,34671,3,2,5,08,12,5,0,0,0,1,0,0,0,0
"POINT (9.248428340000032 48.785338034000063)",Unfall 34673 (2019) Kat:3, Licht: 0,34673,3,1,0,08,14,5,0,0,0,0,0,1,0,1
"POINT (9.203819515000021 48.778289623000035)",Unfall 34716 (2019) Kat:2, Licht: 0,34716,2,1,1,09,12,2,0,0,1,1,0,0,0,0
"POINT (9.180626401000041 48.774199758000066)",Unfall 34781 (2019) Kat:3, Licht: 2,34781,3,7,8,08,00,7,0,2,0,1,0,0,0,0
"POINT (9.217108304000021 48.803531634000080)",Unfall 34784 (2019) Kat:3, Licht: 0,34784,3,2,2,08,17,4,0,0,0,1,0,1,0,0
"POINT (9.201959864000060 48.795125962000043)",Unfall 34857 (2019) Kat:3, Licht: 0,34857,3,6,2,09,08,3,0,0,0,1,0,0,0,0
"POINT (9.188385848000053 48.807583978000025)",Unfall 34865 (2019) Kat:2, Licht: 0,34865,2,6,2,08,17,3,0,0,0,1,0,0,0,0
"POINT (9.157193293000034 48.811052201000052)",Unfall 34868 (2019) Kat:3, Licht: 0,34868,3,2,2,08,13,3,0,0,0,1,0,1,0,0
"POINT (9.103278412000066 48.729975052000043)",Unfall 34870 (2019) Kat:3, Licht: 0,34870,3,2,3,08,09,3,0,0,0,1,0,1,0,0
"POINT (9.212839291000023 48.700923382000042)",Unfall 34872 (2019) Kat:3, Licht: 0,34872,3,6,3,08,17,3,0,0,1,1,0,0,0,0
"POINT (9.172966714000040 48.776225286000056)",Unfall 34874 (2019) Kat:3, Licht: 0,34874,3,5,1,08,18,3,0,0,1,1,0,0,0,0
"POINT (9.092944196000076 48.834898297000052)",Unfall 34948 (2019) Kat:3, Licht: 0,34948,3,6,2,08,13,2,0,0,0,0,0,0,1,0
"POINT (9.211433058000068 48.804839164000043)",Unfall 34949 (2019) Kat:3, Licht: 0,34949,3,3,5,08,12,7,0,0,1,1,0,0,0,0
"POINT (9.173387721000040 48.799413111000035)",Unfall 34977 (2019) Kat:3, Licht: 0,34977,3,2,5,08,11,2,0,0,0,1,0,0,0,0
"POINT (9.254930076000051 48.759620716000029)",Unfall 35025 (2019) Kat:2, Licht: 2,35025,2,2,6,09,21,5,0,2,0,1,1,0,0,0
"POINT (9.182006000000058 48.793586925000056)",Unfall 35027 (2019) Kat:3, Licht: 0,35027,3,2,5,09,11,5,0,0,1,1,0,0,0,0
"POINT (9.201614447000054 48.807689253000035)",Unfall 35030 (2019) Kat:2, Licht: 0,35030,2,7,7,09,17,5,0,0,1,1,0,0,0,0
"POINT (9.213923596000029 48.796543432000078)",Unfall 35031 (2019) Kat:3, Licht: 0,35031,3,6,3,09,11,5,0,0,0,1,0,0,1,0
"POINT (9.150377829000036 48.728688898000030)",Unfall 35035 (2019) Kat:3, Licht: 2,35035,3,3,5,09,21,5,0,2,0,1,0,0,0,0
"POINT (9.175056210000037 48.820112337000069)",Unfall 35043 (2019) Kat:3, Licht: 0,35043,3,6,2,09,09,1,1,0,0,1,0,0,0,0
"POINT (9.216924082000048 48.798644269000079)",Unfall 35113 (2019) Kat:3, Licht: 0,35113,3,2,5,09,20,7,0,0,0,1,0,0,0,0
"POINT (9.178165798000066 48.772364258000039)",Unfall 35114 (2019) Kat:3, Licht: 2,35114,3,2,3,09,02,7,0,2,0,0,0,0,1,1
"POINT (9.080261012000051 48.729333000000054)",Unfall 35119 (2019) Kat:3, Licht: 0,35119,3,6,2,09,08,5,0,0,0,1,0,0,0,0
"POINT (9.159567951000042 48.770978313000057)",Unfall 35183 (2019) Kat:3, Licht: 0,35183,3,1,0,09,13,4,0,0,0,0,0,1,0,0
"POINT (9.202940964000050 48.795507040000075)",Unfall 35185 (2019) Kat:3, Licht: 0,35185,3,6,2,09,15,4,0,0,0,1,0,0,1,0
"POINT (9.172470693000037 48.775998138000034)",Unfall 35187 (2019) Kat:3, Licht: 0,35187,3,6,3,09,10,4,0,0,0,1,0,1,0,0
"POINT (9.211715044000073 48.806303980000052)",Unfall 35188 (2019) Kat:3, Licht: 0,35188,3,4,0,09,12,4,0,0,0,0,1,0,0,1
"POINT (9.182020499000032 48.793617063000056)",Unfall 35190 (2019) Kat:3, Licht: 0,35190,3,2,5,09,13,6,0,0,1,1,0,0,0,0
"POINT (9.251407072000063 48.778314105000049)",Unfall 35191 (2019) Kat:3, Licht: 0,35191,3,6,3,09,08,4,0,0,0,1,0,0,0,0
"POINT (9.211182313000052 48.802887054000053)",Unfall 35192 (2019) Kat:3, Licht: 0,35192,3,6,2,09,07,6,0,0,0,1,0,0,0,1
"POINT (9.193885635000072 48.768133916000068)",Unfall 35193 (2019) Kat:3, Licht: 0,35193,3,7,0,09,12,4,0,0,1,0,0,0,0,0
"POINT (9.216930163000029 48.786255066000081)",Unfall 35194 (2019) Kat:3, Licht: 0,35194,3,3,5,09,16,4,0,0,1,1,0,0,0,0
"POINT (9.217964115000029 48.803514887000063)",Unfall 35195 (2019) Kat:3, Licht: 0,35195,3,6,2,09,13,6,0,0,0,1,0,0,0,0
"POINT (9.113485731000026 48.730528934000063)",Unfall 35197 (2019) Kat:2, Licht: 0,35197,2,7,0,09,11,4,0,0,1,0,0,0,0,0
"POINT (9.185466328000075 48.774275090000060)",Unfall 35199 (2019) Kat:3, Licht: 1,35199,3,4,6,09,19,4,0,1,0,1,1,0,0,0
"POINT (9.137179906000029 48.777796397000031)",Unfall 35282 (2019) Kat:3, Licht: 0,35282,3,6,4,09,07,5,1,0,0,1,0,0,0,0
"POINT (9.215762530000063 48.825873442000045)",Unfall 35284 (2019) Kat:3, Licht: 0,35284,3,6,2,09,10,5,0,0,0,1,0,0,0,0
"POINT (9.210344052000039 48.799511925000047)",Unfall 35347 (2019) Kat:3, Licht: 0,35347,3,6,0,09,09,3,0,0,0,1,0,0,0,1
"POINT (9.121338851000076 48.729983638000078)",Unfall 35350 (2019) Kat:2, Licht: 0,35350,2,6,2,09,17,3,0,0,0,1,0,0,0,0
"POINT (9.133416264000061 48.763933477000080)",Unfall 35352 (2019) Kat:3, Licht: 0,35352,3,6,3,09,15,3,0,0,0,1,0,0,0,0
"POINT (9.219463108000070 48.803641148000054)",Unfall 35434 (2019) Kat:3, Licht: 0,35434,3,2,3,09,19,4,0,0,0,1,0,0,0,1
"POINT (9.248778153000046 48.780483583000034)",Unfall 35435 (2019) Kat:2, Licht: 0,35435,2,7,0,09,15,4,1,0,0,0,0,1,0,1
"POINT (9.211433058000068 48.804839164000043)",Unfall 35437 (2019) Kat:3, Licht: 0,35437,3,3,3,09,07,4,0,0,1,1,0,0,0,0
"POINT (9.116848494000067 48.757662811000046)",Unfall 35469 (2019) Kat:3, Licht: 0,35469,3,1,0,09,08,2,1,0,0,0,0,1,0,0
"POINT (9.110868782000068 48.823257529000045)",Unfall 35536 (2019) Kat:3, Licht: 2,35536,3,3,5,09,19,6,0,2,1,1,0,0,0,0
"POINT (9.208454760000052 48.801257530000044)",Unfall 35540 (2019) Kat:3, Licht: 0,35540,3,6,2,09,16,6,0,0,0,1,0,0,1,0
"POINT (9.192553256000053 48.807187561000035)",Unfall 35551 (2019) Kat:3, Licht: 0,35551,3,6,0,09,07,2,0,0,1,0,0,0,0,0
"POINT (9.165825305000055 48.812490224000044)",Unfall 35553 (2019) Kat:3, Licht: 0,35553,3,6,3,09,13,2,0,0,0,1,0,0,0,1
"POINT (9.133202857000072 48.776829579000037)",Unfall 35555 (2019) Kat:3, Licht: 0,35555,3,6,2,09,16,2,0,0,0,1,0,0,0,0
"POINT (9.098306550000075 48.712371614000062)",Unfall 35637 (2019) Kat:3, Licht: 0,35637,3,6,3,09,14,5,0,0,0,1,0,0,1,0
"POINT (9.090200259000028 48.833572604000040)",Unfall 35638 (2019) Kat:3, Licht: 2,35638,3,6,2,09,22,5,0,2,0,1,0,0,0,0
"POINT (9.151056514000061 48.787406561000068)",Unfall 35684 (2019) Kat:3, Licht: 0,35684,3,3,5,09,08,5,0,0,1,1,0,0,0,0
"POINT (9.189049676000025 48.807438017000038)",Unfall 35686 (2019) Kat:3, Licht: 0,35686,3,2,5,09,07,5,0,0,0,1,0,0,1,0
"POINT (9.154566942000031 48.769681135000042)",Unfall 35688 (2019) Kat:3, Licht: 0,35688,3,6,2,09,16,5,0,0,0,1,0,0,0,0
"POINT (9.209754263000036 48.804904456000031)",Unfall 35690 (2019) Kat:3, Licht: 0,35690,3,6,3,09,15,5,0,0,0,1,0,0,1,0
"POINT (9.172153670000057 48.704759158000059)",Unfall 35778 (2019) Kat:3, Licht: 0,35778,3,6,2,09,16,4,0,0,0,1,0,0,0,1
"POINT (9.124736008000070 48.708551612000065)",Unfall 35834 (2019) Kat:3, Licht: 0,35834,3,6,3,09,17,7,0,0,0,1,0,1,0,0
"POINT (9.141599721000034 48.840040839000039)",Unfall 35841 (2019) Kat:3, Licht: 0,35841,3,2,5,09,09,4,0,0,0,1,0,0,0,0
"POINT (9.178380292000043 48.783866337000063)",Unfall 35842 (2019) Kat:3, Licht: 0,35842,3,7,0,09,14,4,0,0,0,0,0,1,0,0
"POINT (9.179179999000041 48.784538427000030)",Unfall 35845 (2019) Kat:3, Licht: 0,35845,3,6,2,09,16,4,0,0,0,0,0,1,0,1
"POINT (9.152390251000043 48.834689456000035)",Unfall 35846 (2019) Kat:3, Licht: 2,35846,3,6,0,09,20,4,0,2,0,1,0,0,0,0
"POINT (9.209475617000066 48.730136031000029)",Unfall 35865 (2019) Kat:3, Licht: 0,35865,3,1,9,09,13,7,0,0,0,1,0,0,0,0
"POINT (9.224818456000037 48.787610666000035)",Unfall 36035 (2019) Kat:3, Licht: 0,36035,3,1,2,09,14,6,0,0,0,1,0,0,0,0
"POINT (9.164310708000073 48.814823239000077)",Unfall 36037 (2019) Kat:2, Licht: 0,36037,2,3,5,09,17,6,0,0,0,1,0,1,0,0
"POINT (9.131309091000048 48.845152926000026)",Unfall 36040 (2019) Kat:3, Licht: 0,36040,3,6,3,09,11,6,0,0,0,1,0,0,0,0
"POINT (9.169141457000023 48.740226769000060)",Unfall 36042 (2019) Kat:3, Licht: 1,36042,3,3,5,09,18,6,0,1,1,1,0,0,0,0
"POINT (9.247309217000066 48.786911154000052)",Unfall 36090 (2019) Kat:3, Licht: 0,36090,3,7,2,09,07,4,1,0,0,1,0,0,0,0
"POINT (9.097656804000053 48.818589671000041)",Unfall 36091 (2019) Kat:3, Licht: 0,36091,3,6,2,09,10,4,0,0,0,1,0,0,1,0
"POINT (9.154556554000067 48.812495323000064)",Unfall 36150 (2019) Kat:3, Licht: 0,36150,3,6,2,09,18,3,0,0,0,1,0,0,0,0
"POINT (9.180527278000056 48.753123529000050)",Unfall 36216 (2019) Kat:3, Licht: 0,36216,3,2,5,09,16,2,0,0,0,1,0,0,0,0
"POINT (9.204701907000072 48.807988835000060)",Unfall 36217 (2019) Kat:3, Licht: 0,36217,3,6,2,09,09,2,1,0,0,1,0,0,0,0