WKT,Name,OBJECTID,UKATEGORIE,UTYP1,UART,UMONAT,USTUNDE,UWOCHENTAG,STRZUSTAND,ULICHTVERH,ISTRAD,ISTPKW,ISTFUSS,ISTKRAD,ISTGKFZ,ISTSONSTIG
"POINT (9.141973682000071 48.727393443000039)",Unfall 36218 (2019) Kat:3, Licht: 2,36218,3,7,0,09,21,2,0,2,1,0,0,0,0,0
"POINT (9.206191112000056 48.797331112000052)",Unfall 36264 (2019) Kat:3, Licht: 0,36264,3,1,8,09,15,1,0,0,0,1,0,0,0,0
"POINT (9.110348970000075 48.729846680000037)",Unfall 36265 (2019) Kat:2, Licht: 2,36265,2,1,0,09,02,1,0,2,0,0,0,0,0,1
"POINT (9.164158055000030 48.706869409000035)",Unfall 36281 (2019) Kat:3, Licht: 2,36281,3,1,9,09,06,4,1,2,0,0,0,1,0,0
"POINT (9.189912040000024 48.757045488000074)",Unfall 36332 (2019) Kat:3, Licht: 0,36332,3,6,2,09,13,7,0,0,0,1,0,0,0,0
"POINT (9.165771999000071 48.747862516000055)",Unfall 36333 (2019) Kat:3, Licht: 2,36333,3,7,2,09,23,7,0,2,0,1,0,0,0,0
"POINT (9.216982361000021 48.798613974000034)",Unfall 36334 (2019) Kat:3, Licht: 0,36334,3,7,0,09,15,7,0,0,0,0,0,1,0,0
"POINT (9.183392368000057 48.804578975000027)",Unfall 36382 (2019) Kat:3, Licht: 2,36382,3,2,2,09,01,1,0,2,0,1,0,1,0,0
"POINT (9.128100213000039 48.737356086000034)",Unfall 36384 (2019) Kat:3, Licht: 0,36384,3,2,5,09,10,1,0,0,1,1,0,0,0,0
"POINT (9.173385763000056 48.770233588000053)",Unfall 36438 (2019) Kat:3, Licht: 2,36438,3,6,2,09,19,7,0,2,0,1,0,0,0,0
"POINT (9.235360226000069 48.798427937000042)",Unfall 36439 (2019) Kat:3, Licht: 0,36439,3,6,3,09,18,7,0,0,1,1,0,0,0,0
"POINT (9.199760692000041 48.694880591000071)",Unfall 36440 (2019) Kat:3, Licht: 0,36440,3,7,5,09,09,7,1,0,0,1,0,0,0,0
"POINT (9.093718194000076 48.787680155000032)",Unfall 36509 (2019) Kat:3, Licht: 0,36509,3,1,4,09,16,6,1,0,0,1,0,0,0,0
"POINT (9.187624494000033 48.782424100000071)",Unfall 36510 (2019) Kat:3, Licht: 0,36510,3,6,2,09,14,6,1,0,0,1,0,0,0,0
"POINT (9.128100833000076 48.737357684000074)",Unfall 36511 (2019) Kat:3, Licht: 0,36511,3,2,0,09,16,6,1,0,1,1,0,0,0,0
"POINT (9.182327003000069 48.775505399000053)",Unfall 36512 (2019) Kat:3, Licht: 0,36512,3,3,5,09,18,6,1,0,1,1,0,0,0,0
"POINT (9.223263170000053 48.795114825000041)",Unfall 36584 (2019) Kat:2, Licht: 0,36584,2,7,6,09,09,5,0,0,0,1,0,0,0,1
"POINT (9.209664556000064 48.782129596000061)",Unfall 36586 (2019) Kat:3, Licht: 0,36586,3,3,5,09,14,5,0,0,0,1,0,0,0,0
"POINT (9.097584247000043 48.818624802000045)",Unfall 36587 (2019) Kat:3, Licht: 0,36587,3,2,2,09,17,5,0,0,0,1,0,0,0,0
"POINT (9.158287651000023 48.832069169000079)",Unfall 36638 (2019) Kat:3, Licht: 0,36638,3,6,3,10,16,7,0,0,0,1,0,0,0,0
"POINT (9.069228760000044 48.727425189000030)",Unfall 36681 (2019) Kat:3, Licht: 0,36681,3,1,8,10,16,6,1,0,0,1,0,0,0,0
"POINT (9.225275254000053 48.794811478000042)",Unfall 36736 (2019) Kat:3, Licht: 0,36736,3,7,3,10,19,5,0,0,0,1,0,0,0,0
"POINT (9.219231615000069 48.803601195000056)",Unfall 36817 (2019) Kat:2, Licht: 0,36817,2,2,5,10,11,4,1,0,1,1,0,0,0,0
"POINT (9.223990352000044 48.837482069000032)",Unfall 36819 (2019) Kat:2, Licht: 0,36819,2,7,8,10,14,4,1,0,0,1,0,0,0,0
"POINT (9.254302689000042 48.759236156000043)",Unfall 36820 (2019) Kat:3, Licht: 0,36820,3,6,3,10,11,4,1,0,0,1,0,0,1,0
"POINT (9.200234039000065 48.694767055000057)",Unfall 36821 (2019) Kat:3, Licht: 0,36821,3,3,5,10,14,4,1,0,0,1,0,0,0,0
"POINT (9.182158821000030 48.810540517000049)",Unfall 36870 (2019) Kat:2, Licht: 2,36870,2,3,5,10,02,1,0,2,0,1,0,0,0,0
"POINT (9.220852499000046 48.796429731000046)",Unfall 36904 (2019) Kat:3, Licht: 2,36904,3,2,5,10,02,3,0,2,0,1,0,0,0,0
"POINT (9.086219159000052 48.780336881000039)",Unfall 36906 (2019) Kat:2, Licht: 0,36906,2,7,0,10,14,3,0,0,0,1,0,0,0,1
"POINT (9.147253648000060 48.754667412000060)",Unfall 36907 (2019) Kat:3, Licht: 0,36907,3,6,2,10,07,3,0,0,0,1,0,0,0,0
"POINT (9.183993987000065 48.777274188000035)",Unfall 36908 (2019) Kat:3, Licht: 2,36908,3,7,0,10,19,3,1,2,0,0,0,1,1,0
"POINT (9.184107792000077 48.777210460000049)",Unfall 36910 (2019) Kat:3, Licht: 2,36910,3,7,0,10,12,3,1,2,0,0,0,1,1,0
"POINT (9.180218525000043 48.773768786000062)",Unfall 36969 (2019) Kat:3, Licht: 0,36969,3,6,2,10,15,7,0,0,0,1,0,0,0,0
"POINT (9.203093420000073 48.795571616000075)",Unfall 37060 (2019) Kat:3, Licht: 0,37060,3,6,2,10,10,5,1,0,0,1,0,0,0,0
"POINT (9.189479610000035 48.780460409000057)",Unfall 37061 (2019) Kat:3, Licht: 0,37061,3,6,2,10,09,5,1,0,0,1,0,0,1,0
"POINT (9.226641566000069 48.805233499000053)",Unfall 37062 (2019) Kat:3, Licht: 2,37062,3,6,2,10,06,5,1,2,0,1,0,1,0,0
"POINT (9.229442571000050 48.812524644000064)",Unfall 37064 (2019) Kat:3, Licht: 0,37064,3,6,2,10,11,5,1,0,0,1,0,0,0,0
"POINT (9.179863700000055 48.812935313000025)",Unfall 37065 (2019) Kat:3, Licht: 2,37065,3,2,5,10,20,5,0,2,1,1,0,0,0,0
"POINT (9.151380836000044 48.835232792000056)",Unfall 37068 (2019) Kat:3, Licht: 2,37068,3,4,6,10,21,5,0,2,0,1,1,0,0,0
"POINT (9.213632528000062 48.796684860000028)",Unfall 37069 (2019) Kat:3, Licht: 0,37069,3,6,3,10,12,5,0,0,0,1,0,0,1,0
"POINT (9.143436392000069 48.709368434000055)",Unfall 37070 (2019) Kat:3, Licht: 0,37070,3,6,2,10,17,5,0,0,0,1,0,0,0,1
"POINT (9.205127448000042 48.796569110000064)",Unfall 37112 (2019) Kat:3, Licht: 0,37112,3,6,3,10,15,7,0,0,0,1,0,0,0,1
"POINT (9.187158578000037 48.698138134000033)",Unfall 37126 (2019) Kat:3, Licht: 2,37126,3,6,2,10,06,4,0,2,0,1,0,0,0,0
"POINT (9.114844166000069 48.844807622000076)",Unfall 37128 (2019) Kat:3, Licht: 0,37128,3,6,2,10,18,4,0,0,0,1,0,0,0,0
"POINT (9.207660660000045 48.797825852000074)",Unfall 37153 (2019) Kat:3, Licht: 2,37153,3,6,2,10,19,6,0,2,0,1,0,0,0,1
"POINT (9.095542772000044 48.827649350000058)",Unfall 37155 (2019) Kat:3, Licht: 0,37155,3,7,2,10,16,4,0,0,0,1,0,0,0,0
"POINT (9.129051265000044 48.779208642000071)",Unfall 37157 (2019) Kat:3, Licht: 0,37157,3,3,5,10,17,6,0,0,1,1,0,0,0,0
"POINT (9.169438193000076 48.825171330000046)",Unfall 37209 (2019) Kat:3, Licht: 0,37209,3,7,0,10,07,6,0,0,1,0,0,0,0,0
"POINT (9.208234779000065 48.806819517000065)",Unfall 37225 (2019) Kat:3, Licht: 0,37225,3,3,5,10,16,6,0,0,1,1,0,0,0,0
"POINT (9.138883729000042 48.727918071000033)",Unfall 37242 (2019) Kat:3, Licht: 0,37242,3,2,5,10,15,6,0,0,1,1,0,0,0,0
"POINT (9.211433058000068 48.804839164000043)",Unfall 37243 (2019) Kat:3, Licht: 0,37243,3,3,5,10,07,3,1,0,1,1,0,0,0,0
"POINT (9.207702710000035 48.806985660000066)",Unfall 37244 (2019) Kat:3, Licht: 0,37244,3,6,3,10,09,3,1,0,0,1,0,0,0,0
"POINT (9.200952825000059 48.781059742000082)",Unfall 37245 (2019) Kat:3, Licht: 0,37245,3,2,2,10,17,3,0,0,0,1,0,0,0,0
"POINT (9.217318442000021 48.803476446000047)",Unfall 37246 (2019) Kat:2, Licht: 0,37246,2,6,2,10,18,3,0,0,0,0,0,1,1,0
"POINT (9.155932148000034 48.845227858000044)",Unfall 37373 (2019) Kat:2, Licht: 2,37373,2,5,1,10,22,4,0,2,1,1,0,0,0,0
"POINT (9.161587616000077 48.840957009000078)",Unfall 37375 (2019) Kat:3, Licht: 1,37375,3,6,2,10,18,4,0,1,0,1,0,0,0,0
"POINT (9.213675939000041 48.744103724000070)",Unfall 37377 (2019) Kat:3, Licht: 0,37377,3,4,6,10,07,4,0,0,0,1,1,0,0,0
"POINT (9.210784720000049 48.726259911000056)",Unfall 37379 (2019) Kat:3, Licht: 0,37379,3,3,5,10,10,4,0,0,0,1,0,0,0,0
"POINT (9.156987903000072 48.723884051000027)",Unfall 37381 (2019) Kat:3, Licht: 0,37381,3,2,5,10,10,4,0,0,1,1,0,0,0,0
"POINT (9.077744100000075 48.720786374000056)",Unfall 37395 (2019) Kat:3, Licht: 0,37395,3,6,2,10,12,5,0,0,0,1,0,0,1,0
"POINT (9.136720890000049 48.842070066000076)",Unfall 37471 (2019) Kat:3, Licht: 2,37471,3,6,2,10,19,3,1,2,0,1,0,0,0,0
"POINT (9.214256226000032 48.743754647000060)",Unfall 37472 (2019) Kat:3, Licht: 2,37472,3,4,6,10,19,3,1,2,0,1,1,0,0,0
"POINT (9.178016933000038 48.814986366000028)",Unfall 37474 (2019) Kat:3, Licht: 1,37474,3,6,2,10,18,3,0,1,0,1,0,0,0,0
"POINT (9.174112849000039 48.821406380000042)",Unfall 37475 (2019) Kat:3, Licht: 0,37475,3,6,3,10,13,3,0,0,0,1,0,0,1,0
"POINT (9.211433058000068 48.804839164000043)",Unfall 37554 (2019) Kat:3, Licht: 2,37554,3,3,5,10,07,5,1,2,1,1,0,0,0,0
"POINT (9.235395469000025 48.782386703000043)",Unfall 37588 (2019) Kat:3, Licht: 0,37588,3,6,2,10,16,2,0,0,0,1,0,0,0,0
"POINT (9.219520305000060 48.803763914000058)",Unfall 37589 (2019) Kat:3, Licht: 0,37589,3,2,2,10,07,2,0,0,0,1,0,1,0,0
"POINT (9.169744199000036 48.765033308000056)",Unfall 37591 (2019) Kat:3, Licht: 0,37591,3,6,2,10,13,2,0,0,0,1,0,0,0,0
"POINT (9.139902997000036 48.710865310000031)",Unfall 37593 (2019) Kat:3, Licht: 2,37593,3,7,2,10,19,2,0,2,0,1,0,0,0,0
"POINT (9.094516108000050 48.713302737000049)",Unfall 37619 (2019) Kat:3, Licht: 0,37619,3,6,3,10,10,5,0,0,0,1,0,0,1,0
"POINT (9.191359929000043 48.788594735000061)",Unfall 37626 (2019) Kat:3, Licht: 0,37626,3,3,5,10,15,1,0,0,0,1,0,0,0,1
"POINT (9.201196521000043 48.780228222000062)",Unfall 37635 (2019) Kat:3, Licht: 0,37635,3,6,2,10,13,1,0,0,0,1,0,0,0,0
"POINT (9.238330523000059 48.789223948000028)",Unfall 37697 (2019) Kat:3, Licht: 0,37697,3,6,2,10,15,5,0,0,0,1,0,0,0,0
"POINT (9.226854033000052 48.739783406000072)",Unfall 37746 (2019) Kat:3, Licht: 0,37746,3,7,5,10,12,6,0,0,0,1,0,0,0,0
"POINT (9.120723244000033 48.708498702000043)",Unfall 37754 (2019) Kat:3, Licht: 2,37754,3,6,2,10,06,3,0,2,0,1,0,0,0,0
"POINT (9.106369753000024 48.721727287000078)",Unfall 37789 (2019) Kat:3, Licht: 1,37789,3,3,5,10,07,3,0,1,1,1,0,0,0,0
"POINT (9.166771261000065 48.723747009000078)",Unfall 37791 (2019) Kat:3, Licht: 2,37791,3,2,5,10,19,3,0,2,0,1,0,0,0,0
"POINT (9.203614061000053 48.794152804000078)",Unfall 37793 (2019) Kat:3, Licht: 2,37793,3,2,5,10,23,3,0,2,0,1,0,0,0,1
"POINT (9.268688404000045 48.757495070000061)",Unfall 37795 (2019) Kat:2, Licht: 2,37795,2,4,6,10,22,3,0,2,0,0,1,1,0,0
"POINT (9.180773929000054 48.788664151000035)",Unfall 37796 (2019) Kat:3, Licht: 1,37796,3,6,4,10,18,3,0,1,1,0,0,0,0,0
"POINT (9.164549702000045 48.814772334000054)",Unfall 37798 (2019) Kat:2, Licht: 0,37798,2,3,5,10,08,3,0,0,0,1,0,1,0,0
"POINT (9.260321348000048 48.761816202000034)",Unfall 37799 (2019) Kat:2, Licht: 0,37799,2,3,5,10,08,3,0,0,0,1,0,1,0,0
"POINT (9.160999050000044 48.742420184000025)",Unfall 37859 (2019) Kat:3, Licht: 0,37859,3,6,2,10,15,6,0,0,0,1,0,0,0,0
"POINT (9.114849129000049 48.844811002000029)",Unfall 37863 (2019) Kat:3, Licht: 0,37863,3,6,2,10,09,2,0,0,0,1,0,0,0,0
"POINT (9.183114340000032 48.767517142000031)",Unfall 37871 (2019) Kat:3, Licht: 2,37871,3,2,5,10,03,4,0,2,0,1,0,0,0,0
"POINT (9.214247157000045 48.801455078000060)",Unfall 37895 (2019) Kat:3, Licht: 0,37895,3,3,5,10,09,5,0,0,0,1,0,0,0,0
"POINT (9.093305119000036 48.730738459000065)",Unfall 37905 (2019) Kat:3, Licht: 0,37905,3,4,6,10,14,2,0,0,0,0,1,0,0,1
"POINT (9.234228986000062 48.695957361000069)",Unfall 37908 (2019) Kat:3, Licht: 0,37908,3,7,4,10,17,2,0,0,0,1,0,0,0,0
"POINT (9.185484063000047 48.774263709000081)",Unfall 37925 (2019) Kat:3, Licht: 2,37925,3,2,6,10,23,6,0,2,0,1,1,0,0,0
"POINT (9.219530304000045 48.803653290000057)",Unfall 37999 (2019) Kat:3, Licht: 2,37999,3,6,2,10,22,1,1,2,0,1,0,0,0,0
"POINT (9.141965980000066 48.754032596000059)",Unfall 38036 (2019) Kat:3, Licht: 0,38036,3,6,2,10,13,6,0,0,0,1,0,0,1,0
"POINT (9.167744071000072 48.705665237000062)",Unfall 38071 (2019) Kat:2, Licht: 0,38071,2,1,9,10,17,7,1,0,0,1,0,0,0,0
"POINT (9.215066283000056 48.795110220000026)",Unfall 38076 (2019) Kat:3, Licht: 2,38076,3,6,3,10,07,5,0,2,0,1,0,0,1,0
"POINT (9.188979279000023 48.807447924000030)",Unfall 38093 (2019) Kat:3, Licht: 2,38093,3,6,2,10,20,7,1,2,0,1,0,0,0,0
"POINT (9.196278138000025 48.770065216000035)",Unfall 38094 (2019) Kat:3, Licht: 2,38094,3,1,1,10,05,7,1,2,0,1,0,0,0,0
"POINT (9.135712249000051 48.764814607000062)",Unfall 38107 (2019) Kat:2, Licht: 0,38107,2,3,5,10,16,6,0,0,0,1,0,0,0,1
"POINT (9.199758454000062 48.693595051000045)",Unfall 38191 (2019) Kat:3, Licht: 1,38191,3,6,2,11,06,2,0,1,0,1,0,0,0,0
"POINT (9.224340914000038 48.787855808000074)",Unfall 38253 (2019) Kat:2, Licht: 2,38253,2,6,2,10,19,4,0,2,0,1,0,0,0,0
"POINT (9.157469147000029 48.832414641000071)",Unfall 38254 (2019) Kat:3, Licht: 0,38254,3,6,2,11,09,7,1,0,0,1,0,0,0,1
"POINT (9.216930163000029 48.786255066000081)",Unfall 38255 (2019) Kat:3, Licht: 1,38255,3,3,5,10,07,4,0,1,1,1,0,0,0,0
"POINT (9.229843333000076 48.811151142000028)",Unfall 38257 (2019) Kat:3, Licht: 2,38257,3,6,2,10,18,4,0,2,0,1,0,0,0,0
"POINT (9.078678011000022 48.726684823000028)",Unfall 38259 (2019) Kat:3, Licht: 0,38259,3,6,0,10,08,4,1,0,0,1,0,1,0,0
"POINT (9.195732397000029 48.769562364000080)",Unfall 38265 (2019) Kat:3, Licht: 2,38265,3,6,2,11,17,6,1,2,0,1,0,0,0,0
"POINT (9.216979773000048 48.803134070000056)",Unfall 38277 (2019) Kat:3, Licht: 0,38277,3,6,3,11,12,2,0,0,0,1,0,1,0,0
"POINT (9.227703381000026 48.694315065000069)",Unfall 38339 (2019) Kat:3, Licht: 2,38339,3,6,2,10,18,3,0,2,0,1,0,0,0,0
"POINT (9.094598437000059 48.786319989000049)",Unfall 38348 (2019) Kat:3, Licht: 2,38348,3,6,4,10,18,3,0,2,0,1,0,0,0,0
"POINT (9.180011222000076 48.843881555000053)",Unfall 38350 (2019) Kat:3, Licht: 2,38350,3,6,2,10,19,3,0,2,0,1,0,0,0,1
"POINT (9.241819138000039 48.758005536000042)",Unfall 38351 (2019) Kat:3, Licht: 1,38351,3,4,6,10,16,3,0,1,0,1,1,0,0,0
"POINT (9.166633606000062 48.723771772000077)",Unfall 38353 (2019) Kat:3, Licht: 0,38353,3,1,0,10,12,3,0,0,0,0,0,1,0,0
"POINT (9.182039883000073 48.766336114000069)",Unfall 38354 (2019) Kat:3, Licht: 0,38354,3,6,2,10,08,3,1,0,0,1,0,0,0,0
"POINT (9.113545314000021 48.747035560000029)",Unfall 38426 (2019) Kat:3, Licht: 2,38426,3,6,3,11,03,7,1,2,0,1,0,0,0,1
"POINT (9.189678016000073 48.780403730000046)",Unfall 38438 (2019) Kat:3, Licht: 0,38438,3,6,2,11,16,6,0,0,0,1,0,0,0,0
"POINT (9.220248933000050 48.790387471000031)",Unfall 38446 (2019) Kat:2, Licht: 0,38446,2,6,3,10,10,2,0,0,0,1,0,0,1,0
"POINT (9.211447325000052 48.825479053000038)",Unfall 38449 (2019) Kat:3, Licht: 2,38449,3,2,5,10,04,2,1,2,0,1,0,0,0,0
"POINT (9.220325487000025 48.835237947000053)",Unfall 38451 (2019) Kat:3, Licht: 0,38451,3,6,2,10,16,2,0,0,0,1,0,0,0,0
"POINT (9.209388548000050 48.806144335000056)",Unfall 38527 (2019) Kat:2, Licht: 0,38527,2,1,0,10,15,1,0,0,0,0,0,1,0,0
"POINT (9.146319970000036 48.783712792000074)",Unfall 38529 (2019) Kat:2, Licht: 2,38529,2,4,6,10,17,1,1,2,0,1,1,0,0,0
"POINT (9.180681017000040 48.812334031000034)",Unfall 38530 (2019) Kat:3, Licht: 2,38530,3,6,3,10,23,1,1,2,0,1,0,0,0,0
"POINT (9.137334431000056 48.841753196000070)",Unfall 38531 (2019) Kat:3, Licht: 0,38531,3,6,2,10,15,1,0,0,0,1,0,0,0,0
"POINT (9.207670540000038 48.718563550000056)",Unfall 38572 (2019) Kat:3, Licht: 0,38572,3,2,5,10,15,7,0,0,0,1,0,1,0,0
"POINT (9.212321820000057 48.800110734000043)",Unfall 38575 (2019) Kat:3, Licht: 0,38575,3,2,5,10,13,7,0,0,1,0,0,0,0,0
"POINT (9.099935991000052 48.802183816000081)",Unfall 38576 (2019) Kat:3, Licht: 2,38576,3,3,5,10,18,5,0,2,0,1,0,0,0,0
"POINT (9.177813479000065 48.815292182000064)",Unfall 38580 (2019) Kat:3, Licht: 0,38580,3,3,5,10,18,7,0,0,1,1,0,0,0,0
"POINT (9.204759776000060 48.807992429000080)",Unfall 38609 (2019) Kat:3, Licht: 0,38609,3,6,2,10,17,7,0,0,0,1,0,0,0,0
"POINT (9.215496454000061 48.700424150000060)",Unfall 38619 (2019) Kat:3, Licht: 0,38619,3,3,5,10,16,7,0,0,0,1,0,1,0,0
"POINT (9.104978373000051 48.807021607000081)",Unfall 38699 (2019) Kat:3, Licht: 0,38699,3,6,2,11,14,5,0,0,0,1,0,0,0,0
"POINT (9.171462236000025 48.771942971000044)",Unfall 38770 (2019) Kat:3, Licht: 2,38770,3,2,6,11,21,6,0,2,0,1,1,0,0,0
"POINT (9.194197741000039 48.807059437000078)",Unfall 38771 (2019) Kat:3, Licht: 0,38771,3,3,5,11,07,6,1,0,1,1,0,0,0,0
"POINT (9.150893960000076 48.754756036000060)",Unfall 38773 (2019) Kat:3, Licht: 0,38773,3,6,2,11,12,6,0,0,0,1,0,0,0,0
"POINT (9.222971132000055 48.698939275000043)",Unfall 38775 (2019) Kat:3, Licht: 0,38775,3,7,0,11,15,6,1,0,1,0,0,0,0,0
"POINT (9.136654641000064 48.775172918000067)",Unfall 38789 (2019) Kat:2, Licht: 2,38789,2,4,6,11,19,1,0,2,0,1,1,0,0,0
"POINT (9.128913403000070 48.779517902000066)",Unfall 38807 (2019) Kat:3, Licht: 0,38807,3,4,6,11,16,2,0,0,0,1,1,0,0,0
"POINT (9.238809336000031 48.789336854000055)",Unfall 38878 (2019) Kat:3, Licht: 1,38878,3,6,2,11,17,5,0,1,0,1,0,0,0,0
"POINT (9.216090335000047 48.785853348000046)",Unfall 38883 (2019) Kat:3, Licht: 2,38883,3,6,2,11,02,5,0,2,0,1,0,0,0,0
"POINT (9.175413677000051 48.770073926000066)",Unfall 38884 (2019) Kat:3, Licht: 0,38884,3,6,2,11,15,5,1,0,0,1,0,0,0,0
"POINT (9.156778817000031 48.832722842000067)",Unfall 38888 (2019) Kat:3, Licht: 0,38888,3,3,5,11,10,5,0,0,0,1,0,0,0,1
"POINT (9.243844762000038 48.755935625000063)",Unfall 38890 (2019) Kat:2, Licht: 1,38890,2,1,0,11,07,5,1,1,1,0,0,0,0,0
"POINT (9.209628453000050 48.782105261000027)",Unfall 38896 (2019) Kat:3, Licht: 0,38896,3,2,5,11,12,5,0,0,1,0,0,0,0,1
"POINT (9.185902016000057 48.774231215000043)",Unfall 38902 (2019) Kat:3, Licht: 0,38902,3,6,2,11,12,2,0,0,0,1,0,0,0,0
"POINT (9.196222143000057 48.770000790000040)",Unfall 38956 (2019) Kat:3, Licht: 0,38956,3,6,2,11,14,3,0,0,0,1,0,0,0,0
"POINT (9.217977872000063 48.786785757000075)",Unfall 38977 (2019) Kat:3, Licht: 2,38977,3,6,2,11,16,4,0,2,0,1,0,0,0,0
"POINT (9.236579693000067 48.781795052000064)",Unfall 38978 (2019) Kat:3, Licht: 0,38978,3,6,2,11,16,4,1,0,0,1,0,0,0,0
"POINT (9.147073254000077 48.784195285000067)",Unfall 38982 (2019) Kat:3, Licht: 0,38982,3,1,8,11,09,4,0,0,0,1,0,0,0,0
"POINT (9.134205655000073 48.764257661000045)",Unfall 39005 (2019) Kat:3, Licht: 0,39005,3,6,2,11,15,2,0,0,0,1,0,0,0,1
"POINT (9.079738056000053 48.719841636000069)",Unfall 39067 (2019) Kat:3, Licht: 2,39067,3,6,2,11,18,3,0,2,0,1,0,0,0,0
"POINT (9.185052632000065 48.808094479000033)",Unfall 39091 (2019) Kat:3, Licht: 0,39091,3,6,2,11,14,3,0,0,0,1,0,0,0,0
"POINT (9.211287173000073 48.806001332000051)",Unfall 39093 (2019) Kat:2, Licht: 2,39093,2,1,8,11,19,3,0,2,0,1,0,0,0,0
"POINT (9.183773831000053 48.775348436000058)",Unfall 39097 (2019) Kat:3, Licht: 2,39097,3,6,2,11,18,3,0,2,0,1,0,0,0,0
"POINT (9.173377378000055 48.801902137000070)",Unfall 39098 (2019) Kat:3, Licht: 2,39098,3,3,5,11,19,3,0,2,1,1,0,0,0,0
"POINT (9.181146401000035 48.774211429000047)",Unfall 39100 (2019) Kat:3, Licht: 2,39100,3,3,0,11,18,3,0,2,0,1,0,0,0,1
"POINT (9.182267918000036 48.794283401000030)",Unfall 39102 (2019) Kat:3, Licht: 2,39102,3,3,5,11,18,3,0,2,1,1,0,0,0,0
"POINT (9.269109246000028 48.757008558000052)",Unfall 39106 (2019) Kat:3, Licht: 0,39106,3,3,5,11,08,5,0,0,0,1,0,0,0,0
"POINT (9.186290958000029 48.780964957000037)",Unfall 39113 (2019) Kat:3, Licht: 2,39113,3,6,0,11,18,2,0,2,0,1,0,0,0,0
"POINT (9.109144714000024 48.729853226000046)",Unfall 39144 (2019) Kat:3, Licht: 2,39144,3,6,2,11,17,4,0,2,0,1,0,0,0,0
"POINT (9.083338789000038 48.731069868000077)",Unfall 39147 (2019) Kat:3, Licht: 0,39147,3,6,2,11,16,4,0,0,0,1,0,0,0,0
"POINT (9.092380141000035 48.834654228000034)",Unfall 39148 (2019) Kat:3, Licht: 0,39148,3,6,2,11,09,4,0,0,0,1,0,0,1,0
"POINT (9.175142056000027 48.819981871000039)",Unfall 39213 (2019) Kat:3, Licht: 0,39213,3,2,2,11,12,7,0,0,0,1,0,0,0,0
"POINT (9.168331931000068 48.706310268000038)",Unfall 39215 (2019) Kat:3, Licht: 2,39215,3,1,9,11,04,3,1,2,0,1,0,0,0,0
"POINT (9.177512637000064 48.771222218000048)",Unfall 39220 (2019) Kat:3, Licht: 0,39220,3,7,0,11,08,2,0,0,0,1,0,0,0,0
"POINT (9.230024423000032 48.810605818000056)",Unfall 39231 (2019) Kat:3, Licht: 2,39231,3,6,2,11,16,4,0,2,0,1,0,0,0,0
"POINT (9.175169750000066 48.819919790000029)",Unfall 39259 (2019) Kat:3, Licht: 2,39259,3,4,6,11,18,1,0,2,0,1,1,0,0,0
"POINT (9.157000396000058 48.810995359000060)",Unfall 39287 (2019) Kat:3, Licht: 2,39287,3,3,5,11,19,3,1,2,0,1,0,0,0,0
"POINT (9.191094194000073 48.788330977000044)",Unfall 39289 (2019) Kat:3, Licht: 2,39289,3,7,3,11,06,6,1,2,0,1,0,0,0,0
"POINT (9.155142558000023 48.840498724000042)",Unfall 39290 (2019) Kat:3, Licht: 0,39290,3,6,2,11,14,3,0,0,0,1,0,0,0,0
"POINT (9.242275875000075 48.790452352000045)",Unfall 39324 (2019) Kat:3, Licht: 0,39324,3,6,2,11,12,1,0,0,0,1,0,0,0,0
"POINT (9.214119516000039 48.743837172000042)",Unfall 39330 (2019) Kat:3, Licht: 2,39330,3,3,5,11,19,7,0,2,1,0,0,0,0,1
"POINT (9.207283773000029 48.797638884000037)",Unfall 39373 (2019) Kat:2, Licht: 0,39373,2,6,2,11,09,5,0,0,0,1,0,0,0,0
"POINT (9.204166812000040 48.709820802000081)",Unfall 39431 (2019) Kat:3, Licht: 2,39431,3,6,2,11,18,2,0,2,0,1,0,0,0,0
"POINT (9.092085255000029 48.714072481000073)",Unfall 39435 (2019) Kat:3, Licht: 2,39435,3,6,2,11,17,2,0,2,0,1,0,0,0,0
"POINT (9.165641030000074 48.828943515000049)",Unfall 39440 (2019) Kat:3, Licht: 0,39440,3,4,6,11,09,7,0,0,0,1,1,0,0,0
"POINT (9.214404224000077 48.795796641000038)",Unfall 39442 (2019) Kat:3, Licht: 2,39442,3,6,3,11,05,3,0,2,0,1,0,0,1,0
"POINT (9.095628015000045 48.827249397000060)",Unfall 39459 (2019) Kat:3, Licht: 0,39459,3,3,5,11,08,4,1,0,0,1,0,0,1,0
"POINT (9.208978870000067 48.800684836000073)",Unfall 39517 (2019) Kat:3, Licht: 1,39517,3,6,2,11,16,6,0,1,0,1,0,0,1,0
"POINT (9.180555244000061 48.774217768000028)",Unfall 39519 (2019) Kat:3, Licht: 2,39519,3,1,0,11,02,1,0,2,0,1,0,0,0,0
"POINT (9.249721174000058 48.781721887000060)",Unfall 39551 (2019) Kat:2, Licht: 0,39551,2,1,0,11,15,7,0,0,1,0,0,0,0,0
"POINT (9.175610388000052 48.778479254000047)",Unfall 39570 (2019) Kat:3, Licht: 0,39570,3,3,0,11,14,4,0,0,1,1,0,0,0,0
"POINT (9.203949494000028 48.795984678000082)",Unfall 39579 (2019) Kat:3, Licht: 0,39579,3,6,3,11,21,6,0,0,0,1,0,0,0,0
"POINT (9.081408627000030 48.718776684000034)",Unfall 39587 (2019) Kat:3, Licht: 0,39587,3,6,2,11,13,7,0,0,0,1,0,0,0,0
"POINT (9.180330489000028 48.845843998000078)",Unfall 39595 (2019) Kat:3, Licht: 0,39595,3,6,2,11,14,2,0,0,0,1,0,0,0,0