WKT,Name,OBJECTID,UKATEGORIE,UTYP1,UART,UMONAT,USTUNDE,UWOCHENTAG,STRZUSTAND,ULICHTVERH,ISTRAD,ISTPKW,ISTFUSS,ISTKRAD,ISTGKFZ,ISTSONSTIG
"POINT (9.214752426000075 48.802135861000068)",Unfall 39596 (2019) Kat:2, Licht: 2,39596,2,1,8,11,01,7,1,2,0,1,0,0,0,0
"POINT (9.187667483000041 48.782487097000057)",Unfall 39600 (2019) Kat:3, Licht: 2,39600,3,6,2,11,05,1,0,2,0,1,0,0,0,0
"POINT (9.226857100000075 48.786567070000046)",Unfall 39605 (2019) Kat:3, Licht: 0,39605,3,6,2,11,09,5,0,0,0,1,0,0,0,0
"POINT (9.163433525000073 48.713848318000032)",Unfall 39620 (2019) Kat:3, Licht: 0,39620,3,6,2,11,16,6,0,0,0,1,0,0,0,0
"POINT (9.243989546000023 48.777205515000048)",Unfall 39666 (2019) Kat:3, Licht: 0,39666,3,6,2,11,09,4,1,0,0,0,0,0,1,0
"POINT (9.182123165000064 48.810581081000066)",Unfall 39682 (2019) Kat:3, Licht: 2,39682,3,2,5,11,19,7,0,2,0,1,0,0,0,0
"POINT (9.143725217000053 48.709570100000064)",Unfall 39691 (2019) Kat:3, Licht: 0,39691,3,6,2,11,07,6,0,0,0,1,0,0,0,0
"POINT (9.206791397000075 48.807635048000066)",Unfall 39734 (2019) Kat:3, Licht: 0,39734,3,3,5,12,09,2,0,0,0,1,0,0,0,0
"POINT (9.202538733000040 48.711386799000081)",Unfall 39735 (2019) Kat:3, Licht: 0,39735,3,7,0,12,14,2,0,0,0,0,0,1,0,0
"POINT (9.184670637000068 48.778452000000073)",Unfall 39759 (2019) Kat:3, Licht: 1,39759,3,6,2,12,18,1,0,1,0,1,0,0,0,0
"POINT (9.189878293000049 48.785895575000040)",Unfall 39796 (2019) Kat:3, Licht: 2,39796,3,6,2,11,19,7,0,2,0,1,0,0,0,0
"POINT (9.240728821000062 48.755951796000033)",Unfall 39797 (2019) Kat:3, Licht: 2,39797,3,1,8,11,01,7,1,2,0,1,0,0,0,0
"POINT (9.220616405000044 48.740424616000041)",Unfall 39798 (2019) Kat:3, Licht: 0,39798,3,1,0,11,16,7,0,0,0,0,0,1,0,0
"POINT (9.181401889000028 48.792291076000026)",Unfall 39799 (2019) Kat:3, Licht: 2,39799,3,6,2,11,23,7,0,2,0,1,0,0,0,0
"POINT (9.109757606000073 48.729845256000033)",Unfall 39824 (2019) Kat:3, Licht: 2,39824,3,6,3,11,20,6,0,2,1,1,0,0,0,0
"POINT (9.220435671000075 48.739070381000033)",Unfall 39855 (2019) Kat:3, Licht: 0,39855,3,3,5,11,15,6,1,0,1,1,0,0,0,0
"POINT (9.184854909000023 48.808463262000032)",Unfall 39856 (2019) Kat:3, Licht: 2,39856,3,6,2,11,07,6,1,2,0,1,0,0,0,0
"POINT (9.176117558000044 48.703216916000031)",Unfall 39857 (2019) Kat:3, Licht: 0,39857,3,6,2,11,15,6,1,0,0,1,0,0,0,0
"POINT (9.212401565000050 48.800428138000029)",Unfall 39877 (2019) Kat:2, Licht: 2,39877,2,3,5,11,17,5,1,2,0,1,0,1,0,0
"POINT (9.189049676000025 48.807438017000038)",Unfall 39910 (2019) Kat:3, Licht: 0,39910,3,2,5,11,10,5,0,0,0,1,0,0,0,0
"POINT (9.182039210000028 48.810670275000064)",Unfall 39911 (2019) Kat:3, Licht: 2,39911,3,6,0,11,06,5,1,2,0,1,0,1,0,0
"POINT (9.188496302000033 48.807808872000066)",Unfall 39912 (2019) Kat:3, Licht: 0,39912,3,1,9,11,09,5,1,0,0,1,0,0,0,0
"POINT (9.243255036000051 48.791927126000076)",Unfall 39913 (2019) Kat:3, Licht: 0,39913,3,6,4,11,11,5,0,0,0,1,0,0,0,0
"POINT (9.103398196000057 48.711254737000047)",Unfall 39915 (2019) Kat:3, Licht: 2,39915,3,6,2,11,17,5,1,2,0,1,0,0,0,0
"POINT (9.238819060000026 48.789340151000033)",Unfall 39959 (2019) Kat:3, Licht: 0,39959,3,6,2,12,15,3,0,0,0,1,0,0,0,0
"POINT (9.198894810000070 48.779776247000029)",Unfall 39961 (2019) Kat:3, Licht: 0,39961,3,6,2,12,08,3,0,0,0,1,0,0,0,1
"POINT (9.163219961000038 48.706793314000038)",Unfall 39982 (2019) Kat:3, Licht: 2,39982,3,3,2,12,19,7,1,2,0,1,0,0,0,0
"POINT (9.116749514000048 48.708699519000049)",Unfall 39983 (2019) Kat:3, Licht: 0,39983,3,6,2,12,15,7,1,0,0,1,0,0,0,0
"POINT (9.164060919000065 48.747108998000044)",Unfall 39989 (2019) Kat:3, Licht: 2,39989,3,2,5,12,01,7,1,2,0,1,0,0,0,0
"POINT (9.115673955000034 48.729811767000058)",Unfall 39990 (2019) Kat:3, Licht: 2,39990,3,2,5,12,17,7,1,2,1,1,0,0,0,0
"POINT (9.208477694000067 48.804067407000048)",Unfall 39991 (2019) Kat:2, Licht: 0,39991,2,7,8,12,15,7,1,0,0,1,0,0,0,0
"POINT (9.226709724000045 48.820814004000056)",Unfall 40078 (2019) Kat:3, Licht: 0,40078,3,6,2,12,12,6,0,0,0,1,0,0,0,0
"POINT (9.097543097000028 48.818644726000059)",Unfall 40079 (2019) Kat:3, Licht: 2,40079,3,6,2,12,19,6,0,2,0,1,0,0,0,0
"POINT (9.241744487000062 48.790283506000037)",Unfall 40080 (2019) Kat:3, Licht: 2,40080,3,6,2,12,16,6,0,2,0,1,0,0,0,0
"POINT (9.069776577000027 48.726999231000036)",Unfall 40125 (2019) Kat:3, Licht: 2,40125,3,6,2,12,17,5,0,2,0,1,0,0,0,0
"POINT (9.204860916000030 48.708009360000062)",Unfall 40138 (2019) Kat:3, Licht: 0,40138,3,6,2,12,09,5,0,0,0,1,0,0,0,0
"POINT (9.178178236000065 48.771752551000077)",Unfall 40200 (2019) Kat:3, Licht: 2,40200,3,6,3,12,16,4,0,2,0,1,0,0,0,1
"POINT (9.181440245000033 48.765848981000033)",Unfall 40201 (2019) Kat:3, Licht: 1,40201,3,6,2,12,18,4,0,1,0,1,0,0,0,0
"POINT (9.178917192000029 48.784321260000070)",Unfall 40203 (2019) Kat:3, Licht: 2,40203,3,6,2,12,17,4,0,2,0,1,0,1,0,0
"POINT (9.176877189000038 48.811022389000073)",Unfall 40206 (2019) Kat:3, Licht: 0,40206,3,6,2,12,15,4,0,0,0,1,0,0,0,0
"POINT (9.175148324000077 48.819971086000066)",Unfall 40207 (2019) Kat:3, Licht: 0,40207,3,6,2,12,09,4,0,0,0,1,0,0,0,0
"POINT (9.240720400000043 48.817973551000080)",Unfall 40208 (2019) Kat:2, Licht: 0,40208,2,7,0,12,11,4,0,0,1,0,0,0,0,0
"POINT (9.091966046000039 48.820238621000044)",Unfall 40286 (2019) Kat:3, Licht: 2,40286,3,6,2,12,17,6,1,2,0,1,0,0,0,0
"POINT (9.125084575000074 48.729485485000055)",Unfall 40287 (2019) Kat:3, Licht: 0,40287,3,3,5,12,08,6,1,0,1,1,0,0,0,0
"POINT (9.136340261000044 48.811856081000030)",Unfall 40288 (2019) Kat:3, Licht: 2,40288,3,6,2,12,20,6,0,2,0,1,0,0,0,0
"POINT (9.181513399000039 48.776912084000060)",Unfall 40289 (2019) Kat:3, Licht: 2,40289,3,3,5,12,00,6,0,2,1,1,0,0,0,0
"POINT (9.169740541000067 48.763723119000076)",Unfall 40360 (2019) Kat:3, Licht: 0,40360,3,6,2,12,10,5,1,0,0,1,0,0,0,0
"POINT (9.215741302000026 48.706808143000046)",Unfall 40361 (2019) Kat:3, Licht: 2,40361,3,1,8,12,23,5,0,2,0,1,0,0,0,0
"POINT (9.190817808000077 48.780098375000080)",Unfall 40444 (2019) Kat:3, Licht: 2,40444,3,6,2,12,16,4,1,2,0,1,0,0,0,0
"POINT (9.159086091000063 48.811312503000067)",Unfall 40445 (2019) Kat:3, Licht: 2,40445,3,2,6,12,18,4,1,2,0,1,1,0,0,0
"POINT (9.186317808000069 48.780814805000034)",Unfall 40447 (2019) Kat:3, Licht: 0,40447,3,6,2,12,15,4,1,0,0,1,0,0,0,0
"POINT (9.201031599000032 48.780292832000043)",Unfall 40514 (2019) Kat:3, Licht: 2,40514,3,2,6,12,21,3,0,2,0,1,1,0,0,0
"POINT (9.156506713000056 48.847657901000048)",Unfall 40516 (2019) Kat:3, Licht: 0,40516,3,6,2,12,10,3,0,0,0,1,0,0,0,0
"POINT (9.214021222000042 48.743895646000055)",Unfall 40563 (2019) Kat:2, Licht: 0,40563,2,2,6,12,11,2,1,0,0,1,1,0,0,0
"POINT (9.166777992000050 48.723772414000052)",Unfall 40564 (2019) Kat:3, Licht: 0,40564,3,2,5,12,13,2,0,0,0,1,0,0,0,0
"POINT (9.135706375000041 48.771489545000065)",Unfall 40569 (2019) Kat:3, Licht: 0,40569,3,6,4,12,13,2,0,0,0,1,0,0,0,0
"POINT (9.251510808000035 48.778262774000041)",Unfall 40572 (2019) Kat:3, Licht: 2,40572,3,6,2,12,19,2,1,2,0,1,0,0,0,0
"POINT (9.221747941000047 48.789071644000046)",Unfall 40576 (2019) Kat:3, Licht: 2,40576,3,2,2,12,20,2,1,2,0,1,0,0,0,0
"POINT (9.170106626000063 48.746504081000069)",Unfall 40597 (2019) Kat:3, Licht: 2,40597,3,6,3,12,17,2,1,2,1,1,0,0,0,0
"POINT (9.239293375000045 48.696628589000056)",Unfall 40675 (2019) Kat:3, Licht: 0,40675,3,6,2,12,14,5,0,0,0,1,0,0,0,0
"POINT (9.175013302000025 48.820162863000064)",Unfall 40693 (2019) Kat:3, Licht: 0,40693,3,6,2,12,13,4,0,0,0,1,0,0,0,0
"POINT (9.231815680000068 48.784328593000055)",Unfall 40694 (2019) Kat:3, Licht: 2,40694,3,6,2,12,18,4,1,2,0,1,0,0,0,0
"POINT (9.207417516000021 48.803129388000059)",Unfall 40695 (2019) Kat:3, Licht: 0,40695,3,6,2,12,13,4,1,0,0,1,0,0,0,0
"POINT (9.172436663000042 48.768296219000035)",Unfall 40696 (2019) Kat:3, Licht: 0,40696,3,6,2,12,13,4,0,0,0,1,0,0,1,0
"POINT (9.245376124000075 48.821032480000042)",Unfall 40761 (2019) Kat:3, Licht: 2,40761,3,6,2,12,18,3,0,2,0,1,0,0,0,0
"POINT (9.116481559000022 48.762398498000039)",Unfall 40763 (2019) Kat:3, Licht: 2,40763,3,6,2,12,18,3,0,2,0,1,0,0,0,0
"POINT (9.223594994000052 48.790507684000033)",Unfall 40764 (2019) Kat:3, Licht: 0,40764,3,6,3,12,11,3,0,0,0,1,0,0,0,1
"POINT (9.087656598000024 48.730340792000050)",Unfall 40844 (2019) Kat:3, Licht: 2,40844,3,7,3,12,18,2,0,2,0,1,0,0,0,0
"POINT (9.117152049000026 48.846567711000034)",Unfall 40847 (2019) Kat:2, Licht: 2,40847,2,7,8,12,03,2,0,2,0,0,0,0,0,1
"POINT (9.090240708000067 48.833594194000057)",Unfall 40850 (2019) Kat:3, Licht: 2,40850,3,6,2,12,18,2,0,2,0,1,0,0,0,0
"POINT (9.212342528000022 48.783944533000067)",Unfall 40855 (2019) Kat:3, Licht: 0,40855,3,6,2,12,12,5,0,0,0,1,0,0,0,0
"POINT (9.231324342000050 48.841413550000027)",Unfall 40863 (2019) Kat:2, Licht: 0,40863,2,3,5,12,14,2,0,0,0,1,0,0,0,0
"POINT (9.188439720000076 48.783673637000049)",Unfall 40864 (2019) Kat:3, Licht: 0,40864,3,6,3,12,14,2,0,0,0,1,0,1,0,0
"POINT (9.180165512000031 48.786258659000055)",Unfall 40871 (2019) Kat:3, Licht: 2,40871,3,6,3,12,19,5,0,2,0,1,0,0,0,0
"POINT (9.191157783000051 48.780005863000042)",Unfall 40890 (2019) Kat:3, Licht: 0,40890,3,6,2,12,08,5,0,0,0,1,0,0,0,0
"POINT (9.216207215000054 48.802786218000051)",Unfall 40941 (2019) Kat:3, Licht: 0,40941,3,4,6,12,11,5,0,0,0,1,1,0,0,0
"POINT (9.155544278000036 48.804983875000062)",Unfall 40960 (2019) Kat:3, Licht: 0,40960,3,2,5,12,14,6,1,0,0,1,0,0,0,0
"POINT (9.173822382000026 48.821809700000074)",Unfall 40972 (2019) Kat:3, Licht: 2,40972,3,6,2,12,20,7,1,2,0,1,0,0,0,0
"POINT (9.217345807000072 48.798409164000077)",Unfall 40973 (2019) Kat:3, Licht: 2,40973,3,5,1,12,17,7,0,2,0,1,0,0,0,0
"POINT (9.172343753000064 48.775888365000071)",Unfall 41070 (2019) Kat:3, Licht: 2,41070,3,6,3,12,21,7,0,2,0,1,0,0,0,0
"POINT (9.147929557000055 48.784838055000080)",Unfall 41071 (2019) Kat:3, Licht: 2,41071,3,5,1,12,02,7,0,2,0,1,0,0,0,0
"POINT (9.182352927000068 48.775527201000045)",Unfall 41072 (2019) Kat:3, Licht: 2,41072,3,2,6,12,18,7,0,2,0,1,1,0,0,0
"POINT (9.167425670000057 48.704022798000040)",Unfall 41105 (2019) Kat:3, Licht: 2,41105,3,6,3,12,18,6,0,2,0,1,0,0,0,0
"POINT (9.164017519000026 48.756919385000060)",Unfall 41111 (2019) Kat:3, Licht: 0,41111,3,6,2,12,13,6,0,0,0,1,0,0,0,0
"POINT (9.215610556000058 48.802466259000028)",Unfall 41112 (2019) Kat:3, Licht: 1,41112,3,6,2,12,07,6,1,1,0,0,0,0,0,1
"POINT (9.186506419000068 48.770094234000055)",Unfall 41114 (2019) Kat:3, Licht: 2,41114,3,3,5,12,18,6,1,2,0,1,0,0,0,0
"POINT (9.211993912000025 48.800219947000073)",Unfall 41115 (2019) Kat:3, Licht: 2,41115,3,3,5,12,18,6,1,2,0,1,0,0,0,0
"POINT (9.209482234000063 48.799337399000080)",Unfall 41117 (2019) Kat:3, Licht: 0,41117,3,6,2,12,10,6,1,0,0,1,0,0,0,0
"POINT (9.214420061000055 48.795778773000052)",Unfall 41139 (2019) Kat:3, Licht: 2,41139,3,6,3,12,22,5,0,2,0,1,0,0,1,0
"POINT (9.127996275000044 48.758508918000075)",Unfall 41140 (2019) Kat:3, Licht: 0,41140,3,6,2,12,16,5,0,0,0,1,0,0,0,0
"POINT (9.141338350000069 48.839611541000068)",Unfall 41142 (2019) Kat:3, Licht: 0,41142,3,6,2,12,12,5,0,0,0,1,0,0,0,0
"POINT (9.079960156000027 48.719704649000050)",Unfall 41187 (2019) Kat:3, Licht: 0,41187,3,6,2,12,07,3,1,0,0,1,0,0,0,0
"POINT (9.187305861000027 48.781970361000049)",Unfall 41233 (2019) Kat:3, Licht: 0,41233,3,6,2,12,14,3,0,0,0,1,0,0,0,0
"POINT (9.093938159000061 48.735547647000033)",Unfall 41241 (2019) Kat:3, Licht: 0,41241,3,6,8,12,12,2,1,0,0,0,0,0,0,1
"POINT (9.185551073000056 48.769330713000045)",Unfall 41242 (2019) Kat:2, Licht: 2,41242,2,4,6,12,06,2,1,2,0,1,1,0,0,0
"POINT (9.211449103000064 48.804825779000055)",Unfall 41244 (2019) Kat:3, Licht: 0,41244,3,3,5,12,14,2,1,0,0,0,0,0,0,1
"POINT (9.183120223000060 48.767536528000051)",Unfall 41269 (2019) Kat:3, Licht: 0,41269,3,2,5,12,13,1,1,0,0,1,0,0,0,0
"POINT (9.210098306000077 48.805147838000039)",Unfall 41270 (2019) Kat:2, Licht: 2,41270,2,1,4,12,04,1,0,2,0,1,0,0,0,0
"POINT (9.199420534000069 48.807268423000039)",Unfall 41332 (2019) Kat:3, Licht: 2,41332,3,2,5,12,19,7,0,2,1,1,0,0,0,0
"POINT (9.225966885000048 48.803160312000045)",Unfall 172310 (2019) Kat:3, Licht: 0,172310,3,4,6,01,16,2,0,0,0,1,1,0,0,0
"POINT (9.124772801000063 48.772976001000075)",Unfall 172311 (2019) Kat:3, Licht: 2,172311,3,7,5,01,16,2,1,2,0,1,0,0,0,0
"POINT (9.151597633000051 48.728812826000080)",Unfall 172312 (2019) Kat:3, Licht: 0,172312,3,7,1,01,18,2,0,0,0,1,0,0,0,0
"POINT (9.217164727000068 48.807402999000033)",Unfall 172321 (2019) Kat:3, Licht: 2,172321,3,6,3,01,23,1,1,2,0,1,0,0,0,0
"POINT (9.149564319000035 48.753884075000030)",Unfall 172361 (2019) Kat:3, Licht: 0,172361,3,1,4,01,09,6,2,0,0,1,0,0,0,0
"POINT (9.204223802000058 48.771581222000066)",Unfall 172362 (2019) Kat:3, Licht: 0,172362,3,4,6,01,07,6,1,0,0,1,1,0,0,0
"POINT (9.271164161000058 48.766784113000028)",Unfall 172363 (2019) Kat:3, Licht: 0,172363,3,6,2,01,10,6,0,0,0,1,0,0,0,0
"POINT (9.207140186000061 48.788874121000049)",Unfall 172420 (2019) Kat:3, Licht: 2,172420,3,1,9,01,22,3,1,2,0,1,0,0,0,0
"POINT (9.216159771000037 48.803375910000057)",Unfall 172573 (2019) Kat:3, Licht: 2,172573,3,4,6,01,06,5,0,2,0,1,1,0,0,0
"POINT (9.208085051000069 48.783087621000050)",Unfall 172574 (2019) Kat:3, Licht: 0,172574,3,6,2,01,09,5,0,0,0,1,0,0,0,0
"POINT (9.203515265000021 48.774632087000043)",Unfall 172601 (2019) Kat:3, Licht: 0,172601,3,2,6,01,13,4,0,0,0,1,1,0,0,0
"POINT (9.171681846000070 48.753804758000058)",Unfall 172602 (2019) Kat:2, Licht: 0,172602,2,3,5,01,09,4,0,0,1,1,0,0,0,0
"POINT (9.192566438000029 48.787689027000056)",Unfall 172633 (2019) Kat:3, Licht: 2,172633,3,2,6,01,07,3,1,2,0,1,1,0,0,0
"POINT (9.173931237000033 48.827680414000042)",Unfall 172634 (2019) Kat:3, Licht: 0,172634,3,7,3,01,13,3,0,0,0,1,0,0,0,1
"POINT (9.152317384000071 48.713288492000061)",Unfall 172635 (2019) Kat:3, Licht: 2,172635,3,4,6,01,18,3,0,2,0,1,1,0,0,0
"POINT (9.210486976000027 48.785381434000044)",Unfall 172665 (2019) Kat:2, Licht: 0,172665,2,4,6,01,15,2,1,0,0,1,1,0,0,0
"POINT (9.175322294000068 48.834999064000044)",Unfall 172666 (2019) Kat:3, Licht: 2,172666,3,7,2,01,22,2,0,2,0,1,0,0,0,0
"POINT (9.157362940000041 48.846232621000070)",Unfall 172667 (2019) Kat:3, Licht: 2,172667,3,6,2,01,22,2,0,2,0,1,0,0,0,0
"POINT (9.249032123000063 48.767014303000053)",Unfall 172694 (2019) Kat:3, Licht: 2,172694,3,4,8,01,00,7,1,2,0,1,1,0,0,0
"POINT (9.187399891000041 48.773568077000050)",Unfall 172695 (2019) Kat:3, Licht: 0,172695,3,6,3,01,14,7,1,0,0,1,0,0,0,1
"POINT (9.189821239000025 48.792846062000081)",Unfall 172696 (2019) Kat:2, Licht: 2,172696,2,7,3,01,20,7,1,2,0,1,0,0,0,1
"POINT (9.162591555000063 48.799876650000044)",Unfall 172697 (2019) Kat:3, Licht: 2,172697,3,3,5,01,18,7,1,2,1,1,0,0,0,0
"POINT (9.172154405000072 48.829075526000054)",Unfall 172727 (2019) Kat:3, Licht: 2,172727,3,3,5,01,06,6,0,2,0,1,0,0,0,0
"POINT (9.164875819000031 48.834110251000027)",Unfall 172728 (2019) Kat:3, Licht: 0,172728,3,3,5,01,14,6,1,0,0,1,0,0,0,1
"POINT (9.160308602000043 48.780999280000060)",Unfall 172729 (2019) Kat:3, Licht: 0,172729,3,7,6,01,13,6,1,0,0,1,1,0,0,0
"POINT (9.203419717000031 48.817952474000037)",Unfall 172739 (2019) Kat:3, Licht: 1,172739,3,2,6,01,08,5,1,1,0,0,1,0,0,1
"POINT (9.113018670000031 48.815067517000045)",Unfall 172740 (2019) Kat:2, Licht: 2,172740,2,4,6,01,06,5,1,2,0,1,1,0,0,0
"POINT (9.177570853000077 48.784326368000052)",Unfall 172741 (2019) Kat:3, Licht: 2,172741,3,3,5,01,17,5,1,2,0,1,0,1,0,0
"POINT (9.194904146000056 48.771819404000041)",Unfall 172742 (2019) Kat:3, Licht: 0,172742,3,7,0,01,15,5,1,0,1,0,0,0,0,0
"POINT (9.123909027000025 48.727139110000053)",Unfall 172743 (2019) Kat:3, Licht: 0,172743,3,4,6,01,08,5,2,0,0,0,1,0,0,1
"POINT (9.223099831000070 48.820166248000078)",Unfall 172778 (2019) Kat:3, Licht: 0,172778,3,7,6,01,11,4,1,0,0,1,1,0,0,0
"POINT (9.112135297000066 48.814200272000051)",Unfall 172864 (2019) Kat:3, Licht: 0,172864,3,4,6,01,13,6,0,0,0,0,1,0,0,1
"POINT (9.104863704000024 48.737337375000038)",Unfall 172865 (2019) Kat:3, Licht: 2,172865,3,5,1,01,02,6,2,2,1,1,0,0,0,0
"POINT (9.212242011000058 48.789874847000078)",Unfall 172892 (2019) Kat:3, Licht: 0,172892,3,3,5,01,15,5,1,0,0,1,0,0,0,0
"POINT (9.147907455000052 48.833062858000062)",Unfall 172920 (2019) Kat:3, Licht: 0,172920,3,1,4,01,08,4,1,0,0,1,0,0,0,0
"POINT (9.211449118000076 48.844028326000057)",Unfall 172921 (2019) Kat:2, Licht: 2,172921,2,4,6,01,07,4,0,2,0,1,1,0,0,0
"POINT (9.163415866000037 48.836322521000056)",Unfall 172922 (2019) Kat:3, Licht: 2,172922,3,7,6,01,17,4,0,2,0,1,1,0,0,0
"POINT (9.173443631000055 48.774190245000057)",Unfall 172923 (2019) Kat:3, Licht: 2,172923,3,3,5,01,21,4,0,2,1,1,0,0,0,0
"POINT (9.265800169000045 48.786409199000047)",Unfall 172950 (2019) Kat:3, Licht: 0,172950,3,4,6,01,13,3,0,0,0,1,1,0,0,0
"POINT (9.207765447000043 48.784144442000070)",Unfall 172978 (2019) Kat:3, Licht: 2,172978,3,4,6,01,20,2,0,2,0,1,1,0,0,0
"POINT (9.164537550000034 48.800911958000029)",Unfall 172979 (2019) Kat:2, Licht: 1,172979,2,7,4,01,16,2,0,1,0,1,0,0,0,0
"POINT (9.234632472000044 48.799701582000068)",Unfall 172999 (2019) Kat:3, Licht: 2,172999,3,6,2,01,18,1,0,2,0,1,0,0,0,0
"POINT (9.197510162000071 48.789360228000078)",Unfall 173021 (2019) Kat:3, Licht: 2,173021,3,7,6,01,19,7,0,2,0,1,1,0,0,0
"POINT (9.109642059000066 48.722137245000056)",Unfall 173023 (2019) Kat:3, Licht: 1,173023,3,7,6,01,08,2,0,1,0,1,1,0,0,0
"POINT (9.190923463000047 48.778077840000037)",Unfall 173031 (2019) Kat:3, Licht: 2,173031,3,4,4,01,06,2,0,2,1,1,1,0,0,0
"POINT (9.106071447000034 48.738844709000034)",Unfall 173043 (2019) Kat:3, Licht: 0,173043,3,6,3,01,13,2,1,0,1,0,0,0,0,1
"POINT (9.156289884000046 48.779706407000049)",Unfall 173062 (2019) Kat:3, Licht: 0,173062,3,3,5,01,08,6,1,0,0,1,0,1,0,0
"POINT (9.162344592000068 48.786681401000067)",Unfall 173103 (2019) Kat:2, Licht: 0,173103,2,4,6,02,08,2,1,0,0,1,1,0,0,0
"POINT (9.195831089000023 48.832679025000061)",Unfall 173104 (2019) Kat:3, Licht: 0,173104,3,6,2,02,11,2,0,0,0,1,0,0,0,0
"POINT (9.268145832000073 48.762660505000042)",Unfall 173139 (2019) Kat:3, Licht: 0,173139,3,5,1,02,11,7,0,0,0,1,0,0,0,0
"POINT (9.131173886000056 48.812782444000050)",Unfall 173155 (2019) Kat:3, Licht: 0,173155,3,6,2,02,08,3,1,0,0,1,0,0,0,0
"POINT (9.171743948000028 48.832061774000067)",Unfall 173167 (2019) Kat:3, Licht: 1,173167,3,3,5,02,17,3,0,1,0,1,0,0,0,0
"POINT (9.190094164000072 48.797114646000068)",Unfall 173182 (2019) Kat:3, Licht: 0,173182,3,7,6,02,10,6,1,0,0,1,1,0,0,0
"POINT (9.251336045000073 48.763965094000071)",Unfall 173183 (2019) Kat:2, Licht: 2,173183,2,7,3,02,23,6,0,2,0,1,0,1,0,0
"POINT (9.183284165000032 48.782345563000035)",Unfall 173184 (2019) Kat:3, Licht: 0,173184,3,6,0,02,14,6,1,0,0,1,0,0,0,1
"POINT (9.219555538000066 48.803478200000029)",Unfall 173209 (2019) Kat:3, Licht: 1,173209,3,7,0,02,17,3,0,1,0,0,0,1,0,0
"POINT (9.213701962000073 48.789001706000079)",Unfall 173224 (2019) Kat:3, Licht: 0,173224,3,3,5,01,08,5,2,0,0,1,0,0,0,1
"POINT (9.175087650000023 48.784689995000065)",Unfall 173225 (2019) Kat:3, Licht: 0,173225,3,2,6,01,12,5,1,0,0,1,1,0,0,0
"POINT (9.201557198000046 48.837247570000045)",Unfall 173226 (2019) Kat:3, Licht: 2,173226,3,6,2,01,17,5,0,2,0,1,0,0,0,0
"POINT (9.108023430000060 48.734142387000077)",Unfall 173227 (2019) Kat:3, Licht: 0,173227,3,5,1,01,12,5,1,0,0,1,0,0,0,0
"POINT (9.177482627000074 48.829708826000058)",Unfall 173228 (2019) Kat:3, Licht: 0,173228,3,3,0,01,14,5,1,0,0,1,0,1,0,0
"POINT (9.265839459000063 48.767791895000073)",Unfall 173259 (2019) Kat:3, Licht: 2,173259,3,7,1,01,19,4,1,2,0,1,0,0,0,0
"POINT (9.136577044000035 48.774067031000072)",Unfall 173260 (2019) Kat:3, Licht: 0,173260,3,6,2,01,08,4,0,0,0,1,0,0,0,0
"POINT (9.164274019000061 48.832423942000048)",Unfall 173296 (2019) Kat:3, Licht: 0,173296,3,2,2,01,12,3,1,0,0,1,0,1,0,0
"POINT (9.211648376000028 48.788757342000054)",Unfall 173344 (2019) Kat:3, Licht: 0,173344,3,3,6,02,16,5,0,0,0,1,1,0,0,0
"POINT (9.226870996000059 48.801408251000055)",Unfall 173345 (2019) Kat:3, Licht: 0,173345,3,3,5,02,10,5,0,0,0,1,0,0,0,0
"POINT (9.232978350000053 48.820169989000078)",Unfall 173386 (2019) Kat:3, Licht: 0,173386,3,2,5,02,16,4,0,0,0,1,0,0,0,0
"POINT (9.124349949000020 48.814514306000035)",Unfall 173388 (2019) Kat:2, Licht: 2,173388,2,4,6,02,06,4,0,2,0,1,1,0,0,0
"POINT (9.091555366000023 48.720833018000064)",Unfall 173389 (2019) Kat:3, Licht: 0,173389,3,2,6,02,07,4,0,0,0,1,1,0,0,0
"POINT (9.225333403000036 48.783698835000052)",Unfall 173410 (2019) Kat:3, Licht: 0,173410,3,6,2,02,10,3,0,0,0,1,0,0,0,1
"POINT (9.176204357000074 48.829583595000031)",Unfall 173445 (2019) Kat:3, Licht: 0,173445,3,4,6,02,13,2,0,0,0,1,1,0,0,0
"POINT (9.160271520000038 48.836401218000049)",Unfall 173473 (2019) Kat:3, Licht: 2,173473,3,5,1,02,18,7,0,2,0,1,0,0,1,0
"POINT (9.164576864000026 48.832319723000069)",Unfall 173516 (2019) Kat:3, Licht: 0,173516,3,3,5,02,13,6,0,0,0,1,0,0,0,0
"POINT (9.186257149000028 48.766376239000067)",Unfall 173517 (2019) Kat:2, Licht: 2,173517,2,5,1,02,04,6,0,2,0,1,0,1,0,0
"POINT (9.216793065000047 48.805388221000044)",Unfall 173552 (2019) Kat:3, Licht: 2,173552,3,3,5,02,21,5,1,2,0,1,0,0,0,0
"POINT (9.185013740000045 48.809009770000046)",Unfall 173553 (2019) Kat:3, Licht: 0,173553,3,6,2,02,16,5,1,0,0,1,0,0,0,0
"POINT (9.147884973000032 48.774751434000052)",Unfall 173555 (2019) Kat:2, Licht: 1,173555,2,2,3,02,06,5,0,1,0,1,0,0,0,1
"POINT (9.174061376000054 48.773953308000046)",Unfall 173584 (2019) Kat:3, Licht: 0,173584,3,4,0,02,13,4,0,0,0,0,1,0,0,1
"POINT (9.232712917000072 48.758593031000032)",Unfall 173586 (2019) Kat:3, Licht: 0,173586,3,6,9,02,09,4,0,0,0,1,0,1,0,0