WKT,Name,OBJECTID,UKATEGORIE,UTYP1,UART,UMONAT,USTUNDE,UWOCHENTAG,STRZUSTAND,ULICHTVERH,ISTRAD,ISTPKW,ISTFUSS,ISTKRAD,ISTGKFZ,ISTSONSTIG
"POINT (9.182805053000038 48.782483016000072)",Unfall 173588 (2019) Kat:3, Licht: 2,173588,3,6,2,02,19,4,0,2,0,1,0,0,0,0
"POINT (9.123276610000062 48.814481571000044)",Unfall 173625 (2019) Kat:2, Licht: 0,173625,2,4,6,02,17,7,0,0,0,1,1,0,0,0
"POINT (9.170904207000035 48.782506205000061)",Unfall 173626 (2019) Kat:3, Licht: 0,173626,3,6,2,02,15,3,0,0,0,1,0,0,0,0
"POINT (9.111189193000030 48.727106792000029)",Unfall 173635 (2019) Kat:3, Licht: 0,173635,3,4,6,02,09,6,0,0,0,1,1,0,0,0
"POINT (9.207491655000069 48.812908225000058)",Unfall 173672 (2019) Kat:3, Licht: 0,173672,3,4,6,02,12,1,0,0,0,1,1,0,0,0
"POINT (9.255017756000029 48.782503497000050)",Unfall 173676 (2019) Kat:3, Licht: 0,173676,3,3,5,02,11,3,0,0,0,1,0,1,0,0
"POINT (9.181680729000050 48.782966483000052)",Unfall 173714 (2019) Kat:3, Licht: 0,173714,3,2,0,02,15,3,0,0,0,1,0,0,0,1
"POINT (9.205948113000034 48.814356383000074)",Unfall 173724 (2019) Kat:3, Licht: 1,173724,3,5,1,02,06,7,0,1,0,1,0,0,0,0
"POINT (9.184901876000026 48.773905309000043)",Unfall 173774 (2019) Kat:3, Licht: 0,173774,3,2,5,02,13,4,0,0,0,1,0,1,0,0
"POINT (9.175245390000043 48.768020987000057)",Unfall 173777 (2019) Kat:2, Licht: 0,173777,2,2,6,02,14,1,0,0,0,1,1,0,0,0
"POINT (9.172726640000064 48.823286020000069)",Unfall 173780 (2019) Kat:3, Licht: 0,173780,3,6,2,02,13,7,0,0,0,1,0,0,0,0
"POINT (9.200561602000050 48.810654531000068)",Unfall 173781 (2019) Kat:3, Licht: 0,173781,3,6,2,02,13,3,0,0,0,1,0,0,0,0
"POINT (9.176964817000055 48.810240270000065)",Unfall 173783 (2019) Kat:3, Licht: 2,173783,3,2,5,02,17,2,0,2,0,1,0,0,0,0
"POINT (9.178879143000074 48.790953016000060)",Unfall 173810 (2019) Kat:3, Licht: 0,173810,3,2,6,02,09,6,0,0,0,1,1,0,0,0
"POINT (9.169187126000054 48.825469831000078)",Unfall 173830 (2019) Kat:3, Licht: 0,173830,3,7,2,02,13,1,0,0,0,1,0,0,0,0
"POINT (9.167402583000069 48.764270063000026)",Unfall 173841 (2019) Kat:3, Licht: 2,173841,3,2,6,02,20,5,0,2,0,1,1,0,0,0
"POINT (9.266930624000054 48.764145648000067)",Unfall 173889 (2019) Kat:2, Licht: 2,173889,2,2,6,03,18,2,1,2,0,1,1,0,0,0
"POINT (9.238981835000061 48.774652641000046)",Unfall 173890 (2019) Kat:3, Licht: 0,173890,3,2,6,03,17,2,1,0,0,1,1,0,0,0
"POINT (9.193350863000035 48.809721609000064)",Unfall 173891 (2019) Kat:3, Licht: 0,173891,3,6,2,03,14,2,0,0,0,1,0,0,0,0
"POINT (9.157101228000045 48.781319244000031)",Unfall 173892 (2019) Kat:3, Licht: 0,173892,3,2,5,03,10,2,0,0,0,1,0,1,0,0
"POINT (9.123923912000066 48.727255338000077)",Unfall 173908 (2019) Kat:3, Licht: 1,173908,3,4,6,03,07,3,1,1,0,1,1,0,0,0
"POINT (9.182230456000070 48.792212594000034)",Unfall 173935 (2019) Kat:3, Licht: 0,173935,3,7,0,03,14,7,0,0,1,0,0,0,0,0
"POINT (9.225329521000049 48.835752792000051)",Unfall 173961 (2019) Kat:3, Licht: 0,173961,3,2,6,03,12,3,0,0,0,0,1,0,0,1
"POINT (9.263917762000062 48.750905874000068)",Unfall 173962 (2019) Kat:3, Licht: 2,173962,3,3,5,03,22,6,0,2,0,1,0,0,0,0
"POINT (9.243674170000077 48.776028097000051)",Unfall 173993 (2019) Kat:3, Licht: 0,173993,3,2,2,02,09,5,0,0,1,1,0,0,0,0
"POINT (9.179124105000028 48.785979712000028)",Unfall 173994 (2019) Kat:2, Licht: 0,173994,2,7,0,02,14,5,0,0,1,0,0,0,0,0
"POINT (9.160891978000052 48.755190682000034)",Unfall 174031 (2019) Kat:3, Licht: 2,174031,3,6,2,02,20,4,0,2,0,1,0,0,0,0
"POINT (9.214318316000060 48.784144768000033)",Unfall 174032 (2019) Kat:3, Licht: 2,174032,3,6,2,02,17,4,0,2,0,1,0,0,0,0
"POINT (9.166491748000055 48.815413215000035)",Unfall 174033 (2019) Kat:3, Licht: 2,174033,3,2,5,02,05,4,0,2,1,1,0,0,0,0
"POINT (9.208281059000058 48.720244839000031)",Unfall 174070 (2019) Kat:3, Licht: 2,174070,3,2,6,03,19,3,1,2,0,1,1,0,0,0
"POINT (9.190169624000021 48.799359124000034)",Unfall 174072 (2019) Kat:3, Licht: 0,174072,3,3,5,02,11,3,0,0,0,1,0,0,0,0
"POINT (9.130485367000063 48.739868979000050)",Unfall 174073 (2019) Kat:3, Licht: 1,174073,3,4,6,02,16,3,0,1,0,1,1,0,0,0
"POINT (9.173478994000050 48.774235322000038)",Unfall 174110 (2019) Kat:3, Licht: 0,174110,3,3,5,02,10,2,0,0,1,1,0,0,0,0
"POINT (9.177367110000034 48.780224841000063)",Unfall 174122 (2019) Kat:3, Licht: 2,174122,3,2,0,03,23,3,1,2,0,1,0,1,0,0
"POINT (9.226502837000055 48.805331406000050)",Unfall 174124 (2019) Kat:3, Licht: 0,174124,3,3,5,02,13,1,0,0,1,1,0,0,0,0
"POINT (9.194727944000022 48.784618658000056)",Unfall 174125 (2019) Kat:2, Licht: 0,174125,2,7,0,02,16,1,0,0,0,1,0,0,0,0
"POINT (9.207109201000037 48.803217179000058)",Unfall 174126 (2019) Kat:3, Licht: 0,174126,3,5,1,02,13,1,0,0,0,1,0,0,0,0
"POINT (9.184359204000032 48.837102373000050)",Unfall 174162 (2019) Kat:2, Licht: 0,174162,2,5,1,03,17,5,1,0,0,1,0,0,0,1
"POINT (9.163681266000026 48.810427333000064)",Unfall 174163 (2019) Kat:2, Licht: 2,174163,2,4,6,03,18,5,1,2,0,1,1,0,0,0
"POINT (9.181146939000030 48.794667503000028)",Unfall 174164 (2019) Kat:3, Licht: 0,174164,3,3,5,03,16,5,1,0,1,1,0,0,0,0
"POINT (9.170917938000059 48.779014461000031)",Unfall 174165 (2019) Kat:2, Licht: 2,174165,2,4,6,03,23,5,1,2,0,1,1,0,0,0
"POINT (9.159670485000049 48.760583779000058)",Unfall 174194 (2019) Kat:3, Licht: 1,174194,3,6,2,03,18,4,0,1,0,1,0,0,0,0
"POINT (9.191424311000048 48.832035647000055)",Unfall 174227 (2019) Kat:3, Licht: 0,174227,3,4,6,03,09,3,0,0,0,1,1,0,0,0
"POINT (9.189283657000033 48.805677905000039)",Unfall 174264 (2019) Kat:3, Licht: 0,174264,3,6,2,03,16,2,0,0,0,1,0,0,0,0
"POINT (9.254972866000060 48.782495305000054)",Unfall 174265 (2019) Kat:3, Licht: 0,174265,3,3,5,03,10,2,0,0,0,1,0,0,0,0
"POINT (9.227445346000025 48.781390938000072)",Unfall 174300 (2019) Kat:3, Licht: 0,174300,3,7,3,03,15,7,0,0,0,1,0,0,0,1
"POINT (9.161874359000024 48.780406855000081)",Unfall 174301 (2019) Kat:3, Licht: 2,174301,3,3,5,03,01,7,0,2,0,1,0,0,0,0
"POINT (9.176542179000023 48.831203007000056)",Unfall 174329 (2019) Kat:2, Licht: 0,174329,2,6,6,03,08,6,1,0,1,0,1,0,0,0
"POINT (9.220244743000023 48.801167197000041)",Unfall 174330 (2019) Kat:3, Licht: 0,174330,3,3,5,03,08,6,0,0,1,1,0,0,0,0
"POINT (9.250794616000064 48.769502317000047)",Unfall 174360 (2019) Kat:3, Licht: 2,174360,3,6,2,03,18,5,0,2,0,1,0,0,0,0
"POINT (9.139386693000063 48.777382896000063)",Unfall 174361 (2019) Kat:3, Licht: 0,174361,3,7,6,03,14,5,1,0,0,1,1,0,0,0
"POINT (9.192453130000047 48.794184702000052)",Unfall 174384 (2019) Kat:1, Licht: 2,174384,1,1,9,03,23,4,0,2,0,1,0,0,0,0
"POINT (9.200262100000032 48.820525358000054)",Unfall 174386 (2019) Kat:2, Licht: 2,174386,2,1,8,03,03,4,1,2,0,1,0,0,0,0
"POINT (9.116868893000060 48.814026102000071)",Unfall 174387 (2019) Kat:3, Licht: 0,174387,3,5,1,03,14,4,0,0,1,1,0,0,0,0
"POINT (9.128550339000071 48.779180177000057)",Unfall 174388 (2019) Kat:3, Licht: 0,174388,3,4,6,03,09,4,0,0,0,1,1,0,0,0
"POINT (9.115360448000047 48.813937181000028)",Unfall 174403 (2019) Kat:3, Licht: 0,174403,3,6,2,03,16,6,0,0,1,1,0,0,0,0
"POINT (9.159334965000028 48.763809695000077)",Unfall 174404 (2019) Kat:3, Licht: 0,174404,3,4,6,03,14,6,1,0,0,1,1,0,0,0
"POINT (9.123191547000033 48.725643964000028)",Unfall 174405 (2019) Kat:3, Licht: 0,174405,3,7,5,03,16,6,0,0,0,1,0,0,0,1
"POINT (9.156790472000068 48.773972145000073)",Unfall 174406 (2019) Kat:3, Licht: 0,174406,3,1,0,03,12,6,0,0,1,0,0,0,0,0
"POINT (9.102992103000076 48.730154099000060)",Unfall 174444 (2019) Kat:3, Licht: 0,174444,3,3,5,03,07,5,0,0,1,1,0,0,0,0
"POINT (9.173290025000028 48.770990961000052)",Unfall 174483 (2019) Kat:3, Licht: 0,174483,3,3,5,03,16,4,0,0,1,1,0,0,0,0
"POINT (9.162213865000069 48.763359261000062)",Unfall 174484 (2019) Kat:3, Licht: 0,174484,3,5,1,03,11,4,0,0,1,1,0,0,0,0
"POINT (9.219973607000043 48.787163470000053)",Unfall 174536 (2019) Kat:2, Licht: 0,174536,2,7,5,03,10,3,0,0,0,1,0,1,0,1
"POINT (9.223998774000052 48.781931627000063)",Unfall 174537 (2019) Kat:2, Licht: 0,174537,2,7,0,03,11,3,0,0,0,0,0,1,0,0
"POINT (9.185177066000051 48.818861974000072)",Unfall 174538 (2019) Kat:3, Licht: 0,174538,3,6,4,03,09,3,0,0,0,1,0,0,0,0
"POINT (9.200902844000041 48.810570765000080)",Unfall 174572 (2019) Kat:3, Licht: 0,174572,3,3,5,03,06,2,0,0,0,1,0,1,0,0
"POINT (9.173599577000061 48.818751017000068)",Unfall 174573 (2019) Kat:3, Licht: 0,174573,3,6,2,03,15,2,1,0,0,1,0,0,0,0
"POINT (9.164414779000026 48.777010128000029)",Unfall 174586 (2019) Kat:3, Licht: 0,174586,3,2,3,03,14,1,0,0,0,1,0,0,0,1
"POINT (9.172887482000022 48.822613937000028)",Unfall 174587 (2019) Kat:3, Licht: 0,174587,3,6,2,03,14,1,1,0,0,1,0,0,0,0
"POINT (9.252188989000047 48.778563125000062)",Unfall 174611 (2019) Kat:3, Licht: 2,174611,3,3,5,03,19,7,0,2,0,1,0,0,0,0
"POINT (9.148062099000072 48.811616385000036)",Unfall 174612 (2019) Kat:2, Licht: 0,174612,2,7,9,03,12,7,0,0,0,1,0,0,0,0
"POINT (9.234710324000048 48.817857583000034)",Unfall 174613 (2019) Kat:3, Licht: 0,174613,3,3,5,03,12,7,0,0,0,1,0,1,0,0
"POINT (9.097308064000060 48.719174389000045)",Unfall 174614 (2019) Kat:3, Licht: 0,174614,3,1,4,03,11,7,0,0,1,1,0,0,0,0
"POINT (9.107804912000063 48.744775191000031)",Unfall 174642 (2019) Kat:3, Licht: 1,174642,3,3,5,03,18,6,0,1,0,1,0,0,0,0
"POINT (9.194760459000065 48.772435419000033)",Unfall 174659 (2019) Kat:3, Licht: 0,174659,3,7,0,03,09,6,0,0,0,1,0,0,0,0
"POINT (9.146109526000032 48.774613345000034)",Unfall 174700 (2019) Kat:3, Licht: 1,174700,3,6,2,03,18,5,0,1,0,1,0,0,0,0
"POINT (9.177086202000055 48.748309758000062)",Unfall 174701 (2019) Kat:3, Licht: 0,174701,3,3,5,03,14,5,0,0,0,1,0,0,0,0
"POINT (9.251356945000055 48.816774799000029)",Unfall 174744 (2019) Kat:3, Licht: 0,174744,3,1,1,03,15,4,0,0,0,1,0,0,0,0
"POINT (9.249701659000039 48.777113385000064)",Unfall 174745 (2019) Kat:3, Licht: 2,174745,3,3,6,03,21,4,0,2,0,1,1,0,0,0
"POINT (9.207303590000038 48.795379515000036)",Unfall 174746 (2019) Kat:3, Licht: 0,174746,3,4,6,03,08,4,0,0,0,0,1,0,0,1
"POINT (9.183584063000069 48.782616075000078)",Unfall 174747 (2019) Kat:3, Licht: 0,174747,3,7,6,03,15,4,0,0,0,0,1,0,0,1
"POINT (9.143089673000077 48.770369295000080)",Unfall 174748 (2019) Kat:3, Licht: 0,174748,3,3,5,03,17,4,0,0,0,1,0,1,0,0
"POINT (9.164797470000053 48.776445522000074)",Unfall 174749 (2019) Kat:3, Licht: 0,174749,3,7,6,03,10,4,0,0,0,1,1,0,0,0
"POINT (9.176557220000063 48.763887116000035)",Unfall 174788 (2019) Kat:3, Licht: 0,174788,3,4,6,03,17,3,0,0,0,1,1,0,0,0
"POINT (9.150511873000028 48.811173625000038)",Unfall 174789 (2019) Kat:3, Licht: 0,174789,3,3,5,03,14,3,0,0,0,1,0,0,0,0
"POINT (9.160482803000036 48.778955746000065)",Unfall 174790 (2019) Kat:3, Licht: 0,174790,3,3,5,03,06,3,0,0,0,1,0,0,0,0
"POINT (9.178494123000064 48.795723774000066)",Unfall 174791 (2019) Kat:3, Licht: 0,174791,3,3,5,03,11,3,0,0,0,1,0,0,0,0
"POINT (9.179207585000029 48.782350146000056)",Unfall 174792 (2019) Kat:3, Licht: 2,174792,3,4,6,03,21,3,0,2,0,1,1,0,0,0
"POINT (9.245903662000046 48.770996640000078)",Unfall 174793 (2019) Kat:3, Licht: 0,174793,3,6,2,03,15,3,0,0,0,1,0,0,0,0
"POINT (9.225040878000073 48.800235065000038)",Unfall 174821 (2019) Kat:3, Licht: 0,174821,3,7,0,03,12,2,0,0,0,1,0,1,0,0
"POINT (9.161771962000046 48.783615928000074)",Unfall 174822 (2019) Kat:3, Licht: 0,174822,3,7,6,03,17,2,0,0,0,1,1,0,0,0
"POINT (9.202785997000035 48.782991446000040)",Unfall 174823 (2019) Kat:2, Licht: 0,174823,2,7,1,03,12,2,0,0,0,1,1,0,0,0
"POINT (9.210607965000065 48.785131915000079)",Unfall 174824 (2019) Kat:3, Licht: 0,174824,3,7,0,03,17,2,0,0,1,0,0,0,0,0
"POINT (9.159957470000052 48.761844715000052)",Unfall 174825 (2019) Kat:3, Licht: 0,174825,3,3,0,03,16,2,0,0,1,1,0,0,0,0
"POINT (9.176385819000075 48.773255808000044)",Unfall 174842 (2019) Kat:3, Licht: 2,174842,3,6,6,03,02,1,0,2,0,1,1,0,0,0
"POINT (9.172429753000074 48.810998430000041)",Unfall 174843 (2019) Kat:2, Licht: 0,174843,2,5,1,03,15,1,0,0,0,1,0,0,0,0
"POINT (9.158356950000041 48.732522093000057)",Unfall 174875 (2019) Kat:3, Licht: 0,174875,3,6,2,03,12,7,0,0,0,1,0,0,0,0
"POINT (9.175857762000021 48.783603283000048)",Unfall 174876 (2019) Kat:3, Licht: 0,174876,3,6,0,03,15,7,0,0,0,1,0,0,0,1
"POINT (9.270050216000072 48.761902837000036)",Unfall 174970 (2019) Kat:3, Licht: 0,174970,3,4,6,04,17,4,0,0,0,1,1,0,0,0
"POINT (9.214670058000024 48.844104686000037)",Unfall 175014 (2019) Kat:3, Licht: 0,175014,3,2,5,04,09,3,0,0,0,1,0,1,0,0
"POINT (9.171111805000066 48.791789698000059)",Unfall 175054 (2019) Kat:3, Licht: 0,175054,3,5,1,04,08,2,0,0,1,1,0,0,0,0
"POINT (9.174168762000022 48.771793425000055)",Unfall 175129 (2019) Kat:3, Licht: 2,175129,3,5,4,03,23,7,0,2,1,1,0,0,0,0
"POINT (9.183511485000054 48.782402205000039)",Unfall 175130 (2019) Kat:3, Licht: 0,175130,3,7,4,03,15,7,0,0,0,1,0,0,0,0
"POINT (9.196577736000052 48.831792059000065)",Unfall 175131 (2019) Kat:3, Licht: 0,175131,3,3,5,03,15,7,0,0,0,1,0,0,0,0
"POINT (9.190184021000050 48.828205438000055)",Unfall 175132 (2019) Kat:2, Licht: 0,175132,2,3,5,03,11,7,0,0,0,1,0,1,0,0
"POINT (9.089194723000048 48.806786662000036)",Unfall 175175 (2019) Kat:3, Licht: 0,175175,3,3,5,04,08,6,0,0,1,1,0,0,0,0
"POINT (9.151788101000022 48.734268109000027)",Unfall 175176 (2019) Kat:3, Licht: 0,175176,3,5,1,04,17,6,0,0,1,1,0,0,0,0
"POINT (9.232758645000047 48.851198629000066)",Unfall 175177 (2019) Kat:2, Licht: 0,175177,2,7,6,04,12,6,0,0,0,1,1,0,0,0
"POINT (9.163830233000056 48.828501913000082)",Unfall 175178 (2019) Kat:3, Licht: 0,175178,3,7,6,04,18,6,0,0,0,1,1,0,0,0
"POINT (9.147608186000070 48.764970298000037)",Unfall 175179 (2019) Kat:3, Licht: 0,175179,3,5,1,04,18,6,0,0,1,1,0,0,0,0
"POINT (9.177365511000062 48.747648010000034)",Unfall 175220 (2019) Kat:3, Licht: 0,175220,3,3,5,04,13,5,0,0,1,1,0,0,0,0
"POINT (9.232206736000023 48.835644540000033)",Unfall 175221 (2019) Kat:3, Licht: 0,175221,3,4,6,04,07,5,0,0,0,0,1,0,0,1
"POINT (9.155971730000033 48.775028951000081)",Unfall 175222 (2019) Kat:3, Licht: 0,175222,3,2,5,04,15,5,0,0,0,0,0,0,0,1
"POINT (9.168774253000038 48.784882044000028)",Unfall 175223 (2019) Kat:3, Licht: 0,175223,3,3,0,04,15,5,0,0,0,1,0,1,0,0
"POINT (9.192441401000053 48.779864701000065)",Unfall 175241 (2019) Kat:3, Licht: 0,175241,3,7,1,04,16,4,0,0,0,1,0,0,0,0
"POINT (9.172087410000074 48.779805037000074)",Unfall 175242 (2019) Kat:3, Licht: 0,175242,3,5,1,04,09,4,0,0,1,1,0,0,0,0
"POINT (9.181480940000029 48.833788631000061)",Unfall 175287 (2019) Kat:3, Licht: 0,175287,3,3,5,04,16,3,0,0,0,1,0,1,0,0
"POINT (9.146310547000041 48.838071141000057)",Unfall 175288 (2019) Kat:2, Licht: 0,175288,2,3,5,04,17,3,0,0,1,1,0,0,0,0
"POINT (9.123409600000059 48.814337267000042)",Unfall 175289 (2019) Kat:3, Licht: 0,175289,3,4,6,04,15,3,0,0,0,1,1,0,0,0
"POINT (9.130904272000066 48.722372711000048)",Unfall 175290 (2019) Kat:2, Licht: 0,175290,2,6,2,04,09,3,1,0,0,1,0,0,1,1
"POINT (9.161600493000037 48.780826790000049)",Unfall 175329 (2019) Kat:2, Licht: 0,175329,2,6,6,04,07,2,0,0,1,0,1,0,0,0
"POINT (9.152617997000050 48.768112220000035)",Unfall 175330 (2019) Kat:3, Licht: 0,175330,3,3,5,04,06,2,0,0,1,1,0,0,0,0
"POINT (9.197189848000051 48.824401653000052)",Unfall 175331 (2019) Kat:3, Licht: 0,175331,3,7,4,04,17,2,0,0,1,0,0,0,0,0
"POINT (9.184327007000036 48.791945264000049)",Unfall 175332 (2019) Kat:3, Licht: 0,175332,3,3,5,04,11,2,0,0,0,1,0,0,1,0
"POINT (9.154274077000025 48.756093684000064)",Unfall 175353 (2019) Kat:3, Licht: 0,175353,3,7,0,04,14,1,0,0,1,0,0,0,0,0
"POINT (9.207316121000076 48.788844007000080)",Unfall 175374 (2019) Kat:3, Licht: 0,175374,3,7,6,04,15,7,0,0,0,1,1,0,0,0
"POINT (9.167530062000026 48.834003597000049)",Unfall 175425 (2019) Kat:3, Licht: 0,175425,3,2,5,04,07,7,0,0,0,1,0,1,0,0
"POINT (9.171184323000034 48.782147814000041)",Unfall 175445 (2019) Kat:3, Licht: 0,175445,3,1,8,04,07,6,0,0,0,1,0,0,0,0
"POINT (9.130121012000075 48.722491968000043)",Unfall 175446 (2019) Kat:3, Licht: 0,175446,3,2,5,04,17,6,0,0,0,1,0,0,0,0
"POINT (9.235020762000033 48.827036608000071)",Unfall 175472 (2019) Kat:3, Licht: 0,175472,3,1,0,04,13,7,0,0,1,0,0,0,0,0
"POINT (9.207953269000029 48.784114034000027)",Unfall 175487 (2019) Kat:3, Licht: 0,175487,3,4,6,04,14,5,0,0,0,1,1,0,0,0
"POINT (9.193678770000076 48.788110501000062)",Unfall 175488 (2019) Kat:3, Licht: 0,175488,3,7,5,04,13,5,0,0,0,1,0,0,0,0
"POINT (9.220640244000038 48.799050554000075)",Unfall 175532 (2019) Kat:3, Licht: 2,175532,3,3,5,04,02,7,0,2,0,1,0,0,0,0
"POINT (9.180672196000046 48.770222356000033)",Unfall 175533 (2019) Kat:3, Licht: 0,175533,3,7,2,04,15,4,0,0,1,1,0,0,0,0
"POINT (9.115775362000022 48.725042864000045)",Unfall 175534 (2019) Kat:3, Licht: 0,175534,3,3,5,04,10,4,0,0,0,1,0,0,0,0
"POINT (9.166883269000039 48.763818887000070)",Unfall 175535 (2019) Kat:3, Licht: 0,175535,3,7,6,04,11,4,1,0,1,0,1,0,0,0
"POINT (9.181680514000050 48.782966556000076)",Unfall 175536 (2019) Kat:3, Licht: 0,175536,3,6,0,04,18,4,0,0,0,1,0,0,0,1
"POINT (9.190609382000048 48.778273438000042)",Unfall 175537 (2019) Kat:3, Licht: 0,175537,3,3,5,04,14,4,0,0,0,1,0,0,0,0
"POINT (9.228104048000034 48.845372053000062)",Unfall 175588 (2019) Kat:3, Licht: 1,175588,3,5,4,04,20,7,0,1,1,1,0,0,0,0
"POINT (9.196823452000047 48.789384239000071)",Unfall 175612 (2019) Kat:3, Licht: 0,175612,3,3,5,04,10,2,0,0,0,1,0,1,0,0
"POINT (9.181383533000030 48.833783120000078)",Unfall 175613 (2019) Kat:3, Licht: 0,175613,3,6,2,04,17,2,0,0,0,1,0,0,1,0
"POINT (9.191554518000032 48.819425534000061)",Unfall 175614 (2019) Kat:3, Licht: 0,175614,3,7,5,04,17,2,0,0,1,1,0,0,0,0
"POINT (9.213924964000057 48.781560860000070)",Unfall 175651 (2019) Kat:3, Licht: 0,175651,3,4,6,04,14,7,1,0,0,1,1,0,0,0
"POINT (9.175174765000065 48.834035298000060)",Unfall 175652 (2019) Kat:3, Licht: 0,175652,3,2,5,04,13,7,1,0,1,1,0,0,0,0
"POINT (9.211169474000030 48.821706921000043)",Unfall 175653 (2019) Kat:3, Licht: 0,175653,3,1,8,04,10,7,0,0,0,1,0,0,0,0
"POINT (9.174789269000030 48.829398907000041)",Unfall 175654 (2019) Kat:3, Licht: 2,175654,3,7,0,04,20,7,1,2,0,0,0,1,0,0
"POINT (9.166025724000065 48.811138993000043)",Unfall 175713 (2019) Kat:3, Licht: 0,175713,3,4,6,04,13,6,1,0,0,1,1,0,0,0
"POINT (9.220081867000033 48.802054475000034)",Unfall 175714 (2019) Kat:2, Licht: 2,175714,2,1,0,04,00,6,0,2,1,0,0,0,0,0
"POINT (9.184319459000051 48.791947292000032)",Unfall 175715 (2019) Kat:3, Licht: 0,175715,3,3,5,04,13,6,0,0,0,1,0,0,0,0
"POINT (9.175806815000044 48.792428125000072)",Unfall 175716 (2019) Kat:3, Licht: 0,175716,3,1,0,04,14,6,1,0,0,0,0,1,0,0
"POINT (9.183501471000056 48.782388275000073)",Unfall 175771 (2019) Kat:3, Licht: 0,175771,3,7,4,04,19,5,0,0,0,1,0,0,0,0
"POINT (9.147437899000067 48.833078640000053)",Unfall 175772 (2019) Kat:3, Licht: 0,175772,3,2,5,04,07,5,0,0,1,1,0,0,0,0
"POINT (9.165099342000076 48.714634607000050)",Unfall 175773 (2019) Kat:3, Licht: 0,175773,3,3,5,04,16,5,0,0,0,1,0,1,0,0
"POINT (9.186293116000059 48.774723328000050)",Unfall 175813 (2019) Kat:3, Licht: 0,175813,3,7,6,04,17,4,0,0,1,0,1,0,0,0
"POINT (9.227767835000066 48.792688349000059)",Unfall 175814 (2019) Kat:3, Licht: 0,175814,3,2,5,04,16,4,0,0,0,1,0,0,0,0
"POINT (9.145134125000027 48.756236937000040)",Unfall 175815 (2019) Kat:3, Licht: 0,175815,3,5,1,04,09,4,0,0,1,1,0,0,0,0
"POINT (9.116927065000027 48.814031558000067)",Unfall 175816 (2019) Kat:3, Licht: 0,175816,3,5,1,04,13,4,0,0,1,1,0,0,0,0
"POINT (9.185118288000069 48.832026846000076)",Unfall 175817 (2019) Kat:3, Licht: 0,175817,3,4,6,04,16,4,0,0,0,1,1,0,0,0
"POINT (9.155679200000066 48.782545242000026)",Unfall 175818 (2019) Kat:3, Licht: 0,175818,3,7,5,04,11,4,0,0,0,1,0,0,0,0
"POINT (9.119595659000026 48.721487108000076)",Unfall 175863 (2019) Kat:3, Licht: 0,175863,3,7,1,04,09,3,0,0,0,1,0,0,0,0
"POINT (9.248732085000029 48.779559476000031)",Unfall 175884 (2019) Kat:2, Licht: 2,175884,2,1,0,04,21,2,0,2,0,0,0,1,0,0
"POINT (9.220630239000059 48.798967691000030)",Unfall 175885 (2019) Kat:3, Licht: 0,175885,3,6,2,04,18,2,0,0,0,1,0,0,0,0
"POINT (9.196870968000042 48.783242152000071)",Unfall 175912 (2019) Kat:3, Licht: 0,175912,3,7,0,04,18,1,0,0,0,0,0,1,0,0
"POINT (9.170779800000048 48.779024464000031)",Unfall 175970 (2019) Kat:3, Licht: 0,175970,3,2,5,05,13,2,0,0,0,1,0,0,0,0
"POINT (9.173545389000026 48.818699010000046)",Unfall 175971 (2019) Kat:3, Licht: 0,175971,3,4,6,05,16,2,0,0,0,1,1,0,0,0
"POINT (9.252930572000025 48.783488954000063)",Unfall 175988 (2019) Kat:3, Licht: 0,175988,3,3,5,05,17,1,0,0,0,1,0,0,0,0
"POINT (9.184404163000068 48.833985458000029)",Unfall 176008 (2019) Kat:3, Licht: 0,176008,3,6,0,05,18,7,0,0,0,1,0,1,0,0
"POINT (9.230664668000031 48.791100169000060)",Unfall 176036 (2019) Kat:3, Licht: 0,176036,3,3,5,05,15,6,0,0,0,1,0,1,0,0
"POINT (9.210434483000029 48.808251614000028)",Unfall 176037 (2019) Kat:2, Licht: 0,176037,2,2,2,05,18,6,0,0,0,1,0,1,0,0
"POINT (9.217847756000026 48.831155146000071)",Unfall 176038 (2019) Kat:3, Licht: 0,176038,3,3,5,05,17,6,0,0,1,1,0,0,0,0
"POINT (9.241910157000064 48.820001998000066)",Unfall 176072 (2019) Kat:2, Licht: 0,176072,2,2,5,05,16,5,0,0,1,1,0,0,0,0
"POINT (9.249885998000025 48.767719123000063)",Unfall 176073 (2019) Kat:3, Licht: 0,176073,3,7,5,05,07,5,0,0,0,1,0,0,0,0
"POINT (9.170115854000073 48.809241567000072)",Unfall 176118 (2019) Kat:3, Licht: 2,176118,3,6,4,05,23,4,0,2,0,1,0,0,0,0
"POINT (9.176695324000036 48.841149521000034)",Unfall 176119 (2019) Kat:2, Licht: 0,176119,2,1,9,05,19,4,0,0,0,0,0,1,0,0
"POINT (9.092532366000057 48.738859350000041)",Unfall 176120 (2019) Kat:2, Licht: 0,176120,2,7,0,05,16,4,0,0,1,0,0,0,0,0
"POINT (9.176795272000049 48.809314510000036)",Unfall 176121 (2019) Kat:3, Licht: 0,176121,3,6,3,05,14,4,0,0,1,1,0,0,0,0
"POINT (9.186659174000056 48.778389655000069)",Unfall 176122 (2019) Kat:3, Licht: 0,176122,3,3,5,05,09,4,0,0,0,1,0,0,0,0