WKT,Name,OBJECTID,UKATEGORIE,UTYP1,UART,UMONAT,USTUNDE,UWOCHENTAG,STRZUSTAND,ULICHTVERH,ISTRAD,ISTPKW,ISTFUSS,ISTKRAD,ISTGKFZ,ISTSONSTIG
"POINT (9.177771337000024 48.833955880000076)",Unfall 176123 (2019) Kat:3, Licht: 0,176123,3,6,2,05,18,4,0,0,0,1,0,0,0,0
"POINT (9.251079129000061 48.782642955000028)",Unfall 176168 (2019) Kat:3, Licht: 0,176168,3,3,5,04,17,3,0,0,0,1,0,0,0,0
"POINT (9.215781033000042 48.806756920000055)",Unfall 176189 (2019) Kat:3, Licht: 0,176189,3,2,6,04,08,2,0,0,0,1,1,0,0,0
"POINT (9.163549126000021 48.774714038000070)",Unfall 176202 (2019) Kat:3, Licht: 0,176202,3,3,5,04,17,1,0,0,0,1,0,0,0,0
"POINT (9.149384938000026 48.754008495000051)",Unfall 176220 (2019) Kat:3, Licht: 0,176220,3,1,8,04,18,7,1,0,0,1,0,0,0,0
"POINT (9.175170456000046 48.814381775000072)",Unfall 176258 (2019) Kat:3, Licht: 0,176258,3,5,1,05,12,2,0,0,0,1,0,0,0,0
"POINT (9.252388254000039 48.778721225000027)",Unfall 176259 (2019) Kat:3, Licht: 0,176259,3,3,5,05,05,2,0,0,1,1,0,0,0,0
"POINT (9.167507510000064 48.711836193000067)",Unfall 176260 (2019) Kat:3, Licht: 0,176260,3,2,5,05,16,2,0,0,1,1,0,0,0,0
"POINT (9.168753763000041 48.789277944000048)",Unfall 176261 (2019) Kat:3, Licht: 0,176261,3,6,2,05,08,2,0,0,1,1,0,0,0,0
"POINT (9.184920292000072 48.773898414000030)",Unfall 176304 (2019) Kat:3, Licht: 0,176304,3,2,5,05,09,7,1,0,0,1,0,1,0,0
"POINT (9.203804809000076 48.710630318000028)",Unfall 176305 (2019) Kat:3, Licht: 0,176305,3,3,5,05,10,7,0,0,1,1,0,0,0,0
"POINT (9.205480603000069 48.717868544000055)",Unfall 176335 (2019) Kat:3, Licht: 0,176335,3,7,1,05,17,6,0,0,0,1,0,0,0,0
"POINT (9.176704776000065 48.809408071000064)",Unfall 176382 (2019) Kat:3, Licht: 0,176382,3,3,5,05,07,5,0,0,1,1,0,0,0,0
"POINT (9.249827125000024 48.769222623000076)",Unfall 176383 (2019) Kat:3, Licht: 0,176383,3,7,3,05,05,5,0,0,0,1,0,0,0,1
"POINT (9.178538467000067 48.795746266000037)",Unfall 176384 (2019) Kat:3, Licht: 0,176384,3,3,5,05,08,5,0,0,0,1,0,0,0,0
"POINT (9.260143927000058 48.791158639000059)",Unfall 176425 (2019) Kat:3, Licht: 0,176425,3,3,5,05,16,4,1,0,1,1,0,0,0,0
"POINT (9.217728345000069 48.832033074000037)",Unfall 176426 (2019) Kat:3, Licht: 0,176426,3,7,5,05,14,4,1,0,0,1,0,1,0,0
"POINT (9.229489560000047 48.780453033000072)",Unfall 176470 (2019) Kat:3, Licht: 0,176470,3,6,2,05,17,3,0,0,1,1,0,0,0,0
"POINT (9.164224640000043 48.783664210000040)",Unfall 176471 (2019) Kat:3, Licht: 1,176471,3,3,5,05,19,3,0,1,1,1,0,0,0,0
"POINT (9.191002122000043 48.831958229000065)",Unfall 176500 (2019) Kat:2, Licht: 0,176500,2,4,6,05,15,3,0,0,0,1,1,0,0,0
"POINT (9.220479618000070 48.806483488000026)",Unfall 176509 (2019) Kat:3, Licht: 0,176509,3,3,5,05,17,3,0,0,0,1,0,0,0,1
"POINT (9.154741520000073 48.756704397000078)",Unfall 176525 (2019) Kat:3, Licht: 0,176525,3,1,4,05,17,2,1,0,0,1,0,1,0,0
"POINT (9.220356247000041 48.785624176000056)",Unfall 176526 (2019) Kat:3, Licht: 0,176526,3,7,9,05,09,2,0,0,0,1,0,0,0,0
"POINT (9.101410286000032 48.826667546000067)",Unfall 176527 (2019) Kat:3, Licht: 0,176527,3,1,0,05,17,2,1,0,0,1,0,0,0,0
"POINT (9.166510477000031 48.774047595000070)",Unfall 176528 (2019) Kat:3, Licht: 0,176528,3,7,8,05,17,2,1,0,0,1,1,0,0,0
"POINT (9.157807895000076 48.776226547000078)",Unfall 176529 (2019) Kat:3, Licht: 0,176529,3,3,5,05,19,2,1,0,1,1,0,0,0,0
"POINT (9.175306583000065 48.767527748000077)",Unfall 176530 (2019) Kat:3, Licht: 0,176530,3,1,0,05,19,2,1,0,0,0,0,1,0,0
"POINT (9.229954871000075 48.737848604000078)",Unfall 176547 (2019) Kat:2, Licht: 0,176547,2,5,1,05,09,1,0,0,1,1,0,0,0,0
"POINT (9.186379714000054 48.790673720000029)",Unfall 176577 (2019) Kat:3, Licht: 2,176577,3,1,2,05,01,7,1,2,0,1,0,0,0,0
"POINT (9.181541832000050 48.770381130000032)",Unfall 176612 (2019) Kat:3, Licht: 0,176612,3,4,6,05,15,6,0,0,0,1,1,0,0,0
"POINT (9.175165935000052 48.767964902000074)",Unfall 176613 (2019) Kat:3, Licht: 0,176613,3,2,5,05,12,6,0,0,0,1,0,1,0,0
"POINT (9.188337002000026 48.789130623000062)",Unfall 176614 (2019) Kat:3, Licht: 0,176614,3,6,3,05,07,6,0,0,0,1,0,1,0,0
"POINT (9.176773223000055 48.763946378000071)",Unfall 176615 (2019) Kat:3, Licht: 0,176615,3,4,6,05,12,6,0,0,0,1,1,0,0,0
"POINT (9.123516665000068 48.732571134000068)",Unfall 176616 (2019) Kat:3, Licht: 0,176616,3,3,5,05,12,6,0,0,0,1,0,0,0,0
"POINT (9.192569232000039 48.834786622000081)",Unfall 176617 (2019) Kat:3, Licht: 0,176617,3,1,8,05,13,6,0,0,0,1,0,0,0,0
"POINT (9.252340474000050 48.778544064000073)",Unfall 176618 (2019) Kat:3, Licht: 0,176618,3,7,0,05,16,6,0,0,1,0,0,0,0,0
"POINT (9.267373867000060 48.753593114000068)",Unfall 176619 (2019) Kat:3, Licht: 2,176619,3,2,6,05,23,6,1,2,0,1,1,0,0,0
"POINT (9.170722325000043 48.779136980000033)",Unfall 176665 (2019) Kat:2, Licht: 0,176665,2,2,6,05,14,5,0,0,0,0,1,0,0,1
"POINT (9.212932884000054 48.812058826000055)",Unfall 176666 (2019) Kat:3, Licht: 0,176666,3,5,1,05,16,5,0,0,0,1,0,0,0,0
"POINT (9.180039396000041 48.833707065000056)",Unfall 176667 (2019) Kat:3, Licht: 1,176667,3,6,2,05,18,5,0,1,0,1,0,0,0,0
"POINT (9.109908472000029 48.731708036000043)",Unfall 176668 (2019) Kat:3, Licht: 0,176668,3,6,4,05,05,5,0,0,1,0,0,0,0,0
"POINT (9.160591927000041 48.775861796000072)",Unfall 176734 (2019) Kat:3, Licht: 0,176734,3,2,5,05,15,3,0,0,0,1,0,0,0,1
"POINT (9.216860923000070 48.805397987000049)",Unfall 176735 (2019) Kat:3, Licht: 0,176735,3,4,6,05,13,3,0,0,0,1,1,0,0,0
"POINT (9.165242642000067 48.785088605000055)",Unfall 176738 (2019) Kat:2, Licht: 0,176738,2,3,5,05,11,3,0,0,1,1,0,0,0,1
"POINT (9.153808633000040 48.714255297000079)",Unfall 176740 (2019) Kat:3, Licht: 0,176740,3,3,5,05,09,1,0,0,1,1,0,0,0,0
"POINT (9.172420538000040 48.835633079000047)",Unfall 176783 (2019) Kat:3, Licht: 0,176783,3,3,5,05,11,7,0,0,0,1,0,0,0,1
"POINT (9.225902515000030 48.811584071000027)",Unfall 176830 (2019) Kat:3, Licht: 0,176830,3,4,6,05,17,6,0,0,0,1,1,0,0,0
"POINT (9.170449918000031 48.834117753000044)",Unfall 176831 (2019) Kat:2, Licht: 2,176831,2,7,0,05,02,6,0,2,1,0,0,0,0,0
"POINT (9.164635336000060 48.812130836000051)",Unfall 176832 (2019) Kat:3, Licht: 0,176832,3,7,1,05,18,6,0,0,0,1,0,1,0,0
"POINT (9.183532149000030 48.833977165000078)",Unfall 176833 (2019) Kat:3, Licht: 0,176833,3,7,5,05,14,6,0,0,1,1,0,0,0,0
"POINT (9.155814047000035 48.777484479000066)",Unfall 176885 (2019) Kat:3, Licht: 2,176885,3,1,1,05,02,5,0,2,0,1,0,1,0,0
"POINT (9.164544442000022 48.776808304000042)",Unfall 176886 (2019) Kat:3, Licht: 0,176886,3,3,5,05,20,5,0,0,0,1,0,1,0,0
"POINT (9.119681601000025 48.724472587000037)",Unfall 176887 (2019) Kat:3, Licht: 0,176887,3,2,5,05,14,5,0,0,1,1,0,0,0,0
"POINT (9.155514741000047 48.774959122000041)",Unfall 176888 (2019) Kat:3, Licht: 0,176888,3,7,9,05,09,5,0,0,0,1,0,0,1,0
"POINT (9.207611337000060 48.785969978000026)",Unfall 176889 (2019) Kat:3, Licht: 0,176889,3,3,5,05,07,5,0,0,0,1,0,1,0,0
"POINT (9.267399810000029 48.753605720000053)",Unfall 176890 (2019) Kat:3, Licht: 0,176890,3,6,2,05,07,5,0,0,0,1,0,0,0,0
"POINT (9.167852819000075 48.834762558000079)",Unfall 176891 (2019) Kat:3, Licht: 0,176891,3,6,4,05,15,5,0,0,1,1,0,0,0,0
"POINT (9.104536965000023 48.732784930000037)",Unfall 176892 (2019) Kat:3, Licht: 0,176892,3,3,5,05,18,5,0,0,0,1,0,0,0,0
"POINT (9.235164431000044 48.846614978000048)",Unfall 176893 (2019) Kat:3, Licht: 0,176893,3,6,2,05,18,5,0,0,0,1,0,0,0,0
"POINT (9.218549268000061 48.800050768000062)",Unfall 176894 (2019) Kat:3, Licht: 0,176894,3,7,0,05,18,5,0,0,1,0,0,0,0,0
"POINT (9.162402136000026 48.744733339000049)",Unfall 176895 (2019) Kat:3, Licht: 0,176895,3,5,1,05,08,5,0,0,1,1,0,0,0,0
"POINT (9.220575427000028 48.737637746000075)",Unfall 176896 (2019) Kat:3, Licht: 0,176896,3,6,4,05,15,5,0,0,1,1,0,0,0,0
"POINT (9.159881603000031 48.779745786000035)",Unfall 176897 (2019) Kat:3, Licht: 0,176897,3,2,5,05,09,5,0,0,1,1,0,0,0,0
"POINT (9.182553916000074 48.775756109000042)",Unfall 176898 (2019) Kat:3, Licht: 2,176898,3,1,0,05,23,5,0,2,0,0,0,1,0,0
"POINT (9.111666958000058 48.814553707000073)",Unfall 176941 (2019) Kat:3, Licht: 0,176941,3,3,5,05,06,4,0,0,1,1,0,0,0,0
"POINT (9.155516968000029 48.714464798000051)",Unfall 176942 (2019) Kat:3, Licht: 0,176942,3,5,1,05,13,4,0,0,0,1,0,0,0,0
"POINT (9.085986369000068 48.812027614000044)",Unfall 176979 (2019) Kat:2, Licht: 2,176979,2,6,4,05,21,3,1,2,0,1,0,0,0,0
"POINT (9.176220909000051 48.764869163000071)",Unfall 176980 (2019) Kat:3, Licht: 2,176980,3,2,5,05,21,3,1,2,0,1,0,0,0,0
"POINT (9.107638348000023 48.813438013000052)",Unfall 176998 (2019) Kat:3, Licht: 0,176998,3,3,5,06,18,7,0,0,1,1,0,0,0,0
"POINT (9.160097060000055 48.841970353000079)",Unfall 176999 (2019) Kat:3, Licht: 0,176999,3,4,6,06,16,7,0,0,0,1,1,0,0,0
"POINT (9.182525712000029 48.782687096000075)",Unfall 177000 (2019) Kat:3, Licht: 0,177000,3,6,2,06,20,7,0,0,0,1,0,0,0,0
"POINT (9.120196138000040 48.769937731000027)",Unfall 177001 (2019) Kat:3, Licht: 0,177001,3,4,6,06,15,7,0,0,0,1,1,0,0,0
"POINT (9.178172770000060 48.781087516000071)",Unfall 177031 (2019) Kat:2, Licht: 0,177031,2,5,1,05,12,6,0,0,0,1,0,1,0,0
"POINT (9.113039386000025 48.815087625000047)",Unfall 177032 (2019) Kat:3, Licht: 0,177032,3,3,5,05,08,6,0,0,0,1,0,0,0,0
"POINT (9.213074794000022 48.805909614000029)",Unfall 177066 (2019) Kat:3, Licht: 2,177066,3,6,2,05,22,5,0,2,1,1,0,0,0,0
"POINT (9.115451477000022 48.812391467000054)",Unfall 177120 (2019) Kat:3, Licht: 0,177120,3,3,5,05,08,4,0,0,0,1,0,0,0,0
"POINT (9.141587203000029 48.773186999000075)",Unfall 177121 (2019) Kat:3, Licht: 0,177121,3,1,9,05,16,4,1,0,0,0,0,1,0,0
"POINT (9.185991513000033 48.817768595000075)",Unfall 177162 (2019) Kat:3, Licht: 0,177162,3,7,9,05,12,3,0,0,0,1,0,0,0,0
"POINT (9.190799552000044 48.838812850000068)",Unfall 177163 (2019) Kat:3, Licht: 0,177163,3,3,5,05,20,3,0,0,0,1,0,0,0,0
"POINT (9.117381565000073 48.813990058000059)",Unfall 177164 (2019) Kat:3, Licht: 0,177164,3,3,5,05,08,3,1,0,1,1,0,0,0,0
"POINT (9.222984531000066 48.810134918000074)",Unfall 177165 (2019) Kat:1, Licht: 0,177165,1,1,0,05,10,3,0,0,0,1,0,0,0,0
"POINT (9.259916333000035 48.794356434000065)",Unfall 177166 (2019) Kat:2, Licht: 0,177166,2,7,6,05,10,3,1,0,0,1,1,0,0,0
"POINT (9.153644641000028 48.787386767000044)",Unfall 177167 (2019) Kat:3, Licht: 0,177167,3,7,1,05,09,3,0,0,0,1,0,0,0,0
"POINT (9.099601330000041 48.823491563000061)",Unfall 177215 (2019) Kat:3, Licht: 0,177215,3,3,5,05,17,2,0,0,0,1,0,0,0,0
"POINT (9.131692761000068 48.722556839000049)",Unfall 177216 (2019) Kat:3, Licht: 0,177216,3,6,2,05,15,2,0,0,0,1,0,0,0,0
"POINT (9.174959898000054 48.799483238000050)",Unfall 177270 (2019) Kat:2, Licht: 0,177270,2,3,5,06,09,5,0,0,0,1,0,1,0,0
"POINT (9.241256647000057 48.790022813000064)",Unfall 177311 (2019) Kat:3, Licht: 2,177311,3,6,2,06,23,4,0,2,0,1,0,0,0,0
"POINT (9.219638435000036 48.770944975000077)",Unfall 177312 (2019) Kat:3, Licht: 0,177312,3,3,5,06,19,4,0,0,1,1,0,0,0,0
"POINT (9.099977678000073 48.740268237000066)",Unfall 177313 (2019) Kat:3, Licht: 0,177313,3,3,5,06,17,4,0,0,0,1,0,1,0,0
"POINT (9.230177564000030 48.843734911000070)",Unfall 177314 (2019) Kat:3, Licht: 0,177314,3,2,5,06,12,4,0,0,0,1,0,1,0,0
"POINT (9.185741305000022 48.830513345000043)",Unfall 177315 (2019) Kat:3, Licht: 2,177315,3,2,2,06,23,4,0,2,0,1,0,1,0,0
"POINT (9.189891119000038 48.802366898000059)",Unfall 177316 (2019) Kat:3, Licht: 0,177316,3,7,0,06,07,4,0,0,1,0,0,0,0,0
"POINT (9.245663449000062 48.771311003000051)",Unfall 177381 (2019) Kat:2, Licht: 0,177381,2,4,6,06,10,3,0,0,0,0,1,0,0,1
"POINT (9.107969882000077 48.737467485000082)",Unfall 177382 (2019) Kat:3, Licht: 0,177382,3,7,5,06,07,3,0,0,1,1,0,0,0,0
"POINT (9.130129239000041 48.730043796000075)",Unfall 177383 (2019) Kat:3, Licht: 0,177383,3,6,2,06,15,3,0,0,0,1,0,0,0,0
"POINT (9.170696030000045 48.826051778000078)",Unfall 177384 (2019) Kat:3, Licht: 2,177384,3,3,0,06,21,3,0,2,1,1,0,0,0,0
"POINT (9.210113834000026 48.785277101000077)",Unfall 177385 (2019) Kat:2, Licht: 0,177385,2,7,0,06,14,3,0,0,1,0,0,0,0,0
"POINT (9.190582788000029 48.778220450000049)",Unfall 177386 (2019) Kat:2, Licht: 0,177386,2,7,0,06,17,3,0,0,1,0,0,0,0,0
"POINT (9.175313144000029 48.775308484000050)",Unfall 177431 (2019) Kat:3, Licht: 0,177431,3,6,6,06,11,2,0,0,1,0,1,0,0,0
"POINT (9.194766430000072 48.772212761000048)",Unfall 177432 (2019) Kat:3, Licht: 0,177432,3,1,0,06,12,2,0,0,0,0,0,1,0,0
"POINT (9.219912337000039 48.802219693000040)",Unfall 177433 (2019) Kat:2, Licht: 0,177433,2,4,6,06,09,2,0,0,0,1,1,0,0,0
"POINT (9.170819263000055 48.771359708000034)",Unfall 177443 (2019) Kat:3, Licht: 0,177443,3,7,0,06,18,1,0,0,0,1,0,1,0,0
"POINT (9.175401504000035 48.836340345000053)",Unfall 177464 (2019) Kat:2, Licht: 0,177464,2,7,5,06,19,1,0,0,1,0,1,0,0,0
"POINT (9.088279180000029 48.730343382000058)",Unfall 177465 (2019) Kat:3, Licht: 0,177465,3,7,7,06,10,1,0,0,1,0,0,0,0,0
"POINT (9.170565430000067 48.795690330000070)",Unfall 177506 (2019) Kat:3, Licht: 0,177506,3,7,6,06,19,4,0,0,0,1,1,0,0,0
"POINT (9.171302071000071 48.816527099000041)",Unfall 177507 (2019) Kat:3, Licht: 0,177507,3,3,5,06,15,4,0,0,0,1,0,1,0,0
"POINT (9.230743537000024 48.779806048000069)",Unfall 177552 (2019) Kat:2, Licht: 0,177552,2,2,5,06,14,3,0,0,0,1,0,0,0,1
"POINT (9.238317132000077 48.799439573000029)",Unfall 177553 (2019) Kat:3, Licht: 0,177553,3,1,0,06,07,3,1,0,1,0,0,0,0,0
"POINT (9.102702365000027 48.746593320000045)",Unfall 177564 (2019) Kat:3, Licht: 0,177564,3,6,3,06,16,2,1,0,1,1,0,0,0,0
"POINT (9.238355074000026 48.803789756000072)",Unfall 177565 (2019) Kat:2, Licht: 0,177565,2,5,1,06,10,2,1,0,0,1,0,1,0,0
"POINT (9.212681942000074 48.823417117000076)",Unfall 177588 (2019) Kat:2, Licht: 2,177588,2,1,1,06,22,1,1,2,0,1,0,0,0,0
"POINT (9.243521905000023 48.776035894000074)",Unfall 177589 (2019) Kat:3, Licht: 0,177589,3,1,9,06,17,1,0,0,0,1,0,0,0,0
"POINT (9.179450497000062 48.782532882000055)",Unfall 177590 (2019) Kat:3, Licht: 2,177590,3,6,0,06,01,1,0,2,1,1,0,0,0,0
"POINT (9.175286184000072 48.833954184000049)",Unfall 177632 (2019) Kat:3, Licht: 0,177632,3,7,2,06,14,7,0,0,0,1,0,0,0,0
"POINT (9.151974697000071 48.759074909000049)",Unfall 177633 (2019) Kat:3, Licht: 0,177633,3,3,5,06,05,7,0,0,0,1,0,1,0,0
"POINT (9.106696949000025 48.738430228000027)",Unfall 177634 (2019) Kat:3, Licht: 0,177634,3,3,5,06,09,7,0,0,0,1,0,0,0,0
"POINT (9.192933751000055 48.787521663000064)",Unfall 177635 (2019) Kat:2, Licht: 0,177635,2,1,0,06,13,7,0,0,1,0,0,0,0,0
"POINT (9.217675698000051 48.787014786000043)",Unfall 177701 (2019) Kat:3, Licht: 0,177701,3,4,6,06,15,6,0,0,0,0,1,0,0,1
"POINT (9.219601636000050 48.821420905000082)",Unfall 177702 (2019) Kat:3, Licht: 0,177702,3,3,5,06,07,6,0,0,0,1,0,0,0,0
"POINT (9.220623829000033 48.782733456000074)",Unfall 177703 (2019) Kat:2, Licht: 0,177703,2,7,4,06,09,6,0,0,1,1,0,0,0,0
"POINT (9.212159097000040 48.744737836000070)",Unfall 177704 (2019) Kat:3, Licht: 0,177704,3,4,6,06,09,6,0,0,0,1,1,0,0,0
"POINT (9.241666907000024 48.794869978000065)",Unfall 177756 (2019) Kat:3, Licht: 0,177756,3,7,0,06,19,5,0,0,1,0,0,0,0,0
"POINT (9.146107973000028 48.756399053000052)",Unfall 177757 (2019) Kat:2, Licht: 0,177757,2,4,6,06,08,5,0,0,1,0,1,0,0,0
"POINT (9.149680196000077 48.757566874000076)",Unfall 177758 (2019) Kat:3, Licht: 0,177758,3,3,5,06,20,5,1,0,1,1,0,0,0,0
"POINT (9.190266143000031 48.831862419000061)",Unfall 177759 (2019) Kat:3, Licht: 0,177759,3,3,0,06,11,5,0,0,0,1,0,0,0,1
"POINT (9.175075492000076 48.820328644000028)",Unfall 177760 (2019) Kat:3, Licht: 1,177760,3,6,3,06,05,5,0,1,0,1,0,0,0,0
"POINT (9.191384801000027 48.779837312000041)",Unfall 177761 (2019) Kat:3, Licht: 0,177761,3,1,4,06,18,5,1,0,0,1,0,0,0,0
"POINT (9.156777447000025 48.777680429000043)",Unfall 177762 (2019) Kat:2, Licht: 0,177762,2,3,5,06,17,5,0,0,1,1,0,0,0,0
"POINT (9.123522504000050 48.725945463000073)",Unfall 177763 (2019) Kat:3, Licht: 0,177763,3,6,2,06,13,5,0,0,0,1,0,1,0,0
"POINT (9.164026454000066 48.770861137000054)",Unfall 177779 (2019) Kat:3, Licht: 0,177779,3,2,6,06,14,3,0,0,0,1,1,0,0,0
"POINT (9.161079591000032 48.783398449000060)",Unfall 177780 (2019) Kat:3, Licht: 0,177780,3,2,5,06,08,3,0,0,1,1,0,0,0,0
"POINT (9.256745472000034 48.783512724000047)",Unfall 177781 (2019) Kat:3, Licht: 0,177781,3,7,0,06,05,3,0,0,0,0,0,1,0,0
"POINT (9.210154957000043 48.808710713000039)",Unfall 177825 (2019) Kat:2, Licht: 0,177825,2,4,6,06,17,2,0,0,0,1,1,0,0,0
"POINT (9.223425127000041 48.800549664000073)",Unfall 177826 (2019) Kat:2, Licht: 2,177826,2,6,2,06,22,2,0,2,1,0,0,0,0,0
"POINT (9.220414457000061 48.800253847000079)",Unfall 177853 (2019) Kat:3, Licht: 0,177853,3,2,5,06,16,1,0,0,0,1,0,0,0,0
"POINT (9.167655755000055 48.763971505000029)",Unfall 177854 (2019) Kat:3, Licht: 2,177854,3,4,6,06,01,1,1,2,0,1,1,0,0,0
"POINT (9.249212739000029 48.787401636000027)",Unfall 177855 (2019) Kat:2, Licht: 0,177855,2,4,6,06,19,1,0,0,0,1,1,0,0,0
"POINT (9.164287591000061 48.773662500000057)",Unfall 177856 (2019) Kat:3, Licht: 0,177856,3,7,0,06,10,1,0,0,1,0,0,0,0,0
"POINT (9.159543401000065 48.762504451000041)",Unfall 177894 (2019) Kat:3, Licht: 0,177894,3,1,8,06,17,7,0,0,0,0,0,1,0,0
"POINT (9.251353207000022 48.763944474000027)",Unfall 177895 (2019) Kat:3, Licht: 0,177895,3,7,6,06,15,7,0,0,1,0,1,0,0,0
"POINT (9.181385915000021 48.835793619000071)",Unfall 177896 (2019) Kat:3, Licht: 0,177896,3,2,0,06,12,7,0,0,0,1,0,0,0,0
"POINT (9.178196817000071 48.771774903000050)",Unfall 177897 (2019) Kat:3, Licht: 0,177897,3,7,0,06,18,7,0,0,1,0,0,0,0,0
"POINT (9.165924480000058 48.771441167000035)",Unfall 177940 (2019) Kat:3, Licht: 0,177940,3,3,5,06,09,6,0,0,1,1,0,0,0,0
"POINT (9.169463433000033 48.770197485000040)",Unfall 177941 (2019) Kat:3, Licht: 0,177941,3,2,0,06,17,6,0,0,0,1,0,1,0,0
"POINT (9.207296275000033 48.708227513000054)",Unfall 177942 (2019) Kat:3, Licht: 0,177942,3,7,0,06,14,6,0,0,0,0,0,1,0,0
"POINT (9.194889562000071 48.779375399000060)",Unfall 177994 (2019) Kat:3, Licht: 0,177994,3,7,1,06,13,5,0,0,0,1,0,0,0,0
"POINT (9.124518698000031 48.777223102000050)",Unfall 177995 (2019) Kat:3, Licht: 0,177995,3,3,5,06,11,5,0,0,0,1,0,0,0,0
"POINT (9.157833406000066 48.792460952000056)",Unfall 177996 (2019) Kat:3, Licht: 0,177996,3,3,5,06,18,5,0,0,1,1,0,0,0,0
"POINT (9.170634034000045 48.767721081000047)",Unfall 178045 (2019) Kat:2, Licht: 0,178045,2,7,0,06,16,2,0,0,1,1,0,0,0,0
"POINT (9.149261023000065 48.810848375000035)",Unfall 178046 (2019) Kat:3, Licht: 0,178046,3,2,5,06,16,2,0,0,0,1,0,1,0,0
"POINT (9.193373635000057 48.835383003000061)",Unfall 178047 (2019) Kat:2, Licht: 0,178047,2,6,0,06,18,2,0,0,0,1,0,1,0,0
"POINT (9.112335684000072 48.737228788000039)",Unfall 178048 (2019) Kat:3, Licht: 0,178048,3,4,6,06,07,2,0,0,0,1,1,0,0,0
"POINT (9.231863107000038 48.798848023000062)",Unfall 178091 (2019) Kat:3, Licht: 0,178091,3,3,0,06,10,1,0,0,0,1,0,0,0,0
"POINT (9.163165367000033 48.798608601000069)",Unfall 178092 (2019) Kat:3, Licht: 0,178092,3,6,2,06,19,1,0,0,1,1,0,0,0,0
"POINT (9.273749506000058 48.757790779000061)",Unfall 178127 (2019) Kat:3, Licht: 0,178127,3,2,5,06,10,7,0,0,1,0,0,1,0,0
"POINT (9.176353865000067 48.764481709000052)",Unfall 178128 (2019) Kat:2, Licht: 0,178128,2,1,8,06,20,7,1,0,0,1,0,0,0,0
"POINT (9.158659056000033 48.783643050000080)",Unfall 178158 (2019) Kat:3, Licht: 0,178158,3,6,2,06,17,6,0,0,0,1,0,0,0,0
"POINT (9.179643304000024 48.843709752000052)",Unfall 178237 (2019) Kat:3, Licht: 1,178237,3,7,2,06,20,4,0,1,0,1,0,0,0,1
"POINT (9.164294904000030 48.848235675000069)",Unfall 178238 (2019) Kat:2, Licht: 0,178238,2,3,5,06,17,4,0,0,0,1,0,1,0,0
"POINT (9.110652877000064 48.812650124000072)",Unfall 178239 (2019) Kat:3, Licht: 0,178239,3,3,5,06,08,4,0,0,0,1,0,0,0,0
"POINT (9.219912849000025 48.756204939000042)",Unfall 178240 (2019) Kat:3, Licht: 0,178240,3,7,3,06,15,4,0,0,1,1,0,0,0,0
"POINT (9.212010130000067 48.809243046000063)",Unfall 178320 (2019) Kat:3, Licht: 0,178320,3,3,5,06,16,6,0,0,1,1,0,0,0,0
"POINT (9.108917490000067 48.735838985000044)",Unfall 178321 (2019) Kat:3, Licht: 0,178321,3,3,5,06,17,6,0,0,1,1,0,0,0,0
"POINT (9.157262917000026 48.839307409000071)",Unfall 178322 (2019) Kat:2, Licht: 0,178322,2,2,5,06,06,6,0,0,1,1,0,0,0,0
"POINT (9.214375422000046 48.805771501000038)",Unfall 178323 (2019) Kat:3, Licht: 0,178323,3,7,2,06,14,6,0,0,0,1,0,0,0,0
"POINT (9.101905556000077 48.740390823000041)",Unfall 178324 (2019) Kat:3, Licht: 0,178324,3,3,4,06,16,6,0,0,1,1,0,0,0,0
"POINT (9.153338689000066 48.741804541000079)",Unfall 178325 (2019) Kat:3, Licht: 0,178325,3,6,3,06,15,6,0,0,1,1,0,0,0,0
"POINT (9.181428418000053 48.781884096000056)",Unfall 178326 (2019) Kat:3, Licht: 0,178326,3,7,6,06,14,6,0,0,1,0,1,0,0,0
"POINT (9.127384514000028 48.783632440000076)",Unfall 178327 (2019) Kat:3, Licht: 0,178327,3,3,5,06,11,6,0,0,1,0,0,0,0,1
"POINT (9.131624648000070 48.722270603000027)",Unfall 178387 (2019) Kat:3, Licht: 0,178387,3,6,0,06,13,5,0,0,0,1,0,1,0,0
"POINT (9.143126169000027 48.770362104000071)",Unfall 178388 (2019) Kat:3, Licht: 0,178388,3,3,5,06,12,5,0,0,0,1,0,0,0,0
"POINT (9.173340888000041 48.748957304000044)",Unfall 178447 (2019) Kat:3, Licht: 0,178447,3,3,5,06,15,4,0,0,0,1,0,0,0,0
"POINT (9.158814939000024 48.816674720000037)",Unfall 178448 (2019) Kat:3, Licht: 0,178448,3,6,2,06,08,4,0,0,1,1,0,0,0,0
"POINT (9.191362632000050 48.782045643000060)",Unfall 178449 (2019) Kat:3, Licht: 0,178449,3,7,6,06,12,4,0,0,0,1,1,0,0,0
"POINT (9.247472033000065 48.778785876000029)",Unfall 178450 (2019) Kat:3, Licht: 0,178450,3,7,6,06,14,4,0,0,0,1,1,0,0,0
"POINT (9.171882685000071 48.773851390000061)",Unfall 178451 (2019) Kat:2, Licht: 0,178451,2,7,1,06,17,4,0,0,0,1,0,0,0,1