WKT,Name,OBJECTID,UKATEGORIE,UTYP1,UART,UMONAT,USTUNDE,UWOCHENTAG,STRZUSTAND,ULICHTVERH,ISTRAD,ISTPKW,ISTFUSS,ISTKRAD,ISTGKFZ,ISTSONSTIG
"POINT (9.129895627000053 48.729325540000048)",Unfall 178502 (2019) Kat:3, Licht: 0,178502,3,2,5,06,14,3,0,0,0,1,0,0,0,1
"POINT (9.220375095000065 48.800505680000072)",Unfall 178503 (2019) Kat:3, Licht: 0,178503,3,6,2,06,17,3,0,0,0,1,0,0,0,1
"POINT (9.260891938000043 48.773410354000077)",Unfall 178504 (2019) Kat:3, Licht: 0,178504,3,5,1,06,06,3,0,0,1,1,0,0,0,0
"POINT (9.217164727000068 48.807402999000033)",Unfall 178505 (2019) Kat:3, Licht: 0,178505,3,4,6,06,09,3,0,0,0,1,1,0,0,0
"POINT (9.208921796000027 48.779616640000029)",Unfall 178506 (2019) Kat:3, Licht: 0,178506,3,3,5,06,06,3,0,0,0,1,0,0,0,1
"POINT (9.220304585000065 48.801430085000050)",Unfall 178507 (2019) Kat:3, Licht: 0,178507,3,6,2,06,20,3,0,0,1,1,0,0,0,0
"POINT (9.197442042000034 48.790493250000054)",Unfall 178560 (2019) Kat:3, Licht: 0,178560,3,6,2,07,09,4,0,0,0,1,0,0,0,0
"POINT (9.228226833000065 48.755981960000042)",Unfall 178561 (2019) Kat:3, Licht: 0,178561,3,5,1,07,12,4,0,0,0,1,0,0,0,0
"POINT (9.175456979000046 48.794692978000057)",Unfall 178562 (2019) Kat:3, Licht: 0,178562,3,6,2,07,16,4,0,0,0,1,0,0,0,0
"POINT (9.223562710000067 48.805990543000064)",Unfall 178566 (2019) Kat:2, Licht: 0,178566,2,3,5,07,11,4,0,0,1,1,0,0,0,0
"POINT (9.159157676000064 48.762957043000029)",Unfall 178627 (2019) Kat:3, Licht: 0,178627,3,3,5,07,20,3,0,0,0,0,0,1,0,0
"POINT (9.167261922000023 48.830832946000044)",Unfall 178628 (2019) Kat:3, Licht: 0,178628,3,6,4,07,09,3,0,0,0,1,0,0,0,0
"POINT (9.168061657000067 48.812081440000043)",Unfall 178629 (2019) Kat:3, Licht: 0,178629,3,5,1,07,12,3,0,0,0,1,0,1,0,0
"POINT (9.236967006000043 48.802105929000049)",Unfall 178630 (2019) Kat:3, Licht: 0,178630,3,3,5,07,16,3,0,0,0,1,0,0,0,0
"POINT (9.155958644000066 48.733550934000050)",Unfall 178631 (2019) Kat:3, Licht: 0,178631,3,1,1,07,09,3,0,0,0,1,0,0,0,1
"POINT (9.161180853000076 48.766163191000032)",Unfall 178632 (2019) Kat:3, Licht: 0,178632,3,6,2,07,10,3,0,0,0,1,0,0,0,0
"POINT (9.146255397000061 48.757063748000064)",Unfall 178684 (2019) Kat:2, Licht: 0,178684,2,3,5,07,14,2,0,0,0,1,0,0,0,1
"POINT (9.103777829000023 48.725569973000063)",Unfall 178685 (2019) Kat:2, Licht: 2,178685,2,7,1,07,00,2,0,2,0,1,0,0,0,1
"POINT (9.189224226000022 48.807326640000042)",Unfall 178686 (2019) Kat:2, Licht: 0,178686,2,7,0,07,07,2,0,0,0,0,0,1,0,0
"POINT (9.250431197000069 48.780792742000074)",Unfall 178687 (2019) Kat:3, Licht: 0,178687,3,1,9,07,18,2,0,0,0,0,0,1,0,0
"POINT (9.144719752000071 48.720833535000054)",Unfall 178688 (2019) Kat:3, Licht: 0,178688,3,2,2,07,18,2,0,0,0,1,0,0,0,0
"POINT (9.152519303000076 48.808555677000072)",Unfall 178714 (2019) Kat:3, Licht: 0,178714,3,3,5,06,13,1,0,0,0,1,0,1,0,0
"POINT (9.208235838000064 48.797194453000031)",Unfall 178715 (2019) Kat:3, Licht: 0,178715,3,2,0,06,17,1,0,0,1,1,0,0,0,0
"POINT (9.166117989000043 48.796663517000070)",Unfall 178716 (2019) Kat:3, Licht: 2,178716,3,6,3,06,01,1,0,2,1,1,0,0,0,0
"POINT (9.196514169000068 48.789416596000081)",Unfall 178764 (2019) Kat:3, Licht: 0,178764,3,6,2,06,18,7,0,0,0,1,0,0,0,0
"POINT (9.178567189000034 48.795522377000054)",Unfall 178765 (2019) Kat:2, Licht: 0,178765,2,2,5,06,19,7,0,0,1,0,0,0,0,0
"POINT (9.170755289000056 48.826005572000042)",Unfall 178882 (2019) Kat:3, Licht: 0,178882,3,2,5,07,14,7,0,0,0,1,0,0,0,0
"POINT (9.253121838000027 48.761295650000079)",Unfall 178951 (2019) Kat:3, Licht: 0,178951,3,3,5,07,08,6,0,0,1,1,0,0,0,0
"POINT (9.180173709000030 48.781923202000030)",Unfall 178952 (2019) Kat:2, Licht: 0,178952,2,7,0,07,09,6,0,0,1,0,0,0,1,0
"POINT (9.091608090000023 48.729933415000062)",Unfall 178953 (2019) Kat:2, Licht: 0,178953,2,2,5,07,18,6,0,0,1,1,0,0,0,0
"POINT (9.168827849000024 48.816252638000037)",Unfall 178954 (2019) Kat:3, Licht: 0,178954,3,7,5,07,15,6,0,0,0,1,0,0,0,0
"POINT (9.202773988000047 48.837835973000040)",Unfall 179015 (2019) Kat:2, Licht: 0,179015,2,6,4,07,16,5,0,0,0,1,0,1,0,0
"POINT (9.201999329000046 48.785452473000078)",Unfall 179016 (2019) Kat:2, Licht: 0,179016,2,2,5,07,19,5,0,0,1,0,0,0,0,1
"POINT (9.151285771000062 48.758222669000077)",Unfall 179017 (2019) Kat:2, Licht: 0,179017,2,2,5,07,12,5,0,0,1,1,0,0,0,0
"POINT (9.153845597000043 48.714029834000030)",Unfall 179018 (2019) Kat:2, Licht: 0,179018,2,4,6,07,17,5,0,0,0,1,1,0,0,0
"POINT (9.170834071000058 48.777149351000048)",Unfall 179019 (2019) Kat:3, Licht: 0,179019,3,7,0,07,10,5,0,0,1,0,0,0,0,0
"POINT (9.209057317000031 48.812968719000025)",Unfall 179066 (2019) Kat:3, Licht: 0,179066,3,6,2,07,18,6,1,0,0,1,0,0,0,0
"POINT (9.223585070000070 48.813379769000051)",Unfall 179067 (2019) Kat:3, Licht: 0,179067,3,6,2,07,16,6,1,0,0,1,0,0,0,1
"POINT (9.132509000000027 48.719406234000076)",Unfall 179109 (2019) Kat:3, Licht: 0,179109,3,6,2,07,12,5,1,0,0,1,0,0,0,0
"POINT (9.115480956000056 48.731251602000043)",Unfall 179179 (2019) Kat:3, Licht: 0,179179,3,3,5,07,07,4,0,0,1,1,0,0,0,0
"POINT (9.155483912000022 48.811585258000036)",Unfall 179180 (2019) Kat:3, Licht: 0,179180,3,5,1,07,07,4,0,0,1,1,0,0,0,0
"POINT (9.208546451000075 48.788933421000081)",Unfall 179181 (2019) Kat:3, Licht: 2,179181,3,2,0,07,23,4,0,2,0,1,0,1,0,0
"POINT (9.087870292000048 48.731332786000053)",Unfall 179238 (2019) Kat:3, Licht: 0,179238,3,7,0,07,09,3,1,0,0,1,0,1,0,0
"POINT (9.174818705000064 48.773422152000080)",Unfall 179239 (2019) Kat:3, Licht: 0,179239,3,2,5,07,07,3,0,0,1,1,0,0,0,0
"POINT (9.171642875000032 48.774179951000065)",Unfall 179240 (2019) Kat:2, Licht: 0,179240,2,7,6,07,17,3,0,0,0,0,1,0,1,0
"POINT (9.154834051000023 48.756762347000063)",Unfall 179241 (2019) Kat:1, Licht: 0,179241,1,6,2,07,19,3,0,0,0,1,0,1,0,0
"POINT (9.179157624000027 48.812138305000076)",Unfall 179242 (2019) Kat:3, Licht: 0,179242,3,6,2,07,13,3,0,0,0,1,0,0,0,1
"POINT (9.190041397000073 48.796325158000059)",Unfall 179243 (2019) Kat:3, Licht: 0,179243,3,7,3,07,16,3,0,0,0,1,0,0,0,1
"POINT (9.166219719000026 48.811197762000063)",Unfall 179244 (2019) Kat:3, Licht: 0,179244,3,7,2,07,14,3,0,0,0,1,0,0,0,0
"POINT (9.167272927000056 48.763374076000048)",Unfall 179245 (2019) Kat:3, Licht: 0,179245,3,2,5,07,14,3,0,0,0,1,0,1,0,0
"POINT (9.165162046000035 48.778844331000073)",Unfall 179246 (2019) Kat:3, Licht: 0,179246,3,5,1,07,07,3,0,0,0,1,0,0,0,1
"POINT (9.184068781000065 48.772987896000075)",Unfall 179247 (2019) Kat:3, Licht: 0,179247,3,1,0,07,10,3,0,0,1,0,0,0,0,0
"POINT (9.216967344000068 48.803758209000080)",Unfall 179302 (2019) Kat:3, Licht: 0,179302,3,2,5,07,12,2,0,0,0,1,0,0,0,1
"POINT (9.210712521000062 48.705313340000032)",Unfall 179303 (2019) Kat:2, Licht: 0,179303,2,4,6,07,08,2,0,0,1,0,1,0,0,0
"POINT (9.201996182000073 48.785452210000074)",Unfall 179304 (2019) Kat:3, Licht: 0,179304,3,2,5,07,08,2,0,0,1,1,0,0,0,0
"POINT (9.105870284000048 48.725315068000043)",Unfall 179305 (2019) Kat:3, Licht: 0,179305,3,2,5,07,18,2,0,0,1,1,0,0,0,0
"POINT (9.267341207000072 48.763686500000063)",Unfall 179306 (2019) Kat:3, Licht: 0,179306,3,7,1,07,15,2,0,0,0,1,0,0,0,0
"POINT (9.087371997000048 48.810267870000075)",Unfall 179307 (2019) Kat:3, Licht: 0,179307,3,7,8,07,12,2,0,0,0,1,0,0,0,0
"POINT (9.177059805000056 48.762092953000035)",Unfall 179358 (2019) Kat:3, Licht: 0,179358,3,2,5,07,19,4,0,0,0,1,0,1,0,0
"POINT (9.249859718000039 48.783750959000031)",Unfall 179359 (2019) Kat:3, Licht: 1,179359,3,3,5,07,05,4,0,1,0,1,0,1,0,0
"POINT (9.091839395000022 48.791095447000032)",Unfall 179360 (2019) Kat:3, Licht: 0,179360,3,6,4,07,14,4,0,0,0,1,0,0,0,0
"POINT (9.130318195000029 48.814353961000052)",Unfall 179361 (2019) Kat:3, Licht: 0,179361,3,5,1,07,18,4,0,0,1,1,0,0,0,0
"POINT (9.184020671000042 48.833961387000045)",Unfall 179362 (2019) Kat:3, Licht: 0,179362,3,5,1,07,08,4,0,0,0,1,0,0,0,0
"POINT (9.203584604000071 48.813638170000047)",Unfall 179363 (2019) Kat:2, Licht: 0,179363,2,5,1,07,07,4,0,0,0,1,0,1,0,0
"POINT (9.155366008000044 48.761603605000062)",Unfall 179364 (2019) Kat:3, Licht: 0,179364,3,2,5,07,19,4,0,0,1,1,0,0,0,0
"POINT (9.168268003000037 48.765613454000061)",Unfall 179365 (2019) Kat:3, Licht: 0,179365,3,3,5,07,09,4,0,0,0,1,0,1,0,0
"POINT (9.205468978000056 48.786102045000064)",Unfall 179425 (2019) Kat:3, Licht: 2,179425,3,7,0,07,21,3,0,2,1,0,0,0,0,0
"POINT (9.220204507000062 48.801162764000026)",Unfall 179426 (2019) Kat:3, Licht: 0,179426,3,3,5,07,12,3,0,0,1,1,0,0,0,0
"POINT (9.166100533000076 48.781764295000073)",Unfall 179427 (2019) Kat:3, Licht: 0,179427,3,3,5,07,15,3,0,0,1,1,0,0,0,0
"POINT (9.114754644000072 48.813890915000059)",Unfall 179428 (2019) Kat:3, Licht: 0,179428,3,5,1,07,09,3,0,0,0,1,0,1,0,0
"POINT (9.169219585000064 48.827871903000073)",Unfall 179429 (2019) Kat:2, Licht: 0,179429,2,3,5,07,07,3,0,0,0,1,0,1,0,0
"POINT (9.195385571000031 48.832738753000058)",Unfall 179430 (2019) Kat:3, Licht: 0,179430,3,2,6,07,16,3,0,0,0,1,1,0,0,0
"POINT (9.210067143000060 48.785290584000052)",Unfall 179431 (2019) Kat:3, Licht: 0,179431,3,1,8,07,14,3,0,0,1,0,0,0,0,0
"POINT (9.156632011000056 48.791461839000078)",Unfall 179432 (2019) Kat:3, Licht: 0,179432,3,3,5,07,08,3,0,0,0,1,0,1,0,0
"POINT (9.093103041000063 48.738630629000056)",Unfall 179474 (2019) Kat:3, Licht: 0,179474,3,3,5,07,15,2,0,0,0,1,0,1,0,0
"POINT (9.131356077000021 48.721118306000051)",Unfall 179475 (2019) Kat:3, Licht: 0,179475,3,2,3,07,12,2,0,0,0,0,0,0,1,1
"POINT (9.217245836000075 48.847950917000048)",Unfall 179476 (2019) Kat:3, Licht: 0,179476,3,6,3,07,15,2,0,0,1,1,0,0,0,0
"POINT (9.164901126000075 48.810798305000048)",Unfall 179502 (2019) Kat:2, Licht: 0,179502,2,2,5,07,11,1,0,0,1,1,0,0,0,0
"POINT (9.203343967000023 48.818190853000033)",Unfall 179503 (2019) Kat:3, Licht: 0,179503,3,6,2,07,13,1,0,0,0,1,0,0,0,0
"POINT (9.146873578000054 48.715897520000055)",Unfall 179528 (2019) Kat:3, Licht: 0,179528,3,3,5,07,17,7,0,0,1,1,0,0,0,0
"POINT (9.241936149000026 48.808460541000045)",Unfall 179529 (2019) Kat:3, Licht: 0,179529,3,4,6,07,17,7,0,0,0,0,1,1,0,0
"POINT (9.267748035000068 48.763184743000068)",Unfall 179530 (2019) Kat:3, Licht: 0,179530,3,5,1,07,15,7,0,0,1,1,0,0,0,0
"POINT (9.173012218000054 48.825050213000054)",Unfall 179570 (2019) Kat:3, Licht: 0,179570,3,7,0,07,06,6,1,0,0,0,0,1,0,0
"POINT (9.122300784000061 48.723985501000072)",Unfall 179581 (2019) Kat:3, Licht: 0,179581,3,2,0,07,07,3,0,0,1,1,0,0,0,0
"POINT (9.253237184000057 48.808137566000028)",Unfall 179582 (2019) Kat:3, Licht: 0,179582,3,2,6,07,14,3,0,0,0,0,1,0,1,0
"POINT (9.156748405000030 48.772433601000046)",Unfall 179583 (2019) Kat:3, Licht: 0,179583,3,7,3,07,08,3,0,0,0,0,1,0,0,1
"POINT (9.265342886000042 48.754950667000060)",Unfall 179584 (2019) Kat:3, Licht: 0,179584,3,2,5,07,07,3,0,0,0,0,0,1,1,0
"POINT (9.111773734000053 48.816146917000026)",Unfall 179585 (2019) Kat:3, Licht: 0,179585,3,2,0,07,18,3,0,0,1,1,0,0,0,0
"POINT (9.252363948000038 48.778728605000026)",Unfall 179586 (2019) Kat:3, Licht: 0,179586,3,3,5,07,06,3,0,0,1,1,0,0,0,0
"POINT (9.168674196000040 48.782619260000047)",Unfall 179651 (2019) Kat:2, Licht: 0,179651,2,2,5,07,05,2,0,0,0,1,0,1,0,0
"POINT (9.241412337000043 48.771677179000051)",Unfall 179652 (2019) Kat:3, Licht: 0,179652,3,3,5,07,15,2,0,0,1,1,0,0,0,0
"POINT (9.173751844000037 48.826815434000025)",Unfall 179653 (2019) Kat:3, Licht: 1,179653,3,4,6,07,21,2,0,1,0,1,1,0,0,0
"POINT (9.241191936000064 48.775017173000037)",Unfall 179674 (2019) Kat:3, Licht: 2,179674,3,3,5,07,01,1,0,2,0,1,0,0,0,0
"POINT (9.180242559000021 48.783436138000070)",Unfall 179713 (2019) Kat:3, Licht: 0,179713,3,3,5,07,12,7,0,0,1,1,0,0,0,0
"POINT (9.159423087000050 48.789889885000036)",Unfall 179714 (2019) Kat:3, Licht: 0,179714,3,6,2,07,17,7,0,0,0,1,0,0,0,0
"POINT (9.195504163000067 48.832758915000056)",Unfall 179715 (2019) Kat:3, Licht: 0,179715,3,2,6,07,19,7,0,0,0,0,1,0,0,1
"POINT (9.178949808000027 48.736970265000082)",Unfall 179768 (2019) Kat:3, Licht: 0,179768,3,7,0,07,13,6,0,0,0,0,1,0,0,1
"POINT (9.189888396000072 48.802366815000028)",Unfall 179769 (2019) Kat:3, Licht: 0,179769,3,7,3,07,18,6,0,0,0,1,0,0,0,1
"POINT (9.114430398000025 48.738512955000033)",Unfall 179770 (2019) Kat:3, Licht: 2,179770,3,3,5,07,22,6,0,2,0,1,0,0,0,0
"POINT (9.104935028000057 48.823280628000077)",Unfall 179771 (2019) Kat:3, Licht: 0,179771,3,7,0,07,13,6,0,0,0,0,0,1,0,0
"POINT (9.185115541000073 48.832037625000055)",Unfall 179772 (2019) Kat:3, Licht: 0,179772,3,3,5,07,17,6,0,0,1,1,0,0,0,0
"POINT (9.159263760000044 48.765008482000042)",Unfall 179824 (2019) Kat:3, Licht: 2,179824,3,3,0,07,22,5,0,2,0,1,0,1,0,0
"POINT (9.170185748000051 48.770783533000042)",Unfall 179825 (2019) Kat:3, Licht: 0,179825,3,6,2,07,16,5,0,0,0,1,0,0,0,0
"POINT (9.235695849000024 48.831794278000075)",Unfall 179826 (2019) Kat:2, Licht: 0,179826,2,3,3,07,18,5,0,0,1,0,0,0,0,1
"POINT (9.178636096000048 48.767310992000034)",Unfall 179827 (2019) Kat:3, Licht: 0,179827,3,2,5,07,12,5,0,0,1,1,0,0,0,0
"POINT (9.213746725000021 48.718613674000039)",Unfall 179828 (2019) Kat:3, Licht: 0,179828,3,7,3,07,15,5,0,0,1,1,0,0,0,0
"POINT (9.245154422000041 48.772090953000031)",Unfall 179905 (2019) Kat:3, Licht: 0,179905,3,7,3,07,19,6,0,0,0,1,0,0,0,1
"POINT (9.121462615000041 48.724215098000059)",Unfall 179906 (2019) Kat:3, Licht: 0,179906,3,6,2,07,12,6,0,0,0,1,0,0,0,0
"POINT (9.179953850000061 48.810835794000070)",Unfall 179907 (2019) Kat:3, Licht: 0,179907,3,6,2,07,10,6,0,0,0,1,0,1,0,0
"POINT (9.141668108000033 48.773361812000076)",Unfall 179908 (2019) Kat:3, Licht: 0,179908,3,5,2,07,15,6,0,0,1,1,0,0,0,0
"POINT (9.245497331000024 48.771539011000073)",Unfall 179966 (2019) Kat:3, Licht: 0,179966,3,4,6,07,16,5,0,0,0,0,1,0,0,1
"POINT (9.101980403000027 48.740398783000046)",Unfall 179967 (2019) Kat:3, Licht: 0,179967,3,6,2,07,17,5,0,0,0,1,0,1,0,0
"POINT (9.157497745000057 48.780086425000036)",Unfall 179968 (2019) Kat:3, Licht: 0,179968,3,3,5,07,09,5,0,0,0,1,0,0,0,1
"POINT (9.180636343000060 48.790668715000038)",Unfall 179969 (2019) Kat:3, Licht: 0,179969,3,7,6,07,18,5,0,0,1,0,1,0,0,0
"POINT (9.201585667000074 48.789188520000039)",Unfall 180037 (2019) Kat:3, Licht: 0,180037,3,1,9,07,15,4,0,0,0,1,0,0,0,0
"POINT (9.166331640000067 48.741444290000061)",Unfall 180038 (2019) Kat:2, Licht: 0,180038,2,2,5,07,19,4,0,0,0,1,0,1,0,0
"POINT (9.164448536000066 48.777060890000030)",Unfall 180039 (2019) Kat:2, Licht: 0,180039,2,4,6,07,14,4,0,0,0,0,1,0,0,1
"POINT (9.170781631000068 48.832192052000039)",Unfall 180040 (2019) Kat:2, Licht: 0,180040,2,4,6,07,10,4,0,0,0,1,1,0,0,0
"POINT (9.203561820000061 48.812955943000077)",Unfall 180041 (2019) Kat:2, Licht: 0,180041,2,7,0,07,19,4,0,0,0,0,0,1,0,0
"POINT (9.197182517000044 48.824406838000073)",Unfall 180042 (2019) Kat:3, Licht: 0,180042,3,3,5,07,14,4,0,0,0,1,0,0,0,0
"POINT (9.125534116000040 48.730777184000033)",Unfall 180043 (2019) Kat:3, Licht: 0,180043,3,3,5,07,08,4,0,0,1,1,0,0,0,0
"POINT (9.266880464000053 48.765407368000069)",Unfall 180093 (2019) Kat:3, Licht: 0,180093,3,4,6,08,14,6,0,0,0,1,1,0,0,0
"POINT (9.171607856000037 48.763131241000053)",Unfall 180094 (2019) Kat:3, Licht: 0,180094,3,3,5,08,09,6,0,0,0,1,0,0,0,0
"POINT (9.172328313000037 48.784966363000080)",Unfall 180095 (2019) Kat:3, Licht: 0,180095,3,6,2,08,16,6,0,0,1,1,0,0,0,0
"POINT (9.158032724000066 48.782833452000034)",Unfall 180096 (2019) Kat:3, Licht: 0,180096,3,2,5,08,18,6,0,0,1,1,0,0,0,0
"POINT (9.209051821000060 48.813880460000064)",Unfall 180098 (2019) Kat:3, Licht: 0,180098,3,3,5,08,16,6,0,0,1,1,0,0,0,0
"POINT (9.198703985000066 48.714261862000058)",Unfall 180147 (2019) Kat:3, Licht: 0,180147,3,4,6,08,08,5,0,0,0,1,1,0,0,0
"POINT (9.147273530000064 48.837675876000048)",Unfall 180148 (2019) Kat:3, Licht: 1,180148,3,3,5,08,20,5,0,1,0,1,0,0,0,0
"POINT (9.181701691000058 48.782959397000070)",Unfall 180149 (2019) Kat:3, Licht: 0,180149,3,2,0,08,17,5,0,0,0,1,0,0,0,1
"POINT (9.158996120000040 48.851516184000047)",Unfall 180188 (2019) Kat:3, Licht: 0,180188,3,7,6,07,15,4,0,0,0,0,1,0,0,1
"POINT (9.159700096000051 48.768257902000073)",Unfall 180189 (2019) Kat:3, Licht: 0,180189,3,3,5,07,14,4,0,0,0,1,0,0,0,1
"POINT (9.221399228000053 48.810367351000082)",Unfall 180190 (2019) Kat:3, Licht: 1,180190,3,7,0,07,05,4,1,1,0,0,0,1,0,0
"POINT (9.264874773000031 48.767459388000077)",Unfall 180250 (2019) Kat:2, Licht: 0,180250,2,3,5,07,08,3,0,0,1,1,0,0,0,0
"POINT (9.221481026000049 48.810210659000063)",Unfall 180251 (2019) Kat:3, Licht: 0,180251,3,3,5,07,12,3,0,0,0,1,0,1,0,0
"POINT (9.160536798000067 48.775799600000028)",Unfall 180252 (2019) Kat:3, Licht: 0,180252,3,2,5,07,12,3,0,0,0,1,0,0,0,1
"POINT (9.245167929000047 48.772276553000040)",Unfall 180253 (2019) Kat:3, Licht: 2,180253,3,1,3,07,22,3,0,2,1,1,0,0,0,0
"POINT (9.158574268000052 48.781381115000045)",Unfall 180254 (2019) Kat:3, Licht: 0,180254,3,4,6,07,07,3,0,0,0,1,1,0,0,0
"POINT (9.166894398000068 48.834147615000063)",Unfall 180398 (2019) Kat:3, Licht: 0,180398,3,4,6,08,13,5,0,0,0,1,1,0,0,0
"POINT (9.232178011000030 48.830784053000059)",Unfall 180399 (2019) Kat:3, Licht: 0,180399,3,7,6,08,10,5,0,0,0,1,1,0,0,0
"POINT (9.225450790000025 48.783630709000079)",Unfall 180400 (2019) Kat:3, Licht: 2,180400,3,3,5,08,04,5,0,2,0,1,0,0,0,1
"POINT (9.138982997000028 48.836620956000047)",Unfall 180401 (2019) Kat:3, Licht: 0,180401,3,3,5,08,16,5,0,0,1,1,0,0,0,0
"POINT (9.162169517000052 48.836762631000056)",Unfall 180402 (2019) Kat:3, Licht: 0,180402,3,6,2,08,19,5,0,0,0,1,0,0,0,0
"POINT (9.232766875000039 48.746763861000034)",Unfall 180403 (2019) Kat:3, Licht: 2,180403,3,1,1,08,02,5,0,2,0,1,0,0,0,1
"POINT (9.211379188000024 48.810793053000054)",Unfall 180440 (2019) Kat:3, Licht: 0,180440,3,5,1,08,18,4,1,0,0,1,0,0,0,0
"POINT (9.149502110000071 48.753909156000077)",Unfall 180441 (2019) Kat:3, Licht: 0,180441,3,1,8,08,19,4,1,0,0,1,0,0,0,0
"POINT (9.264159000000063 48.749138773000027)",Unfall 180442 (2019) Kat:3, Licht: 1,180442,3,7,5,08,05,4,1,1,1,0,0,1,0,0
"POINT (9.191396178000048 48.779813953000030)",Unfall 180482 (2019) Kat:2, Licht: 0,180482,2,3,5,08,14,3,0,0,1,1,0,0,0,0
"POINT (9.175141724000071 48.833982085000059)",Unfall 180483 (2019) Kat:3, Licht: 0,180483,3,6,2,08,18,3,0,0,1,0,0,0,0,1
"POINT (9.229882781000072 48.843007941000053)",Unfall 180550 (2019) Kat:3, Licht: 0,180550,3,7,6,08,15,1,0,0,0,0,1,0,0,1
"POINT (9.195444098000053 48.789168864000032)",Unfall 180551 (2019) Kat:3, Licht: 2,180551,3,4,6,08,21,1,0,2,0,0,1,0,0,1
"POINT (9.083959247000053 48.749490448000074)",Unfall 180552 (2019) Kat:3, Licht: 0,180552,3,1,0,08,13,1,0,0,1,0,0,0,0,0
"POINT (9.172003474000064 48.740922741000077)",Unfall 180579 (2019) Kat:3, Licht: 2,180579,3,3,5,08,23,7,0,2,0,1,0,0,0,0
"POINT (9.159947610000074 48.767256563000046)",Unfall 180637 (2019) Kat:2, Licht: 0,180637,2,6,8,08,09,5,1,0,1,1,0,0,0,0
"POINT (9.161107539000057 48.747463543000038)",Unfall 180638 (2019) Kat:3, Licht: 0,180638,3,7,5,08,17,5,0,0,0,1,0,1,0,0
"POINT (9.206090061000054 48.731766275000041)",Unfall 180639 (2019) Kat:3, Licht: 0,180639,3,7,1,08,10,5,1,0,0,1,0,0,0,0
"POINT (9.189863670000023 48.793714947000069)",Unfall 180640 (2019) Kat:3, Licht: 0,180640,3,4,0,08,13,5,0,0,0,0,1,0,0,1
"POINT (9.190595151000025 48.778295631000049)",Unfall 180641 (2019) Kat:3, Licht: 0,180641,3,1,0,08,12,5,0,0,1,0,0,0,0,0
"POINT (9.164487658000041 48.832350422000047)",Unfall 180690 (2019) Kat:3, Licht: 0,180690,3,6,2,08,18,4,0,0,0,1,0,0,0,1
"POINT (9.223746668000047 48.790958067000076)",Unfall 180726 (2019) Kat:3, Licht: 2,180726,3,1,9,08,00,3,0,2,0,1,0,0,0,0
"POINT (9.175793563000070 48.773892844000045)",Unfall 180727 (2019) Kat:3, Licht: 0,180727,3,4,6,08,12,3,0,0,0,0,1,0,1,0
"POINT (9.169045104000077 48.768581456000049)",Unfall 180728 (2019) Kat:3, Licht: 2,180728,3,6,2,08,20,3,0,2,0,1,0,0,0,0
"POINT (9.168603133000033 48.747209102000056)",Unfall 180769 (2019) Kat:3, Licht: 0,180769,3,3,5,08,20,2,0,0,1,1,0,0,0,0
"POINT (9.166208361000031 48.820144589000051)",Unfall 180770 (2019) Kat:3, Licht: 0,180770,3,3,5,08,17,2,0,0,0,1,0,0,0,0
"POINT (9.185201010000071 48.831753842000069)",Unfall 180771 (2019) Kat:3, Licht: 0,180771,3,4,6,08,16,2,0,0,0,1,1,0,0,0
"POINT (9.199523116000023 48.789274819000070)",Unfall 180832 (2019) Kat:3, Licht: 2,180832,3,1,0,08,00,7,1,2,0,0,0,1,0,0
"POINT (9.178370777000055 48.780181744000060)",Unfall 180876 (2019) Kat:2, Licht: 0,180876,2,1,0,08,13,6,0,0,1,0,0,0,0,0
"POINT (9.190850753000063 48.786608804000082)",Unfall 180877 (2019) Kat:2, Licht: 0,180877,2,3,5,08,15,6,0,0,1,1,0,0,0,0
"POINT (9.210005894000062 48.747418617000051)",Unfall 180911 (2019) Kat:3, Licht: 0,180911,3,1,0,08,17,6,0,0,1,0,0,0,0,0
"POINT (9.167978718000029 48.777913762000026)",Unfall 180947 (2019) Kat:3, Licht: 0,180947,3,7,2,08,11,5,0,0,1,0,0,0,0,1
"POINT (9.263232254000059 48.769573081000033)",Unfall 180948 (2019) Kat:3, Licht: 0,180948,3,2,5,08,14,5,0,0,1,1,0,0,0,0
"POINT (9.111916087000054 48.817615129000046)",Unfall 180949 (2019) Kat:3, Licht: 0,180949,3,7,0,08,09,5,0,0,1,0,0,0,0,0
"POINT (9.109900479000032 48.816718811000044)",Unfall 180950 (2019) Kat:3, Licht: 0,180950,3,6,2,08,12,5,0,0,0,1,0,0,0,0
"POINT (9.175174861000073 48.834035731000029)",Unfall 180986 (2019) Kat:3, Licht: 0,180986,3,3,3,08,13,4,0,0,0,1,0,1,0,0
"POINT (9.156045955000025 48.837150661000067)",Unfall 180987 (2019) Kat:3, Licht: 2,180987,3,3,5,08,23,4,0,2,0,1,0,0,0,0
"POINT (9.211082367000074 48.784414220000031)",Unfall 180988 (2019) Kat:2, Licht: 0,180988,2,1,0,08,15,4,0,0,0,0,0,1,0,0
"POINT (9.107308953000029 48.721534832000032)",Unfall 180989 (2019) Kat:3, Licht: 0,180989,3,1,0,08,09,4,0,0,1,0,0,0,0,0
"POINT (9.131824425000048 48.745083496000063)",Unfall 181015 (2019) Kat:2, Licht: 0,181015,2,1,8,08,13,3,1,0,1,0,0,0,0,0