WKT,Name,OBJECTID,UKATEGORIE,UTYP1,UART,UMONAT,USTUNDE,UWOCHENTAG,STRZUSTAND,ULICHTVERH,ISTRAD,ISTPKW,ISTFUSS,ISTKRAD,ISTGKFZ,ISTSONSTIG
"POINT (9.155992026000035 48.775891753000053)",Unfall 181016 (2019) Kat:3, Licht: 2,181016,3,1,0,08,21,3,1,2,0,0,0,1,0,0
"POINT (9.104005220000033 48.822538865000070)",Unfall 181052 (2019) Kat:3, Licht: 0,181052,3,7,5,08,08,2,1,0,1,0,0,0,0,0
"POINT (9.113335864000021 48.813609598000028)",Unfall 181053 (2019) Kat:3, Licht: 0,181053,3,4,6,08,13,2,0,0,0,1,1,0,0,0
"POINT (9.167989755000065 48.763620722000041)",Unfall 181071 (2019) Kat:3, Licht: 0,181071,3,2,5,08,17,1,0,0,0,1,0,0,0,0
"POINT (9.173968609000042 48.827752855000028)",Unfall 181072 (2019) Kat:2, Licht: 0,181072,2,6,2,08,15,1,0,0,0,1,0,1,0,0
"POINT (9.177456989000064 48.829725859000064)",Unfall 181073 (2019) Kat:3, Licht: 0,181073,3,3,5,08,18,1,0,0,1,1,0,0,0,0
"POINT (9.190023467000060 48.796081443000048)",Unfall 181074 (2019) Kat:3, Licht: 0,181074,3,3,5,08,14,1,0,0,1,1,0,0,0,0
"POINT (9.169966955000064 48.776349605000064)",Unfall 181075 (2019) Kat:3, Licht: 0,181075,3,3,5,08,13,1,0,0,1,1,0,0,0,0
"POINT (9.209688803000063 48.809437143000025)",Unfall 181097 (2019) Kat:3, Licht: 0,181097,3,3,5,08,11,7,1,0,0,1,0,0,0,0
"POINT (9.175198186000046 48.829604599000049)",Unfall 181098 (2019) Kat:2, Licht: 0,181098,2,6,2,08,12,7,1,0,0,1,0,1,0,0
"POINT (9.196395544000040 48.829282711000076)",Unfall 181137 (2019) Kat:2, Licht: 0,181137,2,7,2,08,19,6,0,0,0,1,0,0,0,0
"POINT (9.162105842000074 48.772955989000081)",Unfall 181138 (2019) Kat:3, Licht: 0,181138,3,5,1,08,15,6,0,0,1,1,0,0,0,0
"POINT (9.207286404000058 48.776775268000051)",Unfall 181153 (2019) Kat:3, Licht: 0,181153,3,3,5,08,14,7,0,0,0,1,0,0,0,0
"POINT (9.107147915000041 48.804693657000030)",Unfall 181197 (2019) Kat:3, Licht: 0,181197,3,5,1,08,18,6,0,0,1,1,0,0,0,0
"POINT (9.175395791000028 48.836539395000045)",Unfall 181198 (2019) Kat:3, Licht: 0,181198,3,6,2,08,16,6,0,0,0,1,0,0,0,0
"POINT (9.152864715000021 48.809724640000070)",Unfall 181199 (2019) Kat:3, Licht: 0,181199,3,7,0,08,12,6,0,0,1,0,0,0,0,0
"POINT (9.191106495000042 48.793362018000039)",Unfall 181240 (2019) Kat:2, Licht: 0,181240,2,5,0,08,14,5,1,0,0,1,0,1,0,0
"POINT (9.169618861000060 48.766524660000073)",Unfall 181241 (2019) Kat:3, Licht: 0,181241,3,4,6,08,17,5,1,0,1,0,1,0,0,0
"POINT (9.184664908000059 48.781953569000052)",Unfall 181274 (2019) Kat:3, Licht: 0,181274,3,7,6,08,18,4,0,0,1,0,1,0,0,0
"POINT (9.188178891000064 48.789095475000067)",Unfall 181307 (2019) Kat:3, Licht: 0,181307,3,1,9,08,17,3,0,0,0,1,0,1,0,0
"POINT (9.176918781000040 48.785277850000057)",Unfall 181308 (2019) Kat:3, Licht: 0,181308,3,3,5,08,10,3,0,0,1,0,0,0,0,1
"POINT (9.156238988000041 48.836884183000052)",Unfall 181309 (2019) Kat:2, Licht: 0,181309,2,4,5,08,18,3,0,0,0,1,1,0,0,0
"POINT (9.122142707000023 48.724159634000046)",Unfall 181310 (2019) Kat:3, Licht: 0,181310,3,3,5,08,17,3,0,0,0,1,0,1,0,0
"POINT (9.154280368000059 48.768093345000068)",Unfall 181344 (2019) Kat:3, Licht: 2,181344,3,2,3,08,20,2,0,2,0,1,0,1,0,0
"POINT (9.113522325000076 48.725326254000038)",Unfall 181345 (2019) Kat:3, Licht: 0,181345,3,7,0,08,12,2,0,0,1,0,0,0,0,1
"POINT (9.102883067000050 48.743777692000037)",Unfall 181366 (2019) Kat:3, Licht: 0,181366,3,3,5,08,18,1,0,0,1,1,0,0,0,0
"POINT (9.116835311000045 48.814022952000073)",Unfall 181393 (2019) Kat:3, Licht: 0,181393,3,7,6,08,17,7,0,0,1,0,1,0,0,0
"POINT (9.239834236000036 48.803810156000054)",Unfall 181395 (2019) Kat:3, Licht: 0,181395,3,2,0,08,13,7,0,0,1,1,0,0,0,0
"POINT (9.086710447000030 48.808272900000077)",Unfall 181396 (2019) Kat:3, Licht: 0,181396,3,1,5,08,14,7,0,0,0,1,0,0,0,0
"POINT (9.212798244000055 48.819593680000025)",Unfall 181493 (2019) Kat:3, Licht: 0,181493,3,5,1,09,08,4,0,0,0,1,0,1,0,0
"POINT (9.233272241000066 48.758586348000051)",Unfall 181494 (2019) Kat:3, Licht: 0,181494,3,7,0,09,18,4,0,0,0,0,0,1,0,0
"POINT (9.173131906000037 48.824685292000026)",Unfall 181495 (2019) Kat:3, Licht: 0,181495,3,6,2,09,12,4,0,0,0,1,0,0,0,0
"POINT (9.155162731000075 48.838694531000044)",Unfall 181496 (2019) Kat:3, Licht: 0,181496,3,3,5,09,19,4,0,0,1,1,0,0,0,0
"POINT (9.205961408000064 48.845845503000078)",Unfall 181554 (2019) Kat:2, Licht: 0,181554,2,6,3,09,18,3,0,0,0,0,0,1,0,1
"POINT (9.160003210000070 48.790558461000046)",Unfall 181555 (2019) Kat:3, Licht: 0,181555,3,7,6,09,12,3,0,0,0,1,1,0,0,0
"POINT (9.203738550000026 48.818049931000076)",Unfall 181556 (2019) Kat:3, Licht: 0,181556,3,6,2,09,15,3,0,0,0,1,0,0,1,0
"POINT (9.252824723000060 48.809713731000045)",Unfall 181557 (2019) Kat:3, Licht: 0,181557,3,7,4,09,11,3,0,0,1,1,0,0,0,0
"POINT (9.171286907000024 48.764036497000063)",Unfall 181558 (2019) Kat:3, Licht: 0,181558,3,2,5,09,19,3,0,0,1,1,0,0,0,0
"POINT (9.154760486000043 48.806616401000042)",Unfall 181588 (2019) Kat:3, Licht: 0,181588,3,7,6,09,12,2,0,0,0,1,1,0,0,0
"POINT (9.171483816000034 48.816703225000026)",Unfall 181616 (2019) Kat:2, Licht: 2,181616,2,1,6,09,21,6,0,2,0,1,1,0,0,0
"POINT (9.198966432000077 48.779236806000029)",Unfall 181621 (2019) Kat:2, Licht: 2,181621,2,5,1,09,22,1,0,2,0,1,0,1,0,0
"POINT (9.244323177000069 48.768757693000055)",Unfall 181623 (2019) Kat:3, Licht: 0,181623,3,6,4,09,12,6,0,0,0,1,0,0,0,0
"POINT (9.090687643000024 48.720375606000061)",Unfall 181693 (2019) Kat:3, Licht: 0,181693,3,3,5,09,18,5,0,0,1,1,0,0,0,0
"POINT (9.177479112000071 48.780138403000080)",Unfall 181694 (2019) Kat:3, Licht: 0,181694,3,6,4,09,14,5,0,0,1,1,0,0,0,0
"POINT (9.159211809000055 48.809207907000030)",Unfall 181739 (2019) Kat:3, Licht: 0,181739,3,5,1,09,11,4,0,0,0,1,0,1,0,0
"POINT (9.106784732000051 48.733581284000081)",Unfall 181740 (2019) Kat:3, Licht: 1,181740,3,3,0,09,19,4,0,1,1,1,0,0,0,0
"POINT (9.213832700000069 48.806286731000057)",Unfall 181741 (2019) Kat:3, Licht: 0,181741,3,7,5,09,06,4,0,0,0,1,0,1,0,0
"POINT (9.159119803000067 48.767080184000065)",Unfall 181742 (2019) Kat:3, Licht: 0,181742,3,4,6,09,19,4,0,0,1,1,1,0,0,0
"POINT (9.210610655000039 48.810091733000036)",Unfall 181743 (2019) Kat:2, Licht: 0,181743,2,4,6,09,15,4,0,0,0,1,1,0,0,0
"POINT (9.208250310000040 48.797272826000039)",Unfall 181744 (2019) Kat:2, Licht: 0,181744,2,7,0,09,11,4,0,0,1,0,0,0,0,0
"POINT (9.133456691000049 48.740410786000041)",Unfall 181745 (2019) Kat:3, Licht: 0,181745,3,7,2,09,10,4,0,0,1,1,0,0,0,0
"POINT (9.156521404000046 48.773290896000049)",Unfall 181746 (2019) Kat:3, Licht: 0,181746,3,6,0,09,18,4,0,0,1,0,0,0,0,0
"POINT (9.081707201000029 48.751492745000064)",Unfall 181797 (2019) Kat:2, Licht: 0,181797,2,3,5,09,09,3,0,0,0,1,0,0,0,0
"POINT (9.267796690000068 48.754148849000046)",Unfall 181798 (2019) Kat:2, Licht: 0,181798,2,7,4,09,14,3,0,0,0,1,0,1,0,0
"POINT (9.104614902000037 48.823260199000060)",Unfall 181799 (2019) Kat:3, Licht: 0,181799,3,7,0,09,16,3,0,0,1,0,0,0,0,0
"POINT (9.211327077000021 48.844025760000079)",Unfall 181832 (2019) Kat:3, Licht: 0,181832,3,3,5,09,11,2,0,0,0,1,0,0,0,0
"POINT (9.170096316000070 48.777475854000045)",Unfall 181833 (2019) Kat:3, Licht: 0,181833,3,3,5,09,09,2,0,0,0,1,0,0,0,0
"POINT (9.250456787000076 48.769415324000079)",Unfall 181834 (2019) Kat:2, Licht: 0,181834,2,6,4,09,13,2,0,0,0,1,0,0,0,0
"POINT (9.097663733000047 48.740083982000044)",Unfall 181851 (2019) Kat:2, Licht: 2,181851,2,1,0,09,04,1,1,2,0,0,0,0,0,1
"POINT (9.219345747000034 48.808944598000039)",Unfall 181852 (2019) Kat:3, Licht: 2,181852,3,6,2,09,20,1,1,2,0,1,0,0,0,0
"POINT (9.251344747000076 48.769668609000064)",Unfall 181887 (2019) Kat:3, Licht: 2,181887,3,3,5,09,21,7,0,2,0,1,0,0,0,0
"POINT (9.205049131000067 48.785491482000054)",Unfall 181888 (2019) Kat:2, Licht: 0,181888,2,4,6,09,13,7,0,0,0,1,1,0,0,0
"POINT (9.220204507000062 48.801162764000026)",Unfall 181932 (2019) Kat:3, Licht: 0,181932,3,2,5,09,11,4,0,0,1,1,0,0,0,0
"POINT (9.190820602000031 48.808864813000071)",Unfall 181965 (2019) Kat:2, Licht: 0,181965,2,3,5,09,08,3,0,0,0,1,0,0,0,1
"POINT (9.111262385000032 48.815304212000058)",Unfall 181966 (2019) Kat:3, Licht: 1,181966,3,2,5,09,06,3,0,1,1,1,0,0,0,0
"POINT (9.108908859000053 48.810910028000080)",Unfall 181967 (2019) Kat:2, Licht: 0,181967,2,2,5,09,15,3,0,0,0,1,0,0,0,0
"POINT (9.250448073000030 48.782378875000063)",Unfall 181968 (2019) Kat:3, Licht: 0,181968,3,3,5,09,16,3,0,0,1,1,0,0,0,0
"POINT (9.231105260000049 48.812853392000079)",Unfall 181969 (2019) Kat:3, Licht: 2,181969,3,4,6,09,22,3,0,2,0,1,1,0,0,0
"POINT (9.111451799000065 48.814976009000077)",Unfall 181970 (2019) Kat:3, Licht: 2,181970,3,3,5,09,06,3,0,2,0,1,0,0,0,0
"POINT (9.187937672000032 48.815992066000035)",Unfall 181971 (2019) Kat:3, Licht: 1,181971,3,3,5,09,07,3,0,1,1,1,0,0,0,0
"POINT (9.156295448000037 48.768073153000046)",Unfall 181972 (2019) Kat:3, Licht: 0,181972,3,2,0,09,07,3,1,0,1,1,0,0,0,0
"POINT (9.181492103000039 48.782914123000069)",Unfall 181973 (2019) Kat:2, Licht: 0,181973,2,6,3,09,10,3,0,0,0,1,0,0,0,1
"POINT (9.105880652000053 48.738991266000028)",Unfall 182036 (2019) Kat:3, Licht: 0,182036,3,3,5,09,08,2,0,0,1,1,0,0,0,0
"POINT (9.170949666000070 48.769231813000033)",Unfall 182037 (2019) Kat:3, Licht: 0,182037,3,7,1,09,16,2,0,0,0,1,0,0,0,1
"POINT (9.176969978000045 48.815557269000067)",Unfall 182038 (2019) Kat:3, Licht: 0,182038,3,3,5,09,15,2,0,0,0,1,0,0,0,0
"POINT (9.129158779000022 48.719670433000033)",Unfall 182039 (2019) Kat:3, Licht: 0,182039,3,3,5,09,18,2,0,0,1,1,0,0,0,0
"POINT (9.101800088000061 48.727486017000047)",Unfall 182068 (2019) Kat:3, Licht: 0,182068,3,3,5,09,18,1,0,0,0,1,0,0,0,0
"POINT (9.187975223000024 48.829069710000056)",Unfall 182104 (2019) Kat:2, Licht: 2,182104,2,2,5,09,20,7,0,2,1,1,0,0,0,0
"POINT (9.175003886000070 48.783311870000034)",Unfall 182105 (2019) Kat:2, Licht: 2,182105,2,4,6,09,00,7,0,2,0,0,1,1,0,0
"POINT (9.208723869000039 48.795639611000070)",Unfall 182106 (2019) Kat:3, Licht: 0,182106,3,3,5,09,07,4,0,0,1,1,0,0,0,0
"POINT (9.163786981000044 48.786274635000041)",Unfall 182107 (2019) Kat:3, Licht: 0,182107,3,7,5,09,13,7,0,0,0,1,0,0,0,0
"POINT (9.208062285000040 48.822169339000027)",Unfall 182108 (2019) Kat:3, Licht: 0,182108,3,7,5,09,17,4,0,0,1,1,0,0,0,0
"POINT (9.171675477000065 48.832071044000031)",Unfall 182114 (2019) Kat:3, Licht: 0,182114,3,4,6,09,13,4,0,0,0,1,1,0,0,0
"POINT (9.207644247000076 48.711101382000038)",Unfall 182122 (2019) Kat:3, Licht: 0,182122,3,3,0,09,13,4,0,0,0,1,0,1,0,0
"POINT (9.176086357000031 48.783679103000054)",Unfall 182128 (2019) Kat:3, Licht: 0,182128,3,2,6,09,10,4,0,0,0,1,1,0,0,0
"POINT (9.182213159000071 48.775509808000038)",Unfall 182132 (2019) Kat:3, Licht: 0,182132,3,7,6,09,16,4,0,0,0,1,1,0,0,0
"POINT (9.239602031000061 48.802536025000052)",Unfall 182143 (2019) Kat:3, Licht: 0,182143,3,7,1,09,17,4,0,0,1,1,0,0,0,0
"POINT (9.175257118000047 48.770815674000062)",Unfall 182161 (2019) Kat:3, Licht: 0,182161,3,3,5,09,17,6,0,0,0,1,0,1,0,1
"POINT (9.253235989000075 48.782659798000054)",Unfall 182162 (2019) Kat:2, Licht: 0,182162,2,4,6,09,12,6,0,0,0,1,1,0,0,0
"POINT (9.228596550000077 48.844993582000029)",Unfall 182163 (2019) Kat:3, Licht: 0,182163,3,3,5,09,07,6,0,0,0,1,0,1,0,0
"POINT (9.183228501000031 48.782473735000053)",Unfall 182180 (2019) Kat:3, Licht: 2,182180,3,7,4,09,20,2,0,2,0,1,0,0,0,0
"POINT (9.122779363000063 48.771985039000072)",Unfall 182204 (2019) Kat:2, Licht: 0,182204,2,6,3,09,11,1,0,0,1,1,0,0,0,0
"POINT (9.171602543000063 48.785581564000040)",Unfall 182250 (2019) Kat:3, Licht: 2,182250,3,7,6,09,00,7,0,2,0,1,1,0,0,0
"POINT (9.193844794000029 48.766524258000061)",Unfall 182252 (2019) Kat:3, Licht: 2,182252,3,1,0,09,03,7,0,2,0,0,0,1,0,0
"POINT (9.173890446000030 48.799175557000069)",Unfall 182253 (2019) Kat:3, Licht: 0,182253,3,4,6,09,18,7,0,0,0,1,1,0,0,0
"POINT (9.211634963000051 48.720476074000032)",Unfall 182310 (2019) Kat:3, Licht: 0,182310,3,7,6,09,08,6,0,0,0,1,1,0,0,0
"POINT (9.164191843000026 48.762171899000066)",Unfall 182311 (2019) Kat:3, Licht: 0,182311,3,3,5,09,13,6,0,0,0,1,0,0,0,0
"POINT (9.168574739000064 48.829774229000066)",Unfall 182312 (2019) Kat:3, Licht: 1,182312,3,2,3,09,06,6,0,1,0,1,0,1,0,0
"POINT (9.203602506000038 48.781647152000062)",Unfall 182313 (2019) Kat:3, Licht: 0,182313,3,3,5,09,16,6,0,0,0,1,0,1,0,1
"POINT (9.160901936000073 48.776908270000035)",Unfall 182362 (2019) Kat:3, Licht: 0,182362,3,5,1,09,08,5,0,0,0,0,0,0,0,1
"POINT (9.164667579000025 48.811064076000036)",Unfall 182422 (2019) Kat:3, Licht: 0,182422,3,3,5,10,17,3,0,0,0,1,0,0,0,0
"POINT (9.254887890000020 48.759292213000037)",Unfall 182456 (2019) Kat:3, Licht: 2,182456,3,2,3,09,19,2,0,2,0,1,0,1,0,0
"POINT (9.184295521000024 48.834036146000074)",Unfall 182457 (2019) Kat:3, Licht: 0,182457,3,4,6,09,15,2,0,0,0,1,1,0,0,0
"POINT (9.184414676000074 48.833985352000070)",Unfall 182459 (2019) Kat:3, Licht: 0,182459,3,6,3,09,16,2,0,0,0,1,0,0,0,0
"POINT (9.212555760000043 48.789025767000055)",Unfall 182460 (2019) Kat:3, Licht: 0,182460,3,4,6,09,18,2,0,0,0,1,1,0,0,0
"POINT (9.216825078000056 48.805392828000038)",Unfall 182512 (2019) Kat:3, Licht: 0,182512,3,3,5,09,12,7,0,0,0,1,0,0,0,0
"POINT (9.218243457000028 48.801937230000078)",Unfall 182513 (2019) Kat:2, Licht: 2,182513,2,4,6,09,23,7,0,2,0,1,1,0,0,0
"POINT (9.169516918000056 48.831289737000077)",Unfall 182554 (2019) Kat:3, Licht: 0,182554,3,3,5,09,13,6,1,0,0,1,0,1,0,0
"POINT (9.207924883000032 48.784803928000031)",Unfall 182555 (2019) Kat:3, Licht: 0,182555,3,5,0,09,08,6,0,0,1,1,0,0,0,0
"POINT (9.143381299000055 48.729947933000062)",Unfall 182556 (2019) Kat:3, Licht: 0,182556,3,4,0,09,15,6,1,0,0,0,1,0,0,1
"POINT (9.192556325000055 48.817983391000041)",Unfall 182625 (2019) Kat:2, Licht: 0,182625,2,6,2,09,07,4,1,0,0,1,0,1,0,0
"POINT (9.145355936000044 48.721854520000079)",Unfall 182645 (2019) Kat:3, Licht: 0,182645,3,2,2,10,13,3,0,0,0,1,0,0,0,0
"POINT (9.179799187000072 48.782894722000037)",Unfall 182669 (2019) Kat:3, Licht: 0,182669,3,7,1,09,10,3,0,0,0,0,0,1,1,0
"POINT (9.254176180000059 48.781123272000059)",Unfall 182670 (2019) Kat:3, Licht: 2,182670,3,7,0,09,19,3,1,2,0,0,0,1,0,0
"POINT (9.157370356000058 48.834652685000037)",Unfall 182671 (2019) Kat:2, Licht: 0,182671,2,3,5,10,18,3,0,0,0,1,0,0,0,0
"POINT (9.161249193000060 48.809759762000056)",Unfall 182672 (2019) Kat:3, Licht: 0,182672,3,5,3,09,09,3,0,0,0,1,0,0,0,0
"POINT (9.239009966000026 48.774677267000072)",Unfall 182705 (2019) Kat:3, Licht: 0,182705,3,4,6,10,17,3,0,0,0,1,1,0,0,0
"POINT (9.200850968000054 48.792472992000057)",Unfall 182706 (2019) Kat:2, Licht: 0,182706,2,4,6,10,16,3,0,0,0,0,1,0,0,1
"POINT (9.235350119000032 48.814349266000079)",Unfall 182707 (2019) Kat:3, Licht: 0,182707,3,2,5,10,08,3,1,0,1,1,0,0,0,0
"POINT (9.178719729000022 48.771401634000028)",Unfall 182708 (2019) Kat:3, Licht: 0,182708,3,6,2,10,12,3,0,0,0,1,0,0,0,0
"POINT (9.253811684000027 48.778519203000030)",Unfall 182709 (2019) Kat:3, Licht: 0,182709,3,3,5,10,17,3,0,0,1,1,0,0,0,0
"POINT (9.210950266000054 48.807425927000054)",Unfall 182758 (2019) Kat:3, Licht: 2,182758,3,7,2,10,20,2,0,2,0,1,0,1,0,0
"POINT (9.179503503000035 48.786100454000064)",Unfall 182759 (2019) Kat:3, Licht: 0,182759,3,7,6,10,11,2,0,0,0,1,1,0,0,0
"POINT (9.211827039000070 48.796944949000078)",Unfall 182775 (2019) Kat:3, Licht: 0,182775,3,1,4,10,16,1,1,0,0,1,0,0,0,0
"POINT (9.202812263000055 48.818507355000065)",Unfall 182776 (2019) Kat:3, Licht: 0,182776,3,6,2,10,13,1,1,0,0,1,0,0,0,0
"POINT (9.221194598000068 48.782597121000038)",Unfall 182777 (2019) Kat:3, Licht: 0,182777,3,7,0,10,14,1,1,0,1,0,0,0,0,0
"POINT (9.252510649000044 48.762201190000042)",Unfall 182778 (2019) Kat:3, Licht: 0,182778,3,1,0,10,14,1,1,0,1,0,0,0,0,0
"POINT (9.158006106000073 48.832186890000060)",Unfall 182802 (2019) Kat:3, Licht: 1,182802,3,7,1,10,18,7,0,1,1,1,0,0,0,0
"POINT (9.216104233000067 48.804212684000049)",Unfall 182831 (2019) Kat:3, Licht: 0,182831,3,7,1,10,15,6,0,0,1,1,0,0,0,0
"POINT (9.138205515000038 48.773307955000064)",Unfall 182832 (2019) Kat:3, Licht: 2,182832,3,1,0,10,23,6,1,2,0,0,0,1,0,0
"POINT (9.186490672000048 48.790661141000044)",Unfall 182851 (2019) Kat:3, Licht: 0,182851,3,3,5,10,16,5,0,0,0,1,0,0,0,0
"POINT (9.199182280000059 48.789289283000073)",Unfall 182897 (2019) Kat:3, Licht: 0,182897,3,1,1,10,15,4,1,0,0,1,0,1,0,0
"POINT (9.159132197000076 48.833100221000052)",Unfall 182898 (2019) Kat:3, Licht: 0,182898,3,4,6,10,12,4,1,0,0,1,1,0,0,0
"POINT (9.165993548000074 48.762825362000058)",Unfall 182899 (2019) Kat:3, Licht: 0,182899,3,6,2,10,09,4,0,0,0,1,0,0,0,0
"POINT (9.230638465000027 48.791114567000079)",Unfall 182900 (2019) Kat:3, Licht: 0,182900,3,2,5,10,08,4,0,0,1,1,0,0,0,0
"POINT (9.175176123000028 48.834041434000028)",Unfall 182901 (2019) Kat:3, Licht: 0,182901,3,3,5,10,18,4,0,0,0,1,0,0,0,0
"POINT (9.239332746000059 48.793905975000030)",Unfall 182902 (2019) Kat:3, Licht: 2,182902,3,1,8,10,01,4,0,2,0,1,0,0,0,0
"POINT (9.164359191000074 48.777030817000082)",Unfall 182904 (2019) Kat:3, Licht: 0,182904,3,4,0,10,17,4,0,0,0,0,1,0,0,1
"POINT (9.141465958000026 48.772481973000026)",Unfall 182964 (2019) Kat:2, Licht: 2,182964,2,7,9,10,18,2,0,2,0,1,0,0,0,0
"POINT (9.167212994000067 48.730026526000074)",Unfall 182965 (2019) Kat:3, Licht: 0,182965,3,6,2,10,10,2,0,0,0,1,0,0,0,0
"POINT (9.167722608000076 48.731809246000068)",Unfall 182966 (2019) Kat:3, Licht: 1,182966,3,2,5,10,07,2,0,1,1,1,0,0,0,0
"POINT (9.131269610000061 48.722295737000081)",Unfall 182967 (2019) Kat:3, Licht: 0,182967,3,2,5,10,12,2,0,0,0,0,0,1,0,1
"POINT (9.264857253000059 48.766796662000047)",Unfall 182997 (2019) Kat:3, Licht: 0,182997,3,1,8,10,17,1,0,0,0,1,0,0,0,0
"POINT (9.106784113000060 48.733583811000074)",Unfall 182999 (2019) Kat:3, Licht: 0,182999,3,3,5,10,11,1,0,0,0,1,0,1,0,0
"POINT (9.237712770000030 48.803763459000038)",Unfall 183000 (2019) Kat:2, Licht: 2,183000,2,4,6,10,19,1,0,2,0,1,1,0,0,0
"POINT (9.175597222000022 48.783640919000050)",Unfall 183001 (2019) Kat:3, Licht: 0,183001,3,4,6,10,17,1,0,0,0,1,1,0,0,0
"POINT (9.150676034000071 48.731634668000027)",Unfall 183003 (2019) Kat:3, Licht: 0,183003,3,7,0,10,14,1,0,0,1,1,0,0,0,0
"POINT (9.179774583000040 48.774553053000034)",Unfall 183043 (2019) Kat:3, Licht: 0,183043,3,5,1,10,07,7,0,0,1,1,0,0,0,0
"POINT (9.183476746000054 48.782353880000073)",Unfall 183044 (2019) Kat:3, Licht: 2,183044,3,7,4,10,05,7,0,2,0,1,0,0,0,0
"POINT (9.254891038000039 48.777525288000049)",Unfall 183045 (2019) Kat:3, Licht: 0,183045,3,2,5,10,17,7,0,0,1,1,0,0,0,0
"POINT (9.188139991000071 48.789128326000082)",Unfall 183047 (2019) Kat:3, Licht: 0,183047,3,6,2,10,12,7,0,0,0,1,0,1,0,0
"POINT (9.165980687000058 48.771427712000047)",Unfall 183048 (2019) Kat:3, Licht: 0,183048,3,3,5,10,16,7,0,0,0,1,0,0,0,1
"POINT (9.172036990000038 48.773566828000071)",Unfall 183049 (2019) Kat:3, Licht: 0,183049,3,7,4,10,15,7,0,0,0,1,0,0,0,1
"POINT (9.193575938000038 48.808864204000031)",Unfall 183096 (2019) Kat:3, Licht: 0,183096,3,7,2,10,14,6,0,0,0,1,0,0,0,0
"POINT (9.145172023000043 48.808383542000058)",Unfall 183098 (2019) Kat:3, Licht: 0,183098,3,6,6,10,15,6,0,0,0,1,1,0,0,0
"POINT (9.196692116000065 48.831663759000037)",Unfall 183099 (2019) Kat:3, Licht: 0,183099,3,1,1,10,17,6,0,0,0,1,0,0,0,0
"POINT (9.180369296000038 48.790722345000063)",Unfall 183100 (2019) Kat:3, Licht: 0,183100,3,6,2,10,17,6,0,0,1,1,0,0,0,0
"POINT (9.245082125000067 48.789693031000070)",Unfall 183154 (2019) Kat:3, Licht: 0,183154,3,3,5,10,14,5,0,0,0,1,0,0,0,1
"POINT (9.189800001000037 48.792730130000052)",Unfall 183155 (2019) Kat:3, Licht: 0,183155,3,1,8,10,07,5,1,0,0,1,0,0,0,0
"POINT (9.225833115000057 48.849799394000058)",Unfall 183156 (2019) Kat:3, Licht: 2,183156,3,7,9,10,01,5,1,2,0,1,0,0,0,0
"POINT (9.151696219000030 48.758015582000041)",Unfall 183157 (2019) Kat:3, Licht: 0,183157,3,6,4,10,07,5,1,0,1,1,0,0,0,0
"POINT (9.182038273000046 48.774330503000044)",Unfall 183158 (2019) Kat:2, Licht: 0,183158,2,7,0,10,16,5,0,0,1,0,0,0,0,0
"POINT (9.108210813000028 48.825228510000045)",Unfall 183206 (2019) Kat:3, Licht: 0,183206,3,5,1,10,12,4,0,0,0,1,0,0,1,0
"POINT (9.210436108000067 48.808248945000059)",Unfall 183207 (2019) Kat:3, Licht: 0,183207,3,3,5,10,16,4,0,0,0,1,0,0,0,0
"POINT (9.174683183000070 48.829859891000069)",Unfall 183221 (2019) Kat:3, Licht: 0,183221,3,7,2,10,17,6,1,0,0,1,0,0,0,0
"POINT (9.235610746000077 48.800243312000077)",Unfall 183234 (2019) Kat:3, Licht: 0,183234,3,2,5,10,10,4,0,0,0,1,0,0,0,0
"POINT (9.191795468000066 48.788240460000054)",Unfall 183250 (2019) Kat:3, Licht: 0,183250,3,3,5,10,16,5,0,0,0,1,0,0,0,0
"POINT (9.191880978000029 48.779946417000076)",Unfall 183276 (2019) Kat:2, Licht: 0,183276,2,1,0,10,16,6,0,0,1,0,0,0,0,0
"POINT (9.176146121000045 48.829583692000028)",Unfall 183280 (2019) Kat:3, Licht: 2,183280,3,3,5,10,07,6,1,2,1,1,0,0,0,0
"POINT (9.103864747000046 48.740970163000043)",Unfall 183288 (2019) Kat:2, Licht: 0,183288,2,6,4,10,15,4,0,0,1,0,0,0,0,0
"POINT (9.156861117000062 48.844962161000069)",Unfall 183305 (2019) Kat:3, Licht: 0,183305,3,3,5,10,16,5,0,0,0,1,0,0,0,0
"POINT (9.141189888000042 48.839159989000052)",Unfall 183334 (2019) Kat:3, Licht: 0,183334,3,1,0,10,15,6,1,0,1,0,0,0,0,0
"POINT (9.268650837000052 48.762309228000049)",Unfall 183346 (2019) Kat:3, Licht: 0,183346,3,4,6,10,08,4,0,0,0,1,1,0,0,0
"POINT (9.122145654000065 48.724162775000082)",Unfall 183363 (2019) Kat:3, Licht: 2,183363,3,3,5,10,20,5,1,2,1,1,0,0,0,0
"POINT (9.105867098000033 48.738985604000050)",Unfall 183374 (2019) Kat:3, Licht: 0,183374,3,3,5,10,11,3,0,0,1,1,0,0,0,0
"POINT (9.169522949000054 48.831289322000032)",Unfall 183378 (2019) Kat:3, Licht: 0,183378,3,2,0,10,08,3,0,0,0,1,0,0,0,1