WKT,Name,OBJECTID,UKATEGORIE,UTYP1,UART,UMONAT,USTUNDE,UWOCHENTAG,STRZUSTAND,ULICHTVERH,ISTRAD,ISTPKW,ISTFUSS,ISTKRAD,ISTGKFZ,ISTSONSTIG
"POINT (9.167040839000038 48.764254675000075)",Unfall 183384 (2019) Kat:3, Licht: 2,183384,3,5,1,10,20,3,1,2,1,1,0,0,0,0
"POINT (9.216027792000034 48.775834435000036)",Unfall 183389 (2019) Kat:2, Licht: 2,183389,2,1,8,10,18,6,1,2,0,1,0,0,0,0
"POINT (9.244414173000052 48.769166752000046)",Unfall 183403 (2019) Kat:3, Licht: 2,183403,3,3,5,10,05,4,1,2,1,1,0,0,0,0
"POINT (9.160093380000035 48.772495502000027)",Unfall 183419 (2019) Kat:3, Licht: 0,183419,3,7,6,10,14,5,0,0,0,1,1,0,0,0
"POINT (9.199311623000028 48.834295332000067)",Unfall 183426 (2019) Kat:3, Licht: 0,183426,3,5,1,10,11,7,1,0,1,1,0,0,0,0
"POINT (9.262105165000037 48.794110853000063)",Unfall 183442 (2019) Kat:3, Licht: 0,183442,3,2,5,10,16,4,0,0,0,1,0,1,0,0
"POINT (9.197312374000035 48.791973618000043)",Unfall 183447 (2019) Kat:3, Licht: 1,183447,3,3,5,10,17,6,1,1,0,1,0,0,0,0
"POINT (9.109555262000072 48.731137106000062)",Unfall 183459 (2019) Kat:3, Licht: 0,183459,3,1,0,10,08,6,1,0,1,0,0,0,0,0
"POINT (9.173675265000043 48.774497341000028)",Unfall 183471 (2019) Kat:3, Licht: 0,183471,3,7,1,10,14,5,0,0,1,1,0,0,0,0
"POINT (9.226256559000035 48.820718418000070)",Unfall 183487 (2019) Kat:2, Licht: 0,183487,2,7,6,10,12,1,0,0,0,1,1,0,0,0
"POINT (9.157984367000040 48.850169072000028)",Unfall 183502 (2019) Kat:3, Licht: 0,183502,3,1,0,10,15,7,0,0,0,0,0,1,0,0
"POINT (9.102346455000031 48.744697865000035)",Unfall 183503 (2019) Kat:3, Licht: 2,183503,3,7,0,10,01,7,1,2,0,0,0,0,0,1
"POINT (9.171618514000045 48.764085111000043)",Unfall 183504 (2019) Kat:3, Licht: 1,183504,3,5,1,10,18,7,0,1,1,1,0,0,0,0
"POINT (9.223578418000045 48.813374786000054)",Unfall 183549 (2019) Kat:2, Licht: 2,183549,2,4,6,10,18,6,0,2,0,1,1,0,0,0
"POINT (9.127153888000066 48.778305116000070)",Unfall 183619 (2019) Kat:3, Licht: 0,183619,3,5,1,10,17,4,0,0,1,1,0,0,0,0
"POINT (9.159167449000051 48.819038652000074)",Unfall 183620 (2019) Kat:3, Licht: 0,183620,3,6,2,10,14,4,0,0,0,1,0,1,0,0
"POINT (9.173335673000054 48.829761879000046)",Unfall 183621 (2019) Kat:3, Licht: 0,183621,3,2,6,10,08,4,0,0,0,1,1,0,0,0
"POINT (9.123253130000023 48.725404648000051)",Unfall 183625 (2019) Kat:3, Licht: 0,183625,3,4,6,10,08,3,0,0,0,1,1,0,0,0
"POINT (9.156716921000054 48.835729612000080)",Unfall 183688 (2019) Kat:3, Licht: 2,183688,3,6,3,10,21,3,0,2,0,1,0,1,0,0
"POINT (9.220153551000067 48.801503987000046)",Unfall 183689 (2019) Kat:2, Licht: 0,183689,2,4,6,10,13,3,0,0,0,0,1,0,0,1
"POINT (9.118047808000029 48.815229454000075)",Unfall 183692 (2019) Kat:3, Licht: 0,183692,3,6,4,10,08,3,0,0,1,1,0,0,0,0
"POINT (9.101042638000024 48.740327306000040)",Unfall 183693 (2019) Kat:3, Licht: 0,183693,3,6,6,10,12,3,0,0,1,0,1,0,0,0
"POINT (9.175196989000028 48.767997670000057)",Unfall 183694 (2019) Kat:3, Licht: 2,183694,3,2,5,10,18,3,0,2,1,1,0,0,0,0
"POINT (9.175895960000048 48.797288854000044)",Unfall 183711 (2019) Kat:3, Licht: 0,183711,3,1,4,10,15,2,0,0,0,1,0,1,0,0
"POINT (9.175641014000064 48.819114755000044)",Unfall 183747 (2019) Kat:3, Licht: 1,183747,3,6,2,11,07,1,1,1,0,1,0,0,1,0
"POINT (9.174103331000026 48.821417036000071)",Unfall 183748 (2019) Kat:3, Licht: 2,183748,3,6,2,11,17,1,1,2,0,1,0,0,0,0
"POINT (9.172308195000028 48.755362707000074)",Unfall 183749 (2019) Kat:3, Licht: 2,183749,3,3,5,11,19,1,1,2,0,1,0,0,0,1
"POINT (9.178542691000075 48.784392044000072)",Unfall 183773 (2019) Kat:3, Licht: 2,183773,3,6,3,11,00,7,1,2,0,1,0,0,0,0
"POINT (9.225188446000061 48.738140071000032)",Unfall 183774 (2019) Kat:3, Licht: 0,183774,3,3,5,11,08,7,1,0,1,1,0,0,0,0
"POINT (9.125025729000072 48.744759322000050)",Unfall 183775 (2019) Kat:2, Licht: 0,183775,2,1,0,11,13,7,1,0,1,0,0,0,0,0
"POINT (9.132386099000030 48.741196553000066)",Unfall 183818 (2019) Kat:3, Licht: 0,183818,3,1,1,10,12,5,0,0,0,1,0,0,0,0
"POINT (9.164236879000043 48.769669674000056)",Unfall 183819 (2019) Kat:3, Licht: 0,183819,3,4,6,10,15,5,0,0,0,1,1,0,0,0
"POINT (9.210945832000050 48.807511692000048)",Unfall 183820 (2019) Kat:3, Licht: 0,183820,3,6,3,10,14,5,0,0,1,1,0,0,0,0
"POINT (9.229345499000033 48.842060400000037)",Unfall 183821 (2019) Kat:3, Licht: 2,183821,3,7,2,10,18,5,0,2,1,1,0,0,0,0
"POINT (9.239497858000050 48.776297568000075)",Unfall 183822 (2019) Kat:3, Licht: 0,183822,3,1,0,10,15,5,0,0,0,0,0,1,0,0
"POINT (9.169461510000076 48.748211352000055)",Unfall 183862 (2019) Kat:3, Licht: 0,183862,3,7,6,10,16,4,0,0,1,0,1,0,0,0
"POINT (9.164681285000029 48.762350055000070)",Unfall 183863 (2019) Kat:3, Licht: 0,183863,3,6,0,10,12,4,0,0,1,0,0,0,0,1
"POINT (9.182523959000037 48.782563382000035)",Unfall 183893 (2019) Kat:3, Licht: 2,183893,3,1,0,10,18,3,0,2,0,0,0,1,0,0
"POINT (9.182079314000021 48.775377424000055)",Unfall 183894 (2019) Kat:3, Licht: 0,183894,3,2,0,10,13,3,0,0,0,1,0,0,0,1
"POINT (9.080113219000054 48.749490497000068)",Unfall 183931 (2019) Kat:2, Licht: 2,183931,2,7,0,10,16,2,0,2,0,1,0,0,0,0
"POINT (9.147766466000064 48.756802842000070)",Unfall 183932 (2019) Kat:3, Licht: 0,183932,3,4,6,10,09,2,1,0,1,0,1,0,0,0
"POINT (9.168463059000032 48.832338653000079)",Unfall 183960 (2019) Kat:3, Licht: 2,183960,3,5,1,10,20,1,1,2,0,1,0,0,0,0
"POINT (9.202450670000076 48.837670627000080)",Unfall 183961 (2019) Kat:3, Licht: 0,183961,3,6,2,10,12,1,0,0,0,1,0,0,0,0
"POINT (9.262872041000037 48.770130302000041)",Unfall 184006 (2019) Kat:3, Licht: 0,184006,3,6,2,11,10,7,1,0,0,1,0,0,0,0
"POINT (9.233284112000035 48.830641757000080)",Unfall 184007 (2019) Kat:3, Licht: 2,184007,3,2,5,11,19,7,0,2,0,1,0,0,0,0
"POINT (9.185380762000023 48.791304680000053)",Unfall 184008 (2019) Kat:3, Licht: 2,184008,3,7,4,11,17,7,0,2,0,1,0,0,0,0
"POINT (9.208436235000022 48.813466930000061)",Unfall 184052 (2019) Kat:3, Licht: 2,184052,3,2,3,11,18,6,1,2,1,1,0,0,0,0
"POINT (9.218172766000066 48.786588048000056)",Unfall 184053 (2019) Kat:3, Licht: 2,184053,3,6,2,11,19,6,1,2,0,1,0,0,0,0
"POINT (9.186614546000044 48.790526051000029)",Unfall 184054 (2019) Kat:3, Licht: 2,184054,3,6,2,11,20,6,1,2,0,1,0,0,0,0
"POINT (9.194743707000043 48.773338943000056)",Unfall 184055 (2019) Kat:3, Licht: 1,184055,3,7,2,11,16,6,1,1,0,1,0,0,0,0
"POINT (9.171324946000027 48.771819681000068)",Unfall 184096 (2019) Kat:3, Licht: 2,184096,3,2,3,11,18,5,0,2,1,1,0,0,0,0
"POINT (9.216079474000026 48.806877666000048)",Unfall 184097 (2019) Kat:2, Licht: 0,184097,2,6,4,11,07,5,0,0,1,1,0,0,0,0
"POINT (9.108803612000031 48.733678574000066)",Unfall 184098 (2019) Kat:3, Licht: 1,184098,3,7,1,11,07,5,0,1,1,1,0,0,0,0
"POINT (9.195425894000039 48.771056464000026)",Unfall 184133 (2019) Kat:3, Licht: 0,184133,3,1,0,11,16,4,1,0,1,0,0,0,0,0
"POINT (9.102538161000041 48.744640180000033)",Unfall 184134 (2019) Kat:2, Licht: 0,184134,2,6,0,11,08,4,1,0,1,1,0,0,0,0
"POINT (9.146543467000072 48.728516571000057)",Unfall 184184 (2019) Kat:3, Licht: 0,184184,3,7,6,11,11,3,0,0,0,1,1,0,0,0
"POINT (9.196180322000032 48.789515207000079)",Unfall 184185 (2019) Kat:3, Licht: 2,184185,3,6,2,11,20,3,0,2,0,1,0,0,0,0
"POINT (9.167500553000025 48.778112940000028)",Unfall 184186 (2019) Kat:3, Licht: 0,184186,3,3,5,11,12,3,0,0,0,1,0,0,0,0
"POINT (9.200837457000034 48.811891770000045)",Unfall 184187 (2019) Kat:2, Licht: 2,184187,2,6,2,11,19,3,0,2,1,1,0,0,0,0
"POINT (9.152871599000036 48.784115757000052)",Unfall 184188 (2019) Kat:3, Licht: 0,184188,3,6,4,11,15,3,0,0,1,1,0,0,0,0
"POINT (9.166795380000053 48.783091417000037)",Unfall 184240 (2019) Kat:3, Licht: 2,184240,3,2,5,11,17,2,0,2,0,1,0,0,0,0
"POINT (9.251321169000050 48.769686284000045)",Unfall 184241 (2019) Kat:2, Licht: 0,184241,2,2,5,11,12,2,0,0,0,1,0,0,0,1
"POINT (9.144799096000043 48.774567723000075)",Unfall 184242 (2019) Kat:3, Licht: 0,184242,3,7,5,11,14,2,0,0,0,1,0,0,0,1
"POINT (9.252067470000043 48.762840196000070)",Unfall 184243 (2019) Kat:3, Licht: 2,184243,3,6,2,11,17,2,0,2,0,1,0,0,0,0
"POINT (9.129779279000047 48.721216245000051)",Unfall 184244 (2019) Kat:3, Licht: 0,184244,3,6,2,11,13,2,1,0,0,1,0,0,1,0
"POINT (9.192572203000054 48.787684904000059)",Unfall 184267 (2019) Kat:3, Licht: 2,184267,3,1,9,11,05,1,1,2,0,1,0,0,0,0
"POINT (9.209310425000069 48.785509099000080)",Unfall 184268 (2019) Kat:3, Licht: 0,184268,3,1,0,11,12,1,1,0,0,0,0,1,0,0
"POINT (9.106567566000024 48.715378999000052)",Unfall 184292 (2019) Kat:3, Licht: 1,184292,3,3,5,11,07,7,1,1,1,1,0,0,0,0
"POINT (9.186461566000048 48.790640989000053)",Unfall 184293 (2019) Kat:3, Licht: 0,184293,3,6,2,11,14,7,1,0,0,1,0,0,0,0
"POINT (9.213478067000040 48.805565027000057)",Unfall 184294 (2019) Kat:3, Licht: 2,184294,3,7,6,11,19,7,1,2,1,0,1,0,0,0
"POINT (9.167756493000070 48.711497580000071)",Unfall 184331 (2019) Kat:3, Licht: 0,184331,3,3,5,11,12,6,0,0,1,1,0,0,0,0
"POINT (9.182150276000073 48.782807729000069)",Unfall 184332 (2019) Kat:3, Licht: 2,184332,3,4,6,11,21,6,0,2,0,1,1,0,0,0
"POINT (9.168619280000030 48.812478520000070)",Unfall 184333 (2019) Kat:2, Licht: 0,184333,2,7,0,11,09,6,0,0,1,0,0,0,0,0
"POINT (9.110090408000076 48.724024917000065)",Unfall 184334 (2019) Kat:3, Licht: 2,184334,3,3,5,11,17,6,0,2,0,1,0,0,0,0
"POINT (9.181965271000024 48.782870278000075)",Unfall 184371 (2019) Kat:3, Licht: 0,184371,3,6,2,11,10,5,0,0,0,1,0,0,0,0
"POINT (9.192668718000050 48.779718851000041)",Unfall 184412 (2019) Kat:3, Licht: 0,184412,3,6,1,11,13,4,0,0,0,1,0,0,1,1
"POINT (9.090086767000059 48.740240548000031)",Unfall 184413 (2019) Kat:3, Licht: 0,184413,3,6,2,11,09,4,0,0,0,1,0,0,0,0
"POINT (9.218836595000028 48.739136003000056)",Unfall 184414 (2019) Kat:3, Licht: 0,184414,3,7,6,11,12,4,0,0,0,1,1,0,0,0
"POINT (9.239510092000046 48.811527116000036)",Unfall 184447 (2019) Kat:3, Licht: 0,184447,3,7,1,11,13,3,0,0,0,1,0,0,1,0
"POINT (9.164700759000027 48.832278402000043)",Unfall 184448 (2019) Kat:3, Licht: 2,184448,3,6,2,11,20,3,0,2,0,1,0,0,0,0
"POINT (9.144312210000066 48.779021700000044)",Unfall 184449 (2019) Kat:3, Licht: 0,184449,3,7,3,11,13,3,0,0,0,1,0,0,0,0
"POINT (9.168170756000052 48.763618319000045)",Unfall 184473 (2019) Kat:3, Licht: 0,184473,3,6,2,11,10,2,0,0,0,1,0,0,0,0
"POINT (9.247862136000038 48.768658824000056)",Unfall 184474 (2019) Kat:3, Licht: 0,184474,3,2,5,11,11,2,0,0,0,1,0,0,0,0
"POINT (9.108088603000056 48.815166338000040)",Unfall 184475 (2019) Kat:3, Licht: 0,184475,3,7,6,11,11,2,0,0,1,0,1,0,0,0
"POINT (9.101813203000063 48.723767608000060)",Unfall 184476 (2019) Kat:3, Licht: 1,184476,3,7,0,11,07,2,0,1,1,0,0,0,0,0
"POINT (9.201707347000024 48.819232932000034)",Unfall 184488 (2019) Kat:3, Licht: 0,184488,3,6,2,11,15,1,0,0,0,1,0,1,0,0
"POINT (9.170129362000068 48.782283535000033)",Unfall 184508 (2019) Kat:3, Licht: 0,184508,3,6,3,11,16,3,1,0,1,1,0,0,0,0
"POINT (9.103975499000057 48.718374794000056)",Unfall 184528 (2019) Kat:2, Licht: 0,184528,2,7,5,11,08,3,0,0,1,1,0,0,0,0
"POINT (9.160592398000063 48.807984164000061)",Unfall 184529 (2019) Kat:3, Licht: 2,184529,3,3,5,11,18,3,0,2,1,1,0,0,0,0
"POINT (9.131345996000050 48.720327160000068)",Unfall 184553 (2019) Kat:3, Licht: 0,184553,3,1,8,11,13,2,0,0,0,1,0,0,0,0
"POINT (9.191883334000067 48.781363660000068)",Unfall 184554 (2019) Kat:3, Licht: 0,184554,3,3,5,11,08,2,0,0,1,1,0,0,0,0
"POINT (9.214413350000029 48.782948368000064)",Unfall 184555 (2019) Kat:3, Licht: 0,184555,3,7,6,11,08,2,0,0,0,1,1,0,0,0
"POINT (9.149843109000074 48.726941946000068)",Unfall 184556 (2019) Kat:3, Licht: 2,184556,3,4,6,11,18,2,0,2,0,1,1,0,0,0
"POINT (9.239049554000076 48.790793675000032)",Unfall 184565 (2019) Kat:3, Licht: 0,184565,3,7,6,11,09,1,0,0,0,1,0,0,0,1
"POINT (9.116716710000048 48.736498403000041)",Unfall 184586 (2019) Kat:3, Licht: 0,184586,3,4,6,11,14,7,0,0,1,0,1,0,0,0
"POINT (9.210565624000026 48.844010856000068)",Unfall 184587 (2019) Kat:3, Licht: 0,184587,3,6,2,11,13,7,0,0,0,1,0,0,0,0
"POINT (9.170426793000047 48.757200103000059)",Unfall 184625 (2019) Kat:3, Licht: 1,184625,3,5,1,11,07,5,0,1,1,0,0,0,0,1
"POINT (9.159685081000021 48.754597283000066)",Unfall 184648 (2019) Kat:3, Licht: 2,184648,3,6,2,11,18,5,0,2,0,1,0,0,0,0
"POINT (9.201993524000045 48.785451989000080)",Unfall 184649 (2019) Kat:3, Licht: 2,184649,3,2,5,11,17,5,0,2,0,1,0,1,0,0
"POINT (9.103529482000056 48.824824978000038)",Unfall 184684 (2019) Kat:3, Licht: 1,184684,3,3,5,11,16,4,0,1,0,1,0,0,0,0
"POINT (9.211277981000023 48.844025100000067)",Unfall 184685 (2019) Kat:3, Licht: 2,184685,3,3,5,11,17,4,0,2,0,1,0,0,0,0
"POINT (9.131686381000066 48.722530026000072)",Unfall 184686 (2019) Kat:3, Licht: 0,184686,3,6,2,11,13,4,0,0,0,1,0,0,0,0
"POINT (9.171268245000022 48.768543037000029)",Unfall 184687 (2019) Kat:3, Licht: 0,184687,3,4,6,11,13,4,0,0,1,0,1,0,0,0
"POINT (9.083701265000059 48.751746682000032)",Unfall 184731 (2019) Kat:3, Licht: 0,184731,3,3,5,11,07,3,0,0,0,1,0,1,0,0
"POINT (9.154958742000076 48.760304080000026)",Unfall 184732 (2019) Kat:3, Licht: 0,184732,3,3,5,11,15,3,1,0,1,1,0,0,0,0
"POINT (9.234917634000055 48.777033292000056)",Unfall 184733 (2019) Kat:3, Licht: 2,184733,3,7,0,11,17,3,1,2,0,0,0,1,0,0
"POINT (9.121993811000039 48.810791581000046)",Unfall 184734 (2019) Kat:3, Licht: 2,184734,3,4,6,11,17,3,1,2,0,1,1,0,0,0
"POINT (9.188304235000032 48.815886441000032)",Unfall 184735 (2019) Kat:3, Licht: 0,184735,3,6,2,11,12,3,0,0,0,1,0,0,0,0
"POINT (9.159574591000023 48.810583266000037)",Unfall 184783 (2019) Kat:3, Licht: 2,184783,3,3,5,12,18,4,0,2,1,1,0,0,0,0
"POINT (9.123173692000023 48.814474981000046)",Unfall 184784 (2019) Kat:3, Licht: 0,184784,3,4,6,12,07,4,0,0,0,1,1,0,0,0
"POINT (9.180071321000071 48.776215821000051)",Unfall 184785 (2019) Kat:3, Licht: 2,184785,3,7,6,12,18,4,0,2,0,1,1,0,0,0
"POINT (9.209568558000058 48.782065249000027)",Unfall 184828 (2019) Kat:2, Licht: 2,184828,2,2,4,12,23,3,0,2,1,1,0,0,0,0
"POINT (9.100956641000039 48.740321748000042)",Unfall 184829 (2019) Kat:2, Licht: 2,184829,2,4,6,12,17,3,0,2,0,1,1,0,0,0
"POINT (9.097479503000045 48.823400754000033)",Unfall 184830 (2019) Kat:3, Licht: 0,184830,3,3,2,12,06,3,0,0,0,1,0,0,0,0
"POINT (9.193678179000074 48.785260154000071)",Unfall 184863 (2019) Kat:3, Licht: 1,184863,3,3,5,12,06,2,0,1,1,0,0,0,0,1
"POINT (9.167930579000029 48.778105699000037)",Unfall 184864 (2019) Kat:3, Licht: 2,184864,3,2,2,12,17,2,0,2,0,1,0,0,0,0
"POINT (9.202560993000077 48.812033886000052)",Unfall 184875 (2019) Kat:3, Licht: 0,184875,3,6,2,12,08,1,0,0,0,1,0,0,0,0
"POINT (9.181323928000040 48.783104897000044)",Unfall 184894 (2019) Kat:3, Licht: 0,184894,3,6,0,11,13,7,0,0,0,1,0,0,0,1
"POINT (9.113833067000030 48.767211479000082)",Unfall 184895 (2019) Kat:2, Licht: 2,184895,2,3,5,11,20,7,0,2,0,1,0,1,0,0
"POINT (9.222978310000030 48.811284722000039)",Unfall 184910 (2019) Kat:3, Licht: 0,184910,3,2,5,11,11,6,1,0,0,1,0,0,0,0
"POINT (9.143063536000057 48.810300979000033)",Unfall 184938 (2019) Kat:3, Licht: 2,184938,3,2,5,11,17,6,1,2,0,1,0,0,0,0
"POINT (9.158716481000056 48.769157708000080)",Unfall 184981 (2019) Kat:3, Licht: 1,184981,3,6,2,11,16,5,1,1,0,1,0,0,0,0
"POINT (9.145207563000042 48.806352604000040)",Unfall 184998 (2019) Kat:3, Licht: 0,184998,3,7,6,11,10,4,0,0,0,1,1,0,0,0
"POINT (9.151159511000060 48.810016191000045)",Unfall 185021 (2019) Kat:3, Licht: 1,185021,3,6,2,11,16,4,0,1,0,1,0,0,0,0
"POINT (9.183138975000077 48.782383575000040)",Unfall 185022 (2019) Kat:3, Licht: 0,185022,3,6,3,11,15,4,0,0,0,1,0,1,0,0
"POINT (9.111207987000057 48.729014480000046)",Unfall 185023 (2019) Kat:3, Licht: 0,185023,3,4,6,11,09,4,0,0,0,1,1,0,0,0
"POINT (9.180869475000065 48.783293304000040)",Unfall 185042 (2019) Kat:3, Licht: 2,185042,3,6,0,12,16,4,1,2,0,1,0,0,0,1
"POINT (9.179222013000072 48.782290693000050)",Unfall 185043 (2019) Kat:2, Licht: 1,185043,2,4,6,12,19,4,1,1,0,1,1,0,0,0
"POINT (9.108853818000057 48.810839172000044)",Unfall 185044 (2019) Kat:3, Licht: 2,185044,3,2,6,12,17,4,0,2,0,1,1,0,0,0
"POINT (9.174383047000049 48.783975707000081)",Unfall 185096 (2019) Kat:3, Licht: 0,185096,3,3,5,12,12,3,0,0,1,1,0,0,0,0
"POINT (9.146525878000034 48.724868092000065)",Unfall 185097 (2019) Kat:3, Licht: 1,185097,3,3,5,12,17,3,0,1,0,1,0,0,0,0
"POINT (9.159543897000049 48.810593227000027)",Unfall 185098 (2019) Kat:3, Licht: 0,185098,3,2,6,12,15,3,0,0,0,0,1,0,0,1
"POINT (9.155086448000077 48.714384773000063)",Unfall 185099 (2019) Kat:3, Licht: 0,185099,3,4,6,12,07,3,0,0,1,0,1,0,0,0
"POINT (9.164243586000055 48.783660149000070)",Unfall 185135 (2019) Kat:3, Licht: 2,185135,3,7,4,12,16,2,1,2,1,1,0,0,0,0
"POINT (9.193636056000059 48.785370739000030)",Unfall 185136 (2019) Kat:3, Licht: 2,185136,3,4,6,12,17,2,1,2,0,1,1,0,0,0
"POINT (9.186138359000040 48.777652080000053)",Unfall 185137 (2019) Kat:3, Licht: 2,185137,3,2,5,12,19,2,1,2,1,1,0,0,0,0
"POINT (9.105869419000044 48.738986573000034)",Unfall 185138 (2019) Kat:3, Licht: 1,185138,3,3,5,12,07,2,1,1,1,1,0,0,0,0
"POINT (9.184934126000030 48.832752363000054)",Unfall 185139 (2019) Kat:3, Licht: 2,185139,3,3,5,12,18,2,1,2,0,1,0,0,0,0
"POINT (9.246402825000075 48.815130545000045)",Unfall 185140 (2019) Kat:2, Licht: 2,185140,2,2,5,12,18,2,0,2,1,1,0,0,0,0
"POINT (9.212020328000051 48.811360757000045)",Unfall 185141 (2019) Kat:3, Licht: 2,185141,3,4,6,12,17,2,1,2,0,1,1,0,0,0
"POINT (9.164437896000038 48.776913437000076)",Unfall 185142 (2019) Kat:3, Licht: 2,185142,3,2,6,12,17,2,1,2,0,1,1,0,0,0
"POINT (9.201147296000045 48.794242365000059)",Unfall 185190 (2019) Kat:3, Licht: 0,185190,3,3,5,12,09,7,0,0,0,1,0,0,0,1
"POINT (9.166042076000053 48.774200375000078)",Unfall 185191 (2019) Kat:3, Licht: 2,185191,3,1,1,12,23,7,0,2,0,1,0,0,0,1
"POINT (9.194899003000046 48.801681932000065)",Unfall 185192 (2019) Kat:3, Licht: 0,185192,3,1,4,12,14,7,1,0,0,1,0,0,0,0
"POINT (9.184117133000029 48.830263794000075)",Unfall 185231 (2019) Kat:3, Licht: 2,185231,3,4,6,12,17,6,0,2,0,1,1,0,0,0
"POINT (9.143356769000036 48.810298709000051)",Unfall 185232 (2019) Kat:3, Licht: 0,185232,3,6,2,12,14,6,0,0,0,1,0,0,0,0
"POINT (9.170236874000068 48.829152430000079)",Unfall 185233 (2019) Kat:3, Licht: 0,185233,3,3,5,12,08,6,0,0,0,1,0,0,0,0
"POINT (9.175841856000034 48.838303307000047)",Unfall 185275 (2019) Kat:3, Licht: 1,185275,3,6,2,12,07,5,0,1,0,1,0,0,0,0
"POINT (9.261510841000074 48.791757681000036)",Unfall 185276 (2019) Kat:3, Licht: 1,185276,3,1,0,12,08,5,2,1,0,0,0,1,0,0
"POINT (9.213719904000072 48.788892022000027)",Unfall 185324 (2019) Kat:3, Licht: 2,185324,3,6,2,12,16,4,1,2,0,1,0,0,0,0
"POINT (9.181681623000031 48.782966181000063)",Unfall 185325 (2019) Kat:3, Licht: 0,185325,3,2,5,12,10,4,1,0,0,1,0,0,0,1
"POINT (9.158559249000064 48.760344254000074)",Unfall 185326 (2019) Kat:2, Licht: 2,185326,2,6,2,12,17,4,0,2,0,1,0,0,0,0
"POINT (9.151453178000054 48.774923412000078)",Unfall 185365 (2019) Kat:2, Licht: 2,185365,2,4,6,12,18,3,0,2,0,0,1,0,0,1
"POINT (9.224954877000073 48.802972340000053)",Unfall 185366 (2019) Kat:3, Licht: 2,185366,3,4,6,12,19,3,0,2,0,1,1,0,0,0
"POINT (9.180897273000028 48.783281780000038)",Unfall 185413 (2019) Kat:3, Licht: 0,185413,3,6,3,12,10,2,0,0,0,1,0,0,0,1
"POINT (9.171185713000057 48.768442998000069)",Unfall 185414 (2019) Kat:3, Licht: 0,185414,3,3,5,12,11,2,0,0,1,0,0,0,0,1
"POINT (9.087340677000043 48.809798243000046)",Unfall 185447 (2019) Kat:2, Licht: 2,185447,2,2,5,12,17,7,0,2,0,1,0,0,0,0
"POINT (9.168740041000035 48.782603769000048)",Unfall 185448 (2019) Kat:3, Licht: 1,185448,3,6,3,12,16,7,0,1,0,1,0,0,0,1
"POINT (9.179132410000022 48.782184619000077)",Unfall 185449 (2019) Kat:3, Licht: 2,185449,3,6,2,12,20,7,1,2,0,1,0,0,0,0
"POINT (9.228596520000053 48.844993587000033)",Unfall 185498 (2019) Kat:3, Licht: 0,185498,3,3,5,12,11,6,0,0,0,1,0,0,0,0
"POINT (9.221047356000042 48.755965134000064)",Unfall 185499 (2019) Kat:3, Licht: 2,185499,3,7,3,12,22,6,1,2,0,1,0,1,0,0
"POINT (9.165510218000065 48.774017370000081)",Unfall 185500 (2019) Kat:3, Licht: 0,185500,3,2,5,12,11,6,1,0,0,1,0,0,0,1
"POINT (9.177351612000052 48.747652749000054)",Unfall 185501 (2019) Kat:3, Licht: 0,185501,3,1,9,12,16,6,1,0,1,0,0,0,0,0
"POINT (9.141469647000065 48.780432682000026)",Unfall 185502 (2019) Kat:3, Licht: 0,185502,3,1,6,12,08,6,2,0,0,1,1,0,0,0
"POINT (9.157837105000056 48.762226294000072)",Unfall 185503 (2019) Kat:3, Licht: 0,185503,3,7,0,12,12,6,1,0,0,0,0,1,0,0
"POINT (9.219782759000054 48.802657868000040)",Unfall 185541 (2019) Kat:3, Licht: 2,185541,3,2,5,12,18,5,0,2,1,1,0,0,0,0
"POINT (9.248504817000026 48.768844669000032)",Unfall 185542 (2019) Kat:3, Licht: 0,185542,3,6,3,12,16,5,1,0,0,1,0,0,0,0
"POINT (9.193413654000040 48.799267693000047)",Unfall 185602 (2019) Kat:3, Licht: 0,185602,3,3,5,12,11,3,0,0,0,1,0,0,0,1
"POINT (9.217631968000035 48.801892029000044)",Unfall 185603 (2019) Kat:3, Licht: 0,185603,3,4,6,12,12,3,0,0,0,1,1,0,0,0
"POINT (9.229876419000050 48.842971795000039)",Unfall 185604 (2019) Kat:3, Licht: 0,185604,3,6,2,12,14,3,0,0,0,1,0,0,0,0
"POINT (9.182339168000056 48.792197195000028)",Unfall 185605 (2019) Kat:3, Licht: 0,185605,3,7,0,12,16,3,2,0,1,0,0,0,0,0
"POINT (9.212388861000022 48.806221530000073)",Unfall 185627 (2019) Kat:3, Licht: 0,185627,3,7,0,12,13,2,0,0,0,0,0,1,0,0
"POINT (9.223710910000023 48.800494270000058)",Unfall 185628 (2019) Kat:3, Licht: 0,185628,3,6,2,12,14,2,0,0,0,1,0,1,0,0
"POINT (9.207590213000060 48.785967268000036)",Unfall 185629 (2019) Kat:3, Licht: 0,185629,3,3,5,12,09,2,0,0,1,1,0,0,0,0
"POINT (9.176510464000046 48.771252808000042)",Unfall 185630 (2019) Kat:2, Licht: 2,185630,2,1,0,12,01,2,0,2,0,0,0,0,0,1
"POINT (9.244361212000058 48.802976898000054)",Unfall 185652 (2019) Kat:3, Licht: 2,185652,3,7,0,12,17,7,0,2,0,0,0,0,0,1
"POINT (9.230790585000023 48.779855656000052)",Unfall 185691 (2019) Kat:3, Licht: 0,185691,3,2,5,12,15,3,1,0,0,1,0,0,0,1