WKT,Name,OBJECTID,UKATEGORIE,UTYP1,UART,UMONAT,USTUNDE,UWOCHENTAG,STRZUSTAND,ULICHTVERH,ISTRAD,ISTPKW,ISTFUSS,ISTKRAD,ISTGKFZ,ISTSONSTIG
"POINT (9.160627435000038 48.782159442000079)",Unfall 185714 (2019) Kat:3, Licht: 0,185714,3,6,2,12,10,2,1,0,0,1,0,0,0,1
"POINT (9.186836736000032 48.815822026000035)",Unfall 185715 (2019) Kat:3, Licht: 2,185715,3,5,1,12,16,2,1,2,0,1,0,0,0,0
"POINT (9.187746600000025 48.834242453000059)",Unfall 185716 (2019) Kat:3, Licht: 2,185716,3,5,1,12,19,2,1,2,0,1,0,1,0,0
"POINT (9.197398452000073 48.789363045000073)",Unfall 185717 (2019) Kat:3, Licht: 0,185717,3,6,2,12,11,2,1,0,0,1,0,0,0,0
"POINT (9.178332811000075 48.773506467000061)",Unfall 185718 (2019) Kat:3, Licht: 0,185718,3,6,2,12,10,2,1,0,1,1,0,0,0,0
"POINT (9.168047645000058 48.764740509000035)",Unfall 185788 (2019) Kat:2, Licht: 2,185788,2,6,2,12,18,6,1,2,1,1,0,0,0,0
"POINT (9.264762088000055 48.767571141000076)",Unfall 185826 (2019) Kat:3, Licht: 2,185826,3,1,9,12,05,5,1,2,0,1,0,0,0,0
"POINT (9.210149347000026 48.821125712000025)",Unfall 185827 (2019) Kat:3, Licht: 0,185827,3,6,2,12,14,5,0,0,0,1,0,0,0,0
"POINT (9.173252864000062 48.770913571000051)",Unfall 185828 (2019) Kat:3, Licht: 1,185828,3,4,6,12,07,5,0,1,0,1,1,0,0,0
"POINT (9.150097335000055 48.786532200000067)",Unfall 4928 (2020) Kat:3, Licht: 1,4928,3,7,1,01,07,4,0,1,0,1,0,0,0,0
"POINT (9.094596667000076 48.713455596000074)",Unfall 5148 (2020) Kat:3, Licht: 0,5148,3,6,9,01,14,5,0,0,0,1,0,0,0,0
"POINT (9.235968370000023 48.806603845000041)",Unfall 5592 (2020) Kat:3, Licht: 2,5592,3,6,2,01,17,6,1,2,0,1,0,0,0,0
"POINT (9.229864778000035 48.809903872000064)",Unfall 6402 (2020) Kat:3, Licht: 0,6402,3,6,3,01,10,5,0,0,0,1,0,0,1,0
"POINT (9.071606604000067 48.726773229000059)",Unfall 6409 (2020) Kat:3, Licht: 0,6409,3,1,9,01,15,2,1,0,0,1,0,0,0,0
"POINT (9.123408269000038 48.708477123000080)",Unfall 6488 (2020) Kat:3, Licht: 0,6488,3,6,2,01,13,6,0,0,0,1,0,0,0,0
"POINT (9.088333045000070 48.714934869000047)",Unfall 6489 (2020) Kat:3, Licht: 1,6489,3,6,2,01,07,6,0,1,0,1,0,0,0,0
"POINT (9.169607431000031 48.764877956000078)",Unfall 6548 (2020) Kat:3, Licht: 1,6548,3,7,6,01,16,5,0,1,0,1,0,0,0,1
"POINT (9.201866891000066 48.776269289000027)",Unfall 6549 (2020) Kat:3, Licht: 0,6549,3,6,2,01,11,5,1,0,0,1,0,0,0,0
"POINT (9.163965169000051 48.796881882000037)",Unfall 6583 (2020) Kat:3, Licht: 0,6583,3,7,0,01,14,4,0,0,0,1,0,1,0,0
"POINT (9.160192605000077 48.811964679000027)",Unfall 6630 (2020) Kat:3, Licht: 0,6630,3,4,6,01,14,3,1,0,0,1,1,0,0,0
"POINT (9.165865407000069 48.722458953000057)",Unfall 6631 (2020) Kat:3, Licht: 0,6631,3,6,2,01,08,3,1,0,0,1,0,0,0,0
"POINT (9.228386746000069 48.785862354000074)",Unfall 6632 (2020) Kat:3, Licht: 1,6632,3,6,2,01,07,3,1,1,0,1,0,0,0,0
"POINT (9.187336441000070 48.772137745000066)",Unfall 6656 (2020) Kat:3, Licht: 2,6656,3,6,2,01,21,2,0,2,0,1,0,0,0,0
"POINT (9.175427631000048 48.770292415000029)",Unfall 6657 (2020) Kat:3, Licht: 2,6657,3,7,3,01,21,2,0,2,0,1,0,0,0,0
"POINT (9.186497337000048 48.781370094000067)",Unfall 6700 (2020) Kat:3, Licht: 2,6700,3,3,5,01,22,1,1,2,0,1,0,0,0,0
"POINT (9.184662482000022 48.809006298000043)",Unfall 6741 (2020) Kat:3, Licht: 2,6741,3,3,5,01,17,7,1,2,0,1,0,0,0,0
"POINT (9.210821722000048 48.805672098000059)",Unfall 6742 (2020) Kat:3, Licht: 2,6742,3,7,8,01,23,7,0,2,0,1,0,0,0,0
"POINT (9.216501936000043 48.793830100000037)",Unfall 6743 (2020) Kat:3, Licht: 2,6743,3,6,2,01,23,7,0,2,0,1,0,0,0,0
"POINT (9.109832899000026 48.729845437000051)",Unfall 6744 (2020) Kat:3, Licht: 2,6744,3,2,5,01,18,7,0,2,1,1,0,0,0,0
"POINT (9.241658479000023 48.790256397000064)",Unfall 6802 (2020) Kat:3, Licht: 0,6802,3,6,2,01,14,6,0,0,0,1,0,0,0,0
"POINT (9.186315078000064 48.780502776000048)",Unfall 6803 (2020) Kat:3, Licht: 2,6803,3,2,5,01,17,6,1,2,1,1,0,0,0,0
"POINT (9.096954435000043 48.836630665000030)",Unfall 6850 (2020) Kat:2, Licht: 0,6850,2,6,2,01,13,5,0,0,0,0,0,0,1,0
"POINT (9.110200522000071 48.808353408000073)",Unfall 6860 (2020) Kat:3, Licht: 2,6860,3,6,2,01,17,5,0,2,0,1,0,0,0,1
"POINT (9.175532142000066 48.819421715000033)",Unfall 6861 (2020) Kat:3, Licht: 2,6861,3,6,2,01,18,5,0,2,0,1,0,0,0,0
"POINT (9.114795365000020 48.808023472000059)",Unfall 6862 (2020) Kat:3, Licht: 0,6862,3,6,2,01,10,5,0,0,0,1,0,0,1,0
"POINT (9.170306167000035 48.749619853000070)",Unfall 6904 (2020) Kat:3, Licht: 0,6904,3,3,5,01,13,4,0,0,1,0,0,0,0,1
"POINT (9.231069459000025 48.785689561000027)",Unfall 6905 (2020) Kat:3, Licht: 0,6905,3,6,2,01,16,4,0,0,0,1,0,0,0,0
"POINT (9.178741813000045 48.784189389000062)",Unfall 6906 (2020) Kat:2, Licht: 0,6906,2,2,0,01,15,4,0,0,0,1,0,0,0,1
"POINT (9.182553916000074 48.775756109000042)",Unfall 6967 (2020) Kat:3, Licht: 1,6967,3,6,3,01,17,3,0,1,0,1,0,0,0,1
"POINT (9.201048731000071 48.780203133000043)",Unfall 6968 (2020) Kat:3, Licht: 0,6968,3,6,2,01,16,3,0,0,0,1,0,0,0,0
"POINT (9.167033778000075 48.772892842000033)",Unfall 6969 (2020) Kat:3, Licht: 0,6969,3,3,0,01,13,3,0,0,0,1,0,0,0,1
"POINT (9.213130397000043 48.784458962000031)",Unfall 7032 (2020) Kat:2, Licht: 0,7032,2,3,5,01,09,2,0,0,1,0,0,0,0,1
"POINT (9.186838977000036 48.781291880000026)",Unfall 7033 (2020) Kat:2, Licht: 1,7033,2,4,6,01,07,2,0,1,0,1,1,0,0,0
"POINT (9.234542559000033 48.737746160000029)",Unfall 7035 (2020) Kat:3, Licht: 2,7035,3,3,5,01,19,2,0,2,0,1,0,0,0,0
"POINT (9.215394864000075 48.802354765000075)",Unfall 7036 (2020) Kat:2, Licht: 2,7036,2,4,6,01,00,2,0,2,0,1,1,0,0,0
"POINT (9.143400633000056 48.754178262000039)",Unfall 7067 (2020) Kat:3, Licht: 0,7067,3,6,2,01,17,1,0,0,0,1,0,0,0,0
"POINT (9.160619242000053 48.812209255000027)",Unfall 7104 (2020) Kat:3, Licht: 0,7104,3,3,5,01,10,3,1,0,0,1,0,0,0,0
"POINT (9.191212597000060 48.697944602000064)",Unfall 7106 (2020) Kat:3, Licht: 2,7106,3,2,5,01,19,7,1,2,0,1,0,0,0,0
"POINT (9.173986690000049 48.811361996000073)",Unfall 7108 (2020) Kat:3, Licht: 2,7108,3,7,0,01,06,3,1,2,0,0,0,1,0,0
"POINT (9.173559423000029 48.811514948000081)",Unfall 7110 (2020) Kat:3, Licht: 2,7110,3,3,2,01,05,3,1,2,0,1,0,1,0,0
"POINT (9.097581385000069 48.818626188000053)",Unfall 7161 (2020) Kat:3, Licht: 0,7161,3,2,3,01,14,6,0,0,0,1,0,0,1,0
"POINT (9.201631283000040 48.787470718000066)",Unfall 7162 (2020) Kat:2, Licht: 2,7162,2,1,0,01,21,6,0,2,0,0,0,0,0,1
"POINT (9.150222090000057 48.728688341000066)",Unfall 7163 (2020) Kat:3, Licht: 0,7163,3,6,2,01,13,6,0,0,0,1,0,0,0,0
"POINT (9.214752689000022 48.795429508000041)",Unfall 7198 (2020) Kat:3, Licht: 0,7198,3,6,3,01,10,5,0,0,0,1,0,0,1,0
"POINT (9.151116784000067 48.787529952000057)",Unfall 7199 (2020) Kat:3, Licht: 2,7199,3,4,6,01,17,5,0,2,0,1,1,0,0,0
"POINT (9.249704879000035 48.782068394000078)",Unfall 7201 (2020) Kat:3, Licht: 0,7201,3,7,3,01,16,5,0,0,0,1,0,0,0,0
"POINT (9.172190671000067 48.775755984000057)",Unfall 7202 (2020) Kat:3, Licht: 0,7202,3,6,2,01,15,5,0,0,0,1,0,0,0,0
"POINT (9.169220109000037 48.740335465000044)",Unfall 7247 (2020) Kat:3, Licht: 2,7247,3,3,5,01,18,4,1,2,0,1,0,0,0,0
"POINT (9.085376555000039 48.821811904000072)",Unfall 7248 (2020) Kat:3, Licht: 2,7248,3,6,2,01,17,4,1,2,0,1,0,0,0,0
"POINT (9.130011344000025 48.709110592000059)",Unfall 7303 (2020) Kat:3, Licht: 0,7303,3,6,3,01,15,3,0,0,0,1,0,0,1,0
"POINT (9.157582357000024 48.832364103000032)",Unfall 7311 (2020) Kat:3, Licht: 0,7311,3,6,2,01,13,3,0,0,0,1,0,0,0,0
"POINT (9.223935091000044 48.736293414000045)",Unfall 7312 (2020) Kat:2, Licht: 1,7312,2,7,6,01,07,3,1,1,0,1,1,0,0,0
"POINT (9.181744674000072 48.776960338000038)",Unfall 7313 (2020) Kat:3, Licht: 0,7313,3,6,2,01,10,3,0,0,0,1,0,0,0,0
"POINT (9.174600619000046 48.820631112000058)",Unfall 7370 (2020) Kat:3, Licht: 2,7370,3,6,2,01,06,2,0,2,0,1,0,0,0,0
"POINT (9.214697575000059 48.795485623000047)",Unfall 7371 (2020) Kat:3, Licht: 0,7371,3,6,3,01,08,2,0,0,0,1,0,0,1,0
"POINT (9.145140419000029 48.767307437000056)",Unfall 7413 (2020) Kat:3, Licht: 0,7413,3,6,4,02,08,2,1,0,0,1,0,0,0,0
"POINT (9.168935056000066 48.814870413000051)",Unfall 7414 (2020) Kat:3, Licht: 0,7414,3,6,3,02,14,2,1,0,0,1,0,0,0,0
"POINT (9.133016316000067 48.776867572000072)",Unfall 7415 (2020) Kat:3, Licht: 2,7415,3,3,5,02,17,2,1,2,0,1,0,0,0,0
"POINT (9.203609242000027 48.790666055000031)",Unfall 7416 (2020) Kat:2, Licht: 2,7416,2,7,6,02,06,2,1,2,0,1,1,0,0,0
"POINT (9.173959922000051 48.821350238000036)",Unfall 7417 (2020) Kat:3, Licht: 1,7417,3,7,3,02,06,2,1,1,0,1,0,0,0,0
"POINT (9.178857227000037 48.784028893000027)",Unfall 7418 (2020) Kat:3, Licht: 1,7418,3,6,2,02,07,2,1,1,0,1,0,0,0,0
"POINT (9.219360750000021 48.693031220000080)",Unfall 7485 (2020) Kat:3, Licht: 0,7485,3,6,3,02,12,7,0,0,0,1,0,0,0,1
"POINT (9.150944522000032 48.787233653000044)",Unfall 7487 (2020) Kat:3, Licht: 0,7487,3,3,5,02,11,7,0,0,0,1,0,0,0,0
"POINT (9.198616052000034 48.807126247000042)",Unfall 7488 (2020) Kat:3, Licht: 0,7488,3,6,2,02,12,7,0,0,0,1,0,0,0,1
"POINT (9.205016310000076 48.796731380000040)",Unfall 7489 (2020) Kat:3, Licht: 2,7489,3,6,3,02,18,7,1,2,0,1,0,1,0,0
"POINT (9.232163517000060 48.784430187000055)",Unfall 7490 (2020) Kat:3, Licht: 0,7490,3,1,8,02,15,7,1,0,0,1,0,0,0,0
"POINT (9.102821602000063 48.730006323000055)",Unfall 7491 (2020) Kat:3, Licht: 2,7491,3,6,2,02,19,7,1,2,0,1,0,0,0,0
"POINT (9.186190045000046 48.755066792000036)",Unfall 7492 (2020) Kat:3, Licht: 0,7492,3,6,2,02,11,7,0,0,0,1,0,0,0,1
"POINT (9.160489075000044 48.812121255000079)",Unfall 7537 (2020) Kat:3, Licht: 0,7537,3,2,3,01,13,6,0,0,0,1,0,1,0,0
"POINT (9.203679844000021 48.710568728000055)",Unfall 7538 (2020) Kat:3, Licht: 0,7538,3,3,5,01,08,6,1,0,1,1,0,0,0,0
"POINT (9.188946432000023 48.807452547000025)",Unfall 7539 (2020) Kat:3, Licht: 0,7539,3,6,2,01,11,6,1,0,0,1,0,0,0,0
"POINT (9.227451488000042 48.741273018000072)",Unfall 7590 (2020) Kat:3, Licht: 0,7590,3,3,5,01,11,5,1,0,0,1,0,0,0,0
"POINT (9.239659450000033 48.817411648000075)",Unfall 7591 (2020) Kat:3, Licht: 0,7591,3,3,5,01,11,5,0,0,0,1,0,0,0,0
"POINT (9.159793158000070 48.771036831000060)",Unfall 7592 (2020) Kat:3, Licht: 2,7592,3,2,5,01,22,5,0,2,0,1,0,0,0,0
"POINT (9.235478754000042 48.782474837000052)",Unfall 7593 (2020) Kat:3, Licht: 2,7593,3,6,2,01,18,5,1,2,0,1,0,0,0,0
"POINT (9.162162694000074 48.722924710000029)",Unfall 7594 (2020) Kat:3, Licht: 2,7594,3,6,2,01,19,5,1,2,0,1,0,0,0,0
"POINT (9.229366397000035 48.812361955000029)",Unfall 7634 (2020) Kat:3, Licht: 0,7634,3,6,2,01,08,4,1,0,0,1,0,0,0,0
"POINT (9.191348875000074 48.788522158000035)",Unfall 7635 (2020) Kat:2, Licht: 0,7635,2,6,2,01,11,4,0,0,0,1,0,0,0,0
"POINT (9.215927594000050 48.794233244000054)",Unfall 7636 (2020) Kat:3, Licht: 0,7636,3,7,2,01,12,4,0,0,0,1,0,0,0,0
"POINT (9.214861838000047 48.802219449000063)",Unfall 7690 (2020) Kat:3, Licht: 0,7690,3,3,5,02,16,1,0,0,1,1,0,0,0,0
"POINT (9.139383671000076 48.811053272000038)",Unfall 7691 (2020) Kat:3, Licht: 2,7691,3,6,4,02,23,1,0,2,0,1,0,0,0,0
"POINT (9.215547857000047 48.802433848000078)",Unfall 7692 (2020) Kat:3, Licht: 2,7692,3,6,2,02,19,1,0,2,0,1,0,0,0,0
"POINT (9.169577773000071 48.749282261000076)",Unfall 7735 (2020) Kat:3, Licht: 0,7735,3,3,5,02,16,7,0,0,0,1,0,0,0,0
"POINT (9.165941071000077 48.834304865000036)",Unfall 7736 (2020) Kat:3, Licht: 0,7736,3,6,2,02,13,7,0,0,0,1,0,0,0,0
"POINT (9.169850063000069 48.773696336000057)",Unfall 7791 (2020) Kat:3, Licht: 0,7791,3,3,5,02,13,6,0,0,0,1,0,0,0,0
"POINT (9.148098511000057 48.842038359000071)",Unfall 7792 (2020) Kat:2, Licht: 2,7792,2,4,6,02,23,6,0,2,0,1,1,0,0,0
"POINT (9.149204325000028 48.770525152000062)",Unfall 7793 (2020) Kat:3, Licht: 0,7793,3,5,1,02,13,6,0,0,0,1,0,0,0,0
"POINT (9.186034482000025 48.754985854000040)",Unfall 7843 (2020) Kat:2, Licht: 0,7843,2,6,2,02,11,5,0,0,0,0,0,1,0,1
"POINT (9.240125382000031 48.791065457000059)",Unfall 7844 (2020) Kat:3, Licht: 0,7844,3,1,9,02,14,5,0,0,0,1,0,0,0,0
"POINT (9.178732484000022 48.784181054000044)",Unfall 7845 (2020) Kat:3, Licht: 0,7845,3,3,5,02,13,5,0,0,0,1,0,0,0,0
"POINT (9.162160582000070 48.739911418000077)",Unfall 7846 (2020) Kat:2, Licht: 2,7846,2,1,8,02,03,5,0,2,0,1,0,0,0,0
"POINT (9.186969477000048 48.781351430000029)",Unfall 7880 (2020) Kat:3, Licht: 0,7880,3,6,2,02,15,4,0,0,0,1,0,0,0,0
"POINT (9.187201202000040 48.781823882000026)",Unfall 7881 (2020) Kat:3, Licht: 0,7881,3,3,5,02,14,4,0,0,0,0,0,0,0,1
"POINT (9.123447109000040 48.708478508000042)",Unfall 7925 (2020) Kat:3, Licht: 2,7925,3,3,5,02,07,3,1,2,0,1,0,0,1,0
"POINT (9.163032728000076 48.746430023000073)",Unfall 7932 (2020) Kat:3, Licht: 0,7932,3,6,0,02,09,3,0,0,0,0,0,0,0,1
"POINT (9.209402332000025 48.806136492000064)",Unfall 7962 (2020) Kat:3, Licht: 2,7962,3,3,5,02,21,1,0,2,0,1,0,0,0,0
"POINT (9.174129123000057 48.821160328000076)",Unfall 7995 (2020) Kat:3, Licht: 2,7995,3,7,8,02,01,7,0,2,0,1,0,0,0,0
"POINT (9.177516820000051 48.816039251000063)",Unfall 7996 (2020) Kat:3, Licht: 2,7996,3,6,2,02,22,7,0,2,0,1,0,0,0,0
"POINT (9.173805190000053 48.777138149000052)",Unfall 7997 (2020) Kat:3, Licht: 0,7997,3,7,2,02,13,7,0,0,0,1,0,0,0,0
"POINT (9.205648333000056 48.703303192000078)",Unfall 8047 (2020) Kat:3, Licht: 0,8047,3,6,2,02,15,6,0,0,0,1,0,0,0,0
"POINT (9.106011822000028 48.820233984000026)",Unfall 8048 (2020) Kat:2, Licht: 1,8048,2,4,6,02,07,6,1,1,0,1,1,0,0,0
"POINT (9.181589382000027 48.777012372000058)",Unfall 8113 (2020) Kat:3, Licht: 0,8113,3,6,2,02,09,5,0,0,0,1,0,0,0,0
"POINT (9.179092096000034 48.784464474000060)",Unfall 8115 (2020) Kat:3, Licht: 2,8115,3,6,2,02,17,5,1,2,0,1,0,0,0,0
"POINT (9.131794137000043 48.779417079000041)",Unfall 8116 (2020) Kat:3, Licht: 2,8116,3,4,6,02,18,5,1,2,0,1,1,0,0,0
"POINT (9.153884713000025 48.801759444000027)",Unfall 8171 (2020) Kat:3, Licht: 0,8171,3,6,2,02,07,4,0,0,0,1,0,0,0,0
"POINT (9.174118752000027 48.769418950000045)",Unfall 8172 (2020) Kat:3, Licht: 0,8172,3,6,2,02,14,4,1,0,0,1,0,0,1,0
"POINT (9.215372130000048 48.802343013000041)",Unfall 8173 (2020) Kat:3, Licht: 2,8173,3,6,0,02,18,4,1,2,1,1,0,0,0,0
"POINT (9.155588941000076 48.707860219000054)",Unfall 8183 (2020) Kat:3, Licht: 2,8183,3,6,3,02,05,2,1,2,0,1,0,0,1,0
"POINT (9.177227978000076 48.816468591000046)",Unfall 8208 (2020) Kat:3, Licht: 0,8208,3,6,3,02,14,2,1,0,0,1,0,0,0,0
"POINT (9.182707771000025 48.797917595000058)",Unfall 8222 (2020) Kat:3, Licht: 0,8222,3,6,2,02,15,2,1,0,0,1,0,0,0,0
"POINT (9.182289826000044 48.766527589000077)",Unfall 8230 (2020) Kat:3, Licht: 2,8230,3,6,2,02,17,3,0,2,0,1,0,0,0,0
"POINT (9.159086091000063 48.811312503000067)",Unfall 8232 (2020) Kat:3, Licht: 1,8232,3,2,6,02,07,3,1,1,0,1,1,0,0,0
"POINT (9.163960516000032 48.796879348000061)",Unfall 8285 (2020) Kat:3, Licht: 0,8285,3,3,5,02,12,2,0,0,0,1,0,0,0,0
"POINT (9.170834267000032 48.774291668000046)",Unfall 8306 (2020) Kat:3, Licht: 0,8306,3,7,1,02,08,5,1,0,0,0,0,0,1,1
"POINT (9.175883573000021 48.818507953000051)",Unfall 8309 (2020) Kat:3, Licht: 0,8309,3,3,0,02,11,5,0,0,1,1,0,0,0,0
"POINT (9.181132479000041 48.811736136000036)",Unfall 8382 (2020) Kat:2, Licht: 2,8382,2,7,9,02,01,2,1,2,0,1,0,0,0,0
"POINT (9.156459130000030 48.770170543000063)",Unfall 8384 (2020) Kat:3, Licht: 2,8384,3,3,5,02,18,2,0,2,0,1,0,1,0,0
"POINT (9.216782651000074 48.803045077000036)",Unfall 8385 (2020) Kat:3, Licht: 0,8385,3,6,2,02,12,2,0,0,0,1,0,0,0,1
"POINT (9.218449113000077 48.791801200000066)",Unfall 8386 (2020) Kat:3, Licht: 2,8386,3,6,2,02,05,2,1,2,0,1,0,0,0,0
"POINT (9.141547638000077 48.839951957000039)",Unfall 8455 (2020) Kat:2, Licht: 0,8455,2,2,5,02,10,7,0,0,0,1,0,0,0,0
"POINT (9.134236538000039 48.764285843000039)",Unfall 8456 (2020) Kat:3, Licht: 0,8456,3,6,2,02,08,7,0,0,0,1,0,0,0,0
"POINT (9.169460174000051 48.761656221000067)",Unfall 8505 (2020) Kat:3, Licht: 0,8505,3,6,2,02,14,6,0,0,0,1,0,0,0,0
"POINT (9.249144896000075 48.756223629000033)",Unfall 8508 (2020) Kat:3, Licht: 0,8508,3,6,2,02,13,6,0,0,0,1,0,0,0,0
"POINT (9.185668016000022 48.774376935000078)",Unfall 8624 (2020) Kat:3, Licht: 0,8624,3,4,0,02,18,4,0,0,0,0,1,0,0,1
"POINT (9.173204312000053 48.801303416000053)",Unfall 8628 (2020) Kat:3, Licht: 2,8628,3,7,3,02,19,4,0,2,0,1,0,0,0,0
"POINT (9.169816438000055 48.748729861000072)",Unfall 8632 (2020) Kat:3, Licht: 2,8632,3,4,6,02,18,4,1,2,0,1,1,0,0,0
"POINT (9.173987919000069 48.821546242000068)",Unfall 8638 (2020) Kat:3, Licht: 0,8638,3,6,2,02,13,3,0,0,0,1,0,0,1,0
"POINT (9.174969489000034 48.822935961000042)",Unfall 8639 (2020) Kat:3, Licht: 0,8639,3,6,2,02,12,3,0,0,0,1,0,0,0,0
"POINT (9.174330902000065 48.769403089000036)",Unfall 8640 (2020) Kat:3, Licht: 2,8640,3,3,5,02,18,4,1,2,0,1,0,0,0,0
"POINT (9.166199881000068 48.722418480000044)",Unfall 8641 (2020) Kat:3, Licht: 2,8641,3,3,5,02,06,3,1,2,0,1,0,0,0,0
"POINT (9.182193796000036 48.810500729000069)",Unfall 8697 (2020) Kat:3, Licht: 0,8697,3,6,2,03,14,4,0,0,0,1,0,0,0,0
"POINT (9.162450101000047 48.830317821000051)",Unfall 8698 (2020) Kat:3, Licht: 0,8698,3,6,2,03,12,4,0,0,0,1,0,0,0,0
"POINT (9.213166430000058 48.784480651000081)",Unfall 8699 (2020) Kat:3, Licht: 0,8699,3,3,5,03,08,4,0,0,1,1,0,0,0,0
"POINT (9.185323768000046 48.774366597000039)",Unfall 8765 (2020) Kat:2, Licht: 2,8765,2,4,6,03,06,3,1,2,0,1,1,0,0,0
"POINT (9.215257289000022 48.794915742000057)",Unfall 8766 (2020) Kat:3, Licht: 0,8766,3,6,3,03,09,3,0,0,0,1,0,0,1,0
"POINT (9.177344922000032 48.807530914000040)",Unfall 8769 (2020) Kat:3, Licht: 1,8769,3,3,5,03,18,3,0,1,0,1,0,0,0,0
"POINT (9.209214544000076 48.806106187000069)",Unfall 8771 (2020) Kat:3, Licht: 2,8771,3,6,2,03,05,3,0,2,0,0,0,0,1,0
"POINT (9.156012676000046 48.848261483000044)",Unfall 8835 (2020) Kat:3, Licht: 2,8835,3,1,8,03,23,2,1,2,0,1,0,0,0,0
"POINT (9.141078493000066 48.766121745000078)",Unfall 8836 (2020) Kat:3, Licht: 2,8836,3,6,2,03,17,2,1,2,0,1,0,0,0,0
"POINT (9.169718043000046 48.773761094000065)",Unfall 8838 (2020) Kat:3, Licht: 0,8838,3,7,0,03,10,2,1,0,0,0,0,1,0,1
"POINT (9.204617060000032 48.712897033000047)",Unfall 8839 (2020) Kat:2, Licht: 1,8839,2,4,6,03,18,2,1,1,0,1,1,0,0,0
"POINT (9.169736615000034 48.763734247000059)",Unfall 8840 (2020) Kat:3, Licht: 2,8840,3,6,2,03,20,2,1,2,0,1,0,0,0,0
"POINT (9.181375783000021 48.811342462000027)",Unfall 8870 (2020) Kat:3, Licht: 2,8870,3,6,3,03,00,1,0,2,0,1,0,0,0,0
"POINT (9.191652394000073 48.788842214000056)",Unfall 8871 (2020) Kat:3, Licht: 0,8871,3,6,2,03,16,1,0,0,0,1,0,0,0,0
"POINT (9.216532216000076 48.802951969000048)",Unfall 8872 (2020) Kat:3, Licht: 2,8872,3,6,2,03,21,1,0,2,0,1,0,0,0,0
"POINT (9.102194514000075 48.711658943000032)",Unfall 8917 (2020) Kat:3, Licht: 0,8917,3,6,2,02,17,7,1,0,0,1,0,0,0,0
"POINT (9.163279438000075 48.771940182000037)",Unfall 8918 (2020) Kat:3, Licht: 2,8918,3,2,5,02,00,7,1,2,0,1,0,1,0,0
"POINT (9.181147769000063 48.791921983000066)",Unfall 8920 (2020) Kat:3, Licht: 0,8920,3,1,0,03,09,6,1,0,0,0,0,1,0,0
"POINT (9.103025541000022 48.729980922000038)",Unfall 8921 (2020) Kat:2, Licht: 0,8921,2,2,6,02,11,7,0,0,0,1,1,0,0,0
"POINT (9.133971113000030 48.774333554000066)",Unfall 8922 (2020) Kat:3, Licht: 0,8922,3,7,8,02,13,7,0,0,0,1,0,0,0,0
"POINT (9.152315748000035 48.834691560000067)",Unfall 8983 (2020) Kat:3, Licht: 0,8983,3,6,3,03,13,6,1,0,0,1,0,1,0,0
"POINT (9.216291181000031 48.802832540000054)",Unfall 8988 (2020) Kat:3, Licht: 0,8988,3,4,6,03,09,6,0,0,0,1,1,0,0,0
"POINT (9.133317467000040 48.779571043000033)",Unfall 9000 (2020) Kat:3, Licht: 0,9000,3,3,5,03,15,6,1,0,0,1,0,0,0,0
"POINT (9.250947535000023 48.757017961000031)",Unfall 9004 (2020) Kat:2, Licht: 0,9004,2,4,6,02,16,6,0,0,0,1,1,0,0,0
"POINT (9.133120651000070 48.786403523000047)",Unfall 9005 (2020) Kat:3, Licht: 2,9005,3,6,2,02,19,6,0,2,0,1,0,0,0,1
"POINT (9.156439706000072 48.770165496000061)",Unfall 9006 (2020) Kat:3, Licht: 0,9006,3,3,5,02,12,6,0,0,0,1,0,0,0,0
"POINT (9.139574559000039 48.727742597000031)",Unfall 9007 (2020) Kat:3, Licht: 0,9007,3,2,5,02,14,6,0,0,0,1,0,0,0,0
"POINT (9.182610019000038 48.776139593000039)",Unfall 9049 (2020) Kat:3, Licht: 2,9049,3,6,2,03,18,5,1,2,0,1,0,0,0,0
"POINT (9.154065324000044 48.810109076000060)",Unfall 9062 (2020) Kat:3, Licht: 0,9062,3,3,5,03,14,5,1,0,0,1,0,1,0,0
"POINT (9.238533323000070 48.789245824000034)",Unfall 9063 (2020) Kat:3, Licht: 0,9063,3,6,2,03,14,6,1,0,0,1,0,0,0,0
"POINT (9.104970026000046 48.807013516000040)",Unfall 9131 (2020) Kat:3, Licht: 0,9131,3,3,5,03,15,6,0,0,0,1,0,0,0,0
"POINT (9.128934807000064 48.779019326000025)",Unfall 9135 (2020) Kat:2, Licht: 0,9135,2,4,6,03,17,6,0,0,0,1,1,0,0,0
"POINT (9.109744185000068 48.729023074000054)",Unfall 9136 (2020) Kat:3, Licht: 0,9136,3,3,5,03,15,6,0,0,0,1,0,0,0,0
"POINT (9.098143046000075 48.819230044000051)",Unfall 9170 (2020) Kat:3, Licht: 0,9170,3,7,0,03,10,2,0,0,1,0,0,0,0,0
"POINT (9.165928045000044 48.726760566000053)",Unfall 9174 (2020) Kat:2, Licht: 0,9174,2,1,8,03,12,5,0,0,0,1,0,0,0,0
"POINT (9.139139490000048 48.753750249000063)",Unfall 9178 (2020) Kat:3, Licht: 0,9178,3,6,2,03,14,1,0,0,0,1,0,0,0,0
"POINT (9.162822554000059 48.746470727000030)",Unfall 9234 (2020) Kat:3, Licht: 0,9234,3,6,2,03,15,4,0,0,0,1,0,0,0,0
"POINT (9.242747583000039 48.790641052000069)",Unfall 9237 (2020) Kat:3, Licht: 1,9237,3,6,2,03,06,4,0,1,0,1,0,0,1,0
"POINT (9.218930551000028 48.797514589000059)",Unfall 9238 (2020) Kat:3, Licht: 0,9238,3,3,5,03,11,4,0,0,1,1,0,0,0,0
"POINT (9.204143529000021 48.807946003000040)",Unfall 9240 (2020) Kat:3, Licht: 0,9240,3,6,2,03,16,4,0,0,0,1,0,0,0,0
"POINT (9.134022602000073 48.709319843000060)",Unfall 9313 (2020) Kat:3, Licht: 0,9313,3,6,2,03,09,3,1,0,0,0,0,0,1,0
"POINT (9.088227343000028 48.714969580000059)",Unfall 9314 (2020) Kat:3, Licht: 0,9314,3,6,2,03,13,3,1,0,0,1,0,0,0,0