WKT,Name,OBJECTID,UKATEGORIE,UTYP1,UART,UMONAT,USTUNDE,UWOCHENTAG,STRZUSTAND,ULICHTVERH,ISTRAD,ISTPKW,ISTFUSS,ISTKRAD,ISTGKFZ,ISTSONSTIG
"POINT (9.241420201000040 48.790181294000035)",Unfall 9323 (2020) Kat:3, Licht: 0,9323,3,6,2,03,13,3,1,0,0,1,0,0,0,0
"POINT (9.116268234000074 48.757506983000042)",Unfall 9325 (2020) Kat:3, Licht: 0,9325,3,6,2,03,08,3,1,0,0,1,0,0,0,0
"POINT (9.156754066000076 48.813184506000027)",Unfall 9327 (2020) Kat:3, Licht: 0,9327,3,6,2,03,16,3,1,0,0,1,0,0,1,1
"POINT (9.214124803000061 48.796111904000043)",Unfall 9328 (2020) Kat:3, Licht: 2,9328,3,6,3,03,18,3,1,2,0,1,0,0,1,0
"POINT (9.214243506000059 48.801452057000063)",Unfall 9330 (2020) Kat:3, Licht: 0,9330,3,2,5,03,07,3,0,0,1,1,0,0,0,0
"POINT (9.163205323000057 48.715183186000047)",Unfall 9331 (2020) Kat:3, Licht: 0,9331,3,6,2,03,08,3,1,0,0,1,0,0,0,0
"POINT (9.189835703000028 48.785791902000028)",Unfall 9332 (2020) Kat:3, Licht: 0,9332,3,6,2,03,14,3,1,0,0,1,0,0,0,0
"POINT (9.132704524000076 48.709182936000047)",Unfall 9385 (2020) Kat:3, Licht: 0,9385,3,6,3,03,14,2,0,0,0,1,0,0,1,0
"POINT (9.186422535000077 48.781396152000070)",Unfall 9393 (2020) Kat:3, Licht: 2,9393,3,6,3,03,19,2,0,2,0,1,0,1,0,0
"POINT (9.173222592000059 48.801408061000075)",Unfall 9394 (2020) Kat:3, Licht: 0,9394,3,6,2,03,16,2,0,0,0,1,0,0,0,1
"POINT (9.246931381000024 48.787426159000063)",Unfall 9395 (2020) Kat:3, Licht: 0,9395,3,4,6,03,11,2,0,0,0,1,1,0,0,0
"POINT (9.244545629000072 48.790327765000029)",Unfall 9398 (2020) Kat:3, Licht: 0,9398,3,2,5,03,12,2,0,0,0,1,0,0,0,0
"POINT (9.201983042000052 48.795135804000040)",Unfall 9399 (2020) Kat:3, Licht: 0,9399,3,6,2,03,16,2,0,0,0,1,0,0,0,0
"POINT (9.191362502000061 48.788596913000049)",Unfall 9426 (2020) Kat:3, Licht: 2,9426,3,6,0,03,20,7,1,2,0,1,0,0,0,0
"POINT (9.182426690000057 48.776346885000066)",Unfall 9437 (2020) Kat:3, Licht: 0,9437,3,7,3,03,12,7,0,0,0,1,0,1,0,0
"POINT (9.205409858000053 48.781031855000037)",Unfall 9444 (2020) Kat:3, Licht: 0,9444,3,6,2,03,17,1,0,0,0,1,0,0,0,0
"POINT (9.209096325000076 48.800454587000047)",Unfall 9489 (2020) Kat:3, Licht: 2,9489,3,6,2,03,21,7,0,2,0,1,0,0,0,0
"POINT (9.091490363000048 48.714218598000059)",Unfall 9495 (2020) Kat:3, Licht: 0,9495,3,7,2,03,11,2,0,0,0,0,0,0,1,1
"POINT (9.098755081000036 48.801025758000037)",Unfall 9546 (2020) Kat:3, Licht: 0,9546,3,7,8,03,19,1,1,0,0,1,0,0,0,0
"POINT (9.167775818000052 48.748546902000044)",Unfall 9564 (2020) Kat:3, Licht: 0,9564,3,4,6,03,10,4,0,0,0,1,1,0,0,0
"POINT (9.089857471000073 48.789813350000031)",Unfall 9612 (2020) Kat:3, Licht: 0,9612,3,1,8,04,13,5,0,0,0,0,0,1,0,0
"POINT (9.248703616000057 48.779565611000066)",Unfall 9625 (2020) Kat:3, Licht: 0,9625,3,6,2,04,08,4,0,0,0,1,0,0,0,0
"POINT (9.134416909000038 48.765332527000055)",Unfall 9699 (2020) Kat:3, Licht: 0,9699,3,2,5,03,13,3,0,0,0,1,0,1,0,0
"POINT (9.185347218000061 48.774351537000030)",Unfall 9715 (2020) Kat:3, Licht: 0,9715,3,7,2,03,14,5,0,0,0,0,0,1,1,0
"POINT (9.105589229000032 48.729920035000077)",Unfall 9719 (2020) Kat:2, Licht: 0,9719,2,2,5,03,08,4,0,0,1,1,0,0,0,0
"POINT (9.220285697000065 48.787972286000070)",Unfall 9778 (2020) Kat:3, Licht: 0,9778,3,6,3,03,06,3,0,0,0,1,0,0,1,0
"POINT (9.237147379000021 48.758431328000029)",Unfall 9797 (2020) Kat:2, Licht: 0,9797,2,3,0,04,18,5,0,0,0,1,0,0,0,1
"POINT (9.251562064000041 48.778237412000067)",Unfall 9896 (2020) Kat:3, Licht: 0,9896,3,6,4,04,19,4,0,0,1,0,0,0,0,0
"POINT (9.135055590000036 48.745854020000081)",Unfall 9925 (2020) Kat:2, Licht: 1,9925,2,2,5,03,18,6,0,1,0,1,0,0,0,1
"POINT (9.091784003000043 48.790866004000065)",Unfall 10037 (2020) Kat:3, Licht: 0,10037,3,7,0,04,13,5,1,0,0,0,0,1,0,0
"POINT (9.215431457000022 48.700436152000066)",Unfall 10039 (2020) Kat:3, Licht: 0,10039,3,1,8,04,08,5,0,0,1,0,0,0,0,0
"POINT (9.209364760000028 48.806030503000045)",Unfall 10104 (2020) Kat:3, Licht: 0,10104,3,6,3,04,15,4,0,0,0,1,0,0,0,1
"POINT (9.128736540000034 48.779151466000030)",Unfall 10106 (2020) Kat:3, Licht: 2,10106,3,3,5,04,22,4,0,2,0,1,0,0,0,1
"POINT (9.234928413000034 48.799120289000030)",Unfall 10108 (2020) Kat:3, Licht: 0,10108,3,6,2,04,09,4,0,0,0,1,0,0,0,0
"POINT (9.226656361000039 48.805237417000058)",Unfall 10109 (2020) Kat:3, Licht: 2,10109,3,2,5,04,20,4,0,2,1,1,0,0,0,0
"POINT (9.237494502000061 48.792768929000033)",Unfall 10173 (2020) Kat:3, Licht: 0,10173,3,3,5,04,08,3,0,0,0,1,0,0,0,0
"POINT (9.129544904000056 48.811481322000077)",Unfall 10212 (2020) Kat:2, Licht: 0,10212,2,1,8,04,17,7,0,0,0,0,0,1,0,0
"POINT (9.262050764000037 48.794871715000056)",Unfall 10234 (2020) Kat:2, Licht: 0,10234,2,1,0,04,12,7,0,0,0,0,0,1,0,0
"POINT (9.164489067000034 48.814470652000068)",Unfall 10239 (2020) Kat:2, Licht: 0,10239,2,6,3,04,17,2,0,0,0,1,0,1,0,0
"POINT (9.164199496000038 48.849418261000039)",Unfall 10242 (2020) Kat:3, Licht: 0,10242,3,7,5,04,14,7,0,0,0,1,0,1,0,0
"POINT (9.189049676000025 48.807438017000038)",Unfall 10245 (2020) Kat:3, Licht: 0,10245,3,3,5,04,11,7,0,0,0,1,0,1,0,0
"POINT (9.175207791000048 48.805618199000037)",Unfall 10311 (2020) Kat:3, Licht: 0,10311,3,6,2,04,16,1,0,0,0,1,0,0,0,0
"POINT (9.249171248000039 48.809275604000049)",Unfall 10312 (2020) Kat:3, Licht: 0,10312,3,3,5,04,12,3,0,0,1,1,0,0,0,0
"POINT (9.102983076000044 48.729981907000081)",Unfall 10315 (2020) Kat:2, Licht: 0,10315,2,1,0,04,11,2,0,0,0,0,0,1,0,0
"POINT (9.091732676000049 48.788760606000039)",Unfall 10360 (2020) Kat:2, Licht: 0,10360,2,6,4,04,15,7,0,0,0,1,0,0,0,0
"POINT (9.242099163000034 48.818728659000044)",Unfall 10362 (2020) Kat:2, Licht: 0,10362,2,2,5,04,19,7,0,0,0,1,0,0,0,0
"POINT (9.112601700000027 48.729814211000075)",Unfall 10363 (2020) Kat:3, Licht: 0,10363,3,6,6,04,10,7,0,0,1,0,1,0,0,0
"POINT (9.213995119000060 48.701838663000046)",Unfall 10365 (2020) Kat:3, Licht: 0,10365,3,7,0,04,17,7,1,0,0,0,0,1,0,1
"POINT (9.207597961000033 48.801787769000043)",Unfall 10469 (2020) Kat:3, Licht: 0,10469,3,6,2,04,07,4,0,0,0,1,0,0,1,0
"POINT (9.219477041000062 48.787509140000054)",Unfall 10471 (2020) Kat:3, Licht: 1,10471,3,1,0,04,21,4,0,1,1,0,0,0,0,0
"POINT (9.128115306000041 48.737394178000045)",Unfall 10472 (2020) Kat:3, Licht: 0,10472,3,2,5,04,18,4,0,0,1,1,0,0,0,0
"POINT (9.096583881000072 48.755608544000040)",Unfall 10509 (2020) Kat:3, Licht: 0,10509,3,6,2,04,14,7,0,0,0,1,0,0,0,0
"POINT (9.234481206000055 48.737763238000070)",Unfall 10557 (2020) Kat:3, Licht: 0,10557,3,6,2,04,17,4,0,0,0,1,0,0,0,0
"POINT (9.191312298000071 48.788494790000072)",Unfall 10624 (2020) Kat:3, Licht: 0,10624,3,6,2,04,15,2,0,0,0,1,0,0,0,0
"POINT (9.155925240000045 48.810678272000075)",Unfall 10634 (2020) Kat:3, Licht: 1,10634,3,4,6,04,19,2,0,1,0,1,1,0,0,0
"POINT (9.180024269000057 48.762344759000030)",Unfall 10695 (2020) Kat:2, Licht: 0,10695,2,7,0,04,15,1,0,0,1,0,0,0,0,0
"POINT (9.186608621000062 48.770170897000071)",Unfall 10698 (2020) Kat:3, Licht: 0,10698,3,6,2,04,19,1,0,0,0,1,0,1,0,0
"POINT (9.226506133000044 48.819152710000026)",Unfall 10721 (2020) Kat:2, Licht: 0,10721,2,3,5,04,17,5,0,0,1,1,0,0,0,0
"POINT (9.234342069000036 48.806952901000045)",Unfall 10735 (2020) Kat:3, Licht: 0,10735,3,7,0,04,11,5,0,0,0,0,1,1,0,0
"POINT (9.086380582000061 48.754375320000065)",Unfall 10736 (2020) Kat:3, Licht: 0,10736,3,7,4,04,15,6,0,0,0,1,0,0,0,0
"POINT (9.223731928000063 48.823285338000062)",Unfall 10765 (2020) Kat:3, Licht: 0,10765,3,6,3,04,19,7,0,0,1,1,0,0,0,0
"POINT (9.212040748000050 48.745138323000049)",Unfall 10766 (2020) Kat:3, Licht: 0,10766,3,7,6,04,17,5,0,0,1,0,1,0,0,0
"POINT (9.183243028000049 48.766285640000035)",Unfall 10844 (2020) Kat:3, Licht: 0,10844,3,2,5,04,13,6,0,0,1,0,0,0,0,1
"POINT (9.097662269000068 48.818587025000056)",Unfall 10846 (2020) Kat:3, Licht: 0,10846,3,6,2,04,09,6,0,0,0,1,0,0,0,0
"POINT (9.227415677000067 48.815586211000038)",Unfall 10876 (2020) Kat:2, Licht: 0,10876,2,3,5,04,17,2,0,0,0,1,0,0,0,0
"POINT (9.098162471000023 48.819389508000029)",Unfall 10900 (2020) Kat:3, Licht: 0,10900,3,7,2,04,12,7,0,0,0,1,0,1,0,0
"POINT (9.150334019000070 48.728699070000062)",Unfall 10912 (2020) Kat:3, Licht: 2,10912,3,3,5,04,01,4,1,2,0,1,0,0,0,0
"POINT (9.097386438000058 48.818521083000064)",Unfall 10918 (2020) Kat:3, Licht: 0,10918,3,3,5,04,09,5,0,0,0,1,0,0,0,0
"POINT (9.214562304000026 48.795623349000039)",Unfall 10919 (2020) Kat:2, Licht: 0,10919,2,6,0,04,18,5,0,0,0,0,0,1,0,0
"POINT (9.203623365000055 48.780767305000040)",Unfall 10921 (2020) Kat:3, Licht: 0,10921,3,6,2,04,10,5,0,0,0,1,0,0,0,0
"POINT (9.155921575000036 48.810677124000051)",Unfall 10979 (2020) Kat:3, Licht: 0,10979,3,3,5,04,18,4,0,0,0,1,0,0,0,1
"POINT (9.179698940000037 48.843769634000068)",Unfall 10982 (2020) Kat:2, Licht: 2,10982,2,3,5,04,20,4,0,2,0,1,0,0,0,0
"POINT (9.209250959000030 48.804554872000040)",Unfall 10989 (2020) Kat:3, Licht: 0,10989,3,6,3,04,19,2,0,0,0,1,0,0,0,0
"POINT (9.160976966000021 48.830933861000062)",Unfall 11035 (2020) Kat:3, Licht: 0,11035,3,3,5,05,17,5,0,0,0,1,0,1,0,0
"POINT (9.106556084000033 48.723733640000034)",Unfall 11036 (2020) Kat:3, Licht: 0,11036,3,2,2,05,14,5,0,0,0,1,0,1,0,0
"POINT (9.146233753000047 48.835691959000030)",Unfall 11067 (2020) Kat:2, Licht: 0,11067,2,2,5,05,14,4,0,0,0,1,0,1,0,0
"POINT (9.211281144000054 48.701081457000043)",Unfall 11098 (2020) Kat:3, Licht: 2,11098,3,1,8,05,00,3,0,2,1,1,0,0,0,0
"POINT (9.182803699000033 48.776146874000062)",Unfall 11099 (2020) Kat:3, Licht: 0,11099,3,6,2,05,17,3,0,0,0,1,0,0,0,0
"POINT (9.213744780000070 48.825936353000031)",Unfall 11100 (2020) Kat:3, Licht: 0,11100,3,7,4,05,18,3,0,0,1,0,0,0,0,0
"POINT (9.164304235000031 48.814732954000078)",Unfall 11133 (2020) Kat:3, Licht: 0,11133,3,1,0,05,07,2,0,0,0,0,0,1,0,0
"POINT (9.235574572000076 48.782426958000030)",Unfall 11134 (2020) Kat:3, Licht: 0,11134,3,6,2,05,07,2,0,0,0,1,0,0,0,0
"POINT (9.204086071000063 48.780851212000073)",Unfall 11135 (2020) Kat:2, Licht: 0,11135,2,6,0,05,13,2,0,0,0,1,0,0,0,1
"POINT (9.182155970000054 48.766447776000064)",Unfall 11186 (2020) Kat:3, Licht: 0,11186,3,1,4,05,16,7,0,0,1,1,0,0,0,0
"POINT (9.227337221000028 48.739730426000051)",Unfall 11205 (2020) Kat:3, Licht: 0,11205,3,7,6,05,09,6,0,0,1,0,1,0,0,0
"POINT (9.159738972000071 48.771022749000053)",Unfall 11241 (2020) Kat:3, Licht: 1,11241,3,2,5,04,18,5,0,1,0,1,0,1,0,0
"POINT (9.175154287000055 48.819960826000056)",Unfall 11242 (2020) Kat:3, Licht: 2,11242,3,3,5,04,23,5,0,2,0,1,0,0,0,0
"POINT (9.250067749000039 48.780956407000076)",Unfall 11243 (2020) Kat:3, Licht: 0,11243,3,5,0,04,15,5,0,0,0,1,0,1,0,0
"POINT (9.249682094000036 48.782214872000054)",Unfall 11269 (2020) Kat:3, Licht: 0,11269,3,2,5,05,08,3,0,0,0,1,0,1,0,0
"POINT (9.135604777000026 48.771192918000054)",Unfall 11273 (2020) Kat:2, Licht: 0,11273,2,7,0,05,18,1,0,0,1,0,0,0,0,0
"POINT (9.209094630000038 48.799459309000042)",Unfall 11276 (2020) Kat:3, Licht: 0,11276,3,6,2,05,15,6,0,0,0,1,0,0,0,0
"POINT (9.226642032000029 48.805233623000049)",Unfall 11333 (2020) Kat:2, Licht: 0,11333,2,2,3,05,10,5,0,0,0,1,0,0,0,1
"POINT (9.254446733000066 48.759412467000061)",Unfall 11358 (2020) Kat:3, Licht: 0,11358,3,7,3,05,18,7,0,0,0,1,0,1,0,0
"POINT (9.215947906000054 48.692719797000052)",Unfall 11383 (2020) Kat:3, Licht: 0,11383,3,6,2,05,13,4,1,0,0,1,0,0,1,0
"POINT (9.145347266000044 48.838144338000063)",Unfall 11389 (2020) Kat:3, Licht: 0,11389,3,6,3,05,13,5,0,0,0,1,0,1,0,0
"POINT (9.255642136000063 48.759950326000080)",Unfall 11390 (2020) Kat:3, Licht: 0,11390,3,6,2,05,07,6,0,0,0,1,0,0,0,0
"POINT (9.189870551000070 48.785858004000033)",Unfall 11392 (2020) Kat:3, Licht: 0,11392,3,6,2,05,12,1,0,0,0,1,0,0,0,0
"POINT (9.187001519000035 48.781904498000074)",Unfall 11397 (2020) Kat:3, Licht: 0,11397,3,6,2,05,13,6,0,0,0,1,0,0,0,0
"POINT (9.183563065000044 48.766414316000066)",Unfall 11436 (2020) Kat:3, Licht: 0,11436,3,1,0,05,14,7,0,0,0,0,0,1,0,0
"POINT (9.112847923000061 48.729814026000042)",Unfall 11448 (2020) Kat:3, Licht: 0,11448,3,3,5,05,14,3,0,0,1,1,0,0,0,0
"POINT (9.172275368000044 48.753401679000035)",Unfall 11482 (2020) Kat:3, Licht: 0,11482,3,6,6,05,17,7,0,0,1,0,1,0,0,0
"POINT (9.179949728000054 48.773450986000057)",Unfall 11511 (2020) Kat:3, Licht: 0,11511,3,6,2,05,09,5,0,0,0,1,0,1,0,0
"POINT (9.243875264000053 48.787583314000074)",Unfall 11525 (2020) Kat:2, Licht: 0,11525,2,2,5,05,12,2,1,0,1,1,0,0,0,0
"POINT (9.219570546000057 48.704632698000069)",Unfall 11537 (2020) Kat:3, Licht: 0,11537,3,2,5,05,18,7,0,0,0,1,0,1,0,0
"POINT (9.204033116000062 48.790327401000070)",Unfall 11563 (2020) Kat:3, Licht: 0,11563,3,6,2,05,17,1,0,0,1,1,0,0,0,0
"POINT (9.195937333000074 48.766654377000066)",Unfall 11566 (2020) Kat:3, Licht: 0,11566,3,1,0,05,10,1,0,0,1,0,0,0,0,0
"POINT (9.105071905000045 48.807112275000065)",Unfall 11577 (2020) Kat:3, Licht: 0,11577,3,7,0,05,12,1,0,0,1,0,0,0,0,0
"POINT (9.169156082000029 48.740224153000042)",Unfall 11580 (2020) Kat:3, Licht: 0,11580,3,3,5,05,19,1,0,0,0,1,0,1,0,0
"POINT (9.124987231000034 48.729587120000076)",Unfall 11637 (2020) Kat:3, Licht: 0,11637,3,3,5,05,17,3,0,0,1,1,0,0,0,0
"POINT (9.260325658000056 48.761854769000081)",Unfall 11697 (2020) Kat:2, Licht: 2,11697,2,3,5,05,22,5,0,2,1,1,0,0,0,0
"POINT (9.179939323000042 48.810699415000045)",Unfall 11710 (2020) Kat:3, Licht: 0,11710,3,6,2,05,11,4,0,0,0,1,0,0,0,0
"POINT (9.221405791000052 48.694638329000043)",Unfall 11733 (2020) Kat:3, Licht: 0,11733,3,1,4,05,13,4,0,0,0,1,0,0,0,0
"POINT (9.180891224000050 48.811899991000075)",Unfall 11736 (2020) Kat:3, Licht: 0,11736,3,1,0,05,05,4,0,0,0,0,0,1,0,0
"POINT (9.258431836000057 48.772526642000059)",Unfall 11757 (2020) Kat:3, Licht: 0,11757,3,7,3,05,12,4,0,0,1,1,0,0,0,0
"POINT (9.186768324000070 48.781534347000047)",Unfall 11763 (2020) Kat:3, Licht: 0,11763,3,6,2,05,16,2,0,0,0,1,0,0,0,0
"POINT (9.138958673000047 48.790167805000067)",Unfall 11765 (2020) Kat:3, Licht: 0,11765,3,1,8,05,20,2,0,0,0,0,0,1,0,0
"POINT (9.169134953000025 48.825531859000080)",Unfall 11779 (2020) Kat:3, Licht: 0,11779,3,1,9,05,14,7,0,0,0,1,0,0,0,0
"POINT (9.169788422000067 48.838935100000072)",Unfall 11782 (2020) Kat:3, Licht: 0,11782,3,1,9,05,14,7,0,0,0,0,0,1,0,0
"POINT (9.068895952000048 48.725379314000065)",Unfall 11844 (2020) Kat:3, Licht: 0,11844,3,1,9,05,16,1,0,0,0,1,0,0,0,0
"POINT (9.156302626000070 48.806603878000033)",Unfall 11899 (2020) Kat:3, Licht: 0,11899,3,6,2,05,18,6,0,0,0,1,0,0,0,0
"POINT (9.144773811000050 48.754390285000056)",Unfall 11914 (2020) Kat:3, Licht: 0,11914,3,6,2,05,08,3,0,0,0,1,0,1,0,0
"POINT (9.151455228000032 48.835195596000062)",Unfall 11956 (2020) Kat:3, Licht: 0,11956,3,7,0,05,16,1,0,0,1,0,0,0,0,0
"POINT (9.231593605000057 48.841490044000068)",Unfall 11984 (2020) Kat:3, Licht: 0,11984,3,6,0,05,18,3,0,0,0,1,0,0,0,0
"POINT (9.220260742000050 48.739239528000041)",Unfall 11992 (2020) Kat:3, Licht: 0,11992,3,3,5,05,19,6,0,0,0,1,0,0,0,0
"POINT (9.180802216000075 48.764990127000033)",Unfall 12011 (2020) Kat:3, Licht: 0,12011,3,7,4,05,07,7,0,0,0,1,0,0,0,0
"POINT (9.229915897000069 48.810597545000064)",Unfall 12016 (2020) Kat:3, Licht: 0,12016,3,7,9,05,07,7,0,0,0,1,0,0,0,0
"POINT (9.067047860000059 48.727092016000029)",Unfall 12038 (2020) Kat:3, Licht: 0,12038,3,1,9,05,08,6,0,0,0,0,0,1,0,0
"POINT (9.152466927000035 48.834919128000081)",Unfall 12044 (2020) Kat:3, Licht: 0,12044,3,6,3,05,20,6,0,0,0,1,0,0,1,0
"POINT (9.147921296000050 48.837088378000033)",Unfall 12049 (2020) Kat:3, Licht: 0,12049,3,6,2,05,16,6,0,0,0,1,0,0,0,1
"POINT (9.167368659000033 48.851257465000060)",Unfall 12051 (2020) Kat:3, Licht: 0,12051,3,3,5,05,11,6,0,0,1,1,0,0,0,0
"POINT (9.200875947000043 48.766192365000052)",Unfall 12062 (2020) Kat:3, Licht: 0,12062,3,1,9,05,19,3,0,0,1,0,0,0,0,0
"POINT (9.199266295000030 48.693681816000037)",Unfall 12079 (2020) Kat:3, Licht: 0,12079,3,6,3,05,08,4,0,0,0,1,0,0,0,0
"POINT (9.156994356000041 48.846907544000032)",Unfall 12122 (2020) Kat:3, Licht: 0,12122,3,3,5,05,10,6,0,0,1,1,0,0,0,0
"POINT (9.158633529000042 48.723546327000065)",Unfall 12134 (2020) Kat:3, Licht: 2,12134,3,7,1,05,03,3,0,2,0,1,0,0,0,0
"POINT (9.173647511000070 48.776807028000064)",Unfall 12145 (2020) Kat:3, Licht: 0,12145,3,2,2,05,19,5,0,0,0,1,0,0,0,0
"POINT (9.075364669000066 48.722365852000053)",Unfall 12182 (2020) Kat:3, Licht: 0,12182,3,6,0,05,13,6,0,0,0,1,0,0,0,0
"POINT (9.079977140000040 48.719694174000040)",Unfall 12208 (2020) Kat:3, Licht: 1,12208,3,6,3,05,21,2,0,1,0,0,0,0,1,1
"POINT (9.178032971000050 48.815257661000032)",Unfall 12283 (2020) Kat:3, Licht: 0,12283,3,6,2,06,12,6,0,0,0,1,0,0,0,0
"POINT (9.178710336000052 48.757163823000042)",Unfall 12290 (2020) Kat:3, Licht: 0,12290,3,1,0,06,15,7,1,0,1,0,0,0,0,0
"POINT (9.141579463000028 48.840010164000034)",Unfall 12299 (2020) Kat:3, Licht: 0,12299,3,6,3,06,13,5,0,0,0,1,0,0,0,0
"POINT (9.124452410000060 48.735725490000050)",Unfall 12375 (2020) Kat:2, Licht: 1,12375,2,1,0,06,21,4,0,1,1,0,0,0,0,0
"POINT (9.214047675000074 48.830927252000038)",Unfall 12377 (2020) Kat:3, Licht: 1,12377,3,2,5,05,20,7,0,1,0,1,0,1,0,0
"POINT (9.212307581000061 48.829572507000080)",Unfall 12413 (2020) Kat:2, Licht: 0,12413,2,1,1,06,18,2,0,0,1,1,0,0,0,0
"POINT (9.206059914000036 48.797031726000057)",Unfall 12416 (2020) Kat:3, Licht: 0,12416,3,1,2,06,19,2,0,0,0,1,0,0,0,0
"POINT (9.209199513000044 48.799676898000030)",Unfall 12424 (2020) Kat:3, Licht: 0,12424,3,6,2,06,15,6,0,0,0,1,0,0,0,0
"POINT (9.174646263000057 48.820809199000053)",Unfall 12456 (2020) Kat:3, Licht: 2,12456,3,1,2,06,23,7,1,2,0,1,0,0,0,0
"POINT (9.139345839000043 48.727815717000055)",Unfall 12466 (2020) Kat:1, Licht: 0,12466,1,4,6,06,10,5,1,0,0,0,1,0,0,1
"POINT (9.244623613000044 48.790233141000044)",Unfall 12546 (2020) Kat:3, Licht: 0,12546,3,2,5,06,16,3,0,0,1,1,0,0,0,0
"POINT (9.181662450000033 48.792834360000029)",Unfall 12550 (2020) Kat:3, Licht: 2,12550,3,1,9,05,03,1,0,2,0,1,0,0,0,0
"POINT (9.175934626000071 48.818410702000051)",Unfall 12569 (2020) Kat:3, Licht: 0,12569,3,2,5,06,10,5,0,0,1,1,0,0,0,0
"POINT (9.203652242000032 48.710437359000082)",Unfall 12589 (2020) Kat:3, Licht: 0,12589,3,2,6,06,13,6,0,0,0,1,1,0,0,0
"POINT (9.226522621000072 48.786738148000040)",Unfall 12622 (2020) Kat:3, Licht: 0,12622,3,6,3,06,14,4,0,0,0,1,0,1,0,0
"POINT (9.097415652000052 48.818508078000036)",Unfall 12646 (2020) Kat:3, Licht: 0,12646,3,3,5,06,11,4,1,0,0,1,0,0,0,1
"POINT (9.128925970000068 48.779252403000044)",Unfall 12658 (2020) Kat:3, Licht: 0,12658,3,6,2,06,06,2,1,0,0,1,0,0,0,0
"POINT (9.124707140000055 48.764444286000071)",Unfall 12682 (2020) Kat:2, Licht: 0,12682,2,7,0,06,13,6,0,0,0,0,0,1,0,0
"POINT (9.169822258000067 48.765131049000047)",Unfall 12726 (2020) Kat:3, Licht: 0,12726,3,6,2,06,17,4,0,0,0,1,0,0,0,0
"POINT (9.167175153000073 48.811482063000028)",Unfall 12729 (2020) Kat:3, Licht: 0,12729,3,6,3,06,14,1,1,0,0,1,0,0,0,0
"POINT (9.172713070000043 48.811188116000039)",Unfall 12746 (2020) Kat:3, Licht: 0,12746,3,6,4,06,10,2,0,0,0,1,0,0,0,0
"POINT (9.067128693000029 48.727274169000054)",Unfall 12792 (2020) Kat:3, Licht: 0,12792,3,1,9,06,12,1,1,0,0,0,0,1,0,0
"POINT (9.201633430000072 48.775976932000049)",Unfall 12824 (2020) Kat:3, Licht: 0,12824,3,7,3,06,06,2,0,0,0,1,0,1,0,0
"POINT (9.150353529000029 48.728700940000067)",Unfall 12827 (2020) Kat:3, Licht: 0,12827,3,2,3,06,11,2,0,0,1,1,0,0,0,0
"POINT (9.172867223000026 48.753893324000046)",Unfall 12828 (2020) Kat:3, Licht: 0,12828,3,6,2,06,10,2,0,0,0,0,0,0,1,0
"POINT (9.213436013000035 48.807977043000051)",Unfall 12836 (2020) Kat:3, Licht: 0,12836,3,5,1,06,09,7,0,0,1,1,0,0,0,0
"POINT (9.199172064000038 48.693699444000060)",Unfall 12850 (2020) Kat:3, Licht: 2,12850,3,6,3,06,23,3,0,2,0,1,0,0,0,0
"POINT (9.181752534000054 48.810974842000064)",Unfall 12855 (2020) Kat:3, Licht: 0,12855,3,6,2,06,18,6,0,0,0,1,0,0,0,0
"POINT (9.183235956000033 48.775611268000034)",Unfall 12856 (2020) Kat:3, Licht: 0,12856,3,6,2,06,14,3,1,0,0,1,0,0,0,0
"POINT (9.144399411000052 48.754553506000036)",Unfall 12885 (2020) Kat:3, Licht: 0,12885,3,1,9,06,13,3,1,0,0,1,0,0,0,0
"POINT (9.112902492000046 48.746263219000070)",Unfall 12889 (2020) Kat:2, Licht: 0,12889,2,1,9,06,18,3,0,0,0,1,0,1,0,0
"POINT (9.174207908000028 48.822686461000046)",Unfall 12900 (2020) Kat:3, Licht: 0,12900,3,6,2,06,14,4,0,0,0,1,0,1,0,0
"POINT (9.090569159000040 48.778748777000033)",Unfall 12919 (2020) Kat:3, Licht: 0,12919,3,3,5,06,18,3,0,0,0,1,0,0,0,0
"POINT (9.071223802000077 48.726092811000058)",Unfall 12932 (2020) Kat:3, Licht: 0,12932,3,1,8,06,17,3,1,0,0,1,0,0,0,0
"POINT (9.231241539000052 48.841388531000064)",Unfall 12937 (2020) Kat:3, Licht: 0,12937,3,6,2,06,14,6,0,0,0,1,0,0,1,0
"POINT (9.165293489000021 48.708652193000034)",Unfall 12944 (2020) Kat:3, Licht: 0,12944,3,6,2,06,20,5,0,0,0,1,0,0,0,0
"POINT (9.163123938000069 48.771900231000075)",Unfall 12954 (2020) Kat:3, Licht: 0,12954,3,7,3,06,17,1,1,0,0,1,0,1,0,0
"POINT (9.147686757000031 48.837052210000081)",Unfall 12999 (2020) Kat:3, Licht: 0,12999,3,2,5,06,12,2,0,0,0,1,0,0,0,0
"POINT (9.147973874000059 48.767468987000029)",Unfall 13079 (2020) Kat:3, Licht: 0,13079,3,6,2,06,13,2,0,0,0,1,0,0,0,0
"POINT (9.180333744000052 48.844437673000073)",Unfall 13099 (2020) Kat:3, Licht: 0,13099,3,6,3,06,12,2,0,0,0,1,0,0,0,0
"POINT (9.208147999000062 48.806737077000037)",Unfall 13152 (2020) Kat:3, Licht: 0,13152,3,6,2,06,17,4,0,0,0,1,0,0,0,0
"POINT (9.215110133000053 48.785391313000048)",Unfall 13168 (2020) Kat:3, Licht: 0,13168,3,5,1,06,13,7,0,0,0,1,0,0,0,0
"POINT (9.203692145000048 48.710560301000044)",Unfall 13171 (2020) Kat:3, Licht: 0,13171,3,3,5,06,20,7,1,0,1,1,0,0,0,0
"POINT (9.177763942000070 48.815366641000026)",Unfall 13173 (2020) Kat:3, Licht: 0,13173,3,2,2,06,09,2,0,0,0,1,0,0,0,0