WKT,Name,OBJECTID,UKATEGORIE,UTYP1,UART,UMONAT,USTUNDE,UWOCHENTAG,STRZUSTAND,ULICHTVERH,ISTRAD,ISTPKW,ISTFUSS,ISTKRAD,ISTGKFZ,ISTSONSTIG
"POINT (9.177064902000041 48.816710988000068)",Unfall 13175 (2020) Kat:3, Licht: 0,13175,3,7,6,06,10,7,0,0,0,1,1,0,0,0
"POINT (9.101368783000055 48.755823644000031)",Unfall 13178 (2020) Kat:3, Licht: 0,13178,3,2,2,06,14,7,0,0,0,1,0,0,0,0
"POINT (9.155054309000036 48.803982742000073)",Unfall 13180 (2020) Kat:3, Licht: 0,13180,3,5,1,06,12,7,0,0,0,1,0,0,0,0
"POINT (9.239774815000033 48.758119514000043)",Unfall 13221 (2020) Kat:3, Licht: 0,13221,3,2,5,06,18,5,0,0,0,1,0,0,0,0
"POINT (9.163606652000055 48.796673797000039)",Unfall 13261 (2020) Kat:3, Licht: 0,13261,3,3,5,06,13,1,0,0,1,1,0,0,0,0
"POINT (9.191858005000029 48.789014217000044)",Unfall 13298 (2020) Kat:3, Licht: 0,13298,3,7,0,06,14,2,0,0,0,0,0,1,0,0
"POINT (9.156222728000046 48.808774488000040)",Unfall 13332 (2020) Kat:3, Licht: 0,13332,3,6,2,06,15,6,0,0,1,1,0,0,0,0
"POINT (9.200634493000052 48.780223029000069)",Unfall 13351 (2020) Kat:3, Licht: 0,13351,3,5,1,06,10,4,0,0,0,0,0,0,0,1
"POINT (9.167335311000045 48.818987704000051)",Unfall 13373 (2020) Kat:3, Licht: 0,13373,3,3,5,06,12,2,0,0,0,1,0,0,0,0
"POINT (9.118406663000030 48.758491708000065)",Unfall 13422 (2020) Kat:3, Licht: 0,13422,3,1,8,06,20,4,1,0,0,1,0,0,0,0
"POINT (9.176160584000058 48.779327946000080)",Unfall 13427 (2020) Kat:3, Licht: 2,13427,3,1,0,06,22,4,1,2,0,0,0,1,0,0
"POINT (9.181864337000036 48.776918429000034)",Unfall 13468 (2020) Kat:3, Licht: 0,13468,3,3,5,06,15,2,0,0,1,1,0,0,0,0
"POINT (9.146423235000043 48.783778336000069)",Unfall 13517 (2020) Kat:3, Licht: 0,13517,3,7,6,06,07,5,0,0,1,0,1,0,0,0
"POINT (9.202028968000036 48.780368710000062)",Unfall 13518 (2020) Kat:3, Licht: 1,13518,3,6,2,06,20,5,0,1,0,1,0,0,0,0
"POINT (9.190328374000046 48.787767039000073)",Unfall 13520 (2020) Kat:3, Licht: 0,13520,3,7,4,06,07,5,0,0,0,1,0,1,0,0
"POINT (9.219394089000048 48.803629236000063)",Unfall 13523 (2020) Kat:3, Licht: 1,13523,3,6,2,06,21,5,0,1,0,1,0,0,0,0
"POINT (9.169592592000072 48.763825840000038)",Unfall 13527 (2020) Kat:3, Licht: 0,13527,3,2,3,06,13,5,0,0,0,0,0,0,1,1
"POINT (9.215972558000033 48.794187461000035)",Unfall 13533 (2020) Kat:3, Licht: 0,13533,3,7,2,06,12,5,0,0,0,1,0,0,0,0
"POINT (9.175598677000039 48.778468415000077)",Unfall 13537 (2020) Kat:3, Licht: 0,13537,3,2,5,06,08,5,0,0,1,1,0,0,0,0
"POINT (9.204072912000072 48.709952701000077)",Unfall 13541 (2020) Kat:3, Licht: 0,13541,3,7,0,06,17,5,0,0,1,0,0,0,0,0
"POINT (9.196112157000073 48.806935297000052)",Unfall 13549 (2020) Kat:2, Licht: 0,13549,2,6,2,06,13,4,0,0,0,1,0,1,0,0
"POINT (9.169619712000042 48.763748931000066)",Unfall 13588 (2020) Kat:3, Licht: 0,13588,3,2,5,06,17,3,0,0,1,1,0,0,0,0
"POINT (9.169775623000021 48.765071529000068)",Unfall 13669 (2020) Kat:3, Licht: 0,13669,3,7,6,07,11,5,1,0,1,0,1,0,0,0
"POINT (9.180298815000072 48.786004455000068)",Unfall 13685 (2020) Kat:2, Licht: 0,13685,2,6,3,06,15,2,0,0,0,1,0,1,0,0
"POINT (9.226704046000066 48.819351452000035)",Unfall 13686 (2020) Kat:3, Licht: 0,13686,3,3,0,07,20,4,0,0,1,1,0,0,0,0
"POINT (9.189877359000036 48.785891039000035)",Unfall 13716 (2020) Kat:3, Licht: 0,13716,3,6,2,06,07,3,0,0,0,1,0,1,0,0
"POINT (9.124987231000034 48.729587120000076)",Unfall 13794 (2020) Kat:3, Licht: 0,13794,3,3,0,06,08,3,0,0,0,1,0,1,0,0
"POINT (9.227114495000024 48.745113307000054)",Unfall 13876 (2020) Kat:3, Licht: 0,13876,3,7,5,07,19,5,0,0,0,1,0,1,0,0
"POINT (9.256972317000077 48.760597073000042)",Unfall 13894 (2020) Kat:3, Licht: 2,13894,3,1,9,07,00,4,0,2,0,0,0,0,0,1
"POINT (9.210101094000038 48.799112937000075)",Unfall 13911 (2020) Kat:2, Licht: 0,13911,2,1,8,06,13,6,0,0,0,1,0,0,0,0
"POINT (9.099840711000070 48.802090008000050)",Unfall 13913 (2020) Kat:3, Licht: 0,13913,3,7,4,06,11,6,0,0,0,1,0,0,0,0
"POINT (9.166999829000076 48.772955389000060)",Unfall 13915 (2020) Kat:3, Licht: 0,13915,3,3,5,06,12,6,0,0,0,1,0,1,0,0
"POINT (9.170019791000073 48.749700456000028)",Unfall 13918 (2020) Kat:3, Licht: 0,13918,3,6,2,06,07,6,0,0,0,1,0,0,0,0
"POINT (9.227609784000038 48.815483333000032)",Unfall 13919 (2020) Kat:3, Licht: 0,13919,3,2,5,06,13,6,0,0,1,1,0,0,0,0
"POINT (9.172847863000072 48.799322449000044)",Unfall 13922 (2020) Kat:3, Licht: 0,13922,3,1,0,06,17,6,0,0,1,0,0,0,0,0
"POINT (9.154646312000068 48.833701877000067)",Unfall 13926 (2020) Kat:3, Licht: 1,13926,3,3,5,06,21,3,0,1,0,1,0,1,0,0
"POINT (9.234727828000075 48.814751057000080)",Unfall 13975 (2020) Kat:3, Licht: 0,13975,3,2,5,07,15,5,0,0,1,1,0,0,0,0
"POINT (9.226164544000028 48.818914500000062)",Unfall 14002 (2020) Kat:3, Licht: 0,14002,3,3,5,06,16,3,0,0,1,1,0,0,0,0
"POINT (9.139542770000048 48.840580256000067)",Unfall 14013 (2020) Kat:3, Licht: 1,14013,3,7,8,06,04,1,1,1,0,1,0,0,0,0
"POINT (9.250932079000052 48.778549157000043)",Unfall 14023 (2020) Kat:2, Licht: 1,14023,2,1,0,06,21,3,0,1,1,0,0,0,0,0
"POINT (9.145460334000063 48.783168605000071)",Unfall 14068 (2020) Kat:3, Licht: 0,14068,3,6,2,07,06,4,0,0,0,1,0,0,0,1
"POINT (9.182738303000065 48.776218784000037)",Unfall 14099 (2020) Kat:3, Licht: 0,14099,3,3,0,07,21,5,0,0,1,1,0,0,0,0
"POINT (9.077376987000037 48.755840798000065)",Unfall 14101 (2020) Kat:2, Licht: 0,14101,2,6,4,07,13,1,0,0,0,0,0,1,0,0
"POINT (9.187147561000074 48.773474932000056)",Unfall 14148 (2020) Kat:3, Licht: 0,14148,3,6,3,07,13,3,0,0,1,1,0,0,0,0
"POINT (9.198928437000063 48.760941244000037)",Unfall 14174 (2020) Kat:2, Licht: 2,14174,2,1,0,07,23,3,0,2,1,0,0,0,0,0
"POINT (9.189895800000045 48.786203182000065)",Unfall 14181 (2020) Kat:3, Licht: 0,14181,3,3,5,07,09,4,0,0,1,1,0,0,0,0
"POINT (9.071958547000065 48.724517227000035)",Unfall 14191 (2020) Kat:3, Licht: 0,14191,3,6,2,07,15,5,0,0,0,1,0,0,0,0
"POINT (9.232091744000059 48.829937563000044)",Unfall 14261 (2020) Kat:3, Licht: 1,14261,3,3,5,07,20,3,0,1,0,1,0,0,0,0
"POINT (9.077705081000033 48.729021639000052)",Unfall 14291 (2020) Kat:3, Licht: 0,14291,3,6,9,07,18,7,0,0,0,1,0,0,0,0
"POINT (9.153226321000034 48.834305838000034)",Unfall 14310 (2020) Kat:3, Licht: 0,14310,3,6,3,07,15,2,0,0,0,1,0,0,1,0
"POINT (9.209652202000029 48.701421696000068)",Unfall 14337 (2020) Kat:3, Licht: 0,14337,3,6,2,07,15,5,0,0,0,1,0,1,0,0
"POINT (9.189466668000023 48.786871212000051)",Unfall 14340 (2020) Kat:3, Licht: 0,14340,3,3,5,07,11,1,0,0,0,1,0,0,0,0
"POINT (9.174067078000064 48.821229968000068)",Unfall 14379 (2020) Kat:3, Licht: 2,14379,3,3,0,07,22,3,0,2,1,1,0,0,0,0
"POINT (9.249383961000035 48.783227496000052)",Unfall 14422 (2020) Kat:3, Licht: 0,14422,3,3,0,07,07,4,0,0,1,1,0,0,0,0
"POINT (9.183250687000054 48.775602593000031)",Unfall 14452 (2020) Kat:3, Licht: 0,14452,3,6,2,07,15,5,0,0,0,1,0,1,0,0
"POINT (9.165598507000027 48.814564142000052)",Unfall 14454 (2020) Kat:3, Licht: 0,14454,3,6,2,07,17,7,0,0,0,1,0,0,0,0
"POINT (9.180436935000046 48.844567376000043)",Unfall 14470 (2020) Kat:3, Licht: 0,14470,3,7,3,07,14,2,0,0,0,1,0,0,0,1
"POINT (9.238521319000029 48.795952233000037)",Unfall 14473 (2020) Kat:3, Licht: 2,14473,3,7,8,07,21,6,0,2,0,1,0,0,0,0
"POINT (9.176259320000042 48.806800803000044)",Unfall 14486 (2020) Kat:3, Licht: 1,14486,3,2,5,07,21,6,0,1,1,1,0,0,0,0
"POINT (9.095608046000052 48.827414873000066)",Unfall 14487 (2020) Kat:2, Licht: 0,14487,2,1,8,07,12,1,0,0,0,0,0,1,0,0
"POINT (9.237700688000075 48.781340000000057)",Unfall 14502 (2020) Kat:3, Licht: 0,14502,3,6,2,07,09,3,0,0,0,1,0,0,1,1
"POINT (9.214353045000053 48.808744788000070)",Unfall 14535 (2020) Kat:3, Licht: 0,14535,3,6,2,07,15,4,0,0,0,1,0,0,0,0
"POINT (9.191421879000075 48.788647156000081)",Unfall 14561 (2020) Kat:2, Licht: 0,14561,2,7,2,07,12,1,0,0,0,1,0,1,0,0
"POINT (9.181075323000073 48.758358486000077)",Unfall 14568 (2020) Kat:3, Licht: 0,14568,3,1,0,07,19,1,0,0,1,0,0,0,0,0
"POINT (9.143667225000058 48.834610016000056)",Unfall 14574 (2020) Kat:3, Licht: 0,14574,3,6,2,07,18,5,0,0,0,1,0,0,1,1
"POINT (9.178660312000034 48.784116562000065)",Unfall 14575 (2020) Kat:3, Licht: 2,14575,3,2,5,07,01,1,0,2,0,1,0,0,0,0
"POINT (9.175108529000056 48.820039557000030)",Unfall 14614 (2020) Kat:3, Licht: 0,14614,3,6,2,07,07,3,0,0,0,1,0,1,0,0
"POINT (9.192484007000076 48.789553118000072)",Unfall 14663 (2020) Kat:3, Licht: 2,14663,3,1,2,07,22,1,0,2,0,1,0,0,0,0
"POINT (9.215087727000025 48.795088386000032)",Unfall 14664 (2020) Kat:3, Licht: 0,14664,3,6,2,07,16,1,0,0,0,1,0,0,0,0
"POINT (9.208530131000032 48.781381030000034)",Unfall 14665 (2020) Kat:2, Licht: 0,14665,2,6,0,07,12,1,0,0,0,0,0,1,0,1
"POINT (9.171616764000021 48.824275572000033)",Unfall 14727 (2020) Kat:3, Licht: 0,14727,3,6,2,07,18,7,0,0,0,1,0,0,0,0
"POINT (9.209709083000064 48.799174763000053)",Unfall 14728 (2020) Kat:3, Licht: 0,14728,3,6,2,07,12,7,0,0,0,1,0,0,0,0
"POINT (9.174616841000045 48.750404061000040)",Unfall 14729 (2020) Kat:3, Licht: 0,14729,3,7,0,07,19,7,0,0,1,0,0,0,0,0
"POINT (9.230226530000039 48.694941658000062)",Unfall 14780 (2020) Kat:3, Licht: 0,14780,3,6,2,07,13,6,0,0,0,1,0,0,0,0
"POINT (9.160876297000073 48.707148039000060)",Unfall 14783 (2020) Kat:3, Licht: 0,14783,3,6,3,07,11,6,0,0,0,1,0,0,1,0
"POINT (9.145086836000075 48.810443499000030)",Unfall 14790 (2020) Kat:3, Licht: 0,14790,3,3,6,07,16,6,0,0,0,1,1,0,0,0
"POINT (9.218663611000068 48.787150474000043)",Unfall 14791 (2020) Kat:3, Licht: 0,14791,3,6,2,07,18,6,0,0,0,1,0,0,0,0
"POINT (9.181236622000029 48.792296397000030)",Unfall 14792 (2020) Kat:3, Licht: 0,14792,3,3,5,07,18,6,0,0,1,1,0,0,0,0
"POINT (9.136036054000044 48.764923291000059)",Unfall 14845 (2020) Kat:2, Licht: 0,14845,2,3,0,07,17,5,1,0,0,1,0,1,0,0
"POINT (9.174156198000048 48.821357849000037)",Unfall 14903 (2020) Kat:3, Licht: 0,14903,3,6,3,07,16,4,0,0,0,1,0,0,1,0
"POINT (9.175194903000033 48.819853038000076)",Unfall 14904 (2020) Kat:3, Licht: 0,14904,3,6,2,07,13,4,1,0,0,1,0,0,1,0
"POINT (9.152041092000047 48.834743700000047)",Unfall 14905 (2020) Kat:3, Licht: 0,14905,3,6,3,07,16,4,1,0,0,1,0,0,0,0
"POINT (9.159173626000040 48.813933686000041)",Unfall 14954 (2020) Kat:3, Licht: 0,14954,3,6,2,07,14,2,0,0,0,1,0,0,0,0
"POINT (9.212774746000036 48.800197375000039)",Unfall 14965 (2020) Kat:3, Licht: 0,14965,3,6,4,07,19,4,0,0,1,0,0,0,0,0
"POINT (9.172985851000021 48.753970604000074)",Unfall 14973 (2020) Kat:3, Licht: 0,14973,3,6,2,07,19,3,0,0,0,1,0,0,0,0
"POINT (9.090201018000073 48.833573009000077)",Unfall 15021 (2020) Kat:3, Licht: 0,15021,3,6,3,07,14,5,1,0,0,1,0,0,1,0
"POINT (9.147215497000047 48.836546975000033)",Unfall 15031 (2020) Kat:3, Licht: 0,15031,3,6,2,07,13,5,0,0,0,1,0,0,0,0
"POINT (9.227451118000033 48.740743339000062)",Unfall 15094 (2020) Kat:3, Licht: 0,15094,3,6,2,07,14,3,0,0,0,1,0,0,0,0
"POINT (9.162641471000029 48.795966001000068)",Unfall 15161 (2020) Kat:2, Licht: 0,15161,2,7,0,07,19,4,0,0,1,1,0,0,0,0
"POINT (9.159714041000029 48.723334599000054)",Unfall 15210 (2020) Kat:3, Licht: 0,15210,3,5,1,07,18,5,0,0,1,0,0,0,0,1
"POINT (9.146773656000050 48.708915379000075)",Unfall 15226 (2020) Kat:3, Licht: 1,15226,3,6,3,07,21,1,0,1,0,1,0,0,0,1
"POINT (9.250132258000065 48.780778060000046)",Unfall 15312 (2020) Kat:3, Licht: 0,15312,3,3,5,07,16,2,0,0,0,1,0,1,0,0
"POINT (9.230259240000066 48.738934461000042)",Unfall 15314 (2020) Kat:2, Licht: 0,15314,2,6,2,07,08,2,0,0,0,1,0,1,0,0
"POINT (9.133939920000046 48.843712772000060)",Unfall 15315 (2020) Kat:3, Licht: 0,15315,3,6,2,07,08,2,0,0,0,1,0,0,1,1
"POINT (9.163405004000026 48.771973154000079)",Unfall 15317 (2020) Kat:3, Licht: 0,15317,3,2,5,07,16,2,0,0,0,1,0,1,0,0
"POINT (9.117423733000067 48.758706414000073)",Unfall 15321 (2020) Kat:3, Licht: 0,15321,3,6,2,07,15,3,0,0,0,1,0,0,0,0
"POINT (9.130907203000049 48.782104844000060)",Unfall 15340 (2020) Kat:3, Licht: 2,15340,3,2,5,07,22,4,0,2,1,1,0,0,0,0
"POINT (9.248690646000057 48.779657449000069)",Unfall 15388 (2020) Kat:3, Licht: 1,15388,3,6,2,07,21,1,0,1,0,1,0,0,0,0
"POINT (9.221341153000026 48.740343772000074)",Unfall 15391 (2020) Kat:3, Licht: 0,15391,3,7,9,07,14,1,0,0,1,0,0,0,0,0
"POINT (9.079986733000055 48.719688257000030)",Unfall 15441 (2020) Kat:3, Licht: 0,15441,3,6,3,07,07,6,0,0,0,1,0,0,1,0
"POINT (9.233019286000058 48.813949213000058)",Unfall 15474 (2020) Kat:3, Licht: 0,15474,3,6,2,07,13,6,0,0,0,1,0,1,0,0
"POINT (9.191688349000060 48.697757053000032)",Unfall 15488 (2020) Kat:3, Licht: 0,15488,3,6,2,07,14,6,0,0,0,1,0,0,0,0
"POINT (9.177713944000061 48.807695594000052)",Unfall 15520 (2020) Kat:3, Licht: 0,15520,3,6,3,07,13,7,0,0,0,1,0,0,0,0
"POINT (9.212995565000028 48.800539452000066)",Unfall 15535 (2020) Kat:3, Licht: 0,15535,3,6,3,07,20,3,0,0,0,1,0,1,0,0
"POINT (9.134037222000075 48.709321251000063)",Unfall 15540 (2020) Kat:3, Licht: 0,15540,3,6,3,07,14,4,0,0,0,1,0,0,1,0
"POINT (9.172757238000031 48.776244768000026)",Unfall 15598 (2020) Kat:3, Licht: 2,15598,3,4,6,08,02,1,0,2,0,1,1,0,0,0
"POINT (9.134329719000050 48.768833675000053)",Unfall 15599 (2020) Kat:1, Licht: 2,15599,1,1,8,07,03,5,0,2,0,0,0,1,0,0
"POINT (9.090143335000050 48.778465425000036)",Unfall 15602 (2020) Kat:3, Licht: 0,15602,3,6,0,08,13,7,0,0,0,1,0,1,0,0
"POINT (9.143699331000050 48.834622860000081)",Unfall 15606 (2020) Kat:2, Licht: 0,15606,2,2,2,07,09,5,0,0,0,1,0,0,0,0
"POINT (9.155975909000063 48.848326290000045)",Unfall 15612 (2020) Kat:3, Licht: 0,15612,3,6,2,07,19,5,0,0,0,1,0,0,0,0
"POINT (9.243845487000044 48.777156212000079)",Unfall 15619 (2020) Kat:2, Licht: 0,15619,2,6,2,07,17,5,0,0,0,1,0,0,0,0
"POINT (9.184234017000051 48.777410951000036)",Unfall 15661 (2020) Kat:3, Licht: 0,15661,3,6,2,07,16,6,0,0,0,1,0,0,0,0
"POINT (9.183115325000074 48.767520388000037)",Unfall 15738 (2020) Kat:2, Licht: 2,15738,2,2,5,08,04,1,0,2,0,1,0,0,0,0
"POINT (9.187850457000025 48.780979081000055)",Unfall 15742 (2020) Kat:2, Licht: 2,15742,2,6,2,08,04,7,0,2,0,1,0,0,0,1
"POINT (9.259352145000037 48.761473351000063)",Unfall 15754 (2020) Kat:3, Licht: 0,15754,3,6,3,08,16,2,0,0,0,1,0,1,0,0
"POINT (9.170094368000036 48.731126770000060)",Unfall 15892 (2020) Kat:3, Licht: 2,15892,3,1,0,08,21,2,0,2,0,1,0,0,0,0
"POINT (9.210765746000050 48.726273905000028)",Unfall 15919 (2020) Kat:3, Licht: 0,15919,3,3,5,08,11,7,0,0,0,1,0,0,0,0
"POINT (9.164665882000065 48.772302812000078)",Unfall 15931 (2020) Kat:3, Licht: 0,15931,3,7,0,08,14,3,0,0,0,0,0,1,0,1
"POINT (9.091910941000037 48.755916589000037)",Unfall 15976 (2020) Kat:3, Licht: 0,15976,3,7,0,08,07,1,0,0,1,0,0,0,0,0
"POINT (9.174864750000040 48.804966401000058)",Unfall 15998 (2020) Kat:3, Licht: 0,15998,3,1,2,08,17,5,0,0,0,1,0,0,0,1
"POINT (9.174466798000026 48.750391132000061)",Unfall 16001 (2020) Kat:3, Licht: 0,16001,3,6,2,08,08,5,0,0,1,0,0,0,1,0
"POINT (9.145007708000037 48.771366050000040)",Unfall 16003 (2020) Kat:3, Licht: 0,16003,3,3,5,08,09,5,0,0,0,1,0,0,0,0
"POINT (9.145021818000032 48.727854208000053)",Unfall 16012 (2020) Kat:3, Licht: 0,16012,3,2,5,08,09,3,0,0,1,1,0,0,0,0
"POINT (9.233029549000037 48.705776540000045)",Unfall 16035 (2020) Kat:3, Licht: 0,16035,3,6,2,08,14,2,0,0,0,1,0,0,0,0
"POINT (9.175172454000062 48.819912614000032)",Unfall 16079 (2020) Kat:3, Licht: 0,16079,3,6,2,08,12,7,0,0,0,1,0,1,0,0
"POINT (9.182098887000052 48.775330776000033)",Unfall 16116 (2020) Kat:3, Licht: 0,16116,3,3,5,08,19,3,0,0,0,1,0,0,0,0
"POINT (9.216058639000039 48.785838187000081)",Unfall 16164 (2020) Kat:3, Licht: 0,16164,3,6,2,08,07,6,0,0,0,1,0,0,0,1
"POINT (9.142876117000071 48.810228585000061)",Unfall 16176 (2020) Kat:3, Licht: 0,16176,3,6,2,08,12,3,0,0,0,1,0,0,1,0
"POINT (9.100998038000057 48.755803470000046)",Unfall 16178 (2020) Kat:2, Licht: 0,16178,2,6,2,08,14,4,0,0,0,1,0,0,1,1
"POINT (9.185327658000063 48.774364098000035)",Unfall 16181 (2020) Kat:3, Licht: 0,16181,3,2,5,08,17,4,0,0,1,1,0,0,0,0
"POINT (9.166123702000050 48.834614383000030)",Unfall 16252 (2020) Kat:3, Licht: 2,16252,3,6,3,08,05,3,0,2,0,1,0,0,1,0
"POINT (9.210607995000032 48.726390262000052)",Unfall 16298 (2020) Kat:3, Licht: 0,16298,3,2,3,08,11,3,0,0,0,0,0,1,1,0
"POINT (9.171896223000033 48.822542024000029)",Unfall 16300 (2020) Kat:3, Licht: 0,16300,3,6,2,08,11,3,0,0,0,1,0,0,0,0
"POINT (9.182877695000059 48.775489138000069)",Unfall 16340 (2020) Kat:3, Licht: 0,16340,3,6,0,08,13,4,0,0,0,1,0,0,0,1
"POINT (9.176799058000029 48.779663106000044)",Unfall 16425 (2020) Kat:2, Licht: 0,16425,2,7,0,08,13,7,0,0,1,0,0,0,0,0
"POINT (9.240002539000045 48.791245664000030)",Unfall 16427 (2020) Kat:3, Licht: 2,16427,3,2,5,08,22,4,0,2,0,1,0,0,0,0
"POINT (9.178732154000045 48.784180758000048)",Unfall 16437 (2020) Kat:3, Licht: 0,16437,3,3,5,08,12,7,0,0,0,1,0,0,0,0
"POINT (9.219406179000032 48.803631323000047)",Unfall 16513 (2020) Kat:3, Licht: 0,16513,3,2,2,08,12,3,0,0,0,1,0,0,0,0
"POINT (9.173664914000028 48.802539012000068)",Unfall 16515 (2020) Kat:3, Licht: 0,16515,3,7,3,08,13,5,1,0,0,1,0,0,0,0
"POINT (9.181974280000077 48.793520988000068)",Unfall 16532 (2020) Kat:3, Licht: 0,16532,3,7,6,08,12,2,0,0,0,1,1,0,0,0
"POINT (9.235768072000042 48.806621228000040)",Unfall 16600 (2020) Kat:3, Licht: 0,16600,3,7,5,08,11,4,0,0,0,0,0,1,0,1
"POINT (9.180433346000029 48.786584948000041)",Unfall 16657 (2020) Kat:3, Licht: 0,16657,3,4,6,08,09,4,0,0,0,0,1,0,0,1
"POINT (9.116481857000053 48.729809705000037)",Unfall 16661 (2020) Kat:3, Licht: 0,16661,3,6,2,08,14,4,0,0,0,1,0,0,0,0
"POINT (9.187187430000051 48.773373590000062)",Unfall 16757 (2020) Kat:3, Licht: 0,16757,3,6,2,08,06,4,0,0,0,1,0,0,0,0
"POINT (9.221337340000048 48.694996292000042)",Unfall 16778 (2020) Kat:3, Licht: 0,16778,3,6,2,08,13,3,0,0,0,1,0,1,0,0
"POINT (9.195646821000025 48.753417627000033)",Unfall 16872 (2020) Kat:3, Licht: 0,16872,3,1,4,08,12,7,0,0,0,1,0,0,0,1
"POINT (9.243574815000045 48.754048371000067)",Unfall 16890 (2020) Kat:3, Licht: 0,16890,3,6,2,08,18,6,0,0,0,1,0,0,0,0
"POINT (9.169512608000048 48.764476603000048)",Unfall 16896 (2020) Kat:3, Licht: 0,16896,3,6,3,08,19,6,0,0,0,0,0,1,0,0
"POINT (9.239243794000061 48.807413442000041)",Unfall 16922 (2020) Kat:3, Licht: 0,16922,3,5,1,08,16,1,0,0,1,1,0,0,0,0
"POINT (9.239926672000024 48.791298966000056)",Unfall 16923 (2020) Kat:3, Licht: 0,16923,3,6,2,08,18,2,0,0,0,1,0,0,0,0
"POINT (9.124986049000029 48.729549266000049)",Unfall 16947 (2020) Kat:3, Licht: 0,16947,3,3,5,08,09,4,0,0,1,1,0,0,0,0
"POINT (9.211752636000028 48.783543220000070)",Unfall 16968 (2020) Kat:3, Licht: 0,16968,3,6,2,08,16,3,0,0,0,1,0,0,0,0
"POINT (9.130927435000046 48.782119992000048)",Unfall 16995 (2020) Kat:3, Licht: 2,16995,3,3,5,08,21,6,0,2,1,1,0,0,0,0
"POINT (9.156046383000046 48.840579573000070)",Unfall 17071 (2020) Kat:2, Licht: 2,17071,2,3,5,08,21,5,0,2,0,1,0,0,0,0
"POINT (9.181671629000050 48.775010186000031)",Unfall 17083 (2020) Kat:3, Licht: 0,17083,3,2,5,08,09,5,0,0,1,1,0,0,0,0
"POINT (9.216927035000026 48.798642733000065)",Unfall 17090 (2020) Kat:3, Licht: 0,17090,3,3,5,08,08,2,0,0,1,1,0,0,0,0
"POINT (9.183613606000051 48.803357589000029)",Unfall 17156 (2020) Kat:3, Licht: 0,17156,3,3,2,08,18,7,0,0,0,1,0,0,0,0
"POINT (9.135169945000030 48.764593014000070)",Unfall 17181 (2020) Kat:3, Licht: 0,17181,3,1,8,08,18,6,1,0,0,1,0,0,0,0
"POINT (9.152201525000066 48.835089353000058)",Unfall 17205 (2020) Kat:3, Licht: 0,17205,3,6,2,09,14,1,0,0,0,1,0,0,0,0
"POINT (9.214047448000031 48.801597089000040)",Unfall 17211 (2020) Kat:2, Licht: 1,17211,2,3,5,09,18,2,0,1,0,1,0,0,0,0
"POINT (9.226792941000042 48.793071765000036)",Unfall 17218 (2020) Kat:3, Licht: 0,17218,3,3,5,08,06,2,0,0,0,1,0,0,0,0
"POINT (9.096054662000029 48.755723520000060)",Unfall 17292 (2020) Kat:3, Licht: 0,17292,3,2,2,09,17,3,0,0,0,1,0,0,0,0
"POINT (9.169654845000025 48.773783848000051)",Unfall 17313 (2020) Kat:3, Licht: 2,17313,3,2,5,09,22,4,0,2,0,1,0,1,0,0
"POINT (9.178975387000037 48.702048817000048)",Unfall 17350 (2020) Kat:3, Licht: 0,17350,3,7,2,09,13,3,0,0,0,1,0,0,1,0
"POINT (9.152252387000033 48.834696965000035)",Unfall 17351 (2020) Kat:2, Licht: 0,17351,2,2,3,09,11,5,0,0,0,1,0,1,0,0
"POINT (9.161770659000069 48.745785693000073)",Unfall 17381 (2020) Kat:3, Licht: 0,17381,3,6,0,09,17,6,0,0,0,1,0,0,0,0
"POINT (9.181249646000026 48.760399281000048)",Unfall 17415 (2020) Kat:3, Licht: 0,17415,3,6,2,09,17,1,0,0,1,1,0,0,0,0
"POINT (9.129234990000043 48.781082529000059)",Unfall 17423 (2020) Kat:3, Licht: 0,17423,3,1,0,09,14,2,0,0,0,0,0,1,0,0
"POINT (9.182266379000055 48.810418153000057)",Unfall 17429 (2020) Kat:3, Licht: 2,17429,3,1,0,09,05,3,1,2,0,0,0,1,0,0
"POINT (9.201970900000049 48.795288844000027)",Unfall 17435 (2020) Kat:3, Licht: 0,17435,3,6,2,09,16,3,0,0,0,1,0,0,0,0
"POINT (9.200916705000054 48.780272636000063)",Unfall 17441 (2020) Kat:2, Licht: 2,17441,2,1,8,09,06,3,1,2,0,1,1,0,0,0
"POINT (9.141608997000049 48.840054885000029)",Unfall 17450 (2020) Kat:3, Licht: 0,17450,3,3,5,09,11,7,0,0,0,1,0,0,1,0
"POINT (9.217640231000075 48.814493301000027)",Unfall 17453 (2020) Kat:3, Licht: 0,17453,3,7,9,08,10,1,1,0,0,1,0,0,0,0
"POINT (9.189894371000037 48.780344374000038)",Unfall 17466 (2020) Kat:3, Licht: 0,17466,3,6,2,08,15,1,1,0,0,1,0,0,0,0
"POINT (9.100327551000021 48.817134091000071)",Unfall 17474 (2020) Kat:2, Licht: 0,17474,2,6,4,09,14,3,0,0,0,1,0,0,0,0
"POINT (9.168706381000050 48.826084180000066)",Unfall 17527 (2020) Kat:3, Licht: 0,17527,3,6,2,09,13,2,0,0,0,1,0,0,0,0
"POINT (9.096969930000057 48.836637327000062)",Unfall 17536 (2020) Kat:3, Licht: 0,17536,3,6,2,09,16,3,0,0,0,1,0,0,0,0
"POINT (9.256080324000038 48.810710600000050)",Unfall 17537 (2020) Kat:3, Licht: 0,17537,3,6,2,09,13,5,0,0,0,1,0,0,0,0
"POINT (9.191370525000025 48.788603701000056)",Unfall 17565 (2020) Kat:3, Licht: 0,17565,3,6,3,09,12,6,0,0,0,1,0,1,0,0