WKT,Name,OBJECTID,UKATEGORIE,UTYP1,UART,UMONAT,USTUNDE,UWOCHENTAG,STRZUSTAND,ULICHTVERH,ISTRAD,ISTPKW,ISTFUSS,ISTKRAD,ISTGKFZ,ISTSONSTIG
"POINT (9.179473449000057 48.784472323000045)",Unfall 17609 (2020) Kat:3, Licht: 0,17609,3,6,2,09,15,3,0,0,0,1,0,0,0,0
"POINT (9.265538803000027 48.763630291000027)",Unfall 17664 (2020) Kat:3, Licht: 2,17664,3,6,2,09,23,7,0,2,0,1,0,0,0,0
"POINT (9.086763406000046 48.802798267000071)",Unfall 17686 (2020) Kat:1, Licht: 0,17686,1,3,5,09,15,3,0,0,1,1,0,0,0,0
"POINT (9.171993070000042 48.767791583000076)",Unfall 17697 (2020) Kat:3, Licht: 0,17697,3,6,2,09,13,6,0,0,0,1,0,0,0,0
"POINT (9.178056754000068 48.810894972000028)",Unfall 17744 (2020) Kat:3, Licht: 1,17744,3,3,5,09,06,4,0,1,0,1,0,0,0,0
"POINT (9.197812088000035 48.693983986000035)",Unfall 17818 (2020) Kat:3, Licht: 2,17818,3,1,3,09,20,7,0,2,0,1,0,0,0,0
"POINT (9.219316106000065 48.787434962000077)",Unfall 17875 (2020) Kat:3, Licht: 0,17875,3,2,5,09,06,2,0,0,1,1,0,0,0,0
"POINT (9.175075175000075 48.820090005000054)",Unfall 17961 (2020) Kat:3, Licht: 0,17961,3,6,2,09,13,4,0,0,0,1,0,0,0,1
"POINT (9.211480885000071 48.799778734000029)",Unfall 17975 (2020) Kat:2, Licht: 2,17975,2,1,9,09,21,6,0,2,0,1,0,0,0,0
"POINT (9.156407632000025 48.847782682000059)",Unfall 17978 (2020) Kat:3, Licht: 0,17978,3,7,6,09,18,6,0,0,0,1,1,0,0,0
"POINT (9.167950660000031 48.773163847000035)",Unfall 18015 (2020) Kat:3, Licht: 0,18015,3,7,5,09,07,2,0,0,0,1,0,1,0,0
"POINT (9.184326380000073 48.777957003000040)",Unfall 18075 (2020) Kat:3, Licht: 2,18075,3,1,8,09,04,5,0,2,0,1,0,0,0,0
"POINT (9.233780545000059 48.814299168000048)",Unfall 18076 (2020) Kat:3, Licht: 0,18076,3,2,6,09,15,5,0,0,1,0,1,0,0,1
"POINT (9.227064684000027 48.739743715000031)",Unfall 18080 (2020) Kat:3, Licht: 0,18080,3,6,2,09,15,5,0,0,0,1,0,0,0,0
"POINT (9.213039666000043 48.800294477000079)",Unfall 18086 (2020) Kat:3, Licht: 0,18086,3,1,0,09,16,3,0,0,1,0,0,0,0,0
"POINT (9.177494957000022 48.810953325000071)",Unfall 18114 (2020) Kat:3, Licht: 0,18114,3,3,5,09,13,1,0,0,1,1,0,0,0,0
"POINT (9.175603724000041 48.778473086000076)",Unfall 18120 (2020) Kat:3, Licht: 0,18120,3,2,5,09,18,1,0,0,1,1,0,0,0,0
"POINT (9.211433058000068 48.804839164000043)",Unfall 18133 (2020) Kat:3, Licht: 0,18133,3,3,5,09,11,1,0,0,1,1,0,0,0,0
"POINT (9.253319263000037 48.810196837000035)",Unfall 18157 (2020) Kat:3, Licht: 0,18157,3,6,2,09,18,1,0,0,0,1,0,0,0,0
"POINT (9.225525441000059 48.839547675000063)",Unfall 18179 (2020) Kat:2, Licht: 0,18179,2,6,2,09,13,4,0,0,0,1,0,0,0,0
"POINT (9.199166981000076 48.693700505000038)",Unfall 18188 (2020) Kat:3, Licht: 0,18188,3,6,3,09,16,4,0,0,0,1,0,0,0,0
"POINT (9.169134446000044 48.814948434000030)",Unfall 18199 (2020) Kat:3, Licht: 0,18199,3,2,6,09,17,2,0,0,0,1,1,0,0,0
"POINT (9.177327686000069 48.782410843000036)",Unfall 18201 (2020) Kat:3, Licht: 0,18201,3,6,2,09,11,4,0,0,0,1,0,0,1,0
"POINT (9.189425048000032 48.807714802000078)",Unfall 18204 (2020) Kat:2, Licht: 0,18204,2,2,5,09,13,4,0,0,0,1,0,0,0,0
"POINT (9.169216032000065 48.740066659000036)",Unfall 18330 (2020) Kat:2, Licht: 0,18330,2,7,2,09,13,7,0,0,0,1,0,0,0,0
"POINT (9.203661872000055 48.795841974000041)",Unfall 18418 (2020) Kat:3, Licht: 0,18418,3,6,2,09,16,6,0,0,0,1,0,0,0,0
"POINT (9.130420484000069 48.740544032000059)",Unfall 18419 (2020) Kat:3, Licht: 0,18419,3,6,3,09,08,6,0,0,1,0,0,0,1,0
"POINT (9.177692541000056 48.810932802000082)",Unfall 18420 (2020) Kat:3, Licht: 0,18420,3,7,0,09,13,6,0,0,0,0,0,1,0,0
"POINT (9.233908815000063 48.783059853000054)",Unfall 18421 (2020) Kat:3, Licht: 0,18421,3,6,3,09,12,6,0,0,0,1,0,1,0,0
"POINT (9.182774783000070 48.775955308000050)",Unfall 18422 (2020) Kat:3, Licht: 0,18422,3,3,5,09,13,6,0,0,1,0,0,0,0,0
"POINT (9.212955019000049 48.784349246000033)",Unfall 18471 (2020) Kat:3, Licht: 0,18471,3,6,2,09,13,5,0,0,0,1,0,0,0,0
"POINT (9.177429173000064 48.815870582000059)",Unfall 18472 (2020) Kat:3, Licht: 0,18472,3,6,3,09,11,5,0,0,0,1,0,0,0,0
"POINT (9.224500208000052 48.804720008000061)",Unfall 18473 (2020) Kat:3, Licht: 0,18473,3,6,3,09,17,5,0,0,1,1,0,0,0,0
"POINT (9.211445804000050 48.804828531000055)",Unfall 18569 (2020) Kat:3, Licht: 0,18569,3,3,5,09,07,3,0,0,1,1,0,0,0,0
"POINT (9.215051809000045 48.785364387000072)",Unfall 18580 (2020) Kat:2, Licht: 0,18580,2,7,1,09,06,4,0,0,0,1,0,1,0,0
"POINT (9.181681027000025 48.793291693000072)",Unfall 18594 (2020) Kat:3, Licht: 0,18594,3,6,3,09,08,2,0,0,0,1,0,1,0,0
"POINT (9.155521042000032 48.707699110000078)",Unfall 18601 (2020) Kat:3, Licht: 0,18601,3,6,2,09,16,3,0,0,0,1,0,0,0,0
"POINT (9.242820990000041 48.792529887000057)",Unfall 18610 (2020) Kat:3, Licht: 0,18610,3,3,5,09,07,3,0,0,1,1,0,0,0,0
"POINT (9.257229115000030 48.760694687000068)",Unfall 18637 (2020) Kat:3, Licht: 0,18637,3,6,2,09,08,4,0,0,0,1,0,0,0,0
"POINT (9.154901566000035 48.724306666000075)",Unfall 18686 (2020) Kat:3, Licht: 0,18686,3,3,5,09,11,3,0,0,1,0,0,1,0,0
"POINT (9.147235198000033 48.794394419000071)",Unfall 18754 (2020) Kat:3, Licht: 0,18754,3,3,5,09,15,4,0,0,1,1,0,0,0,0
"POINT (9.182753911000077 48.798442265000062)",Unfall 18797 (2020) Kat:3, Licht: 0,18797,3,4,6,09,15,3,0,0,0,1,1,0,0,0
"POINT (9.129079848000060 48.779154581000057)",Unfall 18815 (2020) Kat:2, Licht: 0,18815,2,3,5,09,16,4,0,0,0,1,0,0,0,1
"POINT (9.105499614000053 48.820191605000048)",Unfall 18827 (2020) Kat:3, Licht: 0,18827,3,6,2,10,08,5,0,0,0,1,0,0,0,1
"POINT (9.166781669000045 48.723786295000082)",Unfall 18847 (2020) Kat:3, Licht: 0,18847,3,3,5,09,15,4,0,0,0,1,0,1,0,0
"POINT (9.158598636000022 48.755357342000082)",Unfall 18875 (2020) Kat:3, Licht: 0,18875,3,6,2,09,15,7,0,0,0,1,0,0,0,0
"POINT (9.243854396000074 48.787609003000057)",Unfall 18882 (2020) Kat:3, Licht: 0,18882,3,6,3,09,16,7,0,0,0,1,0,0,0,0
"POINT (9.181145284000024 48.791909419000035)",Unfall 18889 (2020) Kat:3, Licht: 0,18889,3,3,5,09,15,3,0,0,1,1,0,0,0,0
"POINT (9.157335913000054 48.811094228000059)",Unfall 18892 (2020) Kat:3, Licht: 0,18892,3,4,6,09,08,3,1,0,0,1,1,0,0,0
"POINT (9.193837686000052 48.779354556000044)",Unfall 18895 (2020) Kat:3, Licht: 1,18895,3,6,2,09,07,3,1,1,0,1,0,0,0,0
"POINT (9.171674174000032 48.750882772000068)",Unfall 18896 (2020) Kat:3, Licht: 0,18896,3,2,5,09,07,3,1,0,1,1,0,0,0,0
"POINT (9.222048664000056 48.789237286000059)",Unfall 18898 (2020) Kat:3, Licht: 0,18898,3,6,2,09,07,3,1,0,0,1,0,0,0,0
"POINT (9.180006482000067 48.810692438000046)",Unfall 18959 (2020) Kat:3, Licht: 2,18959,3,3,5,10,21,5,0,2,0,1,0,0,0,0
"POINT (9.146320651000053 48.783713224000053)",Unfall 18995 (2020) Kat:3, Licht: 0,18995,3,3,5,10,11,6,0,0,1,1,0,0,0,0
"POINT (9.176889513000049 48.811020896000059)",Unfall 19005 (2020) Kat:3, Licht: 0,19005,3,7,6,09,16,2,0,0,0,0,1,0,0,1
"POINT (9.147596932000056 48.754671484000028)",Unfall 19007 (2020) Kat:3, Licht: 0,19007,3,6,2,09,14,2,0,0,0,1,0,0,0,0
"POINT (9.177536271000065 48.844890489000079)",Unfall 19009 (2020) Kat:3, Licht: 0,19009,3,2,3,09,14,2,0,0,0,1,0,0,1,0
"POINT (9.226485355000023 48.786988510000072)",Unfall 19013 (2020) Kat:3, Licht: 2,19013,3,6,3,09,20,2,0,2,0,1,0,0,1,0
"POINT (9.211201090000031 48.745693935000077)",Unfall 19092 (2020) Kat:3, Licht: 0,19092,3,2,5,10,16,5,1,0,1,1,0,0,0,0
"POINT (9.126213482000026 48.737892463000037)",Unfall 19133 (2020) Kat:3, Licht: 0,19133,3,3,5,09,14,4,0,0,1,1,0,0,0,0
"POINT (9.219526779000034 48.803652590000070)",Unfall 19147 (2020) Kat:3, Licht: 2,19147,3,1,9,10,01,2,1,2,0,1,0,0,0,0
"POINT (9.167170131000034 48.773009225000067)",Unfall 19165 (2020) Kat:3, Licht: 0,19165,3,6,2,10,09,2,0,0,0,1,0,1,0,0
"POINT (9.168909661000043 48.773459262000074)",Unfall 19182 (2020) Kat:3, Licht: 0,19182,3,1,0,10,16,3,1,0,1,0,0,0,0,0
"POINT (9.169676685000070 48.813957313000060)",Unfall 19188 (2020) Kat:3, Licht: 1,19188,3,1,0,10,05,5,0,1,1,0,0,0,0,0
"POINT (9.243407226000045 48.808556137000039)",Unfall 19218 (2020) Kat:2, Licht: 0,19218,2,4,6,10,16,2,0,0,0,0,1,0,0,1
"POINT (9.209816442000033 48.798765448000040)",Unfall 19228 (2020) Kat:3, Licht: 0,19228,3,6,2,10,14,6,0,0,0,1,0,0,0,0
"POINT (9.173772990000032 48.841198376000079)",Unfall 19257 (2020) Kat:2, Licht: 0,19257,2,1,9,10,13,3,1,0,0,0,0,1,0,0
"POINT (9.230344885000022 48.812810116000037)",Unfall 19262 (2020) Kat:3, Licht: 0,19262,3,6,2,10,16,4,0,0,0,1,0,0,0,0
"POINT (9.135545085000047 48.771069153000042)",Unfall 19280 (2020) Kat:3, Licht: 0,19280,3,6,2,10,13,6,0,0,0,1,0,0,0,0
"POINT (9.144752202000063 48.754782885000054)",Unfall 19290 (2020) Kat:2, Licht: 0,19290,2,6,3,10,07,2,0,0,0,1,0,0,0,0
"POINT (9.156015068000045 48.849075710000079)",Unfall 19333 (2020) Kat:2, Licht: 0,19333,2,1,0,10,17,3,1,0,0,0,0,1,0,0
"POINT (9.173971443000028 48.821564688000080)",Unfall 19339 (2020) Kat:3, Licht: 0,19339,3,6,2,10,14,5,0,0,0,1,0,0,0,0
"POINT (9.184438678000049 48.778126896000060)",Unfall 19357 (2020) Kat:2, Licht: 0,19357,2,6,2,10,15,6,0,0,0,1,0,0,0,1
"POINT (9.171943638000073 48.767732062000050)",Unfall 19368 (2020) Kat:3, Licht: 2,19368,3,6,2,10,19,2,1,2,0,1,0,0,0,0
"POINT (9.105304786000033 48.820175484000060)",Unfall 19410 (2020) Kat:3, Licht: 0,19410,3,6,2,10,13,5,0,0,0,1,0,0,0,0
"POINT (9.109691552000072 48.727504297000053)",Unfall 19414 (2020) Kat:2, Licht: 2,19414,2,3,5,10,18,4,1,2,1,1,0,0,0,0
"POINT (9.219344223000064 48.787447922000069)",Unfall 19431 (2020) Kat:3, Licht: 0,19431,3,2,5,10,15,6,0,0,0,1,0,1,0,0
"POINT (9.231318964000025 48.841411925000045)",Unfall 19440 (2020) Kat:3, Licht: 2,19440,3,3,5,10,20,2,0,2,0,1,0,0,0,0
"POINT (9.116655191000064 48.846150706000060)",Unfall 19463 (2020) Kat:3, Licht: 0,19463,3,6,2,10,16,3,1,0,0,0,0,0,1,0
"POINT (9.097910143000036 48.818296600000053)",Unfall 19479 (2020) Kat:3, Licht: 0,19479,3,6,2,10,17,3,0,0,0,1,0,0,0,0
"POINT (9.166452902000060 48.811583607000046)",Unfall 19484 (2020) Kat:3, Licht: 0,19484,3,6,2,10,06,4,1,0,0,1,0,0,0,0
"POINT (9.175417482000057 48.778322617000072)",Unfall 19502 (2020) Kat:3, Licht: 0,19502,3,2,5,10,14,6,0,0,1,1,0,0,0,0
"POINT (9.273718032000033 48.757382994000068)",Unfall 19522 (2020) Kat:3, Licht: 0,19522,3,6,2,10,16,3,0,0,0,1,0,0,0,0
"POINT (9.211954396000067 48.806473280000034)",Unfall 19526 (2020) Kat:3, Licht: 0,19526,3,3,5,10,11,3,0,0,0,1,0,0,0,0
"POINT (9.212454440000045 48.829704624000044)",Unfall 19527 (2020) Kat:2, Licht: 0,19527,2,6,6,10,08,3,0,0,1,0,1,0,0,0
"POINT (9.234389791000069 48.737788682000030)",Unfall 19589 (2020) Kat:3, Licht: 0,19589,3,6,2,10,15,5,1,0,0,1,0,0,0,1
"POINT (9.224901118000048 48.818038062000028)",Unfall 19596 (2020) Kat:3, Licht: 0,19596,3,3,5,10,12,1,0,0,0,1,0,0,0,0
"POINT (9.156468957000072 48.770173097000054)",Unfall 19642 (2020) Kat:3, Licht: 0,19642,3,3,5,10,09,4,0,0,0,0,0,1,0,1
"POINT (9.238755507000064 48.780632509000043)",Unfall 19659 (2020) Kat:3, Licht: 0,19659,3,6,2,10,16,5,0,0,0,1,0,0,0,0
"POINT (9.174381185000073 48.779248940000059)",Unfall 19713 (2020) Kat:3, Licht: 0,19713,3,1,0,10,08,2,1,0,0,0,0,1,0,0
"POINT (9.143442368000024 48.834500130000038)",Unfall 19719 (2020) Kat:3, Licht: 0,19719,3,6,2,10,12,2,0,0,0,1,0,1,0,0
"POINT (9.182696849000024 48.776043426000058)",Unfall 19720 (2020) Kat:3, Licht: 0,19720,3,6,2,10,09,2,0,0,0,1,0,0,0,0
"POINT (9.156081412000049 48.755004793000069)",Unfall 19751 (2020) Kat:3, Licht: 2,19751,3,6,2,10,18,5,0,2,0,1,0,0,0,1
"POINT (9.174482093000052 48.841053237000040)",Unfall 19771 (2020) Kat:3, Licht: 0,19771,3,7,8,10,10,7,0,0,0,1,0,0,0,0
"POINT (9.177677682000024 48.815799531000039)",Unfall 19775 (2020) Kat:2, Licht: 0,19775,2,2,5,10,13,1,0,0,1,1,0,0,0,0
"POINT (9.227463487000023 48.741265080000062)",Unfall 19776 (2020) Kat:2, Licht: 2,19776,2,1,8,10,02,1,0,2,0,1,0,0,0,0
"POINT (9.239236973000061 48.817189129000042)",Unfall 19852 (2020) Kat:3, Licht: 2,19852,3,7,1,10,23,6,1,2,0,1,0,0,0,0
"POINT (9.208281506000049 48.747710231000042)",Unfall 19876 (2020) Kat:3, Licht: 2,19876,3,4,6,10,02,7,1,2,0,1,1,0,0,0
"POINT (9.221718714000076 48.789049637000062)",Unfall 19877 (2020) Kat:3, Licht: 2,19877,3,6,2,10,19,7,0,2,0,1,0,0,0,0
"POINT (9.181181846000072 48.790731795000056)",Unfall 19879 (2020) Kat:3, Licht: 0,19879,3,6,3,10,16,7,0,0,0,1,0,1,0,0
"POINT (9.091852370000026 48.755946800000061)",Unfall 19881 (2020) Kat:3, Licht: 0,19881,3,1,0,10,17,7,0,0,0,0,0,1,0,0
"POINT (9.185883816000057 48.780592503000037)",Unfall 19883 (2020) Kat:3, Licht: 0,19883,3,6,2,10,16,7,0,0,0,1,0,0,0,0
"POINT (9.245395961000043 48.821057576000044)",Unfall 19900 (2020) Kat:3, Licht: 0,19900,3,3,5,10,14,7,0,0,0,1,0,0,0,0
"POINT (9.124834759000066 48.806702827000038)",Unfall 19902 (2020) Kat:2, Licht: 1,19902,2,6,4,10,18,5,1,1,0,1,0,0,0,0
"POINT (9.249415974000044 48.771632625000052)",Unfall 19918 (2020) Kat:3, Licht: 0,19918,3,7,2,10,16,3,0,0,0,1,0,0,1,0
"POINT (9.109720634000041 48.728310387000079)",Unfall 19949 (2020) Kat:3, Licht: 0,19949,3,2,5,10,17,5,0,0,1,1,0,0,0,0
"POINT (9.104985772000021 48.807028780000053)",Unfall 19959 (2020) Kat:3, Licht: 0,19959,3,3,5,10,14,6,1,0,0,1,0,0,0,0
"POINT (9.219415737000077 48.803632972000059)",Unfall 20020 (2020) Kat:3, Licht: 0,20020,3,2,3,10,15,6,1,0,1,1,0,0,0,0
"POINT (9.152159772000061 48.791427185000032)",Unfall 20021 (2020) Kat:3, Licht: 0,20021,3,6,2,10,10,2,1,0,0,1,0,0,0,0
"POINT (9.135339321000060 48.764655147000042)",Unfall 20023 (2020) Kat:3, Licht: 0,20023,3,6,2,10,16,7,0,0,0,1,0,0,0,0
"POINT (9.250341353000067 48.770221947000039)",Unfall 20034 (2020) Kat:3, Licht: 2,20034,3,6,2,10,18,5,1,2,0,1,0,0,0,0
"POINT (9.243184046000067 48.792027356000062)",Unfall 20039 (2020) Kat:3, Licht: 1,20039,3,2,5,10,17,6,1,1,1,1,0,0,0,0
"POINT (9.217175385000076 48.793053728000075)",Unfall 20056 (2020) Kat:3, Licht: 2,20056,3,6,2,10,18,1,0,2,0,1,0,0,0,0
"POINT (9.110699960000034 48.842524601000036)",Unfall 20092 (2020) Kat:3, Licht: 1,20092,3,6,3,10,17,4,0,1,0,1,0,0,0,0
"POINT (9.257193625000070 48.760681191000060)",Unfall 20120 (2020) Kat:3, Licht: 0,20120,3,6,2,10,16,5,0,0,0,1,0,0,0,0
"POINT (9.246266251000066 48.788259093000079)",Unfall 20129 (2020) Kat:3, Licht: 1,20129,3,6,2,10,07,6,1,1,0,1,0,0,0,0
"POINT (9.212621849000072 48.800487515000043)",Unfall 20130 (2020) Kat:3, Licht: 0,20130,3,2,2,10,12,2,1,0,0,1,0,0,0,0
"POINT (9.094825239000045 48.819412619000047)",Unfall 20157 (2020) Kat:3, Licht: 0,20157,3,6,2,10,07,2,0,0,0,1,0,0,0,0
"POINT (9.202257111000051 48.794886205000068)",Unfall 20192 (2020) Kat:2, Licht: 2,20192,2,2,5,10,07,6,1,2,1,1,0,0,0,0
"POINT (9.184651538000026 48.778071362000048)",Unfall 20195 (2020) Kat:3, Licht: 0,20195,3,3,2,10,15,7,0,0,0,1,0,0,0,1
"POINT (9.174926253000024 48.778090802000065)",Unfall 20211 (2020) Kat:3, Licht: 2,20211,3,6,2,10,16,6,1,2,0,1,0,0,0,0
"POINT (9.127438296000037 48.708804000000043)",Unfall 20267 (2020) Kat:2, Licht: 0,20267,2,6,3,10,13,5,0,0,0,1,0,0,1,1
"POINT (9.209121857000071 48.806174530000078)",Unfall 20279 (2020) Kat:3, Licht: 0,20279,3,6,3,10,11,4,0,0,0,1,0,0,1,0
"POINT (9.144932682000047 48.771330415000079)",Unfall 20285 (2020) Kat:2, Licht: 2,20285,2,2,6,10,19,5,1,2,0,1,1,0,0,0
"POINT (9.167701083000054 48.748644370000079)",Unfall 20290 (2020) Kat:3, Licht: 2,20290,3,6,2,10,07,6,1,2,0,1,0,1,0,0
"POINT (9.171654468000043 48.775287748000039)",Unfall 20296 (2020) Kat:3, Licht: 2,20296,3,5,1,10,19,6,1,2,1,1,0,0,0,0
"POINT (9.191094369000041 48.780024699000080)",Unfall 20297 (2020) Kat:2, Licht: 0,20297,2,6,2,10,10,2,1,0,0,1,0,0,0,1
"POINT (9.118267729000024 48.758473139000046)",Unfall 20299 (2020) Kat:3, Licht: 0,20299,3,1,9,10,17,7,0,0,0,0,0,1,0,0
"POINT (9.205366532000028 48.703473476000056)",Unfall 20366 (2020) Kat:3, Licht: 0,20366,3,3,5,11,16,5,0,0,0,0,0,1,0,1
"POINT (9.158699934000026 48.813786856000036)",Unfall 20426 (2020) Kat:3, Licht: 0,20426,3,6,2,10,13,6,0,0,0,1,0,0,0,0
"POINT (9.183563729000071 48.809679622000033)",Unfall 20431 (2020) Kat:3, Licht: 2,20431,3,6,2,10,06,6,1,2,0,1,0,0,0,0
"POINT (9.135540025000069 48.842485885000031)",Unfall 20432 (2020) Kat:3, Licht: 2,20432,3,6,2,11,18,2,1,2,0,1,0,0,0,1
"POINT (9.254304261000073 48.764820236000048)",Unfall 20433 (2020) Kat:3, Licht: 2,20433,3,6,2,10,06,6,1,2,0,1,0,0,0,0
"POINT (9.175679965000029 48.770194679000042)",Unfall 20435 (2020) Kat:3, Licht: 0,20435,3,7,2,10,13,6,0,0,0,1,0,1,0,0
"POINT (9.130076107000036 48.708894358000066)",Unfall 20506 (2020) Kat:3, Licht: 2,20506,3,6,2,11,18,1,1,2,0,1,0,0,0,0
"POINT (9.175904992000028 48.806531608000057)",Unfall 20507 (2020) Kat:2, Licht: 2,20507,2,6,3,10,16,7,0,2,1,1,0,0,0,0
"POINT (9.163291477000030 48.720253192000030)",Unfall 20513 (2020) Kat:3, Licht: 2,20513,3,6,2,10,01,7,0,2,0,1,0,0,1,0
"POINT (9.087856747000046 48.753064283000072)",Unfall 20530 (2020) Kat:3, Licht: 0,20530,3,6,0,10,13,7,0,0,0,1,0,1,0,0
"POINT (9.131339775000072 48.812474056000042)",Unfall 20553 (2020) Kat:3, Licht: 2,20553,3,3,5,10,05,7,0,2,0,1,0,0,0,0
"POINT (9.208439025000075 48.804024966000043)",Unfall 20557 (2020) Kat:3, Licht: 0,20557,3,6,2,11,14,5,0,0,0,1,0,0,1,0
"POINT (9.153880801000071 48.833970103000070)",Unfall 20561 (2020) Kat:2, Licht: 2,20561,2,6,3,11,05,4,0,2,0,1,0,1,0,0
"POINT (9.233715342000039 48.814268284000036)",Unfall 20566 (2020) Kat:3, Licht: 1,20566,3,3,5,10,17,3,0,1,1,0,0,0,0,1
"POINT (9.168361529000038 48.826519156000074)",Unfall 20570 (2020) Kat:3, Licht: 2,20570,3,2,4,10,05,3,0,2,0,1,0,1,0,0
"POINT (9.236084832000074 48.806626403000053)",Unfall 20574 (2020) Kat:2, Licht: 0,20574,2,4,6,11,07,3,0,0,0,0,1,0,0,1
"POINT (9.174897166000051 48.805028183000047)",Unfall 20586 (2020) Kat:3, Licht: 0,20586,3,6,2,10,13,7,0,0,0,1,0,0,0,0
"POINT (9.223264877000077 48.788745521000067)",Unfall 20596 (2020) Kat:3, Licht: 0,20596,3,6,2,11,07,2,0,0,0,1,0,0,0,0
"POINT (9.255673744000035 48.762506083000062)",Unfall 20603 (2020) Kat:2, Licht: 2,20603,2,1,4,10,23,5,1,2,0,1,0,0,0,0
"POINT (9.180235571000026 48.786555416000056)",Unfall 20646 (2020) Kat:3, Licht: 0,20646,3,7,2,11,13,5,0,0,0,1,0,0,0,0
"POINT (9.123177947000045 48.708306845000038)",Unfall 20695 (2020) Kat:3, Licht: 2,20695,3,6,2,11,17,1,1,2,0,1,0,0,0,0
"POINT (9.159817641000075 48.840692425000043)",Unfall 20716 (2020) Kat:3, Licht: 2,20716,3,1,0,11,00,1,0,2,0,1,0,0,0,0
"POINT (9.214674053000067 48.799632855000027)",Unfall 20746 (2020) Kat:3, Licht: 2,20746,3,6,2,11,19,4,0,2,0,1,0,0,0,0
"POINT (9.226232671000048 48.839960579000035)",Unfall 20759 (2020) Kat:3, Licht: 2,20759,3,6,2,10,18,4,0,2,0,1,0,0,0,0
"POINT (9.147315191000075 48.836651475000053)",Unfall 20787 (2020) Kat:3, Licht: 0,20787,3,6,3,11,10,6,0,0,0,1,0,0,0,0
"POINT (9.260274849000041 48.761873675000061)",Unfall 20804 (2020) Kat:3, Licht: 0,20804,3,7,0,11,10,2,0,0,0,1,0,0,0,0
"POINT (9.251119261000042 48.757283625000071)",Unfall 20883 (2020) Kat:2, Licht: 0,20883,2,2,5,11,15,3,0,0,1,1,0,0,0,0
"POINT (9.203491841000073 48.723900005000075)",Unfall 20884 (2020) Kat:3, Licht: 2,20884,3,1,0,11,17,2,1,2,0,0,0,1,0,0
"POINT (9.203394016000061 48.779329703000030)",Unfall 20886 (2020) Kat:3, Licht: 2,20886,3,7,4,11,20,5,0,2,0,1,0,1,0,0
"POINT (9.179458803000046 48.783987796000076)",Unfall 20918 (2020) Kat:3, Licht: 2,20918,3,2,5,11,18,7,0,2,0,1,0,0,0,0
"POINT (9.174807395000073 48.777985636000039)",Unfall 20925 (2020) Kat:3, Licht: 0,20925,3,6,2,11,15,7,0,0,0,1,0,0,0,0
"POINT (9.230027839000059 48.810543102000054)",Unfall 20969 (2020) Kat:2, Licht: 0,20969,2,6,0,11,13,6,0,0,0,0,0,1,0,1
"POINT (9.244473179000067 48.791165601000046)",Unfall 20992 (2020) Kat:3, Licht: 1,20992,3,6,2,11,17,5,1,1,0,1,0,0,0,0
"POINT (9.173993902000063 48.821539545000064)",Unfall 20993 (2020) Kat:3, Licht: 2,20993,3,3,5,11,17,4,0,2,1,1,0,0,0,0
"POINT (9.132889809000062 48.776802689000078)",Unfall 21049 (2020) Kat:3, Licht: 0,21049,3,3,5,11,10,4,0,0,0,1,0,0,0,0
"POINT (9.183231080000041 48.775456986000052)",Unfall 21099 (2020) Kat:3, Licht: 0,21099,3,6,3,11,16,4,0,0,0,1,0,0,0,0
"POINT (9.198083429000064 48.752413781000030)",Unfall 21102 (2020) Kat:3, Licht: 0,21102,3,6,4,11,10,3,0,0,0,0,0,0,0,1
"POINT (9.198717198000054 48.695137810000062)",Unfall 21109 (2020) Kat:3, Licht: 0,21109,3,1,0,11,07,6,0,0,0,0,0,1,0,0
"POINT (9.166782208000029 48.723788324000054)",Unfall 21125 (2020) Kat:3, Licht: 0,21125,3,3,5,11,14,2,0,0,0,1,0,0,0,0
"POINT (9.231239054000071 48.784493570000052)",Unfall 21200 (2020) Kat:2, Licht: 2,21200,2,1,2,11,18,1,0,2,0,1,0,0,0,0
"POINT (9.136224306000031 48.772278104000065)",Unfall 21206 (2020) Kat:2, Licht: 1,21206,2,2,5,11,07,3,0,1,1,1,0,0,0,0
"POINT (9.241651647000026 48.790140979000057)",Unfall 21209 (2020) Kat:3, Licht: 2,21209,3,6,2,11,18,5,1,2,0,1,0,0,0,0
"POINT (9.192567870000062 48.807012501000031)",Unfall 21246 (2020) Kat:3, Licht: 0,21246,3,6,2,11,13,7,0,0,0,1,0,0,0,0
"POINT (9.138614814000050 48.840954282000041)",Unfall 21265 (2020) Kat:2, Licht: 0,21265,2,1,1,11,09,4,0,0,0,1,0,0,1,0
"POINT (9.230216244000076 48.812785947000066)",Unfall 21314 (2020) Kat:3, Licht: 0,21314,3,2,5,11,07,4,0,0,0,1,0,0,0,1
"POINT (9.169460677000075 48.749334922000060)",Unfall 21380 (2020) Kat:2, Licht: 2,21380,2,3,5,11,19,4,0,2,0,1,0,0,0,0
"POINT (9.151139159000024 48.840404069000044)",Unfall 21465 (2020) Kat:3, Licht: 0,21465,3,7,0,11,10,6,0,0,0,1,0,0,0,0
"POINT (9.095019022000031 48.832893117000026)",Unfall 21497 (2020) Kat:3, Licht: 2,21497,3,3,5,12,07,4,0,2,1,1,0,0,0,0
"POINT (9.255148860000077 48.759712649000051)",Unfall 21511 (2020) Kat:3, Licht: 2,21511,3,7,3,11,05,3,0,2,0,1,0,0,0,0
"POINT (9.173388531000057 48.799405888000081)",Unfall 21512 (2020) Kat:3, Licht: 0,21512,3,2,5,11,14,3,0,0,0,1,0,0,0,0
"POINT (9.186929611000039 48.781366907000063)",Unfall 21518 (2020) Kat:3, Licht: 0,21518,3,2,0,11,08,5,0,0,0,1,0,0,0,1
"POINT (9.141447660000040 48.754003679000050)",Unfall 21531 (2020) Kat:2, Licht: 2,21531,2,7,2,11,05,5,2,2,0,1,0,0,0,0