WKT,Name,OBJECTID,UKATEGORIE,UTYP1,UART,UMONAT,USTUNDE,UWOCHENTAG,STRZUSTAND,ULICHTVERH,ISTRAD,ISTPKW,ISTFUSS,ISTKRAD,ISTGKFZ,ISTSONSTIG
"POINT (9.167710520000071 48.770745063000049)",Unfall 150138 (2020) Kat:3, Licht: 0,150138,3,2,5,05,07,6,0,0,1,1,0,0,0,0
"POINT (9.157426579000060 48.762998458000027)",Unfall 150141 (2020) Kat:3, Licht: 0,150141,3,6,0,05,18,1,0,0,1,1,0,0,0,0
"POINT (9.113225546000024 48.744044879000057)",Unfall 150148 (2020) Kat:3, Licht: 0,150148,3,7,2,05,08,3,0,0,1,0,0,0,0,1
"POINT (9.267172085000027 48.763885787000049)",Unfall 150150 (2020) Kat:2, Licht: 0,150150,2,7,8,05,05,3,0,0,0,1,0,0,0,0
"POINT (9.126532904000044 48.735240815000054)",Unfall 150152 (2020) Kat:3, Licht: 0,150152,3,1,1,05,13,3,0,0,1,1,0,0,0,0
"POINT (9.157471180000073 48.771409284000072)",Unfall 150176 (2020) Kat:3, Licht: 0,150176,3,6,2,05,15,5,0,0,0,1,0,0,0,0
"POINT (9.201262985000028 48.837108258000058)",Unfall 150189 (2020) Kat:2, Licht: 1,150189,2,7,9,05,04,7,0,1,0,1,0,0,0,0
"POINT (9.217994618000034 48.807959609000079)",Unfall 150214 (2020) Kat:3, Licht: 0,150214,3,6,0,05,18,5,0,0,0,0,0,1,0,1
"POINT (9.219259665000038 48.703529202000027)",Unfall 150225 (2020) Kat:3, Licht: 0,150225,3,3,0,05,16,5,0,0,0,1,0,1,0,0
"POINT (9.192258048000042 48.766092005000075)",Unfall 150238 (2020) Kat:3, Licht: 0,150238,3,1,0,05,20,7,0,0,0,0,0,1,0,0
"POINT (9.191791369000043 48.779937162000067)",Unfall 150239 (2020) Kat:3, Licht: 0,150239,3,5,0,05,13,4,0,0,1,1,0,0,0,0
"POINT (9.221309190000056 48.782569748000071)",Unfall 150248 (2020) Kat:3, Licht: 2,150248,3,1,0,06,23,6,1,2,1,0,0,0,0,0
"POINT (9.118159325000022 48.780152111000064)",Unfall 150270 (2020) Kat:3, Licht: 0,150270,3,7,8,06,18,5,1,0,0,1,0,0,0,0
"POINT (9.162714879000021 48.782894125000041)",Unfall 150271 (2020) Kat:2, Licht: 0,150271,2,7,6,06,16,5,0,0,1,0,1,0,0,0
"POINT (9.209249550000038 48.702053302000081)",Unfall 150273 (2020) Kat:3, Licht: 0,150273,3,7,0,06,16,6,0,0,0,1,0,0,0,1
"POINT (9.220599575000051 48.799047138000049)",Unfall 150392 (2020) Kat:2, Licht: 0,150392,2,3,5,06,16,4,1,0,0,1,0,0,0,0
"POINT (9.212328541000034 48.807549726000047)",Unfall 150393 (2020) Kat:3, Licht: 0,150393,3,7,1,06,16,4,1,0,0,1,0,0,0,0
"POINT (9.154824432000055 48.756757154000070)",Unfall 150394 (2020) Kat:2, Licht: 0,150394,2,7,8,06,18,4,1,0,0,0,0,1,0,0
"POINT (9.207177979000051 48.830921662000037)",Unfall 150414 (2020) Kat:2, Licht: 2,150414,2,5,1,06,01,2,0,2,1,1,0,0,0,0
"POINT (9.192620358000056 48.787484033000055)",Unfall 150417 (2020) Kat:3, Licht: 0,150417,3,6,2,06,18,7,1,0,0,1,0,0,0,0
"POINT (9.108570795000048 48.807421916000067)",Unfall 150445 (2020) Kat:3, Licht: 0,150445,3,7,3,06,14,6,0,0,1,1,0,0,0,0
"POINT (9.093230775000052 48.738609940000060)",Unfall 150496 (2020) Kat:3, Licht: 0,150496,3,6,2,06,09,3,0,0,0,1,0,0,0,0
"POINT (9.115282383000022 48.813212340000064)",Unfall 150497 (2020) Kat:3, Licht: 0,150497,3,3,5,06,18,3,0,0,0,1,0,0,0,0
"POINT (9.145900997000069 48.838235226000052)",Unfall 150498 (2020) Kat:2, Licht: 0,150498,2,1,0,06,15,3,0,0,1,0,0,0,0,0
"POINT (9.168417294000051 48.766183420000061)",Unfall 150504 (2020) Kat:3, Licht: 2,150504,3,1,1,06,23,6,1,2,0,1,0,0,0,0
"POINT (9.168459837000057 48.836131723000051)",Unfall 150507 (2020) Kat:3, Licht: 0,150507,3,7,6,06,18,6,1,0,0,1,1,0,0,0
"POINT (9.143827123000051 48.725766435000025)",Unfall 150533 (2020) Kat:3, Licht: 0,150533,3,3,5,06,19,5,0,0,1,1,0,0,0,0
"POINT (9.184051832000023 48.816180071000076)",Unfall 150546 (2020) Kat:2, Licht: 0,150546,2,7,4,06,11,6,0,0,0,1,0,0,0,0
"POINT (9.203475218000051 48.774645939000038)",Unfall 150558 (2020) Kat:3, Licht: 1,150558,3,7,0,06,21,6,0,1,0,0,0,1,0,0
"POINT (9.157395249000047 48.768758679000030)",Unfall 150579 (2020) Kat:3, Licht: 0,150579,3,3,5,06,10,4,1,0,0,1,0,0,0,0
"POINT (9.189589381000076 48.803821837000044)",Unfall 150593 (2020) Kat:2, Licht: 2,150593,2,1,8,06,00,6,0,2,0,1,0,0,0,0
"POINT (9.126848935000055 48.774185938000073)",Unfall 150608 (2020) Kat:3, Licht: 0,150608,3,1,0,06,18,6,0,0,1,0,0,0,0,0
"POINT (9.170015019000061 48.809535741000047)",Unfall 150609 (2020) Kat:3, Licht: 2,150609,3,2,5,06,22,2,1,2,1,1,0,0,0,0
"POINT (9.140765609000027 48.772068267000066)",Unfall 150631 (2020) Kat:3, Licht: 0,150631,3,7,0,06,17,2,0,0,1,0,0,0,0,0
"POINT (9.195365440000046 48.789121687000033)",Unfall 150633 (2020) Kat:3, Licht: 1,150633,3,1,0,06,04,7,0,1,0,0,0,0,0,1
"POINT (9.142947771000024 48.811717823000038)",Unfall 150645 (2020) Kat:3, Licht: 0,150645,3,3,5,06,16,6,0,0,0,1,0,1,0,0
"POINT (9.255019521000065 48.777482319000057)",Unfall 150649 (2020) Kat:2, Licht: 0,150649,2,7,1,06,13,6,0,0,1,1,0,0,0,0
"POINT (9.216527455000062 48.783659463000049)",Unfall 150658 (2020) Kat:3, Licht: 0,150658,3,1,0,06,07,3,1,0,1,0,0,0,0,0
"POINT (9.191610893000075 48.779898289000073)",Unfall 150677 (2020) Kat:2, Licht: 0,150677,2,1,0,06,15,3,1,0,0,0,0,1,0,0
"POINT (9.133748761000049 48.719271227000036)",Unfall 150688 (2020) Kat:3, Licht: 2,150688,3,1,8,06,22,5,0,2,0,1,0,0,0,0
"POINT (9.181817198000033 48.810444230000030)",Unfall 150699 (2020) Kat:3, Licht: 0,150699,3,2,5,06,20,6,0,0,0,1,0,0,0,0
"POINT (9.130114811000055 48.742145009000069)",Unfall 150711 (2020) Kat:2, Licht: 2,150711,2,1,8,06,22,6,0,2,1,0,0,0,0,0
"POINT (9.179911148000031 48.774543463000043)",Unfall 150712 (2020) Kat:3, Licht: 0,150712,3,1,0,06,18,2,1,0,1,0,0,0,0,0
"POINT (9.168666361000021 48.767126280000070)",Unfall 150719 (2020) Kat:3, Licht: 0,150719,3,5,1,06,20,1,0,0,1,1,0,0,0,0
"POINT (9.220830964000072 48.845665554000050)",Unfall 150734 (2020) Kat:3, Licht: 2,150734,3,1,5,06,00,7,0,2,0,1,0,0,0,0
"POINT (9.166733424000029 48.764206768000065)",Unfall 150744 (2020) Kat:3, Licht: 0,150744,3,5,1,06,16,6,0,0,1,1,0,0,0,0
"POINT (9.186891657000047 48.773977717000037)",Unfall 150760 (2020) Kat:3, Licht: 0,150760,3,4,6,06,11,2,0,0,1,1,1,0,0,0
"POINT (9.262811225000064 48.770312205000039)",Unfall 150774 (2020) Kat:3, Licht: 0,150774,3,2,5,06,11,7,0,0,1,1,0,0,0,0
"POINT (9.140683378000063 48.772472060000041)",Unfall 150777 (2020) Kat:3, Licht: 0,150777,3,7,0,06,17,7,0,0,1,0,0,0,0,0
"POINT (9.170751362000033 48.756912555000042)",Unfall 150778 (2020) Kat:3, Licht: 0,150778,3,6,2,06,15,7,0,0,1,1,0,0,0,0
"POINT (9.193486516000064 48.839350838000030)",Unfall 150798 (2020) Kat:3, Licht: 0,150798,3,5,1,06,17,1,0,0,1,1,0,0,0,0
"POINT (9.191118870000025 48.752775571000029)",Unfall 150843 (2020) Kat:3, Licht: 0,150843,3,7,0,06,18,6,1,0,1,1,0,0,0,0
"POINT (9.165673514000048 48.775341251000043)",Unfall 150844 (2020) Kat:3, Licht: 0,150844,3,4,6,06,12,6,0,0,0,1,1,0,0,0
"POINT (9.178567393000037 48.765316392000045)",Unfall 150846 (2020) Kat:2, Licht: 2,150846,2,6,2,06,23,6,0,2,1,1,0,0,0,0
"POINT (9.159843785000021 48.756592486000045)",Unfall 150847 (2020) Kat:3, Licht: 0,150847,3,6,2,06,13,6,0,0,0,1,0,0,0,0
"POINT (9.185136854000064 48.831953986000030)",Unfall 150897 (2020) Kat:3, Licht: 0,150897,3,6,2,06,17,3,0,0,0,1,0,0,0,0
"POINT (9.157915107000065 48.768097923000028)",Unfall 150901 (2020) Kat:3, Licht: 0,150901,3,7,9,06,09,3,1,0,0,0,0,1,0,0
"POINT (9.161632530000077 48.774056982000047)",Unfall 150902 (2020) Kat:3, Licht: 0,150902,3,4,6,06,12,1,0,0,1,0,1,0,0,0
"POINT (9.188632260000077 48.770191576000059)",Unfall 150907 (2020) Kat:3, Licht: 0,150907,3,1,0,06,15,3,1,0,1,0,0,0,0,0
"POINT (9.160200067000062 48.790579229000059)",Unfall 150918 (2020) Kat:3, Licht: 0,150918,3,2,5,06,10,3,0,0,0,1,0,0,0,0
"POINT (9.151580537000029 48.728811741000072)",Unfall 150923 (2020) Kat:3, Licht: 0,150923,3,7,0,06,19,3,1,0,1,0,0,0,0,0
"POINT (9.180900684000051 48.792498614000067)",Unfall 150937 (2020) Kat:3, Licht: 0,150937,3,3,5,06,15,5,0,0,1,0,0,1,0,0
"POINT (9.217536753000047 48.802095714000075)",Unfall 150938 (2020) Kat:3, Licht: 0,150938,3,7,6,06,14,5,0,0,0,1,1,0,0,0
"POINT (9.164757042000076 48.810754538000026)",Unfall 150941 (2020) Kat:3, Licht: 0,150941,3,2,2,06,10,5,0,0,1,1,0,0,0,0
"POINT (9.152390492000052 48.809615988000076)",Unfall 150942 (2020) Kat:3, Licht: 0,150942,3,7,6,06,10,5,0,0,0,1,1,0,0,0
"POINT (9.169528443000047 48.831617583000082)",Unfall 150943 (2020) Kat:3, Licht: 0,150943,3,5,1,06,15,5,0,0,0,1,0,0,0,0
"POINT (9.234390968000071 48.844255204000035)",Unfall 150952 (2020) Kat:2, Licht: 0,150952,2,6,3,06,16,1,0,0,1,0,0,0,0,0
"POINT (9.174774222000053 48.829374114000075)",Unfall 151000 (2020) Kat:3, Licht: 0,151000,3,6,2,06,18,4,0,0,0,1,0,0,0,0
"POINT (9.181696129000045 48.782961277000027)",Unfall 151018 (2020) Kat:3, Licht: 0,151018,3,7,0,06,12,1,0,0,1,0,0,0,0,0
"POINT (9.208002938000050 48.790766454000050)",Unfall 151033 (2020) Kat:3, Licht: 0,151033,3,1,0,06,17,2,0,0,1,0,0,0,0,0
"POINT (9.184974816000022 48.828667739000082)",Unfall 151043 (2020) Kat:3, Licht: 0,151043,3,7,1,06,14,4,0,0,0,1,0,0,0,0
"POINT (9.151968774000068 48.809286163000081)",Unfall 151067 (2020) Kat:3, Licht: 0,151067,3,6,3,06,10,6,0,0,0,1,0,1,0,0
"POINT (9.194766137000045 48.773418048000053)",Unfall 151078 (2020) Kat:3, Licht: 0,151078,3,3,0,06,07,5,0,0,1,0,0,0,0,0
"POINT (9.233205673000043 48.738774811000042)",Unfall 151080 (2020) Kat:3, Licht: 0,151080,3,1,0,06,09,5,1,0,0,0,0,1,0,0
"POINT (9.217120779000027 48.798806590000027)",Unfall 151081 (2020) Kat:2, Licht: 0,151081,2,7,0,06,13,4,0,0,1,0,0,0,0,0
"POINT (9.170759750000059 48.778928147000045)",Unfall 151093 (2020) Kat:3, Licht: 0,151093,3,3,5,06,14,4,0,0,0,0,0,0,0,1
"POINT (9.111140328000033 48.729848249000042)",Unfall 151116 (2020) Kat:3, Licht: 0,151116,3,1,0,06,20,6,1,0,1,0,0,0,0,0
"POINT (9.162634041000047 48.799864544000059)",Unfall 151147 (2020) Kat:3, Licht: 0,151147,3,3,0,06,11,4,0,0,1,1,0,0,0,0
"POINT (9.230511394000075 48.779852295000069)",Unfall 151151 (2020) Kat:3, Licht: 0,151151,3,6,3,06,16,3,0,0,0,1,0,0,0,0
"POINT (9.252258949000066 48.778540428000042)",Unfall 151158 (2020) Kat:3, Licht: 0,151158,3,3,5,06,08,4,0,0,0,0,0,1,0,1
"POINT (9.207915568000033 48.784974935000037)",Unfall 151198 (2020) Kat:3, Licht: 0,151198,3,5,1,06,18,4,0,0,1,1,0,0,0,0
"POINT (9.226572768000040 48.815170021000029)",Unfall 151222 (2020) Kat:3, Licht: 0,151222,3,6,4,06,13,6,0,0,1,1,0,0,0,0
"POINT (9.111906196000064 48.729833156000041)",Unfall 151247 (2020) Kat:3, Licht: 0,151247,3,5,1,06,14,4,0,0,0,1,0,0,0,1
"POINT (9.169013983000070 48.808648091000066)",Unfall 151251 (2020) Kat:3, Licht: 0,151251,3,6,4,06,16,4,0,0,1,1,0,0,0,0
"POINT (9.140843370000027 48.729241672000057)",Unfall 151255 (2020) Kat:3, Licht: 0,151255,3,6,4,06,07,3,0,0,1,0,0,0,0,0
"POINT (9.097508633000075 48.716782976000047)",Unfall 151270 (2020) Kat:3, Licht: 0,151270,3,7,0,06,16,6,0,0,1,0,0,0,0,0
"POINT (9.215834084000051 48.803380630000049)",Unfall 151285 (2020) Kat:3, Licht: 0,151285,3,4,6,06,18,3,0,0,0,0,1,0,0,1
"POINT (9.173378096000022 48.747790015000078)",Unfall 151300 (2020) Kat:3, Licht: 0,151300,3,3,5,07,16,4,0,0,1,1,0,0,0,0
"POINT (9.207713111000032 48.785605863000058)",Unfall 151317 (2020) Kat:3, Licht: 2,151317,3,7,0,06,23,2,0,2,1,0,0,0,0,0
"POINT (9.250778043000025 48.780986734000066)",Unfall 151318 (2020) Kat:2, Licht: 0,151318,2,5,1,06,12,7,0,0,0,1,0,1,0,0
"POINT (9.190530512000066 48.808596853000040)",Unfall 151321 (2020) Kat:3, Licht: 0,151321,3,6,2,06,09,1,1,0,0,1,0,0,0,0
"POINT (9.166339589000074 48.762950400000079)",Unfall 151327 (2020) Kat:3, Licht: 0,151327,3,3,5,06,14,7,0,0,0,1,0,0,0,0
"POINT (9.252368327000056 48.778727276000041)",Unfall 151349 (2020) Kat:3, Licht: 0,151349,3,3,5,07,08,4,0,0,1,1,0,0,0,0
"POINT (9.185105141000065 48.750228024000080)",Unfall 151388 (2020) Kat:3, Licht: 1,151388,3,3,5,06,19,3,0,1,1,1,0,0,0,0
"POINT (9.196115361000068 48.773142079000081)",Unfall 151404 (2020) Kat:2, Licht: 0,151404,2,3,5,07,13,4,0,0,1,1,0,0,0,0
"POINT (9.232404286000076 48.806487866000055)",Unfall 151423 (2020) Kat:3, Licht: 0,151423,3,5,1,06,18,2,0,0,1,1,0,0,0,0
"POINT (9.210945880000054 48.844020634000060)",Unfall 151427 (2020) Kat:2, Licht: 0,151427,2,4,6,06,15,1,0,0,0,0,1,0,0,1
"POINT (9.176776462000021 48.776861810000071)",Unfall 151440 (2020) Kat:3, Licht: 0,151440,3,7,6,06,15,3,0,0,1,0,1,0,0,0
"POINT (9.089349676000040 48.735109738000062)",Unfall 151455 (2020) Kat:2, Licht: 0,151455,2,5,1,07,08,4,0,0,1,1,0,0,0,0
"POINT (9.176799728000049 48.808987006000052)",Unfall 151491 (2020) Kat:3, Licht: 0,151491,3,6,2,06,17,1,0,0,1,0,0,0,0,0
"POINT (9.168155701000046 48.832329799000036)",Unfall 151526 (2020) Kat:3, Licht: 0,151526,3,4,6,06,19,2,0,0,0,1,1,0,0,0
"POINT (9.252578950000043 48.778482619000044)",Unfall 151532 (2020) Kat:3, Licht: 0,151532,3,2,5,06,08,6,0,0,1,1,0,0,0,0
"POINT (9.191523115000052 48.775736113000050)",Unfall 151535 (2020) Kat:3, Licht: 0,151535,3,1,0,07,16,2,0,0,1,0,0,0,0,0
"POINT (9.118345580000039 48.811825759000044)",Unfall 151578 (2020) Kat:3, Licht: 0,151578,3,6,4,07,20,1,0,0,1,1,0,0,0,0
"POINT (9.160832485000071 48.761017491000075)",Unfall 151579 (2020) Kat:3, Licht: 0,151579,3,5,1,07,15,1,0,0,0,1,0,0,0,0
"POINT (9.103645532000030 48.821835581000073)",Unfall 151655 (2020) Kat:3, Licht: 0,151655,3,6,4,07,08,5,1,0,0,1,0,1,0,0
"POINT (9.221502918000056 48.782486262000077)",Unfall 151658 (2020) Kat:3, Licht: 0,151658,3,7,6,07,08,5,1,0,1,0,1,0,0,0
"POINT (9.254905997000037 48.759263901000054)",Unfall 151660 (2020) Kat:3, Licht: 0,151660,3,4,0,07,12,5,1,0,0,0,1,1,0,0
"POINT (9.113818538000032 48.813726332000044)",Unfall 151665 (2020) Kat:3, Licht: 0,151665,3,4,6,07,14,7,0,0,1,0,1,0,0,0
"POINT (9.153749643000026 48.749392454000031)",Unfall 151666 (2020) Kat:3, Licht: 0,151666,3,6,4,07,14,7,0,0,0,1,0,0,0,0
"POINT (9.186818136000056 48.772594952000077)",Unfall 151667 (2020) Kat:3, Licht: 0,151667,3,1,0,07,08,5,1,0,1,0,0,0,0,0
"POINT (9.168257849000042 48.762835716000041)",Unfall 151669 (2020) Kat:3, Licht: 0,151669,3,7,1,07,11,7,0,0,1,1,0,0,0,0
"POINT (9.218898222000064 48.843083631000070)",Unfall 151727 (2020) Kat:2, Licht: 0,151727,2,7,6,07,17,2,0,0,0,1,1,0,0,0
"POINT (9.210400858000071 48.808177358000080)",Unfall 151754 (2020) Kat:3, Licht: 0,151754,3,4,6,07,18,6,0,0,0,1,1,0,0,0
"POINT (9.148575267000069 48.775498280000079)",Unfall 151756 (2020) Kat:2, Licht: 0,151756,2,3,5,07,13,6,0,0,1,1,0,0,0,0
"POINT (9.128448286000037 48.779183598000031)",Unfall 151785 (2020) Kat:3, Licht: 0,151785,3,3,5,07,07,2,0,0,1,1,0,0,0,0
"POINT (9.254839805000074 48.782630726000036)",Unfall 151788 (2020) Kat:3, Licht: 1,151788,3,6,2,07,05,2,1,1,0,1,0,0,0,0
"POINT (9.175065362000055 48.831516098000066)",Unfall 151796 (2020) Kat:3, Licht: 0,151796,3,7,0,07,18,7,0,0,1,0,0,0,0,0
"POINT (9.180532644000039 48.783312678000073)",Unfall 151811 (2020) Kat:3, Licht: 0,151811,3,6,2,07,12,4,0,0,0,1,0,0,0,1
"POINT (9.225444760000073 48.837002466000058)",Unfall 151812 (2020) Kat:3, Licht: 0,151812,3,5,1,07,16,6,0,0,1,1,0,0,0,0
"POINT (9.189822620000030 48.792859963000069)",Unfall 151862 (2020) Kat:3, Licht: 0,151862,3,6,2,07,08,6,0,0,1,0,0,0,0,1
"POINT (9.245291409000060 48.774144990000082)",Unfall 151896 (2020) Kat:3, Licht: 0,151896,3,3,5,07,12,7,0,0,1,0,0,0,0,0
"POINT (9.193225149000057 48.783981458000028)",Unfall 151914 (2020) Kat:3, Licht: 0,151914,3,6,2,07,15,6,0,0,0,1,0,0,0,0
"POINT (9.183460689000071 48.782971832000044)",Unfall 151946 (2020) Kat:2, Licht: 0,151946,2,7,0,07,20,5,0,0,1,0,0,0,0,0
"POINT (9.162404310000056 48.836963716000071)",Unfall 151963 (2020) Kat:2, Licht: 0,151963,2,6,4,07,12,4,0,0,1,0,0,0,0,0
"POINT (9.175428126000043 48.771965614000067)",Unfall 151964 (2020) Kat:3, Licht: 0,151964,3,6,2,07,14,6,0,0,0,1,0,0,0,1
"POINT (9.190490287000046 48.778036040000075)",Unfall 151977 (2020) Kat:3, Licht: 0,151977,3,1,0,07,13,3,0,0,1,0,0,0,0,0
"POINT (9.119364068000039 48.730795200000045)",Unfall 151983 (2020) Kat:3, Licht: 0,151983,3,3,5,07,16,3,0,0,1,0,0,0,0,1
"POINT (9.160737310000059 48.808094432000075)",Unfall 151985 (2020) Kat:2, Licht: 0,151985,2,3,5,07,17,7,0,0,1,1,0,0,0,0
"POINT (9.181679621000058 48.810463566000067)",Unfall 151993 (2020) Kat:3, Licht: 0,151993,3,6,2,07,16,3,0,0,0,1,0,0,0,0
"POINT (9.232097279000072 48.814189779000060)",Unfall 152000 (2020) Kat:3, Licht: 0,152000,3,3,5,07,07,3,0,0,0,1,0,1,0,0
"POINT (9.211149608000028 48.819188808000035)",Unfall 152052 (2020) Kat:3, Licht: 0,152052,3,3,5,07,17,3,0,0,0,1,0,0,0,1
"POINT (9.172641067000029 48.739387090000037)",Unfall 152080 (2020) Kat:3, Licht: 0,152080,3,7,0,07,16,6,0,0,1,0,0,0,0,0
"POINT (9.170246886000030 48.829151956000032)",Unfall 152097 (2020) Kat:3, Licht: 0,152097,3,3,5,07,14,4,0,0,0,1,0,0,0,0
"POINT (9.169778164000036 48.766710805000059)",Unfall 152102 (2020) Kat:2, Licht: 0,152102,2,7,0,07,16,3,0,0,1,0,0,0,0,0
"POINT (9.183637676000046 48.810206616000073)",Unfall 152157 (2020) Kat:3, Licht: 0,152157,3,7,0,07,18,3,0,0,0,1,0,0,0,0
"POINT (9.196424084000057 48.824935666000044)",Unfall 152175 (2020) Kat:3, Licht: 0,152175,3,6,2,07,18,5,1,0,0,1,0,0,0,1
"POINT (9.181045242000039 48.767138646000035)",Unfall 152178 (2020) Kat:3, Licht: 0,152178,3,5,1,07,10,1,0,0,1,1,0,0,0,0
"POINT (9.160133552000048 48.807818684000040)",Unfall 152187 (2020) Kat:3, Licht: 0,152187,3,1,0,07,12,6,0,0,0,0,0,1,0,0
"POINT (9.232135741000036 48.830763504000060)",Unfall 152194 (2020) Kat:3, Licht: 0,152194,3,3,5,07,14,5,1,0,0,1,0,0,0,0
"POINT (9.181269498000063 48.770005307000076)",Unfall 152196 (2020) Kat:3, Licht: 0,152196,3,2,2,07,17,5,0,0,1,1,0,0,0,0
"POINT (9.108537217000048 48.735788587000059)",Unfall 152210 (2020) Kat:3, Licht: 0,152210,3,6,8,07,14,3,0,0,1,1,0,0,0,0
"POINT (9.126924240000051 48.776112765000050)",Unfall 152240 (2020) Kat:3, Licht: 0,152240,3,7,6,07,18,6,0,0,0,1,1,0,0,0
"POINT (9.201827129000037 48.811973379000051)",Unfall 152246 (2020) Kat:3, Licht: 0,152246,3,5,1,07,17,2,0,0,0,1,0,0,0,0
"POINT (9.248756778000029 48.810835848000067)",Unfall 152250 (2020) Kat:3, Licht: 0,152250,3,3,5,07,09,2,0,0,1,0,0,0,0,1
"POINT (9.186542478000035 48.806191255000044)",Unfall 152258 (2020) Kat:3, Licht: 0,152258,3,7,6,07,16,2,0,0,1,0,1,0,0,0
"POINT (9.104863904000069 48.824157001000060)",Unfall 152265 (2020) Kat:3, Licht: 0,152265,3,5,1,07,16,3,0,0,1,0,0,0,1,0
"POINT (9.272875442000043 48.785685452000052)",Unfall 152270 (2020) Kat:3, Licht: 0,152270,3,5,1,07,15,2,0,0,1,1,0,0,0,0
"POINT (9.172602722000022 48.774394555000072)",Unfall 152293 (2020) Kat:3, Licht: 0,152293,3,7,6,07,18,6,0,0,1,0,1,0,0,0
"POINT (9.167849619000037 48.749704904000055)",Unfall 152299 (2020) Kat:2, Licht: 0,152299,2,7,1,07,20,2,0,0,1,1,0,0,0,0
"POINT (9.156548815000065 48.774990879000029)",Unfall 152333 (2020) Kat:2, Licht: 0,152333,2,7,0,07,10,1,0,0,0,0,0,0,0,1
"POINT (9.173835292000035 48.774710857000059)",Unfall 152355 (2020) Kat:3, Licht: 0,152355,3,7,6,07,12,3,0,0,0,0,1,0,0,1
"POINT (9.220017427000073 48.852425937000078)",Unfall 152365 (2020) Kat:3, Licht: 0,152365,3,6,3,07,13,7,0,0,0,1,0,1,0,0
"POINT (9.222249803000068 48.812380046000044)",Unfall 152367 (2020) Kat:3, Licht: 0,152367,3,5,1,07,14,7,0,0,1,1,0,0,0,0
"POINT (9.207078179000064 48.788977244000080)",Unfall 152370 (2020) Kat:3, Licht: 0,152370,3,2,0,07,16,7,0,0,0,1,0,0,0,0
"POINT (9.185356107000075 48.773363352000047)",Unfall 152374 (2020) Kat:3, Licht: 0,152374,3,6,2,07,16,2,0,0,0,1,0,0,0,0
"POINT (9.203842564000070 48.770474463000028)",Unfall 152406 (2020) Kat:3, Licht: 0,152406,3,7,5,07,19,3,0,0,1,1,0,0,0,0
"POINT (9.256400377000034 48.782604453000033)",Unfall 152410 (2020) Kat:3, Licht: 0,152410,3,7,1,07,14,4,0,0,0,1,0,0,0,0
"POINT (9.175390599000025 48.836589269000058)",Unfall 152426 (2020) Kat:3, Licht: 0,152426,3,2,2,07,14,2,0,0,0,1,0,0,0,0
"POINT (9.181191107000075 48.770079062000036)",Unfall 152440 (2020) Kat:2, Licht: 1,152440,2,3,0,07,22,1,0,1,0,1,0,1,0,0
"POINT (9.177601805000052 48.826060241000050)",Unfall 152462 (2020) Kat:2, Licht: 0,152462,2,7,0,07,20,3,0,0,1,0,0,0,0,0
"POINT (9.152370382000072 48.753031292000060)",Unfall 152494 (2020) Kat:2, Licht: 2,152494,2,1,8,07,22,1,0,2,0,1,0,0,0,0
"POINT (9.230190697000069 48.777466673000049)",Unfall 152515 (2020) Kat:3, Licht: 0,152515,3,2,5,07,19,3,0,0,1,1,0,0,0,0
"POINT (9.158320092000054 48.768104328000049)",Unfall 152518 (2020) Kat:3, Licht: 0,152518,3,3,5,07,16,4,0,0,1,1,0,0,0,0
"POINT (9.107751711000049 48.741855994000048)",Unfall 152532 (2020) Kat:3, Licht: 0,152532,3,7,1,07,17,2,0,0,1,1,0,0,0,0
"POINT (9.164997535000055 48.810576987000047)",Unfall 152565 (2020) Kat:3, Licht: 0,152565,3,5,1,07,09,3,0,0,1,1,0,0,0,0
"POINT (9.171664997000050 48.816878651000081)",Unfall 152568 (2020) Kat:3, Licht: 0,152568,3,2,5,07,08,4,0,0,1,0,0,0,1,0
"POINT (9.111074568000049 48.780474537000032)",Unfall 152592 (2020) Kat:2, Licht: 0,152592,2,3,5,07,18,1,0,0,1,0,0,0,0,0
"POINT (9.194702601000074 48.773486135000041)",Unfall 152594 (2020) Kat:3, Licht: 0,152594,3,7,0,07,17,1,0,0,1,0,0,0,0,0
"POINT (9.089234623000039 48.804962563000061)",Unfall 152631 (2020) Kat:2, Licht: 0,152631,2,4,6,07,11,5,0,0,0,1,1,0,0,0
"POINT (9.184507680000024 48.837161026000047)",Unfall 152633 (2020) Kat:2, Licht: 2,152633,2,5,1,07,03,5,0,2,1,1,0,0,0,0
"POINT (9.230191827000056 48.842225260000077)",Unfall 152635 (2020) Kat:2, Licht: 0,152635,2,4,6,07,13,5,0,0,0,1,1,0,0,0
"POINT (9.192598590000046 48.778474380000034)",Unfall 152637 (2020) Kat:3, Licht: 0,152637,3,3,5,07,16,5,0,0,0,1,0,1,0,0
"POINT (9.197445078000044 48.785756811000056)",Unfall 152643 (2020) Kat:3, Licht: 0,152643,3,1,0,07,16,5,0,0,0,0,0,0,0,1
"POINT (9.178298588000075 48.766965188000029)",Unfall 152645 (2020) Kat:2, Licht: 0,152645,2,7,0,07,16,5,0,0,1,0,0,0,0,0
"POINT (9.165219877000027 48.781492459000049)",Unfall 152655 (2020) Kat:3, Licht: 0,152655,3,3,5,07,13,5,0,0,0,1,0,0,0,1