WKT,Name,OBJECTID,UKATEGORIE,UTYP1,UART,UMONAT,USTUNDE,UWOCHENTAG,STRZUSTAND,ULICHTVERH,ISTRAD,ISTPKW,ISTFUSS,ISTKRAD,ISTGKFZ,ISTSONSTIG
"POINT (9.156784160000029 48.835774511000068)",Unfall 152670 (2020) Kat:3, Licht: 0,152670,3,3,5,07,08,7,0,0,0,1,0,0,0,0
"POINT (9.200565168000026 48.770502556000054)",Unfall 152724 (2020) Kat:2, Licht: 2,152724,2,7,0,07,02,2,0,2,1,0,0,0,0,0
"POINT (9.227715673000034 48.781760986000052)",Unfall 152758 (2020) Kat:3, Licht: 0,152758,3,3,5,07,17,6,0,0,1,1,0,0,0,0
"POINT (9.163558672000022 48.774700947000042)",Unfall 152760 (2020) Kat:3, Licht: 0,152760,3,3,5,07,07,6,0,0,1,1,0,0,0,0
"POINT (9.159986764000053 48.809460964000039)",Unfall 152839 (2020) Kat:3, Licht: 0,152839,3,2,5,07,14,4,0,0,0,1,0,1,0,0
"POINT (9.234303827000076 48.738278275000027)",Unfall 152872 (2020) Kat:3, Licht: 0,152872,3,6,4,07,18,5,0,0,0,1,0,1,0,0
"POINT (9.157851863000076 48.846500334000041)",Unfall 152876 (2020) Kat:3, Licht: 0,152876,3,2,5,07,08,4,0,0,0,1,0,0,0,0
"POINT (9.207487149000031 48.812905579000073)",Unfall 152908 (2020) Kat:3, Licht: 0,152908,3,5,1,07,09,6,0,0,0,1,0,0,0,0
"POINT (9.122120035000023 48.724123836000047)",Unfall 152909 (2020) Kat:2, Licht: 0,152909,2,3,5,07,17,5,0,0,1,1,0,0,0,0
"POINT (9.196256197000025 48.835223359000054)",Unfall 152917 (2020) Kat:3, Licht: 0,152917,3,6,2,07,17,6,0,0,0,1,0,0,0,0
"POINT (9.247336895000046 48.778691280000032)",Unfall 152919 (2020) Kat:3, Licht: 0,152919,3,7,0,07,17,6,0,0,1,0,0,0,0,0
"POINT (9.174874425000041 48.783268483000029)",Unfall 152921 (2020) Kat:3, Licht: 2,152921,3,1,0,08,00,7,0,2,0,0,0,0,0,1
"POINT (9.178507464000063 48.818888126000047)",Unfall 152923 (2020) Kat:3, Licht: 0,152923,3,3,5,07,16,4,0,0,1,1,0,0,0,0
"POINT (9.158526842000072 48.809109074000048)",Unfall 152975 (2020) Kat:3, Licht: 0,152975,3,4,6,07,15,5,0,0,1,0,1,0,0,0
"POINT (9.152445884000031 48.728866693000043)",Unfall 153014 (2020) Kat:3, Licht: 1,153014,3,1,0,07,04,5,0,1,0,1,0,0,0,0
"POINT (9.190356249000047 48.778950201000043)",Unfall 153024 (2020) Kat:2, Licht: 2,153024,2,1,1,07,22,5,0,2,0,1,0,1,0,0
"POINT (9.172118187000024 48.832011105000049)",Unfall 153029 (2020) Kat:3, Licht: 2,153029,3,3,5,07,21,4,0,2,1,1,0,0,0,0
"POINT (9.210268847000066 48.724977635000073)",Unfall 153045 (2020) Kat:2, Licht: 0,153045,2,1,0,07,16,3,0,0,1,0,0,0,0,0
"POINT (9.216711709000037 48.827928851000081)",Unfall 153055 (2020) Kat:2, Licht: 0,153055,2,7,8,07,05,3,0,0,0,0,0,1,0,0
"POINT (9.229842182000027 48.843758782000066)",Unfall 153061 (2020) Kat:3, Licht: 2,153061,3,3,5,07,21,5,0,2,1,1,0,0,0,0
"POINT (9.203466528000035 48.774783031000027)",Unfall 153062 (2020) Kat:3, Licht: 0,153062,3,4,6,07,14,3,0,0,0,1,1,0,0,0
"POINT (9.211990128000025 48.788944356000059)",Unfall 153066 (2020) Kat:3, Licht: 0,153066,3,4,6,07,11,3,0,0,0,1,1,0,0,0
"POINT (9.162035671000069 48.712707303000059)",Unfall 153071 (2020) Kat:2, Licht: 0,153071,2,7,8,07,16,3,0,0,1,0,0,0,0,0
"POINT (9.125648148000039 48.812995869000076)",Unfall 153122 (2020) Kat:3, Licht: 0,153122,3,5,1,08,08,6,0,0,0,1,0,0,0,1
"POINT (9.207042183000056 48.831725601000073)",Unfall 153135 (2020) Kat:3, Licht: 0,153135,3,7,0,08,15,2,0,0,1,0,0,0,0,0
"POINT (9.110131722000062 48.780427904000078)",Unfall 153139 (2020) Kat:3, Licht: 0,153139,3,6,2,08,17,3,0,0,1,1,0,0,0,0
"POINT (9.174811249000072 48.832255727000074)",Unfall 153140 (2020) Kat:3, Licht: 0,153140,3,5,1,08,14,2,0,0,0,1,0,0,0,1
"POINT (9.150147483000069 48.810346842000058)",Unfall 153178 (2020) Kat:3, Licht: 0,153178,3,6,2,08,08,5,0,0,0,1,0,1,0,0
"POINT (9.179392702000030 48.783974225000065)",Unfall 153185 (2020) Kat:3, Licht: 0,153185,3,6,3,08,15,6,0,0,0,1,0,0,0,1
"POINT (9.137623604000055 48.812794324000038)",Unfall 153197 (2020) Kat:3, Licht: 0,153197,3,5,1,08,16,6,0,0,1,1,0,0,0,0
"POINT (9.174712018000037 48.831930472000067)",Unfall 153227 (2020) Kat:3, Licht: 0,153227,3,4,6,08,10,4,0,0,0,1,1,0,0,0
"POINT (9.107070136000061 48.731284689000063)",Unfall 153234 (2020) Kat:3, Licht: 0,153234,3,3,5,08,15,1,1,0,0,1,0,0,0,0
"POINT (9.174208313000065 48.773775680000028)",Unfall 153243 (2020) Kat:3, Licht: 0,153243,3,7,6,08,15,3,0,0,0,1,1,0,0,0
"POINT (9.168812712000033 48.771031723000078)",Unfall 153290 (2020) Kat:3, Licht: 0,153290,3,2,6,08,09,6,0,0,0,1,1,0,0,0
"POINT (9.204980314000068 48.784231521000038)",Unfall 153293 (2020) Kat:3, Licht: 0,153293,3,3,5,08,13,3,0,0,0,1,0,0,0,0
"POINT (9.177755005000051 48.833961795000050)",Unfall 153302 (2020) Kat:3, Licht: 0,153302,3,3,5,08,07,6,0,0,0,1,0,0,0,0
"POINT (9.229316587000028 48.791840878000073)",Unfall 153330 (2020) Kat:3, Licht: 0,153330,3,7,5,08,10,3,0,0,0,1,0,1,0,0
"POINT (9.187947235000024 48.777129294000076)",Unfall 153339 (2020) Kat:3, Licht: 0,153339,3,1,0,08,17,6,0,0,0,0,0,0,0,1
"POINT (9.172570016000066 48.825738305000073)",Unfall 153408 (2020) Kat:2, Licht: 0,153408,2,1,0,08,12,4,0,0,0,0,0,1,0,0
"POINT (9.158738048000032 48.769598859000041)",Unfall 153410 (2020) Kat:3, Licht: 0,153410,3,7,4,08,08,4,0,0,1,1,0,0,0,0
"POINT (9.209807936000061 48.809280640000054)",Unfall 153433 (2020) Kat:3, Licht: 0,153433,3,5,1,08,13,5,0,0,0,1,0,1,0,0
"POINT (9.165918864000048 48.774908116000063)",Unfall 153438 (2020) Kat:3, Licht: 2,153438,3,1,1,08,23,5,0,2,0,1,0,1,0,0
"POINT (9.103424131000054 48.823022461000050)",Unfall 153445 (2020) Kat:3, Licht: 0,153445,3,3,5,08,07,5,0,0,0,1,0,0,0,0
"POINT (9.168581783000036 48.782641003000037)",Unfall 153457 (2020) Kat:3, Licht: 0,153457,3,2,5,08,17,7,0,0,1,1,0,0,0,0
"POINT (9.179754660000072 48.782109991000027)",Unfall 153464 (2020) Kat:3, Licht: 2,153464,3,3,5,08,01,7,0,2,0,1,0,0,0,1
"POINT (9.199817195000037 48.791704889000073)",Unfall 153478 (2020) Kat:3, Licht: 0,153478,3,6,2,08,09,5,0,0,0,1,0,0,0,0
"POINT (9.236463516000072 48.800712571000076)",Unfall 153480 (2020) Kat:3, Licht: 0,153480,3,7,6,08,18,3,0,0,0,0,1,0,0,1
"POINT (9.155968162000022 48.775066872000082)",Unfall 153481 (2020) Kat:3, Licht: 0,153481,3,2,0,08,15,3,0,0,0,1,0,0,0,1
"POINT (9.155825523000033 48.777313963000040)",Unfall 153483 (2020) Kat:3, Licht: 0,153483,3,3,5,08,15,3,0,0,0,1,0,0,0,0
"POINT (9.220884806000072 48.831003300000077)",Unfall 153484 (2020) Kat:3, Licht: 0,153484,3,7,8,08,17,3,0,0,0,1,0,0,0,0
"POINT (9.169207644000039 48.812927287000036)",Unfall 153489 (2020) Kat:2, Licht: 0,153489,2,1,0,08,17,5,1,0,1,0,0,0,0,0
"POINT (9.147036756000034 48.769262622000042)",Unfall 153543 (2020) Kat:2, Licht: 0,153543,2,1,0,08,17,2,0,0,1,1,0,0,0,0
"POINT (9.124724711000056 48.814513055000077)",Unfall 153601 (2020) Kat:3, Licht: 0,153601,3,6,3,08,18,1,1,0,0,1,0,1,0,0
"POINT (9.139520391000076 48.813400380000076)",Unfall 153626 (2020) Kat:2, Licht: 2,153626,2,2,5,08,23,1,0,2,0,1,0,1,0,0
"POINT (9.233349632000056 48.830672454000080)",Unfall 153654 (2020) Kat:3, Licht: 0,153654,3,3,5,08,15,4,0,0,0,1,0,0,0,0
"POINT (9.172439670000074 48.770001120000074)",Unfall 153659 (2020) Kat:3, Licht: 0,153659,3,5,1,08,08,2,1,0,1,1,0,0,0,0
"POINT (9.092775417000041 48.825160706000077)",Unfall 153661 (2020) Kat:3, Licht: 0,153661,3,7,5,08,16,3,0,0,1,1,0,0,0,0
"POINT (9.239160442000070 48.826278871000056)",Unfall 153662 (2020) Kat:3, Licht: 0,153662,3,7,0,08,19,7,0,0,1,0,0,0,0,0
"POINT (9.209766032000061 48.811026617000039)",Unfall 153665 (2020) Kat:3, Licht: 0,153665,3,2,5,08,11,7,0,0,0,1,0,0,0,0
"POINT (9.230101766000075 48.843739578000054)",Unfall 153704 (2020) Kat:3, Licht: 0,153704,3,3,5,08,14,5,0,0,1,1,0,0,0,0
"POINT (9.171730062000052 48.774198279000075)",Unfall 153754 (2020) Kat:3, Licht: 2,153754,3,7,0,08,23,3,1,2,1,0,0,0,0,0
"POINT (9.273515375000045 48.758981065000057)",Unfall 153763 (2020) Kat:2, Licht: 0,153763,2,7,0,08,17,4,0,0,1,0,0,0,0,0
"POINT (9.173099184000023 48.770774796000069)",Unfall 153813 (2020) Kat:3, Licht: 0,153813,3,2,6,08,11,5,0,0,0,1,1,0,0,0
"POINT (9.160404290000031 48.779065351000042)",Unfall 153835 (2020) Kat:3, Licht: 0,153835,3,2,5,08,15,2,1,0,1,0,0,1,0,0
"POINT (9.143501472000025 48.717581243000041)",Unfall 153844 (2020) Kat:3, Licht: 0,153844,3,3,5,08,14,6,0,0,0,1,0,1,0,0
"POINT (9.168100997000067 48.764950662000047)",Unfall 153851 (2020) Kat:3, Licht: 0,153851,3,6,2,08,13,6,0,0,0,1,0,0,0,0
"POINT (9.216536918000031 48.807146499000055)",Unfall 153858 (2020) Kat:3, Licht: 0,153858,3,5,1,08,10,3,0,0,0,1,0,1,0,0
"POINT (9.258819037000023 48.789479202000052)",Unfall 153861 (2020) Kat:3, Licht: 0,153861,3,2,5,08,13,6,0,0,1,1,0,0,0,0
"POINT (9.105245392000029 48.735505779000050)",Unfall 153906 (2020) Kat:3, Licht: 0,153906,3,3,5,08,16,5,0,0,1,1,0,0,0,0
"POINT (9.170534229000054 48.767594127000052)",Unfall 153909 (2020) Kat:3, Licht: 2,153909,3,2,5,08,05,5,0,2,1,1,0,0,0,0
"POINT (9.203442708000068 48.818028496000068)",Unfall 153910 (2020) Kat:3, Licht: 2,153910,3,6,2,08,20,7,0,2,0,1,0,0,0,1
"POINT (9.190111111000022 48.783673776000057)",Unfall 153911 (2020) Kat:2, Licht: 0,153911,2,7,0,08,16,5,0,0,1,0,0,0,0,0
"POINT (9.230780755000069 48.779861320000066)",Unfall 153919 (2020) Kat:3, Licht: 0,153919,3,2,3,08,08,1,0,0,1,0,0,0,0,1
"POINT (9.163907936000044 48.783735514000057)",Unfall 153921 (2020) Kat:3, Licht: 0,153921,3,2,5,08,15,1,0,0,1,1,0,0,0,0
"POINT (9.114986986000076 48.810729323000032)",Unfall 153924 (2020) Kat:3, Licht: 2,153924,3,1,8,08,03,1,0,2,0,1,0,0,0,0
"POINT (9.164326212000049 48.769696461000080)",Unfall 153926 (2020) Kat:3, Licht: 0,153926,3,5,1,08,17,1,0,0,1,1,0,0,0,0
"POINT (9.178069190000031 48.816000330000065)",Unfall 153949 (2020) Kat:2, Licht: 0,153949,2,6,3,08,16,7,0,0,0,1,0,1,0,0
"POINT (9.218145741000058 48.808076585000038)",Unfall 153986 (2020) Kat:3, Licht: 0,153986,3,6,3,08,07,4,0,0,0,1,0,1,0,0
"POINT (9.217304964000050 48.804001989000028)",Unfall 154003 (2020) Kat:3, Licht: 0,154003,3,3,5,08,16,7,0,0,0,1,0,1,0,0
"POINT (9.181245094000076 48.783015534000072)",Unfall 154041 (2020) Kat:3, Licht: 2,154041,3,1,0,08,02,7,0,2,0,0,0,1,0,0
"POINT (9.185063608000064 48.808982754000056)",Unfall 154042 (2020) Kat:3, Licht: 0,154042,3,3,2,08,08,3,0,0,0,1,0,0,1,0
"POINT (9.208315785000025 48.786064091000071)",Unfall 154043 (2020) Kat:3, Licht: 0,154043,3,5,1,08,07,3,0,0,0,1,0,0,0,0
"POINT (9.266202090000036 48.786527112000044)",Unfall 154044 (2020) Kat:2, Licht: 2,154044,2,1,0,08,22,7,0,2,1,0,0,0,0,0
"POINT (9.155353295000055 48.760425186000077)",Unfall 154049 (2020) Kat:3, Licht: 0,154049,3,6,3,08,15,7,0,0,1,1,0,0,0,0
"POINT (9.220398858000067 48.801357030000077)",Unfall 154057 (2020) Kat:3, Licht: 2,154057,3,1,0,08,04,7,0,2,0,0,0,0,0,1
"POINT (9.247678209000071 48.768545088000053)",Unfall 154058 (2020) Kat:3, Licht: 2,154058,3,3,5,08,01,6,0,2,0,1,0,0,0,0
"POINT (9.171443751000027 48.768755773000066)",Unfall 154068 (2020) Kat:3, Licht: 2,154068,3,7,0,08,22,7,0,2,0,0,0,0,0,1
"POINT (9.182182546000036 48.734186110000053)",Unfall 154098 (2020) Kat:3, Licht: 0,154098,3,6,0,08,16,2,0,0,0,1,0,1,0,0
"POINT (9.150737757000059 48.730969509000033)",Unfall 154100 (2020) Kat:3, Licht: 0,154100,3,6,2,08,07,2,0,0,0,1,0,1,0,0
"POINT (9.229755000000068 48.756060031000061)",Unfall 154101 (2020) Kat:3, Licht: 0,154101,3,6,2,08,15,2,0,0,1,1,0,0,0,0
"POINT (9.211549741000056 48.822398017000069)",Unfall 154103 (2020) Kat:3, Licht: 0,154103,3,2,3,08,17,2,0,0,1,1,0,0,0,0
"POINT (9.190699804000076 48.808705983000038)",Unfall 154107 (2020) Kat:3, Licht: 0,154107,3,3,0,08,12,7,0,0,1,1,0,0,0,0
"POINT (9.141841889000034 48.773430020000035)",Unfall 154116 (2020) Kat:3, Licht: 0,154116,3,1,0,08,16,6,1,0,0,0,0,1,0,0
"POINT (9.086357085000032 48.812434214000064)",Unfall 154167 (2020) Kat:3, Licht: 0,154167,3,2,2,09,10,5,0,0,0,1,0,0,0,0
"POINT (9.107638616000031 48.813440669000045)",Unfall 154175 (2020) Kat:3, Licht: 0,154175,3,3,5,09,16,3,0,0,1,1,0,0,0,0
"POINT (9.175804533000076 48.829586988000074)",Unfall 154181 (2020) Kat:3, Licht: 0,154181,3,7,2,09,19,3,0,0,0,1,0,0,0,0
"POINT (9.211593988000061 48.822397640000077)",Unfall 154198 (2020) Kat:3, Licht: 0,154198,3,2,5,09,10,7,0,0,1,1,0,0,0,0
"POINT (9.166322916000070 48.785368615000039)",Unfall 154199 (2020) Kat:2, Licht: 0,154199,2,4,6,09,15,2,0,0,0,1,1,0,0,0
"POINT (9.161316507000038 48.779222845000049)",Unfall 154249 (2020) Kat:3, Licht: 0,154249,3,5,0,09,18,1,0,0,1,1,0,0,0,0
"POINT (9.161771514000066 48.784253006000029)",Unfall 154274 (2020) Kat:3, Licht: 0,154274,3,6,2,08,14,2,0,0,0,1,0,0,0,1
"POINT (9.188898290000054 48.769796214000053)",Unfall 154275 (2020) Kat:3, Licht: 0,154275,3,6,0,09,17,5,0,0,1,1,0,0,0,0
"POINT (9.164957497000046 48.833223760000067)",Unfall 154283 (2020) Kat:2, Licht: 0,154283,2,3,5,08,15,2,0,0,1,1,0,0,0,0
"POINT (9.181040510000059 48.773482443000034)",Unfall 154296 (2020) Kat:3, Licht: 0,154296,3,7,0,09,10,4,0,0,1,0,0,0,0,0
"POINT (9.165379763000033 48.781570846000079)",Unfall 154308 (2020) Kat:3, Licht: 0,154308,3,6,2,09,10,2,0,0,0,1,0,1,0,0
"POINT (9.206736294000052 48.809504613000058)",Unfall 154326 (2020) Kat:3, Licht: 0,154326,3,4,6,09,19,5,0,0,0,1,1,0,0,0
"POINT (9.173735129000022 48.817073285000049)",Unfall 154358 (2020) Kat:3, Licht: 0,154358,3,3,5,09,15,7,0,0,0,1,0,0,0,0
"POINT (9.253612314000066 48.780348978000063)",Unfall 154374 (2020) Kat:3, Licht: 0,154374,3,6,3,09,06,2,0,0,0,1,0,1,0,0
"POINT (9.091934241000047 48.755763810000076)",Unfall 154417 (2020) Kat:3, Licht: 0,154417,3,2,4,09,12,1,0,0,1,1,0,0,0,0
"POINT (9.164417282000045 48.777006248000077)",Unfall 154442 (2020) Kat:3, Licht: 0,154442,3,2,5,09,06,5,0,0,0,1,0,0,0,1
"POINT (9.164885210000023 48.810740726000063)",Unfall 154443 (2020) Kat:3, Licht: 0,154443,3,2,5,09,08,5,0,0,1,1,0,0,0,0
"POINT (9.212871592000056 48.820863324000072)",Unfall 154446 (2020) Kat:3, Licht: 0,154446,3,7,0,09,16,5,0,0,1,0,0,0,0,0
"POINT (9.148974093000049 48.731396636000056)",Unfall 154448 (2020) Kat:3, Licht: 0,154448,3,3,5,09,11,5,0,0,1,1,0,0,0,0
"POINT (9.117963508000059 48.814124492000076)",Unfall 154525 (2020) Kat:3, Licht: 0,154525,3,7,0,09,14,1,0,0,1,0,0,0,0,0
"POINT (9.251830072000075 48.782910929000082)",Unfall 154531 (2020) Kat:3, Licht: 1,154531,3,3,5,09,19,4,0,1,1,1,0,0,0,0
"POINT (9.216331725000032 48.830413128000032)",Unfall 154547 (2020) Kat:3, Licht: 0,154547,3,6,2,09,15,7,0,0,0,1,0,0,0,0
"POINT (9.159447220000061 48.757095768000056)",Unfall 154586 (2020) Kat:3, Licht: 0,154586,3,6,2,09,16,6,0,0,0,1,0,1,0,0
"POINT (9.219612673000029 48.770799789000080)",Unfall 154588 (2020) Kat:3, Licht: 0,154588,3,3,5,09,11,7,0,0,1,1,0,0,0,0
"POINT (9.163361236000071 48.778421735000052)",Unfall 154592 (2020) Kat:3, Licht: 0,154592,3,7,1,09,17,7,0,0,1,1,0,0,0,0
"POINT (9.180505709000045 48.783324142000026)",Unfall 154613 (2020) Kat:3, Licht: 2,154613,3,1,1,09,02,3,0,2,0,1,0,0,0,0
"POINT (9.152396252000074 48.776178280000067)",Unfall 154615 (2020) Kat:3, Licht: 0,154615,3,3,5,09,10,3,0,0,0,1,0,0,0,1
"POINT (9.177367636000042 48.833502927000040)",Unfall 154616 (2020) Kat:3, Licht: 0,154616,3,4,6,09,16,3,0,0,1,0,1,0,0,0
"POINT (9.159374870000022 48.780461802000048)",Unfall 154666 (2020) Kat:3, Licht: 0,154666,3,6,2,09,14,4,0,0,1,1,0,0,0,1
"POINT (9.119495853000046 48.721389703000057)",Unfall 154671 (2020) Kat:3, Licht: 0,154671,3,2,5,09,16,5,0,0,1,1,0,0,0,0
"POINT (9.187145395000073 48.770066895000070)",Unfall 154676 (2020) Kat:3, Licht: 0,154676,3,5,1,09,07,4,0,0,1,1,0,0,0,0
"POINT (9.162413959000048 48.849762746000067)",Unfall 154682 (2020) Kat:2, Licht: 0,154682,2,3,5,09,17,3,0,0,0,1,0,1,0,0
"POINT (9.138940155000057 48.841789640000059)",Unfall 154716 (2020) Kat:3, Licht: 0,154716,3,5,1,09,12,2,0,0,0,1,0,0,0,1
"POINT (9.157663579000030 48.810040409000067)",Unfall 154720 (2020) Kat:3, Licht: 0,154720,3,3,5,09,11,2,0,0,1,1,0,0,0,0
"POINT (9.164831557000071 48.810777201000064)",Unfall 154725 (2020) Kat:3, Licht: 0,154725,3,2,2,09,18,2,0,0,1,1,0,0,0,0
"POINT (9.229445097000053 48.816751798000041)",Unfall 154729 (2020) Kat:3, Licht: 0,154729,3,7,0,09,17,2,0,0,1,0,0,0,0,0
"POINT (9.160859239000047 48.769829258000073)",Unfall 154733 (2020) Kat:3, Licht: 0,154733,3,7,6,09,09,4,0,0,1,0,1,0,0,0
"POINT (9.118481949000056 48.720121884000037)",Unfall 154736 (2020) Kat:3, Licht: 2,154736,3,5,1,09,20,2,0,2,0,1,0,0,0,0
"POINT (9.164597849000074 48.832312501000047)",Unfall 154776 (2020) Kat:3, Licht: 0,154776,3,2,5,09,14,4,0,0,0,1,0,0,0,0
"POINT (9.184415061000038 48.749990278000041)",Unfall 154784 (2020) Kat:2, Licht: 0,154784,2,6,4,09,18,5,0,0,1,0,0,0,0,0
"POINT (9.252139698000065 48.778616795000062)",Unfall 154790 (2020) Kat:3, Licht: 0,154790,3,6,4,09,15,4,0,0,1,0,0,0,0,0
"POINT (9.273702062000041 48.778517993000037)",Unfall 154796 (2020) Kat:2, Licht: 1,154796,2,1,4,09,19,3,0,1,1,0,0,0,0,1
"POINT (9.162432092000074 48.811464880000074)",Unfall 154846 (2020) Kat:3, Licht: 0,154846,3,3,5,09,12,4,0,0,1,1,0,0,0,0
"POINT (9.190318935000050 48.788866784000049)",Unfall 154864 (2020) Kat:3, Licht: 0,154864,3,7,0,09,07,3,0,0,1,0,0,0,0,0
"POINT (9.220503620000045 48.830804549000050)",Unfall 154894 (2020) Kat:2, Licht: 0,154894,2,3,5,09,16,5,0,0,1,1,0,0,0,0
"POINT (9.266857382000069 48.764266222000060)",Unfall 154899 (2020) Kat:3, Licht: 0,154899,3,6,2,09,14,4,0,0,0,1,0,0,0,1
"POINT (9.166638436000028 48.791786608000052)",Unfall 154904 (2020) Kat:3, Licht: 0,154904,3,7,2,09,10,3,0,0,0,1,0,1,0,0
"POINT (9.182003890000033 48.782741054000041)",Unfall 154937 (2020) Kat:3, Licht: 0,154937,3,4,6,09,17,3,0,0,0,1,1,0,0,0
"POINT (9.176129706000040 48.829583299000035)",Unfall 154939 (2020) Kat:3, Licht: 0,154939,3,3,5,09,08,3,0,0,0,1,0,1,0,0
"POINT (9.164873375000070 48.776338624000061)",Unfall 154941 (2020) Kat:3, Licht: 0,154941,3,3,5,09,08,3,0,0,1,1,0,0,0,0
"POINT (9.173932910000076 48.771854950000034)",Unfall 154948 (2020) Kat:3, Licht: 0,154948,3,7,0,09,12,4,0,0,0,1,0,0,0,0
"POINT (9.202615446000038 48.812010802000032)",Unfall 155002 (2020) Kat:3, Licht: 0,155002,3,2,5,09,14,4,0,0,0,1,0,1,0,0
"POINT (9.104583827000056 48.732803526000055)",Unfall 155041 (2020) Kat:2, Licht: 0,155041,2,6,2,09,17,2,0,0,1,0,0,0,0,0
"POINT (9.183596024000053 48.753791448000072)",Unfall 155043 (2020) Kat:3, Licht: 0,155043,3,6,4,09,08,2,0,0,1,1,0,0,0,0
"POINT (9.118462792000059 48.747703308000041)",Unfall 155044 (2020) Kat:3, Licht: 0,155044,3,2,2,09,10,2,0,0,1,1,0,0,0,0
"POINT (9.163680801000055 48.755536974000051)",Unfall 155046 (2020) Kat:3, Licht: 0,155046,3,1,0,09,09,2,0,0,1,0,0,0,0,0
"POINT (9.139541455000028 48.777601209000068)",Unfall 155074 (2020) Kat:3, Licht: 0,155074,3,5,1,09,13,4,0,0,1,1,0,0,0,0
"POINT (9.094363271000077 48.825227390000066)",Unfall 155114 (2020) Kat:3, Licht: 0,155114,3,3,5,09,17,4,0,0,1,1,0,0,0,0
"POINT (9.227189314000043 48.848004204000063)",Unfall 155115 (2020) Kat:2, Licht: 0,155115,2,2,2,09,14,1,0,0,0,1,0,1,0,0
"POINT (9.188208249000070 48.755152063000025)",Unfall 155116 (2020) Kat:3, Licht: 0,155116,3,2,5,09,10,1,0,0,1,1,0,0,0,0
"POINT (9.163221784000029 48.810276089000070)",Unfall 155160 (2020) Kat:3, Licht: 2,155160,3,3,5,09,21,6,0,2,0,1,0,0,0,0
"POINT (9.158941520000042 48.806445557000075)",Unfall 155163 (2020) Kat:3, Licht: 0,155163,3,4,6,09,12,6,0,0,0,1,1,0,0,0
"POINT (9.190169405000063 48.828211061000047)",Unfall 155167 (2020) Kat:3, Licht: 0,155167,3,2,2,09,11,6,0,0,0,1,0,1,0,0
"POINT (9.215896486000077 48.804158231000031)",Unfall 155168 (2020) Kat:3, Licht: 0,155168,3,7,1,09,18,7,0,0,0,1,0,1,0,0
"POINT (9.089585471000021 48.805186134000053)",Unfall 155170 (2020) Kat:3, Licht: 0,155170,3,4,6,09,10,7,0,0,0,1,1,0,0,0
"POINT (9.094403106000073 48.825229149000052)",Unfall 155172 (2020) Kat:3, Licht: 0,155172,3,3,5,09,14,6,0,0,1,1,0,0,0,0
"POINT (9.192524943000024 48.779820952000080)",Unfall 155175 (2020) Kat:3, Licht: 0,155175,3,1,0,09,09,6,0,0,0,0,0,1,0,0
"POINT (9.195414667000023 48.832743699000048)",Unfall 155180 (2020) Kat:3, Licht: 0,155180,3,2,6,09,12,4,0,0,0,1,1,0,0,0
"POINT (9.172297870000023 48.769822081000029)",Unfall 155183 (2020) Kat:3, Licht: 2,155183,3,7,7,09,00,6,0,2,1,0,0,0,0,0
"POINT (9.233502710000039 48.778016372000081)",Unfall 155198 (2020) Kat:3, Licht: 0,155198,3,3,5,09,10,7,1,0,1,1,0,0,0,0
"POINT (9.221549608000032 48.787132689000032)",Unfall 155237 (2020) Kat:3, Licht: 0,155237,3,3,5,09,08,6,0,0,0,1,0,0,0,0
"POINT (9.207977826000047 48.783205431000056)",Unfall 155245 (2020) Kat:3, Licht: 0,155245,3,1,0,09,10,7,1,0,1,0,0,0,0,0
"POINT (9.102133312000035 48.826730454000028)",Unfall 155247 (2020) Kat:3, Licht: 0,155247,3,2,5,09,07,6,1,0,0,1,0,0,0,0
"POINT (9.176217772000030 48.764878122000027)",Unfall 155248 (2020) Kat:3, Licht: 2,155248,3,2,5,09,20,3,0,2,0,1,0,1,0,0
"POINT (9.148963274000039 48.850410786000054)",Unfall 155269 (2020) Kat:2, Licht: 0,155269,2,3,5,09,15,4,0,0,1,1,0,0,0,0
"POINT (9.168609467000067 48.747210508000080)",Unfall 155282 (2020) Kat:3, Licht: 0,155282,3,3,5,09,09,7,1,0,0,1,0,0,0,0
"POINT (9.115895465000051 48.817060238000067)",Unfall 155284 (2020) Kat:2, Licht: 0,155284,2,7,0,09,16,6,0,0,1,0,0,0,0,0
"POINT (9.252618311000049 48.778465164000067)",Unfall 155287 (2020) Kat:3, Licht: 0,155287,3,6,0,09,17,6,0,0,0,1,0,1,0,0
"POINT (9.178431184000033 48.781364211000039)",Unfall 155316 (2020) Kat:3, Licht: 2,155316,3,7,0,09,00,1,1,2,0,0,0,0,0,1
"POINT (9.249641960000076 48.767924039000036)",Unfall 155349 (2020) Kat:3, Licht: 2,155349,3,6,2,09,20,7,1,2,0,1,0,0,0,0
"POINT (9.187783576000072 48.831170998000061)",Unfall 155352 (2020) Kat:3, Licht: 0,155352,3,6,2,09,13,3,0,0,0,1,0,0,0,0
"POINT (9.162282521000066 48.776467552000042)",Unfall 155356 (2020) Kat:3, Licht: 0,155356,3,3,5,09,10,5,0,0,0,0,0,0,0,1
"POINT (9.195653261000075 48.833344224000029)",Unfall 155359 (2020) Kat:3, Licht: 0,155359,3,6,2,09,10,5,0,0,0,1,0,0,0,0
"POINT (9.169150958000046 48.758773683000072)",Unfall 155364 (2020) Kat:3, Licht: 0,155364,3,5,1,09,07,5,0,0,0,1,0,1,0,0