WKT,Name,OBJECTID,UKATEGORIE,UTYP1,UART,UMONAT,USTUNDE,UWOCHENTAG,STRZUSTAND,ULICHTVERH,ISTRAD,ISTPKW,ISTFUSS,ISTKRAD,ISTGKFZ,ISTSONSTIG
"POINT (9.147656086000040 48.779375466000033)",Unfall 155373 (2020) Kat:3, Licht: 0,155373,3,6,2,09,17,4,0,0,0,1,0,0,0,0
"POINT (9.188087503000077 48.789174733000038)",Unfall 155398 (2020) Kat:3, Licht: 0,155398,3,1,4,09,16,7,0,0,0,1,0,0,0,0
"POINT (9.156097846000023 48.773682210000061)",Unfall 155401 (2020) Kat:3, Licht: 0,155401,3,4,6,09,08,3,0,0,0,1,1,0,0,0
"POINT (9.168553072000066 48.766701777000037)",Unfall 155435 (2020) Kat:3, Licht: 0,155435,3,4,6,09,17,2,0,0,1,1,1,0,0,0
"POINT (9.180504856000027 48.732919740000057)",Unfall 155452 (2020) Kat:3, Licht: 0,155452,3,4,6,10,11,3,1,0,0,1,0,0,0,1
"POINT (9.166217100000040 48.770286734000081)",Unfall 155474 (2020) Kat:3, Licht: 0,155474,3,3,5,10,16,3,0,0,1,1,0,0,0,0
"POINT (9.156736068000043 48.835733202000029)",Unfall 155488 (2020) Kat:3, Licht: 2,155488,3,3,5,10,23,3,0,2,0,1,0,0,0,0
"POINT (9.190591988000051 48.778238782000074)",Unfall 155489 (2020) Kat:2, Licht: 0,155489,2,6,2,10,18,2,0,0,0,1,0,0,0,0
"POINT (9.203532392000057 48.813172851000047)",Unfall 155491 (2020) Kat:3, Licht: 0,155491,3,3,5,10,13,2,0,0,0,1,0,0,0,1
"POINT (9.172021392000033 48.769455931000039)",Unfall 155493 (2020) Kat:3, Licht: 0,155493,3,6,4,10,11,2,0,0,1,0,0,0,0,0
"POINT (9.205816444000050 48.777242068000078)",Unfall 155494 (2020) Kat:3, Licht: 0,155494,3,6,2,10,11,2,0,0,0,1,0,0,0,1
"POINT (9.198793700000067 48.791109324000047)",Unfall 155498 (2020) Kat:3, Licht: 2,155498,3,3,5,10,19,3,0,2,0,1,0,0,0,0
"POINT (9.146858891000022 48.807262418000050)",Unfall 155517 (2020) Kat:3, Licht: 0,155517,3,7,1,10,16,5,0,0,0,1,0,1,0,0
"POINT (9.163204793000034 48.837091125000029)",Unfall 155520 (2020) Kat:3, Licht: 0,155520,3,6,2,10,10,5,0,0,0,0,0,1,1,0
"POINT (9.255217620000053 48.782377260000032)",Unfall 155525 (2020) Kat:3, Licht: 0,155525,3,3,5,10,12,1,0,0,0,1,0,0,0,1
"POINT (9.162747924000030 48.799788485000079)",Unfall 155526 (2020) Kat:3, Licht: 0,155526,3,3,5,10,07,5,0,0,1,1,0,0,0,0
"POINT (9.112598004000063 48.729015566000044)",Unfall 155527 (2020) Kat:3, Licht: 2,155527,3,1,0,10,01,1,1,2,0,0,0,0,0,1
"POINT (9.264852680000047 48.767530556000054)",Unfall 155529 (2020) Kat:3, Licht: 0,155529,3,3,5,10,08,5,0,0,1,1,0,0,0,0
"POINT (9.114356478000047 48.816408139000032)",Unfall 155573 (2020) Kat:3, Licht: 0,155573,3,5,6,10,12,7,0,0,0,1,1,0,0,0
"POINT (9.142065768000066 48.773419199000045)",Unfall 155575 (2020) Kat:3, Licht: 0,155575,3,1,0,10,15,7,1,0,0,0,0,1,0,0
"POINT (9.178107277000038 48.781017391000034)",Unfall 155636 (2020) Kat:3, Licht: 0,155636,3,4,6,10,11,6,0,0,1,0,1,0,0,0
"POINT (9.154998453000076 48.782622320000030)",Unfall 155639 (2020) Kat:2, Licht: 0,155639,2,1,0,10,17,6,0,0,1,0,0,0,0,0
"POINT (9.176068607000048 48.829581836000045)",Unfall 155642 (2020) Kat:2, Licht: 0,155642,2,3,5,10,14,6,0,0,0,1,1,0,0,0
"POINT (9.203799687000071 48.812103958000080)",Unfall 155644 (2020) Kat:3, Licht: 1,155644,3,7,0,10,18,6,0,1,1,0,0,0,0,0
"POINT (9.269198159000041 48.762361656000053)",Unfall 155645 (2020) Kat:3, Licht: 0,155645,3,7,0,10,10,6,0,0,1,0,0,0,0,0
"POINT (9.146271416000047 48.757030486000076)",Unfall 155704 (2020) Kat:3, Licht: 0,155704,3,3,5,10,16,4,1,0,0,1,0,1,0,0
"POINT (9.228694178000069 48.780885216000058)",Unfall 155705 (2020) Kat:3, Licht: 0,155705,3,1,5,10,13,6,0,0,0,1,0,1,0,0
"POINT (9.127425994000021 48.739078922000033)",Unfall 155724 (2020) Kat:3, Licht: 0,155724,3,7,0,10,16,5,0,0,1,1,0,0,0,0
"POINT (9.186049346000061 48.777516360000050)",Unfall 155728 (2020) Kat:3, Licht: 0,155728,3,5,1,10,15,4,1,0,1,1,0,0,0,0
"POINT (9.185761599000045 48.774726146000035)",Unfall 155741 (2020) Kat:3, Licht: 0,155741,3,6,3,10,17,4,1,0,1,1,0,0,0,0
"POINT (9.222370994000073 48.800751365000053)",Unfall 155753 (2020) Kat:3, Licht: 0,155753,3,2,2,10,09,4,1,0,0,1,0,1,0,0
"POINT (9.103798758000039 48.742839072000038)",Unfall 155754 (2020) Kat:2, Licht: 0,155754,2,3,5,10,14,6,0,0,1,0,0,0,0,0
"POINT (9.189684765000038 48.803328660000034)",Unfall 155763 (2020) Kat:2, Licht: 0,155763,2,7,6,10,07,2,0,0,1,0,1,0,0,0
"POINT (9.149289637000038 48.774807026000076)",Unfall 155765 (2020) Kat:2, Licht: 0,155765,2,2,5,10,10,4,1,0,0,1,0,0,0,1
"POINT (9.190270482000074 48.839747106000061)",Unfall 155769 (2020) Kat:3, Licht: 0,155769,3,1,5,10,07,2,1,0,1,1,0,0,0,0
"POINT (9.158807475000060 48.816879831000051)",Unfall 155772 (2020) Kat:3, Licht: 0,155772,3,3,0,10,14,2,0,0,0,0,0,1,0,1
"POINT (9.110622257000046 48.812659083000028)",Unfall 155793 (2020) Kat:3, Licht: 0,155793,3,6,2,10,18,4,0,0,1,1,0,0,0,0
"POINT (9.253907376000029 48.760673351000037)",Unfall 155806 (2020) Kat:3, Licht: 0,155806,3,7,9,10,12,3,0,0,0,1,0,0,0,0
"POINT (9.080408679000072 48.817195127000048)",Unfall 155815 (2020) Kat:2, Licht: 0,155815,2,7,0,10,11,3,0,0,1,0,0,0,0,0
"POINT (9.160608991000061 48.772494845000040)",Unfall 155830 (2020) Kat:3, Licht: 2,155830,3,2,6,10,18,5,0,2,0,1,1,0,0,0
"POINT (9.180062735000035 48.777353374000029)",Unfall 155833 (2020) Kat:2, Licht: 0,155833,2,1,0,10,09,7,1,0,0,0,0,0,0,1
"POINT (9.210411556000054 48.808289270000046)",Unfall 155859 (2020) Kat:3, Licht: 2,155859,3,2,2,10,05,6,0,2,1,1,0,0,0,0
"POINT (9.154777967000030 48.756732066000041)",Unfall 155880 (2020) Kat:3, Licht: 2,155880,3,1,0,10,06,5,1,2,0,0,0,1,0,0
"POINT (9.158141860000058 48.779162571000029)",Unfall 155909 (2020) Kat:3, Licht: 0,155909,3,3,5,10,13,6,0,0,0,1,0,0,0,0
"POINT (9.174521049000020 48.831399535000060)",Unfall 155935 (2020) Kat:3, Licht: 0,155935,3,5,1,10,17,5,0,0,0,1,0,0,0,0
"POINT (9.149351732000071 48.754164471000081)",Unfall 155937 (2020) Kat:3, Licht: 2,155937,3,1,4,10,03,7,1,2,0,1,0,0,0,0
"POINT (9.267953438000063 48.754354871000032)",Unfall 155963 (2020) Kat:3, Licht: 2,155963,3,7,4,10,21,2,0,2,0,1,0,1,0,0
"POINT (9.213690616000065 48.820802108000066)",Unfall 155985 (2020) Kat:3, Licht: 0,155985,3,6,2,10,15,5,1,0,0,1,0,0,0,0
"POINT (9.160207105000040 48.809536425000033)",Unfall 155997 (2020) Kat:3, Licht: 2,155997,3,3,0,10,20,5,1,2,0,1,0,1,0,0
"POINT (9.153241448000074 48.713779270000032)",Unfall 155998 (2020) Kat:3, Licht: 0,155998,3,5,1,10,08,6,1,0,1,1,0,0,0,0
"POINT (9.258298267000043 48.770035601000075)",Unfall 156000 (2020) Kat:3, Licht: 0,156000,3,6,2,10,14,2,0,0,0,1,0,0,1,0
"POINT (9.190016474000061 48.777091227000028)",Unfall 156007 (2020) Kat:3, Licht: 0,156007,3,6,2,10,13,5,1,0,0,1,0,0,0,0
"POINT (9.149345644000050 48.754136311000082)",Unfall 156045 (2020) Kat:3, Licht: 0,156045,3,1,8,10,08,5,1,0,0,1,0,0,0,0
"POINT (9.209068354000067 48.784004662000029)",Unfall 156048 (2020) Kat:3, Licht: 0,156048,3,5,1,10,13,5,0,0,1,1,0,0,0,0
"POINT (9.105144611000071 48.823293131000071)",Unfall 156049 (2020) Kat:3, Licht: 0,156049,3,3,5,10,09,6,1,0,0,1,0,0,0,0
"POINT (9.170323591000056 48.779612491000080)",Unfall 156051 (2020) Kat:2, Licht: 0,156051,2,7,0,10,09,2,0,0,0,1,0,1,0,0
"POINT (9.212984654000024 48.784626842000080)",Unfall 156057 (2020) Kat:3, Licht: 0,156057,3,7,0,10,17,5,1,0,1,0,0,0,0,0
"POINT (9.248382468000045 48.807642191000070)",Unfall 156067 (2020) Kat:3, Licht: 2,156067,3,2,5,10,20,2,0,2,1,1,0,0,0,0
"POINT (9.184954822000066 48.773906390000036)",Unfall 156104 (2020) Kat:3, Licht: 0,156104,3,2,5,10,07,6,1,0,0,1,0,1,0,0
"POINT (9.203716039000028 48.772922657000038)",Unfall 156107 (2020) Kat:2, Licht: 0,156107,2,3,5,10,16,2,0,0,1,1,0,0,0,0
"POINT (9.168056690000071 48.747973842000079)",Unfall 156126 (2020) Kat:3, Licht: 0,156126,3,2,6,10,09,3,0,0,0,1,1,0,0,0
"POINT (9.157254906000048 48.771715797000070)",Unfall 156128 (2020) Kat:3, Licht: 0,156128,3,7,2,10,15,4,0,0,1,1,0,0,0,0
"POINT (9.175149497000064 48.833921104000069)",Unfall 156154 (2020) Kat:3, Licht: 0,156154,3,6,2,10,12,6,1,0,0,1,0,1,0,0
"POINT (9.209022290000064 48.786161714000059)",Unfall 156171 (2020) Kat:3, Licht: 0,156171,3,6,2,10,12,2,0,0,0,1,0,1,0,0
"POINT (9.109213276000048 48.731362985000032)",Unfall 156181 (2020) Kat:3, Licht: 0,156181,3,1,0,10,17,7,1,0,1,0,0,0,0,1
"POINT (9.167351105000023 48.779049821000058)",Unfall 156204 (2020) Kat:3, Licht: 0,156204,3,7,2,10,12,6,1,0,0,1,0,0,1,0
"POINT (9.221328639000035 48.810218770000063)",Unfall 156207 (2020) Kat:3, Licht: 1,156207,3,3,5,10,06,2,0,1,1,1,0,0,0,0
"POINT (9.118666744000052 48.815346501000079)",Unfall 156220 (2020) Kat:3, Licht: 1,156220,3,6,4,10,07,5,1,1,1,0,0,0,0,1
"POINT (9.173204335000037 48.825641065000070)",Unfall 156222 (2020) Kat:3, Licht: 2,156222,3,2,5,10,20,5,1,2,0,1,0,0,0,1
"POINT (9.199319901000024 48.789283444000034)",Unfall 156224 (2020) Kat:3, Licht: 1,156224,3,5,1,10,20,5,1,1,0,1,0,1,0,0
"POINT (9.184818882000059 48.791570120000074)",Unfall 156319 (2020) Kat:3, Licht: 0,156319,3,3,5,10,14,4,1,0,0,1,0,0,0,0
"POINT (9.151332948000061 48.758241976000079)",Unfall 156332 (2020) Kat:3, Licht: 0,156332,3,3,5,10,15,7,0,0,1,1,0,0,0,0
"POINT (9.146521425000060 48.764834162000056)",Unfall 156333 (2020) Kat:3, Licht: 0,156333,3,5,1,10,11,7,1,0,1,1,0,0,0,0
"POINT (9.251470465000068 48.763552091000065)",Unfall 156404 (2020) Kat:3, Licht: 2,156404,3,5,1,10,20,4,0,2,0,1,0,0,0,0
"POINT (9.160704741000075 48.775894975000028)",Unfall 156409 (2020) Kat:2, Licht: 0,156409,2,4,6,10,07,6,0,0,0,0,1,0,0,1
"POINT (9.203706838000073 48.785713071000032)",Unfall 156411 (2020) Kat:3, Licht: 0,156411,3,7,6,10,09,6,1,0,0,0,1,0,0,1
"POINT (9.155099470000039 48.756842437000046)",Unfall 156412 (2020) Kat:3, Licht: 0,156412,3,1,4,10,14,6,1,0,0,1,0,0,0,1
"POINT (9.190184021000050 48.828205438000055)",Unfall 156417 (2020) Kat:3, Licht: 2,156417,3,3,5,10,16,3,0,2,0,1,0,0,0,0
"POINT (9.254553833000045 48.770589760000064)",Unfall 156425 (2020) Kat:3, Licht: 0,156425,3,2,2,10,10,3,0,0,0,1,0,0,0,1
"POINT (9.190793287000076 48.808895399000050)",Unfall 156465 (2020) Kat:3, Licht: 2,156465,3,2,3,10,21,3,0,2,0,1,0,0,0,1
"POINT (9.168134461000022 48.779293615000029)",Unfall 156479 (2020) Kat:3, Licht: 0,156479,3,7,0,11,13,5,0,0,0,0,0,0,0,1
"POINT (9.205840476000049 48.775528500000064)",Unfall 156527 (2020) Kat:3, Licht: 2,156527,3,3,5,11,06,5,0,2,1,1,0,0,0,0
"POINT (9.175931544000036 48.783753814000079)",Unfall 156539 (2020) Kat:3, Licht: 0,156539,3,6,2,11,13,6,0,0,0,1,0,0,0,0
"POINT (9.165625458000022 48.775347214000078)",Unfall 156547 (2020) Kat:3, Licht: 0,156547,3,3,5,11,08,2,0,0,0,1,0,0,0,0
"POINT (9.160281684000040 48.809527390000028)",Unfall 156569 (2020) Kat:3, Licht: 0,156569,3,3,5,11,08,1,1,0,0,1,0,1,0,0
"POINT (9.202598978000026 48.811991507000073)",Unfall 156574 (2020) Kat:3, Licht: 0,156574,3,2,8,11,08,6,0,0,0,1,0,0,0,0
"POINT (9.207102904000067 48.841152797000063)",Unfall 156602 (2020) Kat:3, Licht: 2,156602,3,2,5,10,19,6,0,2,0,1,0,0,0,0
"POINT (9.254307066000024 48.765324240000041)",Unfall 156608 (2020) Kat:2, Licht: 2,156608,2,2,5,10,05,6,1,2,0,1,0,0,0,0
"POINT (9.166153736000069 48.836812132000034)",Unfall 156628 (2020) Kat:3, Licht: 1,156628,3,6,2,11,06,6,0,1,0,1,0,0,1,0
"POINT (9.089300869000056 48.806262410000045)",Unfall 156635 (2020) Kat:3, Licht: 0,156635,3,4,6,11,16,5,0,0,0,1,1,0,0,0
"POINT (9.159192451000024 48.764119845000039)",Unfall 156654 (2020) Kat:3, Licht: 0,156654,3,6,2,11,06,2,1,0,0,1,0,1,0,0
"POINT (9.169388311000034 48.830411352000056)",Unfall 156675 (2020) Kat:3, Licht: 2,156675,3,1,4,10,19,7,0,2,1,1,0,0,0,0
"POINT (9.179448235000052 48.774283792000062)",Unfall 156681 (2020) Kat:3, Licht: 0,156681,3,2,5,11,15,6,0,0,1,0,0,0,0,0
"POINT (9.227983507000033 48.801614832000041)",Unfall 156708 (2020) Kat:3, Licht: 0,156708,3,3,5,10,09,5,1,0,0,1,0,0,0,0
"POINT (9.158733433000066 48.719566530000066)",Unfall 156713 (2020) Kat:3, Licht: 2,156713,3,7,6,10,18,5,1,2,0,1,1,0,0,0
"POINT (9.196936555000036 48.835450126000069)",Unfall 156716 (2020) Kat:3, Licht: 0,156716,3,6,2,10,14,5,0,0,0,1,0,0,0,0
"POINT (9.155821299000024 48.777375245000030)",Unfall 156723 (2020) Kat:3, Licht: 0,156723,3,2,0,10,11,5,1,0,0,1,0,1,0,0
"POINT (9.199091960000033 48.789293116000067)",Unfall 156726 (2020) Kat:3, Licht: 0,156726,3,7,0,11,14,1,0,0,1,0,0,0,0,0
"POINT (9.113367484000037 48.813617245000046)",Unfall 156728 (2020) Kat:3, Licht: 0,156728,3,3,5,11,11,4,0,0,1,1,0,0,0,0
"POINT (9.232147483000063 48.825431624000032)",Unfall 156732 (2020) Kat:3, Licht: 2,156732,3,3,5,11,20,6,0,2,0,1,0,0,0,0
"POINT (9.145889285000067 48.810435737000034)",Unfall 156762 (2020) Kat:3, Licht: 2,156762,3,5,1,11,06,7,0,2,0,1,0,1,0,0
"POINT (9.176394064000021 48.746541811000043)",Unfall 156776 (2020) Kat:3, Licht: 0,156776,3,3,5,11,13,2,0,0,1,0,0,0,0,0
"POINT (9.118288115000041 48.810353324000062)",Unfall 156781 (2020) Kat:3, Licht: 0,156781,3,3,5,11,12,2,0,0,1,1,0,0,0,0
"POINT (9.122154116000047 48.724171794000029)",Unfall 156785 (2020) Kat:3, Licht: 0,156785,3,3,5,11,10,6,0,0,1,1,0,0,0,0
"POINT (9.218053330000032 48.751106369000070)",Unfall 156786 (2020) Kat:3, Licht: 0,156786,3,7,6,11,15,2,0,0,0,1,1,0,0,0
"POINT (9.173151115000053 48.748882465000065)",Unfall 156830 (2020) Kat:3, Licht: 0,156830,3,7,0,11,13,1,0,0,1,0,0,0,0,0
"POINT (9.170112620000054 48.809239976000072)",Unfall 156849 (2020) Kat:3, Licht: 0,156849,3,7,0,11,12,1,0,0,1,1,0,0,0,0
"POINT (9.150663147000046 48.731393198000035)",Unfall 156852 (2020) Kat:3, Licht: 0,156852,3,7,2,11,15,1,0,0,1,0,0,0,0,0
"POINT (9.167864036000026 48.784824568000033)",Unfall 156889 (2020) Kat:2, Licht: 2,156889,2,7,0,11,17,4,0,2,1,0,0,0,0,0
"POINT (9.171182768000051 48.768408960000045)",Unfall 156890 (2020) Kat:3, Licht: 2,156890,3,7,3,11,19,4,0,2,1,1,0,0,0,0
"POINT (9.199824563000050 48.780080653000027)",Unfall 156944 (2020) Kat:3, Licht: 1,156944,3,7,3,11,06,3,0,1,0,1,0,1,0,0
"POINT (9.184230780000064 48.791883745000064)",Unfall 156967 (2020) Kat:3, Licht: 0,156967,3,6,2,11,12,7,0,0,0,1,0,0,0,0
"POINT (9.145833066000023 48.812095571000043)",Unfall 156970 (2020) Kat:3, Licht: 1,156970,3,1,0,11,07,2,1,1,0,0,0,1,0,0
"POINT (9.101160581000045 48.824276577000035)",Unfall 156972 (2020) Kat:3, Licht: 0,156972,3,2,2,11,15,7,0,0,0,1,0,0,0,0
"POINT (9.203501918000029 48.820206997000071)",Unfall 157008 (2020) Kat:3, Licht: 2,157008,3,5,1,11,06,4,0,2,0,0,0,1,0,1
"POINT (9.171579189000056 48.780384465000054)",Unfall 157011 (2020) Kat:3, Licht: 2,157011,3,1,8,11,00,3,0,2,0,1,0,0,0,0
"POINT (9.208534698000051 48.813534097000058)",Unfall 157045 (2020) Kat:3, Licht: 0,157045,3,6,2,11,14,4,0,0,1,1,0,0,0,0
"POINT (9.274951499000053 48.777560377000043)",Unfall 157047 (2020) Kat:3, Licht: 0,157047,3,7,4,11,14,3,0,0,0,1,0,1,0,0
"POINT (9.207369734000054 48.788903107000067)",Unfall 157055 (2020) Kat:2, Licht: 2,157055,2,4,6,11,23,4,0,2,0,1,1,0,0,0
"POINT (9.172985981000068 48.770640769000067)",Unfall 157065 (2020) Kat:2, Licht: 0,157065,2,4,6,11,13,3,0,0,1,0,1,0,0,0
"POINT (9.178634362000025 48.766139737000060)",Unfall 157087 (2020) Kat:3, Licht: 2,157087,3,4,6,11,18,5,1,2,0,1,1,0,0,0
"POINT (9.160106222000024 48.760788556000080)",Unfall 157091 (2020) Kat:3, Licht: 1,157091,3,6,2,11,07,5,0,1,0,1,0,0,0,0
"POINT (9.166917726000065 48.763779552000074)",Unfall 157097 (2020) Kat:3, Licht: 0,157097,3,3,5,11,11,3,0,0,1,1,0,0,0,0
"POINT (9.256086479000032 48.777144122000038)",Unfall 157113 (2020) Kat:3, Licht: 0,157113,3,6,2,11,07,4,0,0,1,1,0,0,0,0
"POINT (9.185716652000053 48.830506940000078)",Unfall 157116 (2020) Kat:3, Licht: 0,157116,3,2,5,11,08,3,0,0,1,1,0,0,0,0
"POINT (9.156070352000029 48.774148539000066)",Unfall 157155 (2020) Kat:2, Licht: 2,157155,2,1,8,11,17,3,0,2,0,1,0,0,0,0
"POINT (9.158292533000065 48.779231665000054)",Unfall 157164 (2020) Kat:3, Licht: 2,157164,3,2,6,11,05,4,0,2,0,1,1,0,0,0
"POINT (9.220368125000050 48.800547300000062)",Unfall 157194 (2020) Kat:3, Licht: 0,157194,3,6,2,11,16,6,0,0,0,1,0,0,0,1
"POINT (9.181172105000030 48.773719423000045)",Unfall 157207 (2020) Kat:3, Licht: 0,157207,3,2,2,11,12,3,0,0,1,1,0,0,0,0
"POINT (9.141754809000076 48.835088032000044)",Unfall 157221 (2020) Kat:3, Licht: 2,157221,3,7,0,11,16,4,0,2,0,1,0,1,0,0
"POINT (9.227703375000033 48.809937672000046)",Unfall 157224 (2020) Kat:3, Licht: 0,157224,3,7,1,11,15,3,0,0,0,1,0,0,0,0
"POINT (9.160348655000064 48.790530373000081)",Unfall 157255 (2020) Kat:3, Licht: 2,157255,3,1,0,11,17,6,0,2,0,0,0,1,0,0
"POINT (9.220278595000025 48.801074152000069)",Unfall 157261 (2020) Kat:3, Licht: 0,157261,3,6,2,11,13,3,0,0,0,1,0,0,0,0
"POINT (9.146509492000064 48.723723888000052)",Unfall 157266 (2020) Kat:3, Licht: 1,157266,3,3,5,12,07,5,0,1,1,1,0,0,0,0
"POINT (9.154505184000072 48.776887305000059)",Unfall 157272 (2020) Kat:3, Licht: 0,157272,3,5,0,12,11,5,0,0,0,1,0,1,0,0
"POINT (9.166024051000022 48.780673790000037)",Unfall 157279 (2020) Kat:3, Licht: 0,157279,3,7,6,11,15,7,0,0,0,1,1,0,0,0
"POINT (9.194802079000056 48.784660426000073)",Unfall 157280 (2020) Kat:3, Licht: 0,157280,3,7,9,11,15,7,0,0,0,1,0,0,0,0
"POINT (9.190092554000046 48.797090218000051)",Unfall 157285 (2020) Kat:3, Licht: 0,157285,3,7,0,12,14,7,0,0,1,0,0,0,0,0
"POINT (9.254471351000063 48.770565837000049)",Unfall 157318 (2020) Kat:3, Licht: 2,157318,3,3,5,11,20,2,0,2,0,1,0,0,0,0
"POINT (9.159315740000068 48.758192310000027)",Unfall 157343 (2020) Kat:3, Licht: 2,157343,3,7,0,11,20,1,0,2,1,0,1,0,0,0
"POINT (9.199735154000052 48.811094025000045)",Unfall 157365 (2020) Kat:3, Licht: 2,157365,3,6,4,11,17,6,0,2,0,1,0,0,0,1
"POINT (9.214163021000047 48.737040566000076)",Unfall 157366 (2020) Kat:3, Licht: 0,157366,3,7,6,11,16,6,0,0,0,1,1,0,0,0
"POINT (9.186056988000075 48.828642129000059)",Unfall 157369 (2020) Kat:3, Licht: 0,157369,3,7,6,11,07,2,0,0,0,1,1,0,0,0
"POINT (9.152534431000049 48.728879745000029)",Unfall 157380 (2020) Kat:2, Licht: 0,157380,2,1,1,12,08,4,0,0,0,1,0,0,0,0
"POINT (9.191894593000029 48.786031652000077)",Unfall 157383 (2020) Kat:3, Licht: 2,157383,3,7,1,12,17,4,0,2,0,1,0,0,0,0
"POINT (9.214753264000024 48.843976966000071)",Unfall 157394 (2020) Kat:2, Licht: 2,157394,2,2,6,12,16,7,0,2,0,1,1,0,0,0
"POINT (9.154786439000077 48.807941559000028)",Unfall 157442 (2020) Kat:3, Licht: 0,157442,3,7,6,12,13,6,1,0,0,1,1,0,0,0
"POINT (9.114534296000045 48.725215206000030)",Unfall 157479 (2020) Kat:3, Licht: 0,157479,3,7,6,12,07,5,0,0,0,1,0,0,0,1
"POINT (9.171897627000021 48.773821154000075)",Unfall 157480 (2020) Kat:2, Licht: 0,157480,2,7,6,11,12,2,0,0,0,1,1,0,0,0
"POINT (9.178607456000066 48.795676687000025)",Unfall 157484 (2020) Kat:3, Licht: 2,157484,3,1,0,11,22,5,0,2,0,0,0,1,0,0
"POINT (9.175330339000027 48.835165183000072)",Unfall 157487 (2020) Kat:3, Licht: 0,157487,3,2,2,11,15,5,0,0,0,1,0,0,1,0
"POINT (9.200253835000069 48.781049905000032)",Unfall 157505 (2020) Kat:2, Licht: 2,157505,2,7,6,12,17,7,1,2,0,1,1,0,0,0
"POINT (9.177058865000049 48.762146928000050)",Unfall 157519 (2020) Kat:3, Licht: 0,157519,3,3,5,12,08,3,1,0,0,1,0,1,0,0
"POINT (9.151866822000045 48.834575415000074)",Unfall 157520 (2020) Kat:3, Licht: 0,157520,3,4,6,12,09,5,0,0,0,1,1,0,0,0
"POINT (9.161302716000023 48.809771573000035)",Unfall 157529 (2020) Kat:3, Licht: 0,157529,3,3,6,12,11,3,1,0,0,0,1,0,0,1
"POINT (9.129971613000066 48.782686872000056)",Unfall 157605 (2020) Kat:3, Licht: 0,157605,3,4,6,12,16,2,0,0,0,1,1,0,0,0
"POINT (9.206619277000073 48.785858444000041)",Unfall 157630 (2020) Kat:3, Licht: 0,157630,3,7,6,12,14,5,0,0,0,1,1,0,0,0
"POINT (9.179277908000074 48.782353782000030)",Unfall 157648 (2020) Kat:3, Licht: 1,157648,3,4,6,12,16,7,1,1,0,1,1,0,0,0
"POINT (9.127029218000075 48.779159749000030)",Unfall 157652 (2020) Kat:3, Licht: 0,157652,3,7,6,12,11,3,0,0,0,0,1,0,0,1
"POINT (9.192939105000050 48.783248904000061)",Unfall 157666 (2020) Kat:3, Licht: 0,157666,3,7,0,12,16,1,1,0,0,0,0,1,0,0
"POINT (9.172683524000036 48.774515979000057)",Unfall 157674 (2020) Kat:3, Licht: 0,157674,3,7,3,12,15,6,0,0,1,1,0,0,0,0
"POINT (9.238977040000066 48.774752038000031)",Unfall 157687 (2020) Kat:3, Licht: 2,157687,3,4,6,12,16,6,1,2,0,1,1,0,0,0
"POINT (9.203503305000027 48.817979497000067)",Unfall 157689 (2020) Kat:3, Licht: 0,157689,3,3,5,12,10,1,1,0,0,1,0,0,0,0
"POINT (9.153314651000073 48.807473898000069)",Unfall 157695 (2020) Kat:3, Licht: 2,157695,3,1,1,12,01,1,1,2,0,1,0,0,0,1
"POINT (9.113181073000021 48.746584234000068)",Unfall 157701 (2020) Kat:3, Licht: 0,157701,3,1,0,12,10,1,2,0,0,1,0,0,0,0
"POINT (9.174807440000052 48.831557475000068)",Unfall 157708 (2020) Kat:2, Licht: 0,157708,2,2,6,12,16,2,0,0,1,0,1,0,0,0
"POINT (9.153145957000049 48.749394662000043)",Unfall 157723 (2020) Kat:3, Licht: 0,157723,3,6,2,12,08,6,1,0,0,1,0,1,0,0
"POINT (9.181693894000034 48.782845890000033)",Unfall 157755 (2020) Kat:3, Licht: 0,157755,3,6,2,12,12,2,0,0,0,1,0,0,0,0
"POINT (9.173859190000030 48.827561239000033)",Unfall 157766 (2020) Kat:2, Licht: 0,157766,2,1,8,12,14,1,0,0,0,1,0,0,0,0
"POINT (9.185666982000043 48.830725738000069)",Unfall 157785 (2020) Kat:3, Licht: 2,157785,3,7,5,12,17,3,0,2,1,1,0,0,0,0
"POINT (9.196122534000040 48.835177950000059)",Unfall 157859 (2020) Kat:3, Licht: 0,157859,3,7,0,12,12,3,1,0,0,0,0,1,0,0
"POINT (9.149673422000035 48.711880754000049)",Unfall 157877 (2020) Kat:3, Licht: 0,157877,3,7,6,12,11,6,0,0,0,1,1,0,0,0
"POINT (9.085970742000029 48.811988753000037)",Unfall 157928 (2020) Kat:3, Licht: 0,157928,3,6,4,12,14,4,0,0,0,1,0,0,0,1
"POINT (9.128376779000064 48.781298990000039)",Unfall 158002 (2020) Kat:3, Licht: 0,158002,3,4,6,12,14,4,1,0,1,1,1,0,0,0
"POINT (9.111607919000051 48.806267408000053)",Unfall 158010 (2020) Kat:3, Licht: 0,158010,3,5,1,12,12,4,0,0,1,1,0,0,0,0
"POINT (9.124302465000028 48.730834616000038)",Unfall 158011 (2020) Kat:3, Licht: 0,158011,3,5,1,12,14,4,0,0,1,1,0,0,0,0