WKT,Name,OBJECTID,UKATEGORIE,UTYP1,UART,UMONAT,USTUNDE,UWOCHENTAG,STRZUSTAND,ULICHTVERH,ISTRAD,ISTPKW,ISTFUSS,ISTKRAD,ISTGKFZ,ISTSONSTIG
"POINT (9.220514297000022 48.788124442000026)",Unfall 71613 (2021) Kat:3, Licht: 0,71613,3,2,2,02,16,2,1,0,0,1,0,0,1,0
"POINT (9.134415429000057 48.764268207000043)",Unfall 71628 (2021) Kat:3, Licht: 2,71628,3,2,5,02,19,2,1,2,0,1,0,0,0,0
"POINT (9.177399984000033 48.844942771000035)",Unfall 71673 (2021) Kat:3, Licht: 2,71673,3,6,2,01,05,2,2,2,0,1,0,0,1,0
"POINT (9.185239622000040 48.808900555000037)",Unfall 71697 (2021) Kat:3, Licht: 2,71697,3,6,2,01,19,2,0,2,0,1,0,0,0,0
"POINT (9.185110989000066 48.769188523000025)",Unfall 71722 (2021) Kat:3, Licht: 0,71722,3,2,5,02,16,3,1,0,0,1,0,1,0,0
"POINT (9.199890362000076 48.744604688000038)",Unfall 71742 (2021) Kat:3, Licht: 1,71742,3,6,2,01,16,1,2,1,0,1,0,0,0,0
"POINT (9.180293396000025 48.785983777000069)",Unfall 71832 (2021) Kat:3, Licht: 2,71832,3,6,2,01,05,2,1,2,0,1,0,0,0,0
"POINT (9.090247522000027 48.785381197000049)",Unfall 71849 (2021) Kat:3, Licht: 2,71849,3,1,9,01,20,4,2,2,0,1,0,0,0,0
"POINT (9.114382556000066 48.738545088000080)",Unfall 71852 (2021) Kat:3, Licht: 2,71852,3,3,5,01,18,1,0,2,0,1,0,0,0,1
"POINT (9.177257107000059 48.816425295000045)",Unfall 71922 (2021) Kat:3, Licht: 0,71922,3,6,3,01,09,4,0,0,0,1,0,0,1,0
"POINT (9.215226252000036 48.785444925000036)",Unfall 71932 (2021) Kat:3, Licht: 0,71932,3,6,2,02,07,2,1,0,0,1,0,0,0,0
"POINT (9.181395606000024 48.792674272000056)",Unfall 71961 (2021) Kat:2, Licht: 0,71961,2,6,3,01,08,2,0,0,0,1,0,1,0,0
"POINT (9.225696010000036 48.793753719000051)",Unfall 71992 (2021) Kat:3, Licht: 2,71992,3,1,2,02,19,4,2,2,0,1,0,0,0,0
"POINT (9.142843546000051 48.727525478000075)",Unfall 72023 (2021) Kat:3, Licht: 0,72023,3,6,2,02,09,4,2,0,0,1,0,0,0,0
"POINT (9.150985030000072 48.787294107000037)",Unfall 72046 (2021) Kat:3, Licht: 0,72046,3,6,2,01,14,3,1,0,0,1,0,0,0,0
"POINT (9.126446317000045 48.735320442000045)",Unfall 72049 (2021) Kat:3, Licht: 0,72049,3,2,2,01,13,7,0,0,0,1,0,0,0,0
"POINT (9.215963556000077 48.794196627000076)",Unfall 72123 (2021) Kat:3, Licht: 2,72123,3,6,3,01,19,7,0,2,0,1,0,0,0,0
"POINT (9.116278661000024 48.762560775000054)",Unfall 72127 (2021) Kat:3, Licht: 2,72127,3,1,3,02,18,4,2,2,0,1,0,0,0,0
"POINT (9.231094614000028 48.841562016000069)",Unfall 72147 (2021) Kat:3, Licht: 1,72147,3,2,6,01,18,5,2,1,0,1,1,0,0,0
"POINT (9.220258815000022 48.835202906000063)",Unfall 72196 (2021) Kat:3, Licht: 0,72196,3,1,0,01,16,2,0,0,0,1,0,0,0,0
"POINT (9.173941740000032 48.821613511000066)",Unfall 72258 (2021) Kat:3, Licht: 2,72258,3,6,2,01,17,2,1,2,0,1,0,0,0,0
"POINT (9.221126900000058 48.694841375000067)",Unfall 72276 (2021) Kat:3, Licht: 2,72276,3,3,5,01,18,5,1,2,0,1,0,0,0,0
"POINT (9.208887769000057 48.798224466000079)",Unfall 72299 (2021) Kat:3, Licht: 0,72299,3,1,2,02,06,2,0,0,0,1,0,0,0,1
"POINT (9.237600086000043 48.792705795000074)",Unfall 72340 (2021) Kat:3, Licht: 2,72340,3,6,2,01,18,5,1,2,0,1,0,0,0,0
"POINT (9.157582357000024 48.832364103000032)",Unfall 72367 (2021) Kat:3, Licht: 0,72367,3,6,2,02,11,1,0,0,0,1,0,0,0,0
"POINT (9.209081272000049 48.799493598000026)",Unfall 72440 (2021) Kat:3, Licht: 2,72440,3,3,5,02,00,6,1,2,0,1,0,0,0,1
"POINT (9.221787903000063 48.789102592000063)",Unfall 72498 (2021) Kat:3, Licht: 0,72498,3,2,2,01,11,7,1,0,0,1,0,0,0,0
"POINT (9.193374484000060 48.790213837000067)",Unfall 72506 (2021) Kat:3, Licht: 2,72506,3,6,2,01,18,4,0,2,0,1,0,0,0,0
"POINT (9.186893099000031 48.781935760000067)",Unfall 72612 (2021) Kat:3, Licht: 2,72612,3,1,9,01,01,1,2,2,0,1,0,0,0,0
"POINT (9.165442486000074 48.745338823000054)",Unfall 72616 (2021) Kat:3, Licht: 2,72616,3,2,2,01,18,1,2,2,0,1,0,0,0,0
"POINT (9.216683319000026 48.803565710000044)",Unfall 72688 (2021) Kat:3, Licht: 0,72688,3,6,3,01,08,6,0,0,0,1,0,0,0,1
"POINT (9.185067464000042 48.779113582000036)",Unfall 72757 (2021) Kat:3, Licht: 2,72757,3,1,5,02,18,4,2,2,1,1,0,0,0,0
"POINT (9.209168829000021 48.806146670000032)",Unfall 72804 (2021) Kat:3, Licht: 0,72804,3,6,2,01,14,1,0,0,0,1,0,0,0,0
"POINT (9.144987516000072 48.771356273000038)",Unfall 72825 (2021) Kat:3, Licht: 0,72825,3,2,5,01,11,2,0,0,0,1,0,0,0,0
"POINT (9.157710658000042 48.813486264000062)",Unfall 72884 (2021) Kat:2, Licht: 0,72884,2,6,3,02,08,2,0,0,0,1,0,1,0,0
"POINT (9.210141960000044 48.805575684000075)",Unfall 72886 (2021) Kat:3, Licht: 2,72886,3,6,2,02,17,3,1,2,0,1,0,0,0,0
"POINT (9.131618920000051 48.728466883000067)",Unfall 72903 (2021) Kat:3, Licht: 0,72903,3,6,3,01,16,4,0,0,1,1,0,0,0,0
"POINT (9.184605244000068 48.809086836000063)",Unfall 72928 (2021) Kat:3, Licht: 2,72928,3,3,5,01,06,6,1,2,0,1,0,0,0,0
"POINT (9.220330530000069 48.740112523000050)",Unfall 73028 (2021) Kat:3, Licht: 2,73028,3,7,6,01,17,3,0,2,0,1,1,0,0,0
"POINT (9.166003009000065 48.758078219000026)",Unfall 73039 (2021) Kat:3, Licht: 0,73039,3,6,2,02,09,6,0,0,0,1,0,0,0,0
"POINT (9.220258815000022 48.835202906000063)",Unfall 73043 (2021) Kat:3, Licht: 0,73043,3,2,0,03,14,1,0,0,0,1,0,0,0,1
"POINT (9.164258658000051 48.814700109000057)",Unfall 73076 (2021) Kat:3, Licht: 0,73076,3,6,2,03,15,5,0,0,0,1,0,0,0,0
"POINT (9.233710914000028 48.814266255000064)",Unfall 73087 (2021) Kat:2, Licht: 1,73087,2,6,3,03,17,2,1,1,0,1,0,0,0,1
"POINT (9.179564623000033 48.773016779000045)",Unfall 73091 (2021) Kat:3, Licht: 1,73091,3,6,2,02,18,3,0,1,0,1,0,0,0,0
"POINT (9.171168112000032 48.824869654000054)",Unfall 73109 (2021) Kat:3, Licht: 0,73109,3,6,2,03,10,5,0,0,0,1,0,0,0,1
"POINT (9.141590234000034 48.727345848000027)",Unfall 73139 (2021) Kat:3, Licht: 0,73139,3,3,5,03,11,2,1,0,0,1,0,0,0,0
"POINT (9.090335285000037 48.778600059000041)",Unfall 73175 (2021) Kat:3, Licht: 0,73175,3,3,5,03,12,7,0,0,0,1,0,0,0,0
"POINT (9.180161253000051 48.773612230000026)",Unfall 73189 (2021) Kat:3, Licht: 0,73189,3,7,0,02,14,3,1,0,0,0,0,1,1,0
"POINT (9.156754695000075 48.847301701000049)",Unfall 73198 (2021) Kat:3, Licht: 2,73198,3,2,5,02,22,7,0,2,0,1,0,0,0,0
"POINT (9.136729339000055 48.842065081000044)",Unfall 73231 (2021) Kat:3, Licht: 2,73231,3,5,1,02,06,3,0,2,0,1,0,0,1,0
"POINT (9.108357239000043 48.726269373000036)",Unfall 73234 (2021) Kat:3, Licht: 0,73234,3,4,6,03,13,7,0,0,0,1,1,0,0,0
"POINT (9.177169879000076 48.781170823000082)",Unfall 73245 (2021) Kat:3, Licht: 0,73245,3,6,3,02,15,7,0,0,0,0,0,0,0,1
"POINT (9.171609202000070 48.824289771000053)",Unfall 73275 (2021) Kat:3, Licht: 0,73275,3,6,2,03,09,4,0,0,0,0,0,0,1,1
"POINT (9.169036886000072 48.743393095000044)",Unfall 73286 (2021) Kat:3, Licht: 0,73286,3,3,5,02,15,3,0,0,0,0,0,1,0,1
"POINT (9.182472153000049 48.798525206000079)",Unfall 73323 (2021) Kat:3, Licht: 0,73323,3,6,2,03,10,2,0,0,0,1,0,0,0,0
"POINT (9.169151412000076 48.814913496000031)",Unfall 73357 (2021) Kat:3, Licht: 0,73357,3,2,5,02,12,7,0,0,0,1,0,1,0,0
"POINT (9.169492657000035 48.764721457000064)",Unfall 73382 (2021) Kat:3, Licht: 2,73382,3,6,9,03,20,3,0,2,0,1,0,0,0,1
"POINT (9.218620821000059 48.741129960000080)",Unfall 73400 (2021) Kat:3, Licht: 0,73400,3,6,2,03,08,3,0,0,0,1,0,0,0,0
"POINT (9.202790905000029 48.795613597000056)",Unfall 73411 (2021) Kat:3, Licht: 0,73411,3,6,2,03,16,3,0,0,0,1,0,0,0,0
"POINT (9.201014956000051 48.780617732000053)",Unfall 73488 (2021) Kat:3, Licht: 0,73488,3,6,2,02,12,3,0,0,1,1,0,0,0,0
"POINT (9.242470874000048 48.808371075000082)",Unfall 73531 (2021) Kat:3, Licht: 0,73531,3,2,5,02,11,5,0,0,1,1,0,0,0,0
"POINT (9.208853463000025 48.804258036000078)",Unfall 73535 (2021) Kat:2, Licht: 2,73535,2,1,9,02,01,1,0,2,0,1,0,0,0,0
"POINT (9.144191002000071 48.770979913000076)",Unfall 73538 (2021) Kat:3, Licht: 0,73538,3,7,6,03,14,3,0,0,0,0,1,0,0,1
"POINT (9.181300262000036 48.792468217000078)",Unfall 73583 (2021) Kat:3, Licht: 1,73583,3,6,2,03,18,3,1,1,0,1,0,0,0,0
"POINT (9.216995676000067 48.798606480000046)",Unfall 73589 (2021) Kat:3, Licht: 2,73589,3,7,0,02,21,6,1,2,0,0,0,1,0,0
"POINT (9.175107528000069 48.820290937000038)",Unfall 73713 (2021) Kat:3, Licht: 2,73713,3,1,3,02,21,4,0,2,0,1,0,0,0,1
"POINT (9.166646735000029 48.723823392000043)",Unfall 73749 (2021) Kat:3, Licht: 0,73749,3,2,5,03,08,5,0,0,0,1,0,0,0,0
"POINT (9.223903332000077 48.794755818000056)",Unfall 73786 (2021) Kat:3, Licht: 0,73786,3,6,2,02,12,6,0,0,0,1,0,0,0,0
"POINT (9.180922540000040 48.789631778000057)",Unfall 73807 (2021) Kat:3, Licht: 0,73807,3,6,2,02,14,4,0,0,0,1,0,0,0,0
"POINT (9.226699588000031 48.805132595000032)",Unfall 73819 (2021) Kat:3, Licht: 0,73819,3,2,5,03,13,3,0,0,0,1,0,0,0,1
"POINT (9.170575861000032 48.750102398000081)",Unfall 73823 (2021) Kat:2, Licht: 0,73823,2,7,0,02,15,1,0,0,1,0,0,0,0,0
"POINT (9.177915020000057 48.772123339000075)",Unfall 73844 (2021) Kat:3, Licht: 2,73844,3,6,2,03,21,4,0,2,0,1,0,0,0,0
"POINT (9.233976142000074 48.783218062000060)",Unfall 73861 (2021) Kat:3, Licht: 0,73861,3,6,2,02,16,6,0,0,0,1,0,0,0,0
"POINT (9.220851230000051 48.740398422000055)",Unfall 74019 (2021) Kat:3, Licht: 1,74019,3,6,0,03,07,3,1,1,0,1,0,1,0,0
"POINT (9.188447011000051 48.783868830000074)",Unfall 74030 (2021) Kat:3, Licht: 0,74030,3,6,2,03,12,6,0,0,0,1,0,0,0,1
"POINT (9.203934638000021 48.780824287000030)",Unfall 74031 (2021) Kat:2, Licht: 0,74031,2,2,6,02,14,7,0,0,0,1,1,0,0,0
"POINT (9.182329469000024 48.775507474000051)",Unfall 74042 (2021) Kat:3, Licht: 1,74042,3,3,4,03,17,3,0,1,1,0,0,0,0,0
"POINT (9.175531258000035 48.778656091000073)",Unfall 74081 (2021) Kat:3, Licht: 2,74081,3,6,2,02,22,6,0,2,0,1,0,1,0,0
"POINT (9.216475576000050 48.742541679000055)",Unfall 74102 (2021) Kat:3, Licht: 0,74102,3,6,2,03,11,4,0,0,0,1,0,0,0,0
"POINT (9.233588427000029 48.814210107000065)",Unfall 74122 (2021) Kat:3, Licht: 0,74122,3,6,2,02,17,1,0,0,0,1,0,1,0,0
"POINT (9.152448693000053 48.770004791000076)",Unfall 74139 (2021) Kat:3, Licht: 0,74139,3,6,2,03,11,5,0,0,0,1,0,0,0,0
"POINT (9.145471372000031 48.771590535000030)",Unfall 74140 (2021) Kat:3, Licht: 0,74140,3,3,5,02,12,6,0,0,0,1,0,1,0,0
"POINT (9.097842434000029 48.818640751000032)",Unfall 74142 (2021) Kat:3, Licht: 0,74142,3,6,2,03,15,3,0,0,0,1,0,0,0,0
"POINT (9.250452158000030 48.770078568000031)",Unfall 74162 (2021) Kat:2, Licht: 0,74162,2,6,2,02,14,5,0,0,0,1,0,0,0,1
"POINT (9.235369574000060 48.695892102000073)",Unfall 74179 (2021) Kat:3, Licht: 0,74179,3,6,2,02,09,6,0,0,0,1,0,0,0,1
"POINT (9.169593598000063 48.814084915000080)",Unfall 74214 (2021) Kat:2, Licht: 0,74214,2,6,3,02,13,5,0,0,1,1,0,0,0,0
"POINT (9.093084484000030 48.802734566000026)",Unfall 74224 (2021) Kat:3, Licht: 0,74224,3,6,2,03,14,2,0,0,0,1,0,0,0,0
"POINT (9.152121598000065 48.834717582000053)",Unfall 74258 (2021) Kat:3, Licht: 0,74258,3,6,2,03,15,5,1,0,0,1,0,0,0,0
"POINT (9.178485850000072 48.814638062000029)",Unfall 74261 (2021) Kat:3, Licht: 0,74261,3,6,2,03,10,1,0,0,0,1,0,0,0,0
"POINT (9.178981059000023 48.844105787000046)",Unfall 74281 (2021) Kat:3, Licht: 0,74281,3,7,7,04,05,6,0,0,0,0,0,1,0,0
"POINT (9.181334689000039 48.792069026000036)",Unfall 74288 (2021) Kat:3, Licht: 0,74288,3,6,2,03,17,2,0,0,0,1,0,0,0,0
"POINT (9.157582357000024 48.832364103000032)",Unfall 74306 (2021) Kat:3, Licht: 0,74306,3,3,5,03,12,1,0,0,0,1,0,0,0,0
"POINT (9.262458897000045 48.762618746000044)",Unfall 74310 (2021) Kat:3, Licht: 0,74310,3,6,2,04,16,2,0,0,0,1,0,0,0,0
"POINT (9.156867101000046 48.792716338000048)",Unfall 74322 (2021) Kat:2, Licht: 0,74322,2,3,5,04,08,4,0,0,0,1,0,0,0,1
"POINT (9.156903663000037 48.707562681000070)",Unfall 74356 (2021) Kat:3, Licht: 0,74356,3,6,2,04,08,4,0,0,0,0,0,0,1,0
"POINT (9.202562492000027 48.711373241000047)",Unfall 74408 (2021) Kat:3, Licht: 0,74408,3,7,2,04,07,3,0,0,0,1,0,0,0,0
"POINT (9.209948762000067 48.798568811000052)",Unfall 74421 (2021) Kat:3, Licht: 2,74421,3,7,2,04,17,5,1,2,0,1,0,0,1,0
"POINT (9.184948070000075 48.778603643000054)",Unfall 74450 (2021) Kat:3, Licht: 0,74450,3,7,0,04,15,5,0,0,0,0,0,1,0,0
"POINT (9.222151897000060 48.789389827000036)",Unfall 74454 (2021) Kat:3, Licht: 0,74454,3,6,2,04,15,3,0,0,0,1,0,0,0,0
"POINT (9.211869821000050 48.806582658000082)",Unfall 74471 (2021) Kat:3, Licht: 2,74471,3,3,5,04,21,2,1,2,0,1,0,0,0,0
"POINT (9.250884979000034 48.778572464000035)",Unfall 74482 (2021) Kat:3, Licht: 0,74482,3,6,2,04,10,7,0,0,0,1,0,0,0,0
"POINT (9.097388838000029 48.818709049000063)",Unfall 74493 (2021) Kat:3, Licht: 0,74493,3,1,9,04,16,2,1,0,0,1,0,0,0,0
"POINT (9.175636547000067 48.778503466000075)",Unfall 74494 (2021) Kat:3, Licht: 0,74494,3,2,5,03,15,3,0,0,1,1,0,0,0,0
"POINT (9.178146767000044 48.814809097000079)",Unfall 74529 (2021) Kat:3, Licht: 0,74529,3,3,0,05,14,4,0,0,1,1,0,0,0,0
"POINT (9.249381295000035 48.780490990000033)",Unfall 74530 (2021) Kat:3, Licht: 0,74530,3,3,5,03,16,1,0,0,0,1,0,0,0,1
"POINT (9.204949475000035 48.808189888000072)",Unfall 74536 (2021) Kat:3, Licht: 0,74536,3,2,5,04,18,5,0,0,0,1,0,1,0,0
"POINT (9.212507157000061 48.800224647000050)",Unfall 74589 (2021) Kat:3, Licht: 0,74589,3,6,3,03,10,6,0,0,0,1,0,0,0,1
"POINT (9.194709767000063 48.753689486000042)",Unfall 74593 (2021) Kat:2, Licht: 0,74593,2,3,5,04,13,1,0,0,1,1,0,0,0,0
"POINT (9.151830306000022 48.725919238000074)",Unfall 74636 (2021) Kat:3, Licht: 0,74636,3,6,2,03,13,2,0,0,0,1,0,0,0,0
"POINT (9.188419427000042 48.780763265000076)",Unfall 74646 (2021) Kat:3, Licht: 0,74646,3,6,2,04,07,4,0,0,0,1,0,0,0,0
"POINT (9.183571100000052 48.777131035000082)",Unfall 74649 (2021) Kat:3, Licht: 0,74649,3,6,3,05,12,2,0,0,0,1,0,0,0,1
"POINT (9.174270938000063 48.754874688000029)",Unfall 74668 (2021) Kat:3, Licht: 0,74668,3,6,3,03,10,7,0,0,0,1,0,1,0,0
"POINT (9.133216250000032 48.776820277000070)",Unfall 74770 (2021) Kat:3, Licht: 0,74770,3,6,2,04,15,6,0,0,0,1,0,0,0,0
"POINT (9.211353404000022 48.797448362000068)",Unfall 74776 (2021) Kat:3, Licht: 0,74776,3,6,2,03,17,4,0,0,0,1,0,1,0,0
"POINT (9.097604698000055 48.818614900000057)",Unfall 74779 (2021) Kat:3, Licht: 1,74779,3,2,5,04,05,3,1,1,0,1,0,0,0,1
"POINT (9.101997590000053 48.804215675000080)",Unfall 74798 (2021) Kat:3, Licht: 2,74798,3,1,0,04,23,7,0,2,0,0,0,1,0,0
"POINT (9.133973652000066 48.764134925000064)",Unfall 74801 (2021) Kat:2, Licht: 0,74801,2,6,2,05,18,2,0,0,0,1,0,0,0,0
"POINT (9.118126821000033 48.758446433000074)",Unfall 74819 (2021) Kat:3, Licht: 0,74819,3,1,9,05,09,1,1,0,0,1,0,0,0,0
"POINT (9.263140666000027 48.762865451000039)",Unfall 74828 (2021) Kat:3, Licht: 0,74828,3,3,5,04,15,2,0,0,0,1,0,0,0,0
"POINT (9.143707432000042 48.834626102000072)",Unfall 74846 (2021) Kat:3, Licht: 2,74846,3,3,5,04,06,2,1,2,1,1,0,0,0,0
"POINT (9.219609744000024 48.803781673000060)",Unfall 74849 (2021) Kat:3, Licht: 0,74849,3,6,2,05,10,6,0,0,0,1,0,0,0,0
"POINT (9.193769960000054 48.696892859000059)",Unfall 74860 (2021) Kat:2, Licht: 0,74860,2,6,2,04,14,7,0,0,0,1,0,1,0,0
"POINT (9.181340380000051 48.776966912000034)",Unfall 74908 (2021) Kat:3, Licht: 2,74908,3,6,3,03,01,1,0,2,0,1,0,0,0,0
"POINT (9.175127836000058 48.820006338000042)",Unfall 74931 (2021) Kat:3, Licht: 2,74931,3,3,5,04,20,2,1,2,0,1,0,0,0,0
"POINT (9.118267729000024 48.758473139000046)",Unfall 74933 (2021) Kat:3, Licht: 0,74933,3,1,9,05,06,5,1,0,0,1,0,0,0,0
"POINT (9.167301687000077 48.773050605000037)",Unfall 75003 (2021) Kat:3, Licht: 0,75003,3,3,5,03,10,6,1,0,0,1,0,0,0,0
"POINT (9.270209420000072 48.756846781000036)",Unfall 75022 (2021) Kat:3, Licht: 2,75022,3,7,9,03,21,4,0,2,0,1,0,0,0,0
"POINT (9.223901667000064 48.736321014000055)",Unfall 75045 (2021) Kat:3, Licht: 0,75045,3,1,0,04,14,4,0,0,0,0,0,0,0,1
"POINT (9.133395888000052 48.775474758000030)",Unfall 75102 (2021) Kat:3, Licht: 0,75102,3,5,1,04,12,7,0,0,0,1,0,0,0,0
"POINT (9.178784850000056 48.783980133000057)",Unfall 75113 (2021) Kat:3, Licht: 2,75113,3,6,2,03,01,1,0,2,0,1,0,0,0,0
"POINT (9.150295415000073 48.728426308000053)",Unfall 75181 (2021) Kat:3, Licht: 0,75181,3,1,4,04,07,3,0,0,0,1,0,1,0,1
"POINT (9.232969412000045 48.841986207000048)",Unfall 75183 (2021) Kat:3, Licht: 0,75183,3,1,9,03,19,3,0,0,0,1,0,0,0,0
"POINT (9.183108034000043 48.767496363000078)",Unfall 75235 (2021) Kat:3, Licht: 0,75235,3,3,5,03,15,4,0,0,0,1,0,0,0,0
"POINT (9.156208408000055 48.848033575000045)",Unfall 75240 (2021) Kat:3, Licht: 0,75240,3,3,5,03,17,2,0,0,0,1,0,0,0,0
"POINT (9.209349674000066 48.727757513000029)",Unfall 75243 (2021) Kat:3, Licht: 0,75243,3,6,2,04,14,4,0,0,0,1,0,1,0,0
"POINT (9.174356363000072 48.750381848000075)",Unfall 75266 (2021) Kat:3, Licht: 0,75266,3,2,5,03,09,3,0,0,0,1,0,1,0,0
"POINT (9.114516270000024 48.731866961000037)",Unfall 75323 (2021) Kat:3, Licht: 0,75323,3,2,5,04,18,7,0,0,1,1,0,0,0,0
"POINT (9.217672013000026 48.814551787000028)",Unfall 75351 (2021) Kat:3, Licht: 0,75351,3,3,5,03,17,6,1,0,0,1,0,0,0,0
"POINT (9.201831021000032 48.795071253000060)",Unfall 75372 (2021) Kat:3, Licht: 0,75372,3,6,2,05,15,2,0,0,0,1,0,0,0,0
"POINT (9.146701947000054 48.754635892000067)",Unfall 75474 (2021) Kat:3, Licht: 0,75474,3,6,2,04,10,7,0,0,0,1,0,0,0,0
"POINT (9.141608997000048 48.840054885000029)",Unfall 75541 (2021) Kat:3, Licht: 0,75541,3,6,2,05,19,1,0,0,0,1,0,0,0,0
"POINT (9.194260947000032 48.807054513000026)",Unfall 75555 (2021) Kat:3, Licht: 0,75555,3,2,5,03,17,5,0,0,1,1,0,0,0,0
"POINT (9.221333501000061 48.804159129000027)",Unfall 75557 (2021) Kat:3, Licht: 0,75557,3,7,7,04,13,6,0,0,0,0,0,0,0,1
"POINT (9.225577217000023 48.839758168000060)",Unfall 75569 (2021) Kat:3, Licht: 2,75569,3,6,2,04,19,2,0,2,0,1,0,0,0,0
"POINT (9.219509286000061 48.803649118000067)",Unfall 75613 (2021) Kat:3, Licht: 0,75613,3,2,5,03,17,3,0,0,0,1,0,0,0,1
"POINT (9.256436919000066 48.775436439000032)",Unfall 75666 (2021) Kat:3, Licht: 0,75666,3,1,1,05,17,3,1,0,0,1,0,0,1,0
"POINT (9.106501501000025 48.718870884000069)",Unfall 75731 (2021) Kat:3, Licht: 0,75731,3,5,1,04,10,4,0,0,0,1,0,0,0,1
"POINT (9.221725744000025 48.789054930000077)",Unfall 75754 (2021) Kat:3, Licht: 0,75754,3,6,2,04,17,2,0,0,0,1,0,0,0,0
"POINT (9.180275984000048 48.785912830000029)",Unfall 75757 (2021) Kat:3, Licht: 0,75757,3,7,6,04,12,3,0,0,0,0,1,0,0,1
"POINT (9.087236945000029 48.802791341000045)",Unfall 75788 (2021) Kat:3, Licht: 0,75788,3,4,6,04,07,2,1,0,0,1,1,0,0,0
"POINT (9.080450216000031 48.719397861000061)",Unfall 75811 (2021) Kat:3, Licht: 0,75811,3,1,0,04,07,4,0,0,0,0,0,1,0,0
"POINT (9.098728477000066 48.800998154000069)",Unfall 75823 (2021) Kat:3, Licht: 0,75823,3,7,0,04,15,7,0,0,1,0,0,0,0,0
"POINT (9.220323932000042 48.699093635000054)",Unfall 75895 (2021) Kat:3, Licht: 0,75895,3,2,2,03,12,2,0,0,0,1,0,0,0,1
"POINT (9.211700587000053 48.804600201000028)",Unfall 75904 (2021) Kat:3, Licht: 0,75904,3,2,5,03,16,5,0,0,1,1,0,0,0,0
"POINT (9.218917487000056 48.831816224000079)",Unfall 75926 (2021) Kat:3, Licht: 2,75926,3,1,0,04,04,1,0,2,0,0,0,1,0,0
"POINT (9.246997775000068 48.774784137000040)",Unfall 75950 (2021) Kat:3, Licht: 0,75950,3,6,3,03,07,5,0,0,0,1,0,0,1,0
"POINT (9.214670765000051 48.785188459000040)",Unfall 75957 (2021) Kat:3, Licht: 0,75957,3,6,4,04,18,3,0,0,0,1,0,0,0,0
"POINT (9.216602440000031 48.803531066000062)",Unfall 75981 (2021) Kat:3, Licht: 0,75981,3,3,5,04,07,6,0,0,0,1,0,1,0,0
"POINT (9.183655849000047 48.766498455000033)",Unfall 75996 (2021) Kat:3, Licht: 0,75996,3,6,2,04,19,3,0,0,0,1,0,0,0,0
"POINT (9.131506029000036 48.812488438000059)",Unfall 76024 (2021) Kat:3, Licht: 0,76024,3,6,2,04,10,7,0,0,0,1,0,0,0,0
"POINT (9.171612669000069 48.775251083000057)",Unfall 76062 (2021) Kat:3, Licht: 2,76062,3,1,0,06,01,7,0,2,0,0,0,0,0,1
"POINT (9.200177804000020 48.761947634000080)",Unfall 76093 (2021) Kat:3, Licht: 0,76093,3,6,2,05,11,1,0,0,0,1,0,0,0,0
"POINT (9.180138479000050 48.843721689000063)",Unfall 76159 (2021) Kat:3, Licht: 0,76159,3,7,5,05,11,6,0,0,0,0,0,0,1,1
"POINT (9.191443682000056 48.788665605000062)",Unfall 76170 (2021) Kat:3, Licht: 2,76170,3,1,0,06,01,4,0,2,1,0,0,0,0,0
"POINT (9.191672808000021 48.788697806000073)",Unfall 76207 (2021) Kat:3, Licht: 2,76207,3,7,1,05,00,1,0,2,0,1,0,0,0,0
"POINT (9.261790779000023 48.753697263000049)",Unfall 76220 (2021) Kat:2, Licht: 0,76220,2,6,3,06,12,2,0,0,0,1,0,0,0,0
"POINT (9.147947975000022 48.708942534000073)",Unfall 76301 (2021) Kat:3, Licht: 0,76301,3,6,2,05,17,5,0,0,0,1,0,0,0,0
"POINT (9.185333369000034 48.774360431000048)",Unfall 76304 (2021) Kat:3, Licht: 0,76304,3,2,5,06,10,5,0,0,0,1,0,0,0,0
"POINT (9.171747473000039 48.775170288000027)",Unfall 76311 (2021) Kat:3, Licht: 2,76311,3,4,6,06,01,7,0,2,0,0,1,0,0,1
"POINT (9.168909736000046 48.827757092000070)",Unfall 76379 (2021) Kat:3, Licht: 0,76379,3,6,2,05,09,2,0,0,0,1,0,1,0,0
"POINT (9.239240581000047 48.696618681000075)",Unfall 76452 (2021) Kat:2, Licht: 0,76452,2,6,2,06,07,4,0,0,0,0,0,0,1,1
"POINT (9.169654845000025 48.773783848000051)",Unfall 76458 (2021) Kat:3, Licht: 0,76458,3,7,0,05,13,3,0,0,0,0,0,0,0,1
"POINT (9.181394684000054 48.765811612000050)",Unfall 76459 (2021) Kat:2, Licht: 2,76459,2,7,0,05,22,1,1,2,0,0,0,1,0,0
"POINT (9.215125477000072 48.802174698000044)",Unfall 76468 (2021) Kat:3, Licht: 0,76468,3,6,6,06,09,6,0,0,1,0,1,0,0,0
"POINT (9.192197737000072 48.807215257000053)",Unfall 76481 (2021) Kat:3, Licht: 0,76481,3,3,5,06,07,2,0,0,1,1,0,0,0,0
"POINT (9.218321840000044 48.692724653000028)",Unfall 76483 (2021) Kat:3, Licht: 0,76483,3,6,2,06,08,4,0,0,0,1,0,0,0,1
"POINT (9.149911133000046 48.727011069000071)",Unfall 76515 (2021) Kat:3, Licht: 0,76515,3,2,5,05,13,1,0,0,1,0,0,0,0,1
"POINT (9.219413236000037 48.803632541000070)",Unfall 76525 (2021) Kat:3, Licht: 0,76525,3,2,5,05,10,3,1,0,0,1,0,0,0,1
"POINT (9.111397749000048 48.755574387000081)",Unfall 76557 (2021) Kat:3, Licht: 0,76557,3,3,5,06,11,1,0,0,0,1,0,1,0,0