WKT,Name,OBJECTID,UKATEGORIE,UTYP1,UART,UMONAT,USTUNDE,UWOCHENTAG,STRZUSTAND,ULICHTVERH,ISTRAD,ISTPKW,ISTFUSS,ISTKRAD,ISTGKFZ,ISTSONSTIG
"POINT (9.156432740000071 48.832877369000073)",Unfall 76572 (2021) Kat:3, Licht: 0,76572,3,2,5,05,14,6,0,0,0,1,0,0,0,0
"POINT (9.203941906000068 48.795980914000040)",Unfall 76635 (2021) Kat:3, Licht: 0,76635,3,6,2,06,19,4,1,0,0,1,0,0,0,0
"POINT (9.167028672000072 48.818355467000060)",Unfall 76643 (2021) Kat:3, Licht: 0,76643,3,7,0,05,18,4,0,0,1,0,0,0,0,0
"POINT (9.242315021000024 48.793158775000052)",Unfall 76655 (2021) Kat:3, Licht: 0,76655,3,3,5,06,18,3,0,0,1,1,0,0,0,0
"POINT (9.184629517000076 48.805740921000051)",Unfall 76662 (2021) Kat:3, Licht: 0,76662,3,6,2,05,12,5,0,0,0,1,0,0,0,0
"POINT (9.178886617000046 48.784297168000080)",Unfall 76689 (2021) Kat:2, Licht: 0,76689,2,3,5,06,09,6,0,0,0,1,0,1,0,0
"POINT (9.102078138000024 48.804290548000040)",Unfall 76696 (2021) Kat:3, Licht: 0,76696,3,3,5,06,07,6,0,0,1,1,0,0,0,0
"POINT (9.263138647000062 48.762864711000077)",Unfall 76803 (2021) Kat:3, Licht: 0,76803,3,3,5,06,13,3,0,0,0,1,0,0,0,0
"POINT (9.106473641000036 48.820340703000056)",Unfall 76809 (2021) Kat:3, Licht: 0,76809,3,3,5,06,16,6,0,0,1,1,0,0,0,0
"POINT (9.180133858000033 48.812897182000029)",Unfall 76852 (2021) Kat:3, Licht: 0,76852,3,3,5,06,17,7,0,0,1,1,0,0,0,0
"POINT (9.233049392000055 48.757420206000063)",Unfall 76870 (2021) Kat:3, Licht: 0,76870,3,7,0,06,20,1,0,0,1,0,0,0,0,0
"POINT (9.108650286000056 48.729859653000062)",Unfall 76871 (2021) Kat:3, Licht: 0,76871,3,4,6,06,08,3,0,0,0,1,1,0,0,0
"POINT (9.219445060000055 48.803749497000069)",Unfall 76884 (2021) Kat:3, Licht: 1,76884,3,7,0,06,20,5,0,1,0,1,0,0,0,1
"POINT (9.202899985000045 48.793517722000047)",Unfall 76886 (2021) Kat:3, Licht: 0,76886,3,7,0,06,08,2,0,0,1,0,0,0,0,0
"POINT (9.182134603000065 48.810568069000055)",Unfall 76891 (2021) Kat:3, Licht: 0,76891,3,2,5,06,13,5,0,0,0,1,0,1,0,0
"POINT (9.179346353000028 48.772845587000063)",Unfall 76894 (2021) Kat:3, Licht: 0,76894,3,6,2,06,09,4,0,0,0,1,0,0,0,0
"POINT (9.134738041000048 48.787388868000050)",Unfall 76905 (2021) Kat:3, Licht: 0,76905,3,2,2,06,16,2,0,0,0,0,0,1,0,1
"POINT (9.113126008000052 48.729813818000025)",Unfall 76932 (2021) Kat:3, Licht: 0,76932,3,7,4,05,12,3,1,0,0,1,0,1,0,0
"POINT (9.256636126000046 48.760459691000051)",Unfall 76934 (2021) Kat:3, Licht: 1,76934,3,2,5,06,20,5,1,1,1,1,0,0,0,0
"POINT (9.249290066000071 48.790976649000072)",Unfall 76953 (2021) Kat:3, Licht: 0,76953,3,2,5,06,18,5,0,0,0,1,0,0,0,0
"POINT (9.160669114000029 48.755826105000040)",Unfall 77015 (2021) Kat:3, Licht: 0,77015,3,6,2,05,17,3,0,0,0,1,0,0,0,0
"POINT (9.142216493000035 48.755363053000053)",Unfall 77075 (2021) Kat:3, Licht: 0,77075,3,3,5,05,14,4,0,0,0,1,0,0,0,0
"POINT (9.256621118000055 48.760451629000045)",Unfall 77086 (2021) Kat:3, Licht: 0,77086,3,2,5,06,20,4,0,0,1,1,0,0,0,0
"POINT (9.230530279000050 48.841173627000046)",Unfall 77138 (2021) Kat:3, Licht: 0,77138,3,6,3,06,18,3,1,0,0,1,0,0,0,0
"POINT (9.256483412000023 48.760486260000050)",Unfall 77145 (2021) Kat:3, Licht: 0,77145,3,6,2,05,14,5,0,0,0,1,0,0,0,0
"POINT (9.183196053000074 48.775642263000066)",Unfall 77150 (2021) Kat:3, Licht: 0,77150,3,6,2,05,13,3,0,0,0,1,0,0,0,0
"POINT (9.152591249000068 48.834719521000068)",Unfall 77167 (2021) Kat:3, Licht: 0,77167,3,7,2,05,19,2,0,0,0,1,0,0,0,1
"POINT (9.181290408000052 48.792441523000036)",Unfall 77209 (2021) Kat:3, Licht: 0,77209,3,6,2,05,18,3,1,0,0,1,0,0,1,0
"POINT (9.212446361000048 48.744871309000075)",Unfall 77261 (2021) Kat:3, Licht: 0,77261,3,6,2,05,15,6,0,0,0,1,0,0,0,0
"POINT (9.144854579000025 48.754584578000049)",Unfall 77299 (2021) Kat:3, Licht: 0,77299,3,6,2,06,12,7,0,0,0,1,0,0,0,0
"POINT (9.203562789000046 48.795792813000048)",Unfall 77340 (2021) Kat:3, Licht: 0,77340,3,7,0,06,19,1,0,0,0,0,0,0,0,1
"POINT (9.210162102000027 48.799413916000049)",Unfall 77381 (2021) Kat:3, Licht: 0,77381,3,6,2,05,12,2,0,0,0,1,0,0,0,1
"POINT (9.263917762000062 48.750905874000068)",Unfall 77396 (2021) Kat:3, Licht: 0,77396,3,3,5,06,13,2,0,0,0,1,0,0,0,0
"POINT (9.178653672000053 48.784110627000075)",Unfall 77400 (2021) Kat:3, Licht: 0,77400,3,3,5,06,16,6,0,0,0,1,0,0,0,0
"POINT (9.111818077000066 48.823565732000077)",Unfall 77428 (2021) Kat:2, Licht: 0,77428,2,1,0,06,06,3,0,0,0,0,0,1,0,0
"POINT (9.215715900000021 48.794654399000081)",Unfall 77430 (2021) Kat:3, Licht: 0,77430,3,6,2,06,07,3,0,0,0,1,0,0,0,1
"POINT (9.143587010000033 48.810350982000045)",Unfall 77461 (2021) Kat:2, Licht: 2,77461,2,1,9,05,03,1,1,2,0,1,0,0,0,0
"POINT (9.133216250000032 48.776820277000070)",Unfall 77470 (2021) Kat:3, Licht: 0,77470,3,2,2,06,12,6,0,0,0,1,0,0,0,1
"POINT (9.212280840000062 48.800586782000039)",Unfall 77483 (2021) Kat:3, Licht: 0,77483,3,6,2,05,17,6,0,0,0,1,0,0,0,0
"POINT (9.147466347000034 48.708818927000038)",Unfall 77518 (2021) Kat:3, Licht: 0,77518,3,6,2,06,17,4,0,0,0,1,0,0,1,0
"POINT (9.217222568000068 48.803496461000066)",Unfall 77542 (2021) Kat:3, Licht: 0,77542,3,3,5,06,11,3,0,0,0,1,0,0,0,1
"POINT (9.085052752000024 48.787898490000032)",Unfall 77550 (2021) Kat:3, Licht: 0,77550,3,3,5,05,16,2,0,0,1,0,0,1,0,0
"POINT (9.196841848000076 48.766617888000042)",Unfall 77566 (2021) Kat:3, Licht: 2,77566,3,1,0,06,21,3,0,2,1,0,0,0,0,0
"POINT (9.180102996000073 48.785089671000037)",Unfall 77585 (2021) Kat:3, Licht: 0,77585,3,7,6,06,19,7,0,0,0,0,1,0,0,1
"POINT (9.168587429000070 48.811891015000072)",Unfall 77596 (2021) Kat:3, Licht: 0,77596,3,2,5,06,16,2,0,0,1,1,0,0,0,0
"POINT (9.186015800000064 48.780521510000028)",Unfall 77616 (2021) Kat:3, Licht: 0,77616,3,6,3,06,12,5,0,0,0,1,0,0,0,0
"POINT (9.218256769000050 48.741444953000041)",Unfall 77635 (2021) Kat:3, Licht: 0,77635,3,7,0,05,11,2,0,0,0,0,0,1,0,0
"POINT (9.136969705000070 48.841935022000030)",Unfall 77657 (2021) Kat:3, Licht: 0,77657,3,6,3,06,14,3,1,0,0,1,0,0,0,1
"POINT (9.251795553000022 48.778121876000057)",Unfall 77717 (2021) Kat:1, Licht: 0,77717,1,3,5,05,13,1,0,0,1,1,0,0,0,0
"POINT (9.189306234000071 48.784923645000049)",Unfall 77727 (2021) Kat:3, Licht: 0,77727,3,6,2,05,17,3,0,0,0,1,0,0,0,0
"POINT (9.189340967000021 48.807651395000050)",Unfall 77799 (2021) Kat:3, Licht: 0,77799,3,2,3,06,12,7,0,0,0,1,0,0,0,0
"POINT (9.214767224000070 48.785232994000069)",Unfall 77815 (2021) Kat:3, Licht: 0,77815,3,3,5,06,08,2,0,0,1,1,0,0,0,0
"POINT (9.171679953000023 48.750887449000061)",Unfall 77832 (2021) Kat:3, Licht: 0,77832,3,6,2,05,18,5,0,0,1,1,0,0,0,0
"POINT (9.134353086000033 48.769332583000050)",Unfall 78000 (2021) Kat:3, Licht: 0,78000,3,4,6,06,16,4,0,0,0,0,1,1,0,0
"POINT (9.242358066000065 48.790364136000051)",Unfall 78016 (2021) Kat:3, Licht: 0,78016,3,6,2,06,16,2,0,0,0,1,0,0,1,0
"POINT (9.234899127000062 48.799167262000026)",Unfall 78057 (2021) Kat:3, Licht: 0,78057,3,2,5,05,08,1,0,0,0,1,0,0,0,0
"POINT (9.241760156000055 48.831056655000054)",Unfall 78064 (2021) Kat:3, Licht: 1,78064,3,7,0,06,21,1,0,1,0,1,0,0,0,0
"POINT (9.175779995000028 48.818348338000078)",Unfall 78073 (2021) Kat:3, Licht: 0,78073,3,6,2,05,16,4,0,0,0,1,0,0,0,0
"POINT (9.159368699000026 48.755531461000032)",Unfall 78077 (2021) Kat:2, Licht: 0,78077,2,7,2,06,16,5,0,0,0,1,0,0,0,0
"POINT (9.115792807000048 48.756704781000053)",Unfall 78083 (2021) Kat:3, Licht: 0,78083,3,6,2,06,15,3,1,0,0,1,0,0,0,0
"POINT (9.233362988000067 48.806011164000040)",Unfall 78100 (2021) Kat:3, Licht: 0,78100,3,2,5,06,16,6,0,0,0,1,0,1,0,0
"POINT (9.106929067000067 48.724682639000036)",Unfall 78102 (2021) Kat:3, Licht: 0,78102,3,5,1,05,19,2,0,0,1,1,0,0,0,0
"POINT (9.216108101000032 48.802731539000035)",Unfall 78187 (2021) Kat:3, Licht: 0,78187,3,4,6,05,16,5,0,0,0,1,1,0,0,0
"POINT (9.146325215000047 48.783716121000054)",Unfall 78193 (2021) Kat:2, Licht: 0,78193,2,6,2,06,11,5,0,0,0,1,0,0,0,0
"POINT (9.212147421000054 48.800043413000026)",Unfall 78198 (2021) Kat:3, Licht: 0,78198,3,7,0,05,15,1,0,0,1,0,0,0,0,0
"POINT (9.164622394000048 48.829379742000071)",Unfall 78200 (2021) Kat:3, Licht: 0,78200,3,3,5,06,18,5,0,0,1,1,0,0,0,0
"POINT (9.155768650000027 48.808908315000053)",Unfall 78219 (2021) Kat:3, Licht: 0,78219,3,5,1,06,16,3,0,0,0,1,0,1,0,0
"POINT (9.229158849000044 48.807025198000076)",Unfall 78237 (2021) Kat:3, Licht: 2,78237,3,3,5,05,21,6,0,2,0,1,0,0,0,0
"POINT (9.179230671000028 48.757416168000077)",Unfall 78246 (2021) Kat:3, Licht: 1,78246,3,1,3,06,20,2,1,1,0,1,0,1,0,0
"POINT (9.243177751000076 48.792035923000071)",Unfall 78258 (2021) Kat:3, Licht: 0,78258,3,3,5,06,16,3,0,0,0,1,0,0,0,0
"POINT (9.165257806000056 48.744390598000052)",Unfall 78356 (2021) Kat:2, Licht: 0,78356,2,2,5,06,19,1,0,0,0,1,0,0,0,1
"POINT (9.202380577000042 48.776689066000074)",Unfall 78424 (2021) Kat:3, Licht: 1,78424,3,3,5,06,20,2,0,1,1,1,0,0,0,0
"POINT (9.134284908000041 48.728325301000041)",Unfall 78459 (2021) Kat:3, Licht: 0,78459,3,6,0,05,17,4,0,0,1,1,0,0,0,0
"POINT (9.201028038000061 48.780199596000045)",Unfall 78480 (2021) Kat:3, Licht: 0,78480,3,6,2,05,20,5,0,0,0,1,0,0,1,0
"POINT (9.201631397000028 48.794986489000053)",Unfall 78511 (2021) Kat:3, Licht: 0,78511,3,7,0,05,15,6,0,0,0,0,0,1,0,0
"POINT (9.095431790000021 48.730658550000044)",Unfall 78568 (2021) Kat:3, Licht: 0,78568,3,3,5,07,11,5,0,0,0,1,0,0,0,0
"POINT (9.109751283000037 48.729457878000062)",Unfall 78622 (2021) Kat:3, Licht: 0,78622,3,7,0,07,14,6,0,0,1,0,0,0,0,0
"POINT (9.175348538000037 48.778464435000046)",Unfall 78626 (2021) Kat:3, Licht: 2,78626,3,3,5,07,21,7,0,2,0,1,0,0,0,1
"POINT (9.145781631000034 48.768827887000043)",Unfall 78629 (2021) Kat:3, Licht: 0,78629,3,3,5,07,13,2,0,0,0,1,0,0,0,1
"POINT (9.177446650000036 48.844906345000027)",Unfall 78642 (2021) Kat:3, Licht: 0,78642,3,6,2,07,17,3,0,0,0,0,0,1,1,0
"POINT (9.155138464000061 48.754923504000033)",Unfall 78661 (2021) Kat:3, Licht: 0,78661,3,6,2,07,17,6,0,0,0,1,0,0,0,0
"POINT (9.226211691000060 48.818947378000075)",Unfall 78665 (2021) Kat:2, Licht: 0,78665,2,2,5,07,09,2,0,0,0,1,1,0,0,0
"POINT (9.181851865000056 48.775146016000065)",Unfall 78676 (2021) Kat:3, Licht: 0,78676,3,6,4,07,09,4,0,0,1,0,0,0,0,0
"POINT (9.175966436000067 48.818350106000025)",Unfall 78709 (2021) Kat:3, Licht: 0,78709,3,6,2,07,15,5,0,0,0,1,0,0,1,0
"POINT (9.159582176000072 48.811796934000029)",Unfall 78710 (2021) Kat:3, Licht: 0,78710,3,7,6,07,19,7,0,0,0,0,1,0,0,1
"POINT (9.249079107000057 48.780504126000039)",Unfall 78715 (2021) Kat:3, Licht: 0,78715,3,3,5,07,12,1,0,0,0,1,0,0,0,0
"POINT (9.209917302000065 48.805581437000058)",Unfall 78756 (2021) Kat:3, Licht: 0,78756,3,6,2,07,10,4,0,0,0,1,0,0,1,0
"POINT (9.101880144000063 48.730154445000039)",Unfall 78766 (2021) Kat:3, Licht: 1,78766,3,1,0,07,04,7,0,1,0,0,0,0,0,1
"POINT (9.185328564000031 48.774595437000073)",Unfall 78811 (2021) Kat:1, Licht: 0,78811,1,4,6,07,18,7,0,0,0,1,1,0,0,0
"POINT (9.126059503000022 48.737777363000077)",Unfall 78853 (2021) Kat:3, Licht: 2,78853,3,7,9,07,01,5,0,2,1,0,0,0,0,0
"POINT (9.227033480000046 48.805337283000028)",Unfall 78880 (2021) Kat:3, Licht: 0,78880,3,6,2,07,13,4,0,0,0,1,0,0,0,0
"POINT (9.169467209000061 48.798800780000079)",Unfall 78969 (2021) Kat:3, Licht: 0,78969,3,6,2,06,13,4,0,0,0,1,0,0,0,0
"POINT (9.229747610000061 48.785241833000043)",Unfall 78972 (2021) Kat:2, Licht: 0,78972,2,1,8,07,18,2,0,0,0,0,0,1,0,0
"POINT (9.192515366000066 48.807190513000080)",Unfall 79048 (2021) Kat:3, Licht: 0,79048,3,6,3,07,14,3,0,0,0,1,0,0,1,0
"POINT (9.227153329000032 48.805369020000057)",Unfall 79079 (2021) Kat:3, Licht: 0,79079,3,6,2,07,11,2,0,0,0,1,0,0,0,0
"POINT (9.146433204000061 48.783784663000063)",Unfall 79133 (2021) Kat:3, Licht: 0,79133,3,7,0,07,14,6,0,0,1,0,0,0,0,1
"POINT (9.244609188000027 48.790250108000066)",Unfall 79186 (2021) Kat:3, Licht: 0,79186,3,3,5,07,09,4,0,0,1,1,0,0,0,0
"POINT (9.181868018000046 48.775158188000034)",Unfall 79196 (2021) Kat:3, Licht: 0,79196,3,3,5,07,16,3,1,0,1,1,0,0,0,0
"POINT (9.207018111000025 48.807354829000076)",Unfall 79213 (2021) Kat:3, Licht: 0,79213,3,6,2,07,15,2,0,0,0,1,0,0,0,0
"POINT (9.189929160000077 48.696831346000067)",Unfall 79273 (2021) Kat:2, Licht: 0,79273,2,7,1,07,09,2,0,0,0,1,0,0,0,1
"POINT (9.189124511000045 48.807762881000031)",Unfall 79306 (2021) Kat:3, Licht: 0,79306,3,2,6,07,16,3,1,0,0,1,1,0,0,0
"POINT (9.211202504000028 48.803275381000049)",Unfall 79337 (2021) Kat:3, Licht: 0,79337,3,6,2,07,08,5,0,0,0,0,0,1,1,0
"POINT (9.165205883000056 48.813386373000071)",Unfall 79413 (2021) Kat:3, Licht: 0,79413,3,6,2,07,07,5,0,0,0,1,0,0,1,0
"POINT (9.092491163000034 48.802736915000025)",Unfall 79426 (2021) Kat:3, Licht: 0,79426,3,1,2,06,12,4,1,0,0,1,0,1,0,0
"POINT (9.182861614000046 48.766454729000031)",Unfall 79461 (2021) Kat:3, Licht: 0,79461,3,6,2,07,16,7,0,0,0,1,0,0,0,0
"POINT (9.209862042000054 48.804979316000072)",Unfall 79466 (2021) Kat:3, Licht: 0,79466,3,7,0,07,13,1,0,0,0,0,0,1,0,0
"POINT (9.182851213000049 48.776094628000067)",Unfall 79615 (2021) Kat:3, Licht: 0,79615,3,7,3,07,14,6,0,0,0,1,0,0,0,0
"POINT (9.112122242000055 48.823645710000051)",Unfall 79636 (2021) Kat:3, Licht: 0,79636,3,2,5,07,18,6,0,0,0,1,0,0,0,0
"POINT (9.189896933000057 48.787457924000080)",Unfall 79657 (2021) Kat:3, Licht: 0,79657,3,7,1,07,16,5,0,0,1,1,0,0,0,0
"POINT (9.145930623000027 48.754563831000041)",Unfall 79661 (2021) Kat:3, Licht: 0,79661,3,6,2,07,06,5,0,0,0,1,0,0,0,0
"POINT (9.103991983000071 48.806029488000036)",Unfall 79717 (2021) Kat:2, Licht: 0,79717,2,3,5,07,17,2,0,0,0,1,0,0,0,1
"POINT (9.115655405000041 48.758856310000056)",Unfall 79746 (2021) Kat:3, Licht: 0,79746,3,1,2,06,20,4,1,0,0,1,0,1,0,0
"POINT (9.124755940000057 48.729625841000029)",Unfall 79750 (2021) Kat:3, Licht: 0,79750,3,2,5,07,13,4,0,0,1,1,0,0,0,0
"POINT (9.150832122000054 48.835507143000029)",Unfall 79789 (2021) Kat:3, Licht: 0,79789,3,7,6,07,08,5,0,0,1,0,1,0,0,0
"POINT (9.118085427000040 48.758438588000047)",Unfall 79808 (2021) Kat:3, Licht: 0,79808,3,1,9,08,13,4,0,0,0,1,0,0,0,0
"POINT (9.107056295000064 48.725006342000029)",Unfall 79842 (2021) Kat:3, Licht: 0,79842,3,6,2,08,14,1,1,0,0,1,0,0,0,0
"POINT (9.179907494000076 48.812889971000061)",Unfall 79886 (2021) Kat:3, Licht: 0,79886,3,6,2,07,17,3,0,0,0,1,0,0,0,0
"POINT (9.212728938000055 48.800194773000044)",Unfall 79899 (2021) Kat:3, Licht: 0,79899,3,6,2,08,17,6,0,0,0,1,0,0,0,0
"POINT (9.183142281000073 48.767561994000062)",Unfall 79933 (2021) Kat:3, Licht: 0,79933,3,2,2,08,11,5,0,0,0,1,0,0,0,0
"POINT (9.149879795000061 48.727214160000074)",Unfall 79956 (2021) Kat:3, Licht: 0,79956,3,7,0,08,06,3,1,0,0,0,0,1,0,0
"POINT (9.175225916000045 48.778528325000082)",Unfall 80001 (2021) Kat:3, Licht: 0,80001,3,2,5,08,17,3,0,0,1,0,0,1,0,0
"POINT (9.178050414000040 48.772253071000080)",Unfall 80037 (2021) Kat:3, Licht: 0,80037,3,6,2,08,18,2,0,0,0,1,0,0,0,0
"POINT (9.214802418000033 48.801914450000027)",Unfall 80044 (2021) Kat:3, Licht: 0,80044,3,6,2,08,14,7,1,0,0,1,0,0,0,0
"POINT (9.218638656000053 48.791656342000067)",Unfall 80054 (2021) Kat:3, Licht: 0,80054,3,6,4,08,09,7,0,0,1,0,0,0,0,0
"POINT (9.103484772000058 48.711406929000077)",Unfall 80092 (2021) Kat:3, Licht: 0,80092,3,6,2,08,18,3,0,0,0,1,0,0,0,0
"POINT (9.229295303000072 48.812484352000070)",Unfall 80129 (2021) Kat:3, Licht: 2,80129,3,2,5,07,22,7,1,2,0,1,0,0,0,0
"POINT (9.211446997000053 48.804827536000062)",Unfall 80150 (2021) Kat:3, Licht: 0,80150,3,3,5,07,14,7,0,0,1,1,0,0,0,0
"POINT (9.175022781000052 48.820151702000032)",Unfall 80189 (2021) Kat:3, Licht: 0,80189,3,6,2,07,08,4,1,0,0,1,0,0,0,0
"POINT (9.178531460000045 48.783809425000072)",Unfall 80257 (2021) Kat:3, Licht: 2,80257,3,1,0,07,04,5,0,2,1,0,0,0,0,0
"POINT (9.077984512000057 48.720935539000038)",Unfall 80267 (2021) Kat:3, Licht: 0,80267,3,6,2,08,15,7,1,0,0,1,0,0,0,0
"POINT (9.176514255000029 48.779333003000033)",Unfall 80297 (2021) Kat:2, Licht: 0,80297,2,4,6,08,17,6,0,0,0,1,1,0,0,0
"POINT (9.133755032000067 48.774768059000053)",Unfall 80326 (2021) Kat:3, Licht: 0,80326,3,6,2,08,16,1,1,0,0,1,0,0,0,0
"POINT (9.203694022000036 48.793973305000065)",Unfall 80331 (2021) Kat:3, Licht: 0,80331,3,2,2,08,07,5,0,0,0,1,0,0,1,0
"POINT (9.097562280000034 48.818635438000058)",Unfall 80348 (2021) Kat:3, Licht: 0,80348,3,2,5,07,07,6,0,0,1,1,0,0,0,0
"POINT (9.173199385000032 48.801213128000029)",Unfall 80370 (2021) Kat:3, Licht: 0,80370,3,6,3,07,11,3,0,0,0,1,0,0,0,0
"POINT (9.214910188000033 48.785299000000066)",Unfall 80413 (2021) Kat:3, Licht: 0,80413,3,3,5,08,17,7,0,0,1,1,0,0,0,0
"POINT (9.123585007000031 48.729819111000040)",Unfall 80473 (2021) Kat:3, Licht: 0,80473,3,6,3,08,17,2,0,0,0,1,0,1,0,0
"POINT (9.172768529000052 48.811171220000062)",Unfall 80486 (2021) Kat:3, Licht: 2,80486,3,6,0,08,22,3,1,2,0,1,0,0,0,1
"POINT (9.093802933000063 48.713650565000080)",Unfall 80494 (2021) Kat:3, Licht: 0,80494,3,6,2,08,10,6,0,0,0,1,0,0,0,0
"POINT (9.166427965000025 48.834881812000049)",Unfall 80497 (2021) Kat:3, Licht: 0,80497,3,6,2,08,09,2,0,0,0,1,0,0,0,1
"POINT (9.168840044000035 48.773520782000048)",Unfall 80558 (2021) Kat:3, Licht: 2,80558,3,7,0,08,01,5,0,2,0,0,0,0,0,1
"POINT (9.182642503000068 48.797132557000054)",Unfall 80585 (2021) Kat:3, Licht: 0,80585,3,6,4,07,13,6,0,0,1,0,0,0,0,1
"POINT (9.106469560000050 48.718031371000052)",Unfall 80632 (2021) Kat:3, Licht: 0,80632,3,3,5,08,12,2,0,0,0,1,0,1,0,0
"POINT (9.164012696000043 48.723130529000059)",Unfall 80647 (2021) Kat:3, Licht: 2,80647,3,1,2,07,23,7,0,2,0,1,0,0,0,0
"POINT (9.124920712000062 48.764329931000077)",Unfall 80732 (2021) Kat:3, Licht: 0,80732,3,6,2,07,18,2,1,0,0,1,0,0,0,0
"POINT (9.206045838000023 48.714049421000027)",Unfall 80735 (2021) Kat:2, Licht: 2,80735,2,1,8,08,04,7,0,2,0,1,0,0,0,0
"POINT (9.209713014000044 48.798900626000034)",Unfall 80745 (2021) Kat:3, Licht: 2,80745,3,7,0,08,01,7,0,2,1,0,0,0,0,0
"POINT (9.223216222000076 48.790223414000081)",Unfall 80750 (2021) Kat:3, Licht: 0,80750,3,6,2,08,13,2,1,0,0,1,0,0,0,1
"POINT (9.089864040000066 48.789836758000035)",Unfall 80783 (2021) Kat:3, Licht: 0,80783,3,6,4,08,18,2,0,0,0,1,0,0,0,0
"POINT (9.090216262000069 48.833581146000029)",Unfall 80860 (2021) Kat:3, Licht: 0,80860,3,6,2,08,16,3,0,0,0,1,0,0,1,0
"POINT (9.164381959000025 48.814604590000044)",Unfall 80868 (2021) Kat:3, Licht: 0,80868,3,2,2,08,17,4,0,0,0,1,0,0,0,0
"POINT (9.152025220000041 48.770213738000052)",Unfall 80877 (2021) Kat:2, Licht: 0,80877,2,1,0,08,12,2,1,0,1,0,0,0,0,0
"POINT (9.175601578000055 48.770532788000025)",Unfall 80878 (2021) Kat:3, Licht: 0,80878,3,6,0,08,09,6,1,0,0,0,0,1,0,1
"POINT (9.077732460000050 48.729025232000026)",Unfall 80898 (2021) Kat:2, Licht: 2,80898,2,6,8,08,20,4,0,2,0,1,0,0,0,0
"POINT (9.256627869000056 48.775288464000027)",Unfall 80948 (2021) Kat:2, Licht: 0,80948,2,3,5,08,07,4,0,0,0,1,0,0,0,0
"POINT (9.162327458000050 48.830369377000068)",Unfall 80960 (2021) Kat:2, Licht: 0,80960,2,2,5,08,07,6,1,0,0,0,0,0,1,1
"POINT (9.097720880000054 48.820463939000035)",Unfall 80964 (2021) Kat:3, Licht: 0,80964,3,6,2,08,07,2,0,0,0,1,0,1,0,0
"POINT (9.170512655000039 48.772774815000048)",Unfall 80969 (2021) Kat:3, Licht: 0,80969,3,7,0,08,12,7,0,0,0,0,0,1,0,0
"POINT (9.225729634000061 48.711199092000072)",Unfall 81006 (2021) Kat:3, Licht: 2,81006,3,7,9,08,00,2,0,2,0,1,0,0,0,0
"POINT (9.174067078000064 48.821229968000068)",Unfall 81012 (2021) Kat:3, Licht: 0,81012,3,2,2,08,17,2,0,0,0,1,0,0,0,0
"POINT (9.223139536000076 48.817083444000048)",Unfall 81015 (2021) Kat:3, Licht: 0,81015,3,1,0,08,17,5,0,0,1,0,0,0,0,0
"POINT (9.128987963000043 48.779239001000064)",Unfall 81018 (2021) Kat:3, Licht: 0,81018,3,6,2,08,12,2,0,0,0,1,0,0,0,0
"POINT (9.184586075000027 48.809136912000042)",Unfall 81029 (2021) Kat:3, Licht: 0,81029,3,2,5,08,18,5,0,0,0,1,0,0,0,0
"POINT (9.220938726000043 48.697196737000070)",Unfall 81057 (2021) Kat:2, Licht: 0,81057,2,7,2,08,15,6,0,0,0,1,0,0,0,1
"POINT (9.241490500000054 48.758054310000034)",Unfall 81141 (2021) Kat:3, Licht: 0,81141,3,4,6,08,12,2,0,0,0,1,1,0,0,0
"POINT (9.248835362000023 48.780529324000042)",Unfall 81169 (2021) Kat:3, Licht: 0,81169,3,7,0,08,15,1,0,0,0,0,0,1,0,0
"POINT (9.134712516000036 48.745267360000071)",Unfall 81193 (2021) Kat:3, Licht: 0,81193,3,2,5,07,08,6,0,0,0,0,0,1,1,0
"POINT (9.165423195000074 48.829038431000072)",Unfall 81202 (2021) Kat:2, Licht: 0,81202,2,3,5,08,11,7,0,0,0,1,0,0,0,1
"POINT (9.196691167000040 48.694292431000065)",Unfall 81245 (2021) Kat:3, Licht: 0,81245,3,6,2,07,17,4,0,0,0,1,0,0,0,1
"POINT (9.199802387000034 48.693460479000066)",Unfall 81248 (2021) Kat:3, Licht: 2,81248,3,6,2,08,23,3,0,2,0,1,0,0,0,0
"POINT (9.118284644000028 48.758475399000076)",Unfall 81332 (2021) Kat:3, Licht: 0,81332,3,7,8,08,06,3,1,0,0,1,0,0,0,0
"POINT (9.249794085000076 48.770673299000066)",Unfall 81363 (2021) Kat:3, Licht: 2,81363,3,6,2,08,05,5,0,2,0,1,0,0,0,0
"POINT (9.211297435000063 48.745630249000044)",Unfall 81366 (2021) Kat:2, Licht: 0,81366,2,3,5,07,10,2,0,0,0,1,0,1,0,0
"POINT (9.225905722000050 48.711511723000058)",Unfall 81406 (2021) Kat:3, Licht: 2,81406,3,6,8,08,21,7,0,2,0,1,0,0,0,1
"POINT (9.166609186000073 48.835235113000067)",Unfall 81474 (2021) Kat:3, Licht: 0,81474,3,6,3,08,11,2,0,0,0,1,0,0,0,0
"POINT (9.209039005000022 48.781716330000052)",Unfall 81491 (2021) Kat:3, Licht: 0,81491,3,6,2,08,11,7,1,0,0,1,0,0,0,0
"POINT (9.216976185000021 48.786278401000061)",Unfall 81516 (2021) Kat:3, Licht: 0,81516,3,2,5,08,18,3,0,0,1,1,0,0,0,0
"POINT (9.229849580000064 48.785432534000051)",Unfall 81517 (2021) Kat:3, Licht: 0,81517,3,7,0,07,14,1,1,0,0,0,0,1,0,0
"POINT (9.147224389000030 48.754666521000047)",Unfall 81520 (2021) Kat:3, Licht: 0,81520,3,6,2,08,12,6,0,0,0,1,0,0,0,1
"POINT (9.182992468000066 48.775899704000039)",Unfall 81537 (2021) Kat:3, Licht: 0,81537,3,6,2,08,09,3,0,0,0,1,0,0,0,1