WKT,Name,OBJECTID,UKATEGORIE,UTYP1,UART,UMONAT,USTUNDE,UWOCHENTAG,STRZUSTAND,ULICHTVERH,ISTRAD,ISTPKW,ISTFUSS,ISTKRAD,ISTGKFZ,ISTSONSTIG
"POINT (9.175362904000053 48.819884961000071)",Unfall 86183 (2021) Kat:3, Licht: 2,86183,3,6,2,12,22,4,1,2,0,1,0,0,0,0
"POINT (9.169701121000060 48.763834833000033)",Unfall 86310 (2021) Kat:3, Licht: 2,86310,3,3,5,12,00,3,0,2,0,1,0,0,0,0
"POINT (9.185110900000041 48.779084501000057)",Unfall 86314 (2021) Kat:3, Licht: 2,86314,3,3,5,11,17,2,0,2,1,1,0,0,0,0
"POINT (9.156305802000077 48.847910922000040)",Unfall 86329 (2021) Kat:3, Licht: 2,86329,3,7,0,12,02,7,1,2,0,0,0,0,0,1
"POINT (9.174139091000029 48.769772127000067)",Unfall 86348 (2021) Kat:3, Licht: 2,86348,3,7,0,12,00,7,0,2,0,0,0,1,0,0
"POINT (9.144966395000040 48.754594370000063)",Unfall 86358 (2021) Kat:3, Licht: 0,86358,3,6,2,12,12,1,1,0,0,1,0,0,0,0
"POINT (9.214303763000032 48.795909989000052)",Unfall 86370 (2021) Kat:3, Licht: 0,86370,3,6,3,11,08,5,0,0,0,1,0,0,1,0
"POINT (9.133190042000024 48.776838479000048)",Unfall 86372 (2021) Kat:3, Licht: 2,86372,3,4,6,11,17,5,0,2,0,0,1,1,0,0
"POINT (9.207192313000064 48.781102353000051)",Unfall 86395 (2021) Kat:3, Licht: 0,86395,3,6,2,11,12,7,0,0,0,1,0,0,0,0
"POINT (9.181408192000049 48.792307156000049)",Unfall 86408 (2021) Kat:3, Licht: 2,86408,3,2,5,11,21,6,0,2,0,1,0,0,0,1
"POINT (9.217151082000044 48.803222999000070)",Unfall 86431 (2021) Kat:3, Licht: 2,86431,3,4,6,12,07,2,0,2,0,1,1,0,0,0
"POINT (9.160598363000076 48.755810179000036)",Unfall 86446 (2021) Kat:3, Licht: 0,86446,3,6,2,12,12,6,0,0,0,1,0,0,0,0
"POINT (9.187950450000073 48.780932735000079)",Unfall 86462 (2021) Kat:3, Licht: 1,86462,3,6,2,11,23,5,0,1,0,1,0,0,0,0
"POINT (9.183820420000075 48.768130623000047)",Unfall 86476 (2021) Kat:3, Licht: 2,86476,3,6,2,11,22,3,1,2,0,1,0,0,0,0
"POINT (9.163631636000048 48.796693996000045)",Unfall 86531 (2021) Kat:3, Licht: 2,86531,3,2,5,12,19,5,0,2,1,1,0,0,0,0
"POINT (9.231471116000023 48.807790999000076)",Unfall 86534 (2021) Kat:3, Licht: 0,86534,3,4,6,11,09,3,1,0,0,1,1,0,0,0
"POINT (9.163932896000063 48.851183989000049)",Unfall 86536 (2021) Kat:3, Licht: 2,86536,3,2,5,11,18,5,0,2,0,1,0,0,0,0
"POINT (9.209028749000026 48.806229756000050)",Unfall 86575 (2021) Kat:3, Licht: 1,86575,3,6,2,11,16,5,0,1,0,1,0,0,0,0
"POINT (9.177112805000036 48.780881947000069)",Unfall 86609 (2021) Kat:3, Licht: 0,86609,3,7,0,12,09,3,0,0,0,0,0,1,0,0
"POINT (9.144619551000062 48.727789208000047)",Unfall 86620 (2021) Kat:3, Licht: 2,86620,3,2,5,12,06,4,1,2,0,1,0,0,0,0
"POINT (9.155535356000030 48.844943752000063)",Unfall 86641 (2021) Kat:3, Licht: 1,86641,3,2,6,12,07,4,1,1,0,1,1,0,0,0
"POINT (9.248835362000023 48.780529324000042)",Unfall 86642 (2021) Kat:3, Licht: 2,86642,3,3,5,11,22,1,0,2,0,1,0,0,0,0
"POINT (9.182107139000038 48.793797164000068)",Unfall 86677 (2021) Kat:3, Licht: 2,86677,3,6,2,12,19,7,0,2,0,1,0,0,0,0
"POINT (9.082129788000032 48.756154866000031)",Unfall 86717 (2021) Kat:3, Licht: 0,86717,3,6,2,12,16,2,0,0,0,1,0,0,0,0
"POINT (9.097281551000037 48.730676768000080)",Unfall 86744 (2021) Kat:3, Licht: 2,86744,3,4,6,11,18,3,1,2,0,1,1,0,0,0
"POINT (9.159648317000062 48.831494973000076)",Unfall 86746 (2021) Kat:3, Licht: 0,86746,3,2,2,11,14,6,0,0,0,1,0,0,0,0
"POINT (9.251325796000060 48.769139162000045)",Unfall 86757 (2021) Kat:3, Licht: 2,86757,3,6,2,12,23,4,0,2,0,1,0,0,0,1
"POINT (9.241398271000037 48.790174383000078)",Unfall 86760 (2021) Kat:3, Licht: 2,86760,3,6,2,11,17,2,0,2,0,1,0,0,0,0
"POINT (9.219465234000040 48.803752979000080)",Unfall 86777 (2021) Kat:3, Licht: 1,86777,3,2,0,11,16,1,0,1,0,1,0,0,0,1
"POINT (9.106286042000022 48.717842782000048)",Unfall 86790 (2021) Kat:3, Licht: 1,86790,3,4,6,11,07,6,1,1,0,1,1,0,0,0
"POINT (9.103402976000041 48.729972161000035)",Unfall 86834 (2021) Kat:3, Licht: 0,86834,3,2,5,12,14,2,0,0,0,1,0,0,0,0
"POINT (9.161838767000063 48.745822353000051)",Unfall 86888 (2021) Kat:3, Licht: 0,86888,3,5,2,11,13,2,1,0,0,1,0,1,0,0
"POINT (9.180031165000059 48.812983551000059)",Unfall 86906 (2021) Kat:3, Licht: 2,86906,3,3,5,11,21,2,0,2,1,1,0,0,0,0
"POINT (9.092866444000038 48.734592101000032)",Unfall 86917 (2021) Kat:3, Licht: 2,86917,3,1,9,11,21,6,0,2,0,1,0,0,0,0
"POINT (9.211752982000064 48.804552173000047)",Unfall 86940 (2021) Kat:3, Licht: 1,86940,3,2,5,12,06,2,1,1,0,1,0,0,0,1
"POINT (9.177313618000028 48.782300070000076)",Unfall 86952 (2021) Kat:3, Licht: 0,86952,3,6,2,12,14,6,0,0,0,1,0,0,0,0
"POINT (9.181063746000063 48.789345045000061)",Unfall 86977 (2021) Kat:3, Licht: 0,86977,3,6,2,11,15,4,0,0,0,1,0,0,0,0
"POINT (9.177277743000047 48.782005781000066)",Unfall 86988 (2021) Kat:3, Licht: 1,86988,3,6,2,12,17,3,0,1,0,1,0,0,0,0
"POINT (9.121635713000046 48.729978892000076)",Unfall 86996 (2021) Kat:3, Licht: 0,86996,3,5,1,11,13,5,0,0,1,1,0,0,0,0
"POINT (9.262174132000041 48.767888417000052)",Unfall 87026 (2021) Kat:3, Licht: 0,87026,3,3,5,12,14,4,0,0,1,1,0,0,0,0
"POINT (9.176049164000062 48.750629924000066)",Unfall 87033 (2021) Kat:3, Licht: 2,87033,3,7,0,11,23,7,0,2,1,0,0,0,0,0
"POINT (9.210929348000036 48.745872301000077)",Unfall 87036 (2021) Kat:3, Licht: 0,87036,3,5,1,11,13,4,0,0,1,1,0,0,0,0
"POINT (9.209627429000022 48.804816360000075)",Unfall 87039 (2021) Kat:3, Licht: 0,87039,3,6,3,11,11,6,0,0,0,1,0,0,1,0
"POINT (9.186927014000048 48.781244220000076)",Unfall 87048 (2021) Kat:3, Licht: 2,87048,3,4,6,12,22,3,0,2,0,1,1,0,0,0
"POINT (9.171078225000031 48.766691419000040)",Unfall 87062 (2021) Kat:3, Licht: 2,87062,3,7,8,11,05,7,0,2,0,1,0,0,0,0
"POINT (9.244007778000025 48.777192410000055)",Unfall 87113 (2021) Kat:3, Licht: 0,87113,3,6,3,12,08,4,0,0,0,1,0,0,1,0
"POINT (9.186757869000076 48.770412125000064)",Unfall 87136 (2021) Kat:3, Licht: 0,87136,3,2,5,12,17,5,0,0,0,1,0,0,0,1
"POINT (9.146706359000063 48.728144647000079)",Unfall 87146 (2021) Kat:3, Licht: 0,87146,3,2,6,11,11,3,0,0,0,1,1,0,0,0
"POINT (9.193993793000061 48.807075329000043)",Unfall 87174 (2021) Kat:3, Licht: 0,87174,3,3,5,11,15,5,0,0,1,1,0,0,0,0
"POINT (9.123444654000025 48.708478420000063)",Unfall 87197 (2021) Kat:3, Licht: 2,87197,3,7,7,12,05,2,1,2,0,1,0,0,0,1
"POINT (9.179855057000054 48.810708169000065)",Unfall 87203 (2021) Kat:3, Licht: 2,87203,3,6,4,11,16,5,0,2,1,0,0,0,0,0
"POINT (9.208759168000029 48.800353373000064)",Unfall 87247 (2021) Kat:3, Licht: 0,87247,3,6,2,12,12,6,0,0,0,1,0,0,0,0
"POINT (9.135386906000065 48.746432959000060)",Unfall 87257 (2021) Kat:3, Licht: 2,87257,3,6,2,12,00,7,1,2,1,1,0,0,0,0
"POINT (9.226733384000056 48.805141546000073)",Unfall 87272 (2021) Kat:3, Licht: 1,87272,3,2,5,12,16,5,0,1,1,1,0,0,0,0
"POINT (9.090334909000035 48.784070428000064)",Unfall 87279 (2021) Kat:3, Licht: 2,87279,3,2,5,12,20,4,1,2,0,1,0,0,0,0
"POINT (9.071055331000025 48.725703242000066)",Unfall 87305 (2021) Kat:2, Licht: 0,87305,2,1,9,12,09,4,1,0,0,1,0,0,0,0
"POINT (9.235920526000029 48.806741552000062)",Unfall 87318 (2021) Kat:3, Licht: 0,87318,3,4,6,12,08,5,0,0,0,0,1,0,0,1
"POINT (9.115914493000048 48.758426432000078)",Unfall 87339 (2021) Kat:3, Licht: 0,87339,3,1,8,12,12,4,1,0,0,1,0,0,0,0
"POINT (9.172735686000067 48.811181226000031)",Unfall 87431 (2021) Kat:3, Licht: 2,87431,3,1,8,12,00,2,1,2,0,1,0,0,0,0
"POINT (9.179999913000074 48.812794286000042)",Unfall 87463 (2021) Kat:3, Licht: 0,87463,3,3,5,12,09,4,1,0,1,1,0,0,0,0
"POINT (9.219465234000040 48.803752979000080)",Unfall 87593 (2021) Kat:2, Licht: 2,87593,2,2,5,12,21,5,1,2,0,1,0,0,0,1
"POINT (9.210812760000067 48.826082513000074)",Unfall 87629 (2021) Kat:3, Licht: 0,87629,3,1,4,12,14,6,1,0,0,1,0,0,0,0
"POINT (9.207363506000036 48.803057098000068)",Unfall 87794 (2021) Kat:3, Licht: 2,87794,3,6,2,12,18,2,1,2,0,1,0,0,1,0
"POINT (9.175888556000075 48.818498461000047)",Unfall 87798 (2021) Kat:3, Licht: 0,87798,3,6,2,12,15,4,0,0,0,1,0,0,0,0
"POINT (9.169203825000068 48.798720979000052)",Unfall 88086 (2021) Kat:3, Licht: 0,88086,3,3,5,12,17,5,0,0,0,1,0,0,0,1
"POINT (9.189804762000051 48.785733212000025)",Unfall 88125 (2021) Kat:3, Licht: 0,88125,3,6,2,12,11,5,1,0,0,1,0,0,0,0
"POINT (9.214260610000053 48.801466207000033)",Unfall 88430 (2021) Kat:3, Licht: 0,88430,3,3,5,12,12,2,0,0,1,1,0,0,0,0
"POINT (9.209629969000048 48.799344600000040)",Unfall 88450 (2021) Kat:3, Licht: 2,88450,3,6,2,12,18,5,1,2,0,1,0,0,0,0
"POINT (9.181610097000032 48.777005913000039)",Unfall 88511 (2021) Kat:3, Licht: 0,88511,3,4,6,12,09,6,1,0,0,1,1,1,0,0
"POINT (9.189601633000052 48.785363076000067)",Unfall 88630 (2021) Kat:3, Licht: 2,88630,3,6,2,12,19,2,1,2,0,1,0,0,0,0
"POINT (9.231383416000028 48.842964533000043)",Unfall 178531 (2021) Kat:3, Licht: 0,178531,3,4,6,01,12,3,1,0,0,1,1,0,0,0
"POINT (9.158304915000031 48.732485413000063)",Unfall 178543 (2021) Kat:3, Licht: 0,178543,3,7,8,01,14,2,1,0,0,1,0,0,0,0
"POINT (9.151612155000066 48.712855146000038)",Unfall 178548 (2021) Kat:3, Licht: 0,178548,3,4,6,02,08,5,1,0,0,1,1,0,0,0
"POINT (9.173679523000033 48.774069783000073)",Unfall 178554 (2021) Kat:3, Licht: 2,178554,3,7,6,02,20,3,0,2,0,0,1,0,0,1
"POINT (9.171844156000077 48.756198652000080)",Unfall 178567 (2021) Kat:3, Licht: 0,178567,3,1,1,01,07,2,2,0,0,1,0,0,1,0
"POINT (9.258836408000036 48.775503949000040)",Unfall 178583 (2021) Kat:3, Licht: 0,178583,3,7,1,01,15,1,1,0,0,1,0,0,0,0
"POINT (9.256000151000023 48.787214423000080)",Unfall 178618 (2021) Kat:3, Licht: 0,178618,3,3,6,01,11,4,1,0,0,1,1,0,0,0
"POINT (9.227420571000039 48.781350261000057)",Unfall 178621 (2021) Kat:3, Licht: 0,178621,3,6,3,02,12,6,0,0,0,1,0,0,1,0
"POINT (9.220456110000043 48.799959342000079)",Unfall 178631 (2021) Kat:3, Licht: 0,178631,3,7,6,01,11,6,1,0,0,0,1,0,0,1
"POINT (9.210087680000072 48.809680566000054)",Unfall 178640 (2021) Kat:3, Licht: 2,178640,3,5,1,01,19,2,1,2,0,1,0,0,1,0
"POINT (9.157200164000074 48.771793378000041)",Unfall 178651 (2021) Kat:3, Licht: 1,178651,3,2,5,01,07,2,0,1,1,1,0,0,0,0
"POINT (9.191523720000021 48.786301026000046)",Unfall 178664 (2021) Kat:3, Licht: 0,178664,3,4,6,01,11,2,1,0,1,0,1,0,0,0
"POINT (9.187260795000043 48.831095590000075)",Unfall 178679 (2021) Kat:3, Licht: 0,178679,3,3,5,01,13,6,0,0,0,1,0,0,0,0
"POINT (9.173184233000029 48.825645675000032)",Unfall 178721 (2021) Kat:3, Licht: 2,178721,3,2,5,01,07,7,1,2,0,1,0,0,0,0
"POINT (9.122124670000062 48.724132985000040)",Unfall 178722 (2021) Kat:3, Licht: 1,178722,3,3,5,01,16,2,0,1,0,1,0,0,0,0
"POINT (9.223447687000032 48.813277510000034)",Unfall 178736 (2021) Kat:3, Licht: 0,178736,3,3,5,02,13,1,1,0,1,1,0,0,0,0
"POINT (9.180444956000031 48.769204798000032)",Unfall 178760 (2021) Kat:3, Licht: 0,178760,3,4,6,02,14,6,0,0,0,1,1,0,0,0
"POINT (9.145609408000041 48.833962271000075)",Unfall 178771 (2021) Kat:2, Licht: 2,178771,2,4,6,02,06,3,0,2,0,1,1,0,0,0
"POINT (9.167381104000071 48.764432419000059)",Unfall 178814 (2021) Kat:2, Licht: 0,178814,2,4,6,01,14,2,0,0,0,1,1,0,0,0
"POINT (9.220814542000028 48.797675978000029)",Unfall 178830 (2021) Kat:3, Licht: 0,178830,3,2,6,01,08,4,0,0,0,1,1,0,0,0
"POINT (9.203369578000036 48.774617723000063)",Unfall 178852 (2021) Kat:3, Licht: 0,178852,3,3,5,01,10,3,1,0,1,1,0,0,0,0
"POINT (9.159655442000030 48.768320871000071)",Unfall 178916 (2021) Kat:3, Licht: 0,178916,3,2,6,01,15,5,1,0,0,1,1,0,0,0
"POINT (9.215614534000053 48.828938810000068)",Unfall 178920 (2021) Kat:3, Licht: 2,178920,3,1,4,01,06,2,2,2,0,1,0,0,0,1
"POINT (9.210960719000070 48.821569320000037)",Unfall 178970 (2021) Kat:3, Licht: 0,178970,3,6,2,01,13,7,0,0,0,1,0,0,0,0
"POINT (9.114167185000042 48.813797473000079)",Unfall 179000 (2021) Kat:3, Licht: 2,179000,3,5,1,01,18,2,1,2,0,1,0,0,0,0
"POINT (9.159205257000053 48.764031105000072)",Unfall 179012 (2021) Kat:3, Licht: 2,179012,3,2,5,01,18,3,1,2,0,1,0,1,0,0
"POINT (9.147694529000034 48.743458628000042)",Unfall 179018 (2021) Kat:3, Licht: 2,179018,3,7,5,02,17,5,0,2,1,1,0,0,0,0
"POINT (9.133955079000032 48.813885122000045)",Unfall 179090 (2021) Kat:3, Licht: 0,179090,3,7,5,01,07,2,2,0,1,1,0,0,0,0
"POINT (9.154180810000071 48.770619637000038)",Unfall 179094 (2021) Kat:2, Licht: 0,179094,2,7,3,01,14,7,0,0,1,0,0,0,0,1
"POINT (9.217026001000022 48.803954371000032)",Unfall 179123 (2021) Kat:3, Licht: 0,179123,3,6,2,01,09,4,0,0,0,1,0,0,0,0
"POINT (9.241934650000076 48.751789154000051)",Unfall 179125 (2021) Kat:3, Licht: 2,179125,3,1,0,01,06,2,2,2,0,1,0,0,0,0
"POINT (9.128632544000027 48.814430680000044)",Unfall 179195 (2021) Kat:2, Licht: 2,179195,2,1,8,01,05,1,0,2,0,1,0,0,0,0
"POINT (9.156083493000040 48.775097830000050)",Unfall 179202 (2021) Kat:3, Licht: 0,179202,3,7,3,01,12,5,0,0,0,1,0,0,0,1
"POINT (9.220259808000037 48.801168856000061)",Unfall 179225 (2021) Kat:3, Licht: 2,179225,3,3,5,01,20,4,1,2,1,1,0,0,0,0
"POINT (9.259522009000023 48.768211343000075)",Unfall 179233 (2021) Kat:3, Licht: 2,179233,3,5,1,01,23,3,2,2,0,1,0,0,1,0
"POINT (9.176450204000048 48.768622093000033)",Unfall 179252 (2021) Kat:3, Licht: 0,179252,3,7,0,02,12,4,1,0,1,0,0,0,0,0
"POINT (9.170453017000057 48.773929816000077)",Unfall 179264 (2021) Kat:3, Licht: 2,179264,3,2,3,02,18,6,0,2,1,1,0,0,0,0
"POINT (9.218948903000069 48.808654744000080)",Unfall 179279 (2021) Kat:3, Licht: 0,179279,3,4,6,02,16,3,0,0,0,1,1,0,0,0
"POINT (9.255186668000022 48.758566618000032)",Unfall 179325 (2021) Kat:3, Licht: 0,179325,3,2,5,01,12,6,0,0,1,0,0,0,0,1
"POINT (9.198226415000022 48.789675775000035)",Unfall 179335 (2021) Kat:3, Licht: 2,179335,3,2,5,01,18,2,1,2,0,1,0,0,0,0
"POINT (9.214395879000051 48.738669817000073)",Unfall 179366 (2021) Kat:3, Licht: 0,179366,3,2,5,01,11,6,0,0,0,1,0,0,0,0
"POINT (9.220265510000047 48.801140114000077)",Unfall 179378 (2021) Kat:2, Licht: 2,179378,2,2,6,02,18,2,1,2,0,1,1,0,0,0
"POINT (9.223182529000042 48.803539534000038)",Unfall 179392 (2021) Kat:3, Licht: 2,179392,3,3,5,01,20,6,1,2,0,1,0,0,0,0
"POINT (9.227058433000025 48.810280666000040)",Unfall 179400 (2021) Kat:3, Licht: 0,179400,3,3,5,02,12,6,0,0,1,1,0,0,0,0
"POINT (9.167599774000053 48.784930168000074)",Unfall 179442 (2021) Kat:3, Licht: 0,179442,3,6,2,01,13,6,0,0,1,1,0,0,0,0
"POINT (9.169145554000067 48.783899977000033)",Unfall 179455 (2021) Kat:3, Licht: 0,179455,3,4,6,01,11,2,0,0,0,0,1,1,0,0
"POINT (9.174897356000031 48.829643646000079)",Unfall 179549 (2021) Kat:3, Licht: 2,179549,3,1,0,01,23,3,2,2,0,0,0,1,0,0
"POINT (9.162070188000030 48.763333870000054)",Unfall 179555 (2021) Kat:2, Licht: 2,179555,2,4,6,02,20,4,1,2,0,1,1,0,0,0
"POINT (9.155962765000027 48.775153476000071)",Unfall 179558 (2021) Kat:3, Licht: 2,179558,3,2,5,01,19,4,1,2,1,1,0,0,0,0
"POINT (9.162691197000072 48.836925347000033)",Unfall 179562 (2021) Kat:3, Licht: 2,179562,3,6,2,01,05,2,2,2,0,1,0,0,0,0
"POINT (9.161215584000047 48.766110638000043)",Unfall 179604 (2021) Kat:3, Licht: 0,179604,3,6,2,02,15,7,0,0,0,1,0,0,0,0
"POINT (9.173371254000074 48.771064697000043)",Unfall 179617 (2021) Kat:3, Licht: 0,179617,3,4,6,03,15,5,0,0,1,0,1,0,0,0
"POINT (9.190020573000027 48.783459856000036)",Unfall 179618 (2021) Kat:3, Licht: 0,179618,3,3,5,03,16,2,0,0,1,1,0,0,0,0
"POINT (9.177485788000070 48.829600636000066)",Unfall 179620 (2021) Kat:3, Licht: 0,179620,3,2,5,03,07,4,0,0,1,1,0,0,0,0
"POINT (9.183423468000058 48.766032582000037)",Unfall 179640 (2021) Kat:3, Licht: 0,179640,3,1,0,02,12,7,0,0,1,0,0,0,0,0
"POINT (9.155891450000070 48.776388817000054)",Unfall 179668 (2021) Kat:3, Licht: 0,179668,3,7,2,03,14,3,0,0,1,1,0,0,0,0
"POINT (9.251351610000029 48.769646811000030)",Unfall 179676 (2021) Kat:2, Licht: 2,179676,2,3,5,03,19,7,0,2,0,1,0,0,0,0
"POINT (9.217962544000045 48.804498466000041)",Unfall 179677 (2021) Kat:3, Licht: 0,179677,3,7,6,03,10,3,0,0,0,1,1,0,0,0
"POINT (9.219181119000041 48.800453580000067)",Unfall 179694 (2021) Kat:2, Licht: 0,179694,2,4,6,02,17,6,0,0,1,0,1,0,0,0
"POINT (9.204652871000064 48.841282708000051)",Unfall 179713 (2021) Kat:3, Licht: 0,179713,3,7,5,02,17,3,0,0,1,1,0,0,0,0
"POINT (9.217355053000063 48.802059916000076)",Unfall 179730 (2021) Kat:3, Licht: 2,179730,3,2,2,03,20,5,0,2,0,1,0,1,0,0
"POINT (9.143129706000025 48.812796231000050)",Unfall 179731 (2021) Kat:3, Licht: 2,179731,3,3,5,03,20,3,1,2,0,1,0,1,0,0
"POINT (9.175407049000057 48.836431244000039)",Unfall 179746 (2021) Kat:3, Licht: 2,179746,3,3,5,02,05,6,0,2,1,1,0,0,0,0
"POINT (9.159086091000063 48.811312503000067)",Unfall 179748 (2021) Kat:3, Licht: 2,179748,3,2,6,02,18,2,0,2,0,1,1,0,0,0
"POINT (9.193668359000071 48.841489312000078)",Unfall 179752 (2021) Kat:3, Licht: 0,179752,3,6,4,03,16,3,0,0,0,0,0,1,0,0
"POINT (9.205765514000063 48.789040574000069)",Unfall 179757 (2021) Kat:3, Licht: 2,179757,3,7,0,03,19,7,0,2,1,0,0,0,0,0
"POINT (9.163276309000025 48.778537734000054)",Unfall 179760 (2021) Kat:3, Licht: 2,179760,3,1,0,03,02,7,0,2,0,0,0,0,0,1
"POINT (9.160484249000035 48.778953728000033)",Unfall 179761 (2021) Kat:3, Licht: 2,179761,3,3,5,02,20,3,0,2,0,1,0,1,0,0
"POINT (9.160460036000075 48.778987529000062)",Unfall 179781 (2021) Kat:3, Licht: 0,179781,3,7,5,02,16,1,0,0,1,1,0,0,0,0
"POINT (9.208530205000045 48.806971190000070)",Unfall 179790 (2021) Kat:3, Licht: 0,179790,3,4,6,03,12,5,0,0,0,1,1,0,0,0
"POINT (9.201860538000062 48.809401845000082)",Unfall 179791 (2021) Kat:3, Licht: 0,179791,3,7,1,03,07,4,0,0,1,1,0,0,0,0
"POINT (9.236366809000060 48.776392772000065)",Unfall 179799 (2021) Kat:3, Licht: 0,179799,3,3,5,02,10,4,0,0,1,0,0,0,1,0
"POINT (9.129524160000074 48.720257537000066)",Unfall 179815 (2021) Kat:3, Licht: 0,179815,3,4,6,03,15,2,0,0,0,1,1,0,0,0
"POINT (9.208273811000026 48.797109157000079)",Unfall 179820 (2021) Kat:3, Licht: 0,179820,3,1,0,02,17,5,0,0,1,0,0,0,0,0
"POINT (9.274447477000024 48.771108039000069)",Unfall 179824 (2021) Kat:2, Licht: 0,179824,2,6,2,03,13,3,0,0,1,1,0,0,0,0
"POINT (9.207953079000049 48.784132822000061)",Unfall 179862 (2021) Kat:3, Licht: 0,179862,3,4,6,02,11,6,0,0,0,1,1,0,0,0
"POINT (9.205958322000072 48.777165742000079)",Unfall 179865 (2021) Kat:3, Licht: 0,179865,3,7,1,03,14,6,0,0,1,1,0,0,0,0
"POINT (9.257645636000063 48.788087902000029)",Unfall 179873 (2021) Kat:3, Licht: 0,179873,3,3,5,02,07,5,0,0,0,1,0,0,0,0
"POINT (9.252162768000062 48.778698023000061)",Unfall 179876 (2021) Kat:3, Licht: 0,179876,3,3,5,02,13,1,0,0,1,1,0,0,0,0
"POINT (9.181753414000070 48.734215720000066)",Unfall 179885 (2021) Kat:2, Licht: 0,179885,2,7,6,02,11,2,1,0,0,0,1,0,0,1
"POINT (9.199549930000046 48.779252179000025)",Unfall 179898 (2021) Kat:3, Licht: 0,179898,3,4,6,03,14,7,0,0,0,1,1,0,0,0
"POINT (9.087078019000046 48.814440789000059)",Unfall 179912 (2021) Kat:3, Licht: 0,179912,3,6,2,02,11,6,0,0,0,1,0,0,0,0
"POINT (9.237662735000072 48.833110758000032)",Unfall 179917 (2021) Kat:3, Licht: 1,179917,3,3,5,03,17,3,0,1,0,1,0,0,0,0
"POINT (9.211706584000069 48.811093981000056)",Unfall 179922 (2021) Kat:3, Licht: 0,179922,3,5,1,03,08,5,0,0,0,1,0,0,0,0
"POINT (9.247605466000039 48.768636086000072)",Unfall 179931 (2021) Kat:3, Licht: 0,179931,3,2,3,03,12,6,0,0,0,0,0,1,1,0
"POINT (9.207940305000022 48.781437323000034)",Unfall 179941 (2021) Kat:3, Licht: 0,179941,3,3,5,02,15,6,0,0,0,1,0,0,0,0
"POINT (9.189556886000048 48.768840174000047)",Unfall 179944 (2021) Kat:3, Licht: 0,179944,3,2,4,02,08,5,0,0,1,1,0,0,0,0
"POINT (9.161159244000032 48.763172889000032)",Unfall 179949 (2021) Kat:3, Licht: 0,179949,3,3,0,02,16,4,0,0,0,1,0,1,0,0
"POINT (9.233402136000052 48.830697053000051)",Unfall 179990 (2021) Kat:3, Licht: 0,179990,3,6,2,03,13,3,0,0,0,1,0,0,0,0
"POINT (9.175164644000063 48.747940538000080)",Unfall 179994 (2021) Kat:3, Licht: 2,179994,3,3,5,03,21,3,0,2,1,0,0,0,0,0
"POINT (9.143090107000035 48.768866004000074)",Unfall 180015 (2021) Kat:3, Licht: 0,180015,3,4,6,03,12,4,0,0,0,1,1,0,0,0
"POINT (9.173603612000022 48.780255489000069)",Unfall 180038 (2021) Kat:3, Licht: 0,180038,3,7,0,03,11,4,1,0,0,0,0,0,0,1
"POINT (9.163859464000041 48.770764142000075)",Unfall 180089 (2021) Kat:3, Licht: 0,180089,3,7,5,03,17,5,0,0,0,1,0,1,0,0
"POINT (9.108576762000041 48.717068152000081)",Unfall 180131 (2021) Kat:3, Licht: 0,180131,3,3,5,02,16,3,0,0,1,0,0,1,0,0
"POINT (9.208882139000025 48.813092980000079)",Unfall 180132 (2021) Kat:3, Licht: 0,180132,3,2,2,03,16,6,0,0,0,1,0,0,0,0
"POINT (9.174388729000043 48.763560198000050)",Unfall 180174 (2021) Kat:3, Licht: 1,180174,3,3,5,03,05,1,1,1,0,1,0,0,0,0
"POINT (9.156801571000074 48.835848255000030)",Unfall 180177 (2021) Kat:3, Licht: 2,180177,3,3,5,02,06,3,0,2,0,1,0,0,0,1
"POINT (9.151034245000062 48.810054273000048)",Unfall 180179 (2021) Kat:2, Licht: 2,180179,2,7,0,03,01,1,0,2,1,0,0,0,0,0
"POINT (9.186526769000068 48.790599924000048)",Unfall 180181 (2021) Kat:3, Licht: 0,180181,3,1,0,02,16,1,2,0,0,0,0,1,0,0
"POINT (9.219755422000048 48.779414770000074)",Unfall 180182 (2021) Kat:2, Licht: 0,180182,2,7,1,03,11,4,0,0,0,1,0,0,0,0
"POINT (9.100218817000041 48.732407654000042)",Unfall 180192 (2021) Kat:3, Licht: 0,180192,3,4,0,03,15,7,0,0,1,0,1,0,0,0
"POINT (9.165742060000071 48.714038955000035)",Unfall 180195 (2021) Kat:3, Licht: 0,180195,3,7,0,03,12,4,0,0,0,0,0,1,0,0
"POINT (9.227767785000026 48.781796588000077)",Unfall 180200 (2021) Kat:3, Licht: 2,180200,3,2,5,03,18,3,1,2,0,1,0,0,0,0
"POINT (9.192049297000040 48.775367172000074)",Unfall 180203 (2021) Kat:3, Licht: 0,180203,3,1,8,02,11,4,0,0,1,1,0,0,0,0
"POINT (9.115880841000035 48.719337694000046)",Unfall 180218 (2021) Kat:3, Licht: 0,180218,3,3,5,03,16,2,0,0,1,0,0,0,0,1
"POINT (9.150120714000025 48.713447349000035)",Unfall 180227 (2021) Kat:3, Licht: 1,180227,3,1,9,02,17,5,0,1,0,1,0,0,0,0
"POINT (9.150488598000038 48.731462172000079)",Unfall 180229 (2021) Kat:3, Licht: 0,180229,3,3,5,03,16,2,0,0,1,0,0,0,0,1
"POINT (9.263511450000067 48.769196363000049)",Unfall 180237 (2021) Kat:3, Licht: 0,180237,3,6,2,03,07,3,0,0,0,1,0,0,0,0