WKT,Name,OBJECTID,UKATEGORIE,UTYP1,UART,UMONAT,USTUNDE,UWOCHENTAG,STRZUSTAND,ULICHTVERH,ISTRAD,ISTPKW,ISTFUSS,ISTKRAD,ISTGKFZ,ISTSONSTIG
"POINT (9.180599986000061 48.833738787000073)",Unfall 180264 (2021) Kat:3, Licht: 0,180264,3,2,5,03,14,5,0,0,1,1,0,0,0,0
"POINT (9.126984897000057 48.723155598000062)",Unfall 180266 (2021) Kat:3, Licht: 0,180266,3,3,5,03,12,7,0,0,0,1,0,0,0,0
"POINT (9.160421347000067 48.837631830000078)",Unfall 180314 (2021) Kat:2, Licht: 1,180314,2,3,5,03,18,5,0,1,1,0,0,0,0,0
"POINT (9.164116647000071 48.788276517000043)",Unfall 180326 (2021) Kat:3, Licht: 0,180326,3,7,4,03,18,5,0,0,1,1,0,0,0,0
"POINT (9.169648418000065 48.770294824000075)",Unfall 180336 (2021) Kat:3, Licht: 0,180336,3,4,6,02,13,5,0,0,0,1,1,0,0,0
"POINT (9.175378230000035 48.836708096000052)",Unfall 180338 (2021) Kat:2, Licht: 2,180338,2,2,5,02,18,3,0,2,1,1,0,0,0,0
"POINT (9.194107534000068 48.826462785000047)",Unfall 180343 (2021) Kat:3, Licht: 0,180343,3,7,0,03,11,7,0,0,0,1,0,0,0,0
"POINT (9.171897530000024 48.769305800000041)",Unfall 180345 (2021) Kat:2, Licht: 1,180345,2,1,0,03,19,5,0,1,0,0,0,0,0,1
"POINT (9.112493393000022 48.746709280000061)",Unfall 180361 (2021) Kat:3, Licht: 0,180361,3,6,2,02,12,6,0,0,0,1,0,0,0,0
"POINT (9.108069169000032 48.742569643000081)",Unfall 180389 (2021) Kat:3, Licht: 0,180389,3,5,1,02,10,3,0,0,1,1,0,0,0,0
"POINT (9.201172685000074 48.810649591000072)",Unfall 180417 (2021) Kat:3, Licht: 0,180417,3,3,5,02,13,4,0,0,1,1,0,0,0,0
"POINT (9.247212933000071 48.778433052000025)",Unfall 180428 (2021) Kat:3, Licht: 0,180428,3,6,2,02,13,6,0,0,0,1,0,0,0,0
"POINT (9.177872821000051 48.784254670000053)",Unfall 180437 (2021) Kat:3, Licht: 0,180437,3,6,3,03,15,3,0,0,0,1,0,0,0,1
"POINT (9.161860176000062 48.809209928000030)",Unfall 180469 (2021) Kat:3, Licht: 0,180469,3,3,5,03,15,7,1,0,0,1,0,0,0,0
"POINT (9.131411456000023 48.773148737000042)",Unfall 180478 (2021) Kat:3, Licht: 0,180478,3,7,2,02,16,6,0,0,0,1,0,0,1,0
"POINT (9.163216947000024 48.737128101000053)",Unfall 180481 (2021) Kat:3, Licht: 0,180481,3,6,2,03,17,6,0,0,0,1,0,0,0,0
"POINT (9.248621265000054 48.768876631000069)",Unfall 180482 (2021) Kat:3, Licht: 0,180482,3,6,3,03,13,5,0,0,0,1,0,1,0,0
"POINT (9.173342220000052 48.774281913000038)",Unfall 180489 (2021) Kat:3, Licht: 0,180489,3,6,2,03,13,3,0,0,1,1,0,0,0,0
"POINT (9.157829287000027 48.782422291000046)",Unfall 180494 (2021) Kat:3, Licht: 0,180494,3,7,0,03,15,7,0,0,1,0,0,0,0,0
"POINT (9.217387004000045 48.814474676000032)",Unfall 180497 (2021) Kat:3, Licht: 0,180497,3,2,2,03,16,2,0,0,0,1,0,1,0,0
"POINT (9.158949666000069 48.791107162000060)",Unfall 180498 (2021) Kat:3, Licht: 0,180498,3,5,1,03,16,7,0,0,1,0,0,0,0,1
"POINT (9.157208328000024 48.771781807000082)",Unfall 180501 (2021) Kat:3, Licht: 0,180501,3,3,5,03,11,3,0,0,0,1,0,0,0,0
"POINT (9.206685464000032 48.814815815000031)",Unfall 180517 (2021) Kat:3, Licht: 0,180517,3,3,5,02,13,1,0,0,0,1,0,0,0,0
"POINT (9.221566654000071 48.810104695000064)",Unfall 180524 (2021) Kat:3, Licht: 0,180524,3,3,5,02,14,3,0,0,1,1,0,0,0,0
"POINT (9.155964429000051 48.790813694000065)",Unfall 180528 (2021) Kat:3, Licht: 2,180528,3,7,5,02,18,6,0,2,1,1,0,0,0,0
"POINT (9.129738363000058 48.740242456000033)",Unfall 180533 (2021) Kat:3, Licht: 0,180533,3,7,0,02,16,7,0,0,1,0,0,0,0,0
"POINT (9.155822515000068 48.777356933000078)",Unfall 180545 (2021) Kat:3, Licht: 2,180545,3,3,0,03,05,1,1,2,0,1,0,1,0,0
"POINT (9.181176483000058 48.835687656000061)",Unfall 180565 (2021) Kat:3, Licht: 0,180565,3,6,0,03,11,7,0,0,0,0,0,0,0,1
"POINT (9.210710986000038 48.790724904000058)",Unfall 180570 (2021) Kat:3, Licht: 0,180570,3,3,5,02,11,1,0,0,0,1,0,0,0,0
"POINT (9.171846317000075 48.789319261000060)",Unfall 180571 (2021) Kat:3, Licht: 2,180571,3,1,1,03,01,7,0,2,0,1,0,0,0,1
"POINT (9.164099449000048 48.749146012000040)",Unfall 180579 (2021) Kat:3, Licht: 0,180579,3,6,4,02,15,7,0,0,0,1,0,0,0,1
"POINT (9.160505566000040 48.778924100000040)",Unfall 180581 (2021) Kat:3, Licht: 2,180581,3,2,5,03,20,1,0,2,0,1,0,0,0,0
"POINT (9.176476390000062 48.772987992000026)",Unfall 180584 (2021) Kat:3, Licht: 0,180584,3,2,5,03,11,6,0,0,0,1,0,0,0,1
"POINT (9.231949610000072 48.844273827000052)",Unfall 180595 (2021) Kat:2, Licht: 0,180595,2,1,1,03,18,1,0,0,1,1,0,0,0,0
"POINT (9.164998514000047 48.782518112000048)",Unfall 180633 (2021) Kat:3, Licht: 0,180633,3,7,6,03,12,5,0,0,0,1,1,0,0,0
"POINT (9.190073535000067 48.796801449000043)",Unfall 180649 (2021) Kat:3, Licht: 0,180649,3,1,0,04,14,7,0,0,1,0,0,0,0,0
"POINT (9.191711184000042 48.779919891000077)",Unfall 180654 (2021) Kat:3, Licht: 2,180654,3,1,0,04,21,7,0,2,1,0,0,0,0,0
"POINT (9.105337502000054 48.734648917000072)",Unfall 180688 (2021) Kat:3, Licht: 0,180688,3,3,5,03,07,3,0,0,0,1,0,0,0,0
"POINT (9.177736399000025 48.833968535000054)",Unfall 180704 (2021) Kat:3, Licht: 0,180704,3,3,5,04,16,7,0,0,1,1,0,0,0,0
"POINT (9.241189221000070 48.775015157000041)",Unfall 180711 (2021) Kat:3, Licht: 1,180711,3,3,5,04,20,6,0,1,0,1,0,0,0,0
"POINT (9.180448800000022 48.769209158000081)",Unfall 180717 (2021) Kat:3, Licht: 2,180717,3,2,5,04,21,1,0,2,1,1,0,0,0,0
"POINT (9.165659570000059 48.764034012000081)",Unfall 180726 (2021) Kat:3, Licht: 0,180726,3,7,6,03,11,4,0,0,0,0,0,0,0,1
"POINT (9.146228551000036 48.757001300000070)",Unfall 180740 (2021) Kat:3, Licht: 0,180740,3,6,2,04,13,1,0,0,1,1,0,0,0,0
"POINT (9.157785657000034 48.756276750000040)",Unfall 180760 (2021) Kat:3, Licht: 0,180760,3,7,0,04,10,2,1,0,0,1,0,0,0,0
"POINT (9.086828406000052 48.750972110000077)",Unfall 180767 (2021) Kat:3, Licht: 0,180767,3,5,0,05,18,2,0,0,1,1,0,0,0,0
"POINT (9.207306566000057 48.704012123000041)",Unfall 180796 (2021) Kat:2, Licht: 0,180796,2,7,6,04,10,7,0,0,0,1,1,0,0,0
"POINT (9.252358172000072 48.778730359000065)",Unfall 180804 (2021) Kat:3, Licht: 0,180804,3,7,5,03,18,4,0,0,1,1,0,0,0,0
"POINT (9.232863775000055 48.842810033000035)",Unfall 180823 (2021) Kat:3, Licht: 0,180823,3,7,0,04,19,4,0,0,1,0,0,0,0,0
"POINT (9.117414121000024 48.814072482000029)",Unfall 180832 (2021) Kat:3, Licht: 0,180832,3,3,5,04,19,5,0,0,1,1,0,0,0,0
"POINT (9.164946751000059 48.833192365000059)",Unfall 180836 (2021) Kat:3, Licht: 0,180836,3,3,5,05,18,1,0,0,0,1,0,0,0,1
"POINT (9.160905595000031 48.810998223000070)",Unfall 180863 (2021) Kat:3, Licht: 0,180863,3,3,5,05,16,3,1,0,0,1,0,0,0,0
"POINT (9.211496059000069 48.784868883000058)",Unfall 180869 (2021) Kat:3, Licht: 0,180869,3,4,6,04,11,2,0,0,0,1,1,0,0,0
"POINT (9.168321543000047 48.830460587000061)",Unfall 180877 (2021) Kat:3, Licht: 0,180877,3,6,0,04,15,5,0,0,0,1,0,1,0,0
"POINT (9.175162158000035 48.833978350000052)",Unfall 180913 (2021) Kat:3, Licht: 0,180913,3,3,5,03,17,2,0,0,0,1,0,0,0,0
"POINT (9.200787735000063 48.785357973000032)",Unfall 180919 (2021) Kat:3, Licht: 0,180919,3,3,5,05,09,1,0,0,0,1,0,0,0,0
"POINT (9.191304750000029 48.830936726000061)",Unfall 180922 (2021) Kat:3, Licht: 0,180922,3,3,5,04,19,6,0,0,1,1,0,0,0,0
"POINT (9.194228738000049 48.842256045000056)",Unfall 180946 (2021) Kat:3, Licht: 0,180946,3,3,5,03,16,3,0,0,0,1,0,0,0,0
"POINT (9.207449962000055 48.787182034000068)",Unfall 180947 (2021) Kat:3, Licht: 0,180947,3,4,6,04,08,6,0,0,0,1,1,0,0,0
"POINT (9.232202684000072 48.820871871000065)",Unfall 180956 (2021) Kat:3, Licht: 1,180956,3,6,4,04,06,6,0,1,0,1,0,0,0,0
"POINT (9.068214296000065 48.727927490000070)",Unfall 180963 (2021) Kat:2, Licht: 0,180963,2,1,0,04,09,3,0,0,1,0,0,0,0,0
"POINT (9.175376824000068 48.835019023000029)",Unfall 180966 (2021) Kat:3, Licht: 2,180966,3,2,5,04,22,7,0,2,0,1,0,0,0,0
"POINT (9.154851359000077 48.749400771000069)",Unfall 180979 (2021) Kat:3, Licht: 0,180979,3,7,3,03,07,3,0,0,0,1,0,1,0,0
"POINT (9.164555670000027 48.808049537000045)",Unfall 181012 (2021) Kat:2, Licht: 0,181012,2,7,5,05,11,1,0,0,1,1,0,0,0,0
"POINT (9.205395229000032 48.778785160000041)",Unfall 181022 (2021) Kat:3, Licht: 0,181022,3,7,8,03,12,3,0,0,0,1,1,0,0,0
"POINT (9.175512388000072 48.763692060000039)",Unfall 181030 (2021) Kat:3, Licht: 0,181030,3,7,6,04,17,2,0,0,0,1,1,0,0,0
"POINT (9.153674326000043 48.772503363000055)",Unfall 181031 (2021) Kat:2, Licht: 0,181031,2,1,0,04,15,5,1,0,1,0,0,0,0,0
"POINT (9.194806367000069 48.801567314000067)",Unfall 181034 (2021) Kat:3, Licht: 2,181034,3,1,9,04,20,1,1,2,0,1,0,0,0,0
"POINT (9.157896635000043 48.782554130000051)",Unfall 181036 (2021) Kat:3, Licht: 0,181036,3,7,0,04,15,1,0,0,1,0,0,0,0,0
"POINT (9.184037804000070 48.772955176000039)",Unfall 181038 (2021) Kat:3, Licht: 0,181038,3,2,5,03,08,2,0,0,1,1,0,0,0,0
"POINT (9.211402704000022 48.811623339000050)",Unfall 181059 (2021) Kat:3, Licht: 2,181059,3,1,0,05,22,7,1,2,0,1,0,0,0,0
"POINT (9.164970802000028 48.828157527000030)",Unfall 181069 (2021) Kat:3, Licht: 0,181069,3,6,4,04,15,3,0,0,1,1,0,0,0,0
"POINT (9.210501972000031 48.808243007000044)",Unfall 181085 (2021) Kat:3, Licht: 0,181085,3,6,2,05,18,1,0,0,0,1,0,0,0,0
"POINT (9.168787493000025 48.831107144000043)",Unfall 181086 (2021) Kat:3, Licht: 0,181086,3,5,1,04,16,1,0,0,0,0,0,0,0,1
"POINT (9.174137093000070 48.771695829000066)",Unfall 181097 (2021) Kat:3, Licht: 0,181097,3,3,5,03,14,3,0,0,1,1,0,0,0,0
"POINT (9.198384849000036 48.780919606000055)",Unfall 181127 (2021) Kat:3, Licht: 2,181127,3,1,0,04,03,2,0,2,1,0,0,0,0,0
"POINT (9.171845071000064 48.762167105000060)",Unfall 181140 (2021) Kat:3, Licht: 0,181140,3,3,5,04,08,5,0,0,0,1,0,1,0,0
"POINT (9.224966583000025 48.802974514000027)",Unfall 181141 (2021) Kat:3, Licht: 0,181141,3,3,5,04,14,2,0,0,1,1,0,0,0,0
"POINT (9.227307233000033 48.811338640000031)",Unfall 181144 (2021) Kat:3, Licht: 0,181144,3,7,5,03,18,3,0,0,0,1,0,0,0,0
"POINT (9.187290211000061 48.775096976000043)",Unfall 181147 (2021) Kat:3, Licht: 0,181147,3,3,5,04,08,6,0,0,1,1,0,0,0,0
"POINT (9.199673884000049 48.789268421000031)",Unfall 181162 (2021) Kat:3, Licht: 0,181162,3,7,0,04,15,7,0,0,1,0,0,0,0,0
"POINT (9.207612997000069 48.789000639000051)",Unfall 181184 (2021) Kat:3, Licht: 0,181184,3,6,2,04,19,6,0,0,0,1,0,0,0,0
"POINT (9.179129170000067 48.779516962000059)",Unfall 181192 (2021) Kat:3, Licht: 0,181192,3,6,4,04,18,6,0,0,1,1,0,0,0,0
"POINT (9.139555434000044 48.775566246000039)",Unfall 181207 (2021) Kat:3, Licht: 0,181207,3,7,1,04,06,4,0,0,0,1,0,1,0,0
"POINT (9.191717088000075 48.779921162000051)",Unfall 181239 (2021) Kat:2, Licht: 0,181239,2,1,8,04,15,2,0,0,0,0,0,1,0,0
"POINT (9.160195964000025 48.809554864000063)",Unfall 181246 (2021) Kat:3, Licht: 0,181246,3,3,5,04,07,3,0,0,0,1,0,1,0,0
"POINT (9.256306814000027 48.777070769000034)",Unfall 181247 (2021) Kat:3, Licht: 0,181247,3,3,5,03,16,2,0,0,0,1,0,0,0,0
"POINT (9.164431141000023 48.776984756000047)",Unfall 181264 (2021) Kat:3, Licht: 1,181264,3,1,4,04,19,3,2,1,0,1,0,1,0,0
"POINT (9.191077402000076 48.786590852000074)",Unfall 181292 (2021) Kat:3, Licht: 0,181292,3,6,2,04,17,7,0,0,0,1,0,1,0,0
"POINT (9.185875475000046 48.830463764000058)",Unfall 181314 (2021) Kat:3, Licht: 0,181314,3,6,2,03,11,3,0,0,0,1,0,0,0,1
"POINT (9.118985584000029 48.814226898000072)",Unfall 181316 (2021) Kat:2, Licht: 0,181316,2,6,6,04,07,6,0,0,1,0,1,0,0,0
"POINT (9.167987502000074 48.763623088000031)",Unfall 181317 (2021) Kat:3, Licht: 2,181317,3,3,5,04,22,6,0,2,0,1,0,1,0,0
"POINT (9.158268345000067 48.832729817000029)",Unfall 181332 (2021) Kat:3, Licht: 0,181332,3,1,0,03,13,4,0,0,1,0,0,0,0,0
"POINT (9.176951274000032 48.810180519000028)",Unfall 181355 (2021) Kat:3, Licht: 0,181355,3,6,3,04,12,6,0,0,0,1,0,0,1,0
"POINT (9.181581022000046 48.782884053000032)",Unfall 181364 (2021) Kat:3, Licht: 0,181364,3,6,2,04,12,6,0,0,0,1,0,0,0,0
"POINT (9.174637850000067 48.828882414000077)",Unfall 181365 (2021) Kat:2, Licht: 0,181365,2,6,2,04,19,5,0,0,0,1,0,1,0,0
"POINT (9.190427233000037 48.825521413000047)",Unfall 181371 (2021) Kat:3, Licht: 0,181371,3,6,3,04,17,7,0,0,1,1,0,0,0,0
"POINT (9.253272179000021 48.783986922000054)",Unfall 181409 (2021) Kat:3, Licht: 0,181409,3,7,0,04,18,6,0,0,0,0,0,0,0,1
"POINT (9.216312558000027 48.800445308000064)",Unfall 181414 (2021) Kat:3, Licht: 0,181414,3,1,0,04,16,3,0,0,0,0,0,0,0,1
"POINT (9.181116015000043 48.780236050000042)",Unfall 181421 (2021) Kat:2, Licht: 2,181421,2,7,0,04,20,7,0,2,0,0,0,0,0,1
"POINT (9.174965654000061 48.829576282000062)",Unfall 181428 (2021) Kat:3, Licht: 2,181428,3,6,2,04,21,3,0,2,0,1,0,0,0,0
"POINT (9.250204138000072 48.815862234000065)",Unfall 181480 (2021) Kat:3, Licht: 0,181480,3,6,2,04,12,6,0,0,0,1,0,0,0,0
"POINT (9.175222979000068 48.750476169000081)",Unfall 181482 (2021) Kat:2, Licht: 0,181482,2,2,5,04,12,5,0,0,1,1,0,0,0,0
"POINT (9.160247201000061 48.793628457000068)",Unfall 181508 (2021) Kat:3, Licht: 0,181508,3,6,6,04,16,7,0,0,0,1,1,0,0,0
"POINT (9.143865683000058 48.719129425000062)",Unfall 181536 (2021) Kat:3, Licht: 0,181536,3,1,5,04,18,2,1,0,0,1,0,0,0,0
"POINT (9.248579598000049 48.788222284000028)",Unfall 181537 (2021) Kat:3, Licht: 0,181537,3,3,5,04,09,7,0,0,0,1,0,0,0,0
"POINT (9.252369725000051 48.778726851000044)",Unfall 181545 (2021) Kat:3, Licht: 0,181545,3,3,5,03,13,4,0,0,1,1,0,0,0,0
"POINT (9.181030612000029 48.801634909000029)",Unfall 181549 (2021) Kat:3, Licht: 0,181549,3,2,6,04,16,4,0,0,0,1,1,0,0,0
"POINT (9.236992741000051 48.803693064000072)",Unfall 181552 (2021) Kat:3, Licht: 0,181552,3,7,6,04,05,2,0,0,0,1,1,0,0,0
"POINT (9.135234367000066 48.813803618000065)",Unfall 181560 (2021) Kat:2, Licht: 0,181560,2,1,0,04,16,1,0,0,1,0,0,0,0,0
"POINT (9.211602434000042 48.710742249000077)",Unfall 181584 (2021) Kat:3, Licht: 0,181584,3,3,5,04,15,3,0,0,1,1,0,0,0,0
"POINT (9.164224766000075 48.777260062000039)",Unfall 181595 (2021) Kat:3, Licht: 0,181595,3,2,5,04,14,4,0,0,1,1,0,0,0,0
"POINT (9.213294732000065 48.784359377000044)",Unfall 181596 (2021) Kat:3, Licht: 0,181596,3,6,2,04,07,3,0,0,1,0,0,0,0,0
"POINT (9.213470050000069 48.815712405000056)",Unfall 181597 (2021) Kat:3, Licht: 0,181597,3,3,5,04,07,2,0,0,0,1,0,0,0,0
"POINT (9.108220221000067 48.733703969000032)",Unfall 181614 (2021) Kat:3, Licht: 0,181614,3,3,5,04,11,1,0,0,0,1,0,1,0,0
"POINT (9.192211804000067 48.784618445000035)",Unfall 181618 (2021) Kat:3, Licht: 0,181618,3,6,2,04,11,2,0,0,0,1,0,0,0,0
"POINT (9.176105936000056 48.830001401000061)",Unfall 181624 (2021) Kat:3, Licht: 0,181624,3,3,5,04,14,6,0,0,1,1,0,0,0,0
"POINT (9.184903758000075 48.832892734000040)",Unfall 181628 (2021) Kat:3, Licht: 0,181628,3,7,2,04,14,6,0,0,0,1,0,1,0,0
"POINT (9.254007879000028 48.780990024000062)",Unfall 181639 (2021) Kat:3, Licht: 0,181639,3,5,1,04,14,1,0,0,0,1,0,0,0,0
"POINT (9.162488563000068 48.773074210000061)",Unfall 181640 (2021) Kat:3, Licht: 0,181640,3,3,5,04,16,5,0,0,1,1,0,0,0,0
"POINT (9.263021429000048 48.769883794000066)",Unfall 181644 (2021) Kat:3, Licht: 0,181644,3,3,5,05,12,2,0,0,1,0,0,0,0,1
"POINT (9.219131033000053 48.697022084000025)",Unfall 181653 (2021) Kat:2, Licht: 0,181653,2,3,5,06,11,6,0,0,1,1,0,0,0,0
"POINT (9.252791046000027 48.779083406000041)",Unfall 181667 (2021) Kat:3, Licht: 0,181667,3,3,5,05,17,4,0,0,0,1,0,0,0,1
"POINT (9.171303164000051 48.763832601000047)",Unfall 181672 (2021) Kat:3, Licht: 0,181672,3,1,1,05,16,6,0,0,0,1,0,1,0,0
"POINT (9.155630704000032 48.852199628000051)",Unfall 181679 (2021) Kat:3, Licht: 0,181679,3,7,0,05,19,6,0,0,1,0,0,0,0,0
"POINT (9.269726523000031 48.762666408000030)",Unfall 181680 (2021) Kat:3, Licht: 0,181680,3,7,5,05,17,4,0,0,1,1,0,0,0,0
"POINT (9.211536320000050 48.822485847000053)",Unfall 181697 (2021) Kat:3, Licht: 0,181697,3,6,2,05,14,3,0,0,0,1,0,0,0,0
"POINT (9.178326098000070 48.780136709000033)",Unfall 181730 (2021) Kat:3, Licht: 1,181730,3,6,6,06,21,5,0,1,0,1,1,0,0,0
"POINT (9.217877260000023 48.801845365000077)",Unfall 181741 (2021) Kat:3, Licht: 0,181741,3,7,0,06,05,3,0,0,0,1,0,0,0,0
"POINT (9.164169731000072 48.834948055000041)",Unfall 181749 (2021) Kat:3, Licht: 0,181749,3,5,1,05,16,4,0,0,1,1,0,0,0,0
"POINT (9.255292951000058 48.777390873000058)",Unfall 181757 (2021) Kat:3, Licht: 0,181757,3,2,5,05,07,5,0,0,1,1,0,0,0,0
"POINT (9.232491297000024 48.835770555000067)",Unfall 181774 (2021) Kat:3, Licht: 0,181774,3,6,2,05,18,6,0,0,0,1,0,0,0,1
"POINT (9.092946651000034 48.738795759000027)",Unfall 181779 (2021) Kat:2, Licht: 0,181779,2,7,0,05,12,1,0,0,1,1,0,0,0,0
"POINT (9.165538455000046 48.775461904000053)",Unfall 181813 (2021) Kat:3, Licht: 0,181813,3,7,0,06,19,7,1,0,0,0,0,0,0,1
"POINT (9.163082784000039 48.810245716000054)",Unfall 181821 (2021) Kat:2, Licht: 0,181821,2,7,0,05,15,2,0,0,1,0,0,0,0,0
"POINT (9.173630288000027 48.774437298000066)",Unfall 181830 (2021) Kat:3, Licht: 0,181830,3,4,6,06,13,3,0,0,0,1,1,0,0,0
"POINT (9.166394084000046 48.774363148000077)",Unfall 181833 (2021) Kat:2, Licht: 0,181833,2,1,3,05,12,4,0,0,1,0,0,0,0,0
"POINT (9.180210375000058 48.783449835000056)",Unfall 181846 (2021) Kat:3, Licht: 0,181846,3,3,5,05,15,6,0,0,0,1,0,0,0,1
"POINT (9.211576599000068 48.780682241000079)",Unfall 181910 (2021) Kat:3, Licht: 0,181910,3,3,5,06,15,3,0,0,0,1,0,0,0,0
"POINT (9.191816028000062 48.779942473000062)",Unfall 181911 (2021) Kat:3, Licht: 2,181911,3,7,0,05,23,2,1,2,0,0,0,1,0,0
"POINT (9.222155573000066 48.820044685000028)",Unfall 181913 (2021) Kat:3, Licht: 0,181913,3,7,5,05,12,7,0,0,1,1,0,0,0,0
"POINT (9.140636780000023 48.842233607000026)",Unfall 181918 (2021) Kat:3, Licht: 0,181918,3,6,4,06,12,2,1,0,1,0,0,0,0,1
"POINT (9.163398522000023 48.835873809000077)",Unfall 181938 (2021) Kat:3, Licht: 0,181938,3,7,2,05,15,4,0,0,0,1,0,0,0,0
"POINT (9.217582343000061 48.802095602000065)",Unfall 181946 (2021) Kat:3, Licht: 2,181946,3,4,6,05,21,3,1,2,0,1,1,0,0,0
"POINT (9.163999951000051 48.777549319000059)",Unfall 181955 (2021) Kat:3, Licht: 0,181955,3,3,5,05,10,1,1,0,0,1,0,0,0,0
"POINT (9.244298483000023 48.769109904000061)",Unfall 181957 (2021) Kat:3, Licht: 0,181957,3,7,2,05,12,1,0,0,1,1,0,0,0,0
"POINT (9.107040187000052 48.731285747000072)",Unfall 181990 (2021) Kat:3, Licht: 2,181990,3,3,5,05,21,4,0,2,0,1,0,1,0,0
"POINT (9.175326005000045 48.782599344000062)",Unfall 182011 (2021) Kat:3, Licht: 1,182011,3,7,2,06,20,6,0,1,1,1,0,0,0,0
"POINT (9.218178345000069 48.704049187000066)",Unfall 182022 (2021) Kat:3, Licht: 0,182022,3,3,5,05,18,2,0,0,1,1,0,0,0,0
"POINT (9.200741082000036 48.785357523000073)",Unfall 182069 (2021) Kat:3, Licht: 0,182069,3,7,2,06,17,3,0,0,1,1,0,0,0,0
"POINT (9.126433344000077 48.744694538000033)",Unfall 182072 (2021) Kat:2, Licht: 1,182072,2,1,0,05,20,7,0,1,1,0,0,0,0,0
"POINT (9.145854160000056 48.810433528000033)",Unfall 182107 (2021) Kat:2, Licht: 0,182107,2,3,5,06,15,5,0,0,0,1,0,0,0,1
"POINT (9.176573546000043 48.782540871000037)",Unfall 182153 (2021) Kat:3, Licht: 2,182153,3,7,1,05,23,1,0,2,0,1,0,0,0,0
"POINT (9.181711331000031 48.782839993000039)",Unfall 182175 (2021) Kat:3, Licht: 0,182175,3,6,0,05,18,2,0,0,0,1,0,0,0,1
"POINT (9.207209873000068 48.788520575000064)",Unfall 182180 (2021) Kat:3, Licht: 2,182180,3,7,0,05,02,1,0,2,0,0,0,0,0,1
"POINT (9.254529146000039 48.782804985000041)",Unfall 182182 (2021) Kat:3, Licht: 0,182182,3,3,5,05,16,5,1,0,0,1,0,0,0,0
"POINT (9.160964720000038 48.786714579000034)",Unfall 182189 (2021) Kat:3, Licht: 0,182189,3,4,6,05,17,7,0,0,0,1,1,0,0,0
"POINT (9.181007995000073 48.781573550000076)",Unfall 182192 (2021) Kat:3, Licht: 0,182192,3,2,5,06,08,3,0,0,1,0,0,0,0,0
"POINT (9.174714126000026 48.774670038000068)",Unfall 182235 (2021) Kat:3, Licht: 2,182235,3,7,6,06,20,7,1,2,0,0,1,0,0,1
"POINT (9.190650521000066 48.778355395000062)",Unfall 182262 (2021) Kat:3, Licht: 0,182262,3,1,9,05,14,3,1,0,0,0,0,1,0,0
"POINT (9.240536915000064 48.749362202000043)",Unfall 182289 (2021) Kat:2, Licht: 0,182289,2,7,0,05,11,7,0,0,0,0,0,0,0,1
"POINT (9.211151211000072 48.821710846000030)",Unfall 182301 (2021) Kat:3, Licht: 0,182301,3,3,5,06,12,7,0,0,0,1,0,0,0,0
"POINT (9.102836986000057 48.743832393000048)",Unfall 182304 (2021) Kat:3, Licht: 0,182304,3,2,2,05,14,4,0,0,0,1,0,0,0,0
"POINT (9.107638046000034 48.813435018000064)",Unfall 182309 (2021) Kat:3, Licht: 0,182309,3,3,5,06,20,5,1,0,1,1,0,0,0,0
"POINT (9.181445352000026 48.791885220000040)",Unfall 182319 (2021) Kat:3, Licht: 0,182319,3,7,6,06,11,6,0,0,1,0,1,0,0,0
"POINT (9.142682702000059 48.773350951000054)",Unfall 182332 (2021) Kat:3, Licht: 0,182332,3,6,4,05,13,4,0,0,0,1,0,0,0,1
"POINT (9.238137833000053 48.775261108000052)",Unfall 182405 (2021) Kat:3, Licht: 0,182405,3,5,1,05,20,7,1,0,0,1,0,0,0,0
"POINT (9.131363172000022 48.826022082000065)",Unfall 182412 (2021) Kat:3, Licht: 0,182412,3,7,0,05,18,4,0,0,1,0,0,0,0,0
"POINT (9.162365251000040 48.773035903000050)",Unfall 182416 (2021) Kat:3, Licht: 0,182416,3,5,1,05,18,7,0,0,1,1,0,0,0,0
"POINT (9.231241778000026 48.779439742000079)",Unfall 182422 (2021) Kat:3, Licht: 0,182422,3,3,5,05,12,6,0,0,1,1,0,0,0,0
"POINT (9.238328317000025 48.791118104000077)",Unfall 182426 (2021) Kat:3, Licht: 0,182426,3,7,5,05,14,4,0,0,0,1,0,0,0,1
"POINT (9.222011623000071 48.840138761000048)",Unfall 182449 (2021) Kat:3, Licht: 0,182449,3,5,1,06,15,7,0,0,1,1,0,0,0,0
"POINT (9.250338569000064 48.805851502000053)",Unfall 182455 (2021) Kat:3, Licht: 0,182455,3,7,5,06,15,3,0,0,1,1,0,0,0,0
"POINT (9.194160479000061 48.773949449000042)",Unfall 182474 (2021) Kat:3, Licht: 1,182474,3,5,1,05,19,2,0,1,1,1,0,0,0,0
"POINT (9.226923231000058 48.815330710000069)",Unfall 182494 (2021) Kat:3, Licht: 0,182494,3,3,5,05,09,6,0,0,1,1,0,0,0,0
"POINT (9.219357923000075 48.805250543000056)",Unfall 182495 (2021) Kat:2, Licht: 0,182495,2,7,0,06,11,1,0,0,1,0,0,0,0,0
"POINT (9.157708419000073 48.783637938000027)",Unfall 182498 (2021) Kat:3, Licht: 0,182498,3,6,2,05,19,3,0,0,0,1,0,1,0,0
"POINT (9.185561650000068 48.749814315000037)",Unfall 182505 (2021) Kat:3, Licht: 0,182505,3,7,2,06,14,4,0,0,0,1,0,0,0,0