WKT,Name,OBJECTID,UKATEGORIE,UTYP1,UART,UMONAT,USTUNDE,UWOCHENTAG,STRZUSTAND,ULICHTVERH,ISTRAD,ISTPKW,ISTFUSS,ISTKRAD,ISTGKFZ,ISTSONSTIG
"POINT (9.191788948000067 48.793735368000057)",Unfall 182527 (2021) Kat:3, Licht: 0,182527,3,7,2,05,12,4,1,0,0,1,0,0,0,0
"POINT (9.194164456000067 48.788401343000032)",Unfall 182548 (2021) Kat:3, Licht: 0,182548,3,6,2,05,17,6,0,0,0,1,0,0,0,1
"POINT (9.159701703000053 48.759904452000058)",Unfall 182556 (2021) Kat:3, Licht: 0,182556,3,6,2,05,14,1,0,0,1,0,0,0,0,0
"POINT (9.233727197000064 48.814273719000028)",Unfall 182561 (2021) Kat:3, Licht: 0,182561,3,7,3,05,11,7,0,0,0,1,0,0,0,1
"POINT (9.164496519000068 48.776877013000046)",Unfall 182569 (2021) Kat:2, Licht: 0,182569,2,7,5,05,14,7,0,0,0,1,0,1,0,0
"POINT (9.238851842000031 48.794108824000034)",Unfall 182606 (2021) Kat:2, Licht: 0,182606,2,7,5,05,15,4,0,0,1,1,0,0,0,0
"POINT (9.165148776000024 48.763358319000076)",Unfall 182607 (2021) Kat:3, Licht: 2,182607,3,5,1,05,22,7,0,2,1,1,0,0,0,0
"POINT (9.171246435000057 48.764004065000051)",Unfall 182618 (2021) Kat:3, Licht: 0,182618,3,2,6,05,19,7,0,0,0,0,1,0,0,1
"POINT (9.254705266000030 48.780660023000053)",Unfall 182624 (2021) Kat:3, Licht: 0,182624,3,6,2,05,11,6,0,0,0,1,0,0,0,0
"POINT (9.142810478000058 48.730584010000030)",Unfall 182642 (2021) Kat:3, Licht: 0,182642,3,6,2,06,07,2,0,0,1,1,0,0,0,0
"POINT (9.150372565000055 48.728823451000039)",Unfall 182662 (2021) Kat:3, Licht: 0,182662,3,3,5,05,16,4,0,0,1,1,0,0,0,0
"POINT (9.152397306000069 48.760234664000052)",Unfall 182663 (2021) Kat:3, Licht: 0,182663,3,7,0,05,17,7,1,0,1,0,0,0,0,0
"POINT (9.154572276000067 48.847107516000051)",Unfall 182696 (2021) Kat:2, Licht: 2,182696,2,3,0,06,23,3,0,2,1,1,0,0,0,0
"POINT (9.153801535000071 48.776634715000057)",Unfall 182698 (2021) Kat:3, Licht: 0,182698,3,1,0,06,12,2,0,0,1,0,0,0,0,0
"POINT (9.150780721000046 48.810603519000040)",Unfall 182711 (2021) Kat:3, Licht: 0,182711,3,1,0,06,17,1,0,0,1,0,0,0,0,0
"POINT (9.207294586000046 48.808725193000043)",Unfall 182731 (2021) Kat:3, Licht: 0,182731,3,6,2,06,15,2,0,0,0,1,0,0,0,0
"POINT (9.171397879000040 48.830563930000039)",Unfall 182737 (2021) Kat:3, Licht: 0,182737,3,3,5,06,08,6,1,0,0,1,0,0,0,1
"POINT (9.178490843000077 48.749986584000055)",Unfall 182752 (2021) Kat:3, Licht: 0,182752,3,5,1,06,16,4,0,0,1,1,0,0,0,0
"POINT (9.214707464000071 48.746117128000037)",Unfall 182758 (2021) Kat:3, Licht: 0,182758,3,6,0,06,11,3,0,0,0,0,0,0,0,1
"POINT (9.178712271000052 48.773758811000050)",Unfall 182763 (2021) Kat:3, Licht: 0,182763,3,7,2,06,10,2,0,0,1,1,0,0,0,0
"POINT (9.146014304000062 48.722763718000067)",Unfall 182772 (2021) Kat:3, Licht: 0,182772,3,3,5,06,18,6,0,0,1,1,0,0,0,0
"POINT (9.131613386000026 48.722223277000069)",Unfall 182781 (2021) Kat:2, Licht: 0,182781,2,2,5,06,12,4,0,0,0,1,0,1,0,0
"POINT (9.231456363000063 48.840984895000076)",Unfall 182806 (2021) Kat:3, Licht: 0,182806,3,3,5,06,13,5,0,0,0,1,0,0,0,0
"POINT (9.215339292000067 48.803387800000053)",Unfall 182836 (2021) Kat:3, Licht: 0,182836,3,3,5,06,15,4,0,0,1,1,0,0,0,0
"POINT (9.160855002000062 48.767449891000069)",Unfall 182840 (2021) Kat:3, Licht: 0,182840,3,1,0,06,08,3,0,0,1,0,0,0,0,0
"POINT (9.153973446000066 48.728514768000082)",Unfall 182844 (2021) Kat:3, Licht: 0,182844,3,7,0,06,15,7,0,0,1,0,0,0,0,0
"POINT (9.140425097000048 48.773607306000031)",Unfall 182862 (2021) Kat:3, Licht: 0,182862,3,6,2,06,10,4,0,0,0,1,0,0,1,0
"POINT (9.178497015000062 48.767058355000074)",Unfall 182877 (2021) Kat:3, Licht: 0,182877,3,2,2,06,16,4,0,0,0,1,0,0,0,0
"POINT (9.220372318000045 48.800522260000037)",Unfall 182889 (2021) Kat:3, Licht: 0,182889,3,7,0,06,12,3,0,0,1,1,0,0,0,0
"POINT (9.170798475000026 48.827770118000046)",Unfall 182959 (2021) Kat:3, Licht: 0,182959,3,2,5,06,12,2,0,0,1,1,0,0,0,0
"POINT (9.178382340000041 48.770640225000079)",Unfall 182966 (2021) Kat:3, Licht: 2,182966,3,1,0,06,01,1,0,2,0,0,0,0,0,1
"POINT (9.181437229000039 48.781894526000031)",Unfall 182971 (2021) Kat:3, Licht: 0,182971,3,7,0,06,18,1,0,0,0,0,0,0,0,1
"POINT (9.247728817000052 48.805232065000041)",Unfall 182981 (2021) Kat:3, Licht: 1,182981,3,7,0,06,21,6,0,1,0,0,0,1,0,0
"POINT (9.255537443000037 48.782199297000034)",Unfall 182990 (2021) Kat:3, Licht: 0,182990,3,7,0,06,14,4,1,0,1,0,0,0,0,0
"POINT (9.186654612000041 48.778383195000060)",Unfall 182992 (2021) Kat:3, Licht: 0,182992,3,5,1,06,14,4,0,0,1,1,0,0,0,0
"POINT (9.188515111000072 48.754865193000057)",Unfall 182997 (2021) Kat:3, Licht: 0,182997,3,3,5,06,09,6,0,0,0,1,0,0,0,0
"POINT (9.131444572000021 48.781743251000080)",Unfall 183004 (2021) Kat:2, Licht: 0,183004,2,2,0,06,08,4,0,0,0,0,0,1,0,1
"POINT (9.155616863000034 48.730745991000049)",Unfall 183007 (2021) Kat:2, Licht: 0,183007,2,7,0,06,14,4,0,0,1,0,0,0,0,0
"POINT (9.149502110000071 48.753909156000077)",Unfall 183019 (2021) Kat:3, Licht: 0,183019,3,1,8,06,15,7,0,0,0,0,0,1,0,0
"POINT (9.166013684000063 48.774765418000072)",Unfall 183035 (2021) Kat:3, Licht: 0,183035,3,5,1,06,15,6,0,0,1,1,0,0,0,0
"POINT (9.108101056000066 48.819670631000065)",Unfall 183036 (2021) Kat:3, Licht: 0,183036,3,1,0,06,12,6,1,0,1,0,0,0,0,0
"POINT (9.118069686000069 48.810254593000082)",Unfall 183062 (2021) Kat:2, Licht: 0,183062,2,3,5,06,18,3,0,0,1,1,0,0,0,0
"POINT (9.178415904000076 48.778615983000066)",Unfall 183072 (2021) Kat:3, Licht: 0,183072,3,6,6,06,19,1,0,0,1,0,1,0,0,0
"POINT (9.155059038000047 48.781241248000072)",Unfall 183085 (2021) Kat:3, Licht: 0,183085,3,6,4,06,09,6,0,0,0,1,0,1,0,0
"POINT (9.140004972000042 48.814081755000075)",Unfall 183091 (2021) Kat:3, Licht: 0,183091,3,7,2,06,19,4,0,0,0,0,0,1,0,1
"POINT (9.168661658000076 48.804569292000053)",Unfall 183099 (2021) Kat:3, Licht: 0,183099,3,7,0,06,15,4,0,0,1,0,0,0,0,1
"POINT (9.195499857000073 48.770858505000035)",Unfall 183102 (2021) Kat:3, Licht: 0,183102,3,7,2,06,10,3,0,0,0,1,0,1,0,0
"POINT (9.204820569000049 48.836380579000036)",Unfall 183118 (2021) Kat:3, Licht: 0,183118,3,3,0,06,08,4,0,0,0,1,0,1,0,0
"POINT (9.113287649000029 48.823560442000030)",Unfall 183124 (2021) Kat:2, Licht: 0,183124,2,7,1,06,07,4,0,0,0,1,0,0,1,0
"POINT (9.188609829000029 48.781229226000050)",Unfall 183137 (2021) Kat:2, Licht: 0,183137,2,7,0,06,13,4,0,0,1,0,0,0,0,0
"POINT (9.202300620000074 48.782938746000070)",Unfall 183181 (2021) Kat:2, Licht: 2,183181,2,7,1,06,03,7,0,2,1,1,0,0,0,0
"POINT (9.150136694000025 48.769304115000068)",Unfall 183184 (2021) Kat:2, Licht: 0,183184,2,7,8,06,18,3,0,0,0,1,0,0,0,0
"POINT (9.159022476000075 48.769252930000050)",Unfall 183185 (2021) Kat:3, Licht: 0,183185,3,2,5,06,12,2,0,0,1,1,0,0,0,0
"POINT (9.170549816000062 48.767612337000060)",Unfall 183204 (2021) Kat:2, Licht: 0,183204,2,1,0,06,16,5,0,0,1,0,0,0,0,0
"POINT (9.173558919000072 48.771235051000076)",Unfall 183205 (2021) Kat:3, Licht: 0,183205,3,7,7,06,12,7,0,0,1,0,0,0,0,1
"POINT (9.224405220000051 48.800946972000077)",Unfall 183206 (2021) Kat:2, Licht: 0,183206,2,6,4,06,15,6,0,0,0,1,0,1,0,0
"POINT (9.150723397000036 48.730787370000030)",Unfall 183235 (2021) Kat:3, Licht: 0,183235,3,7,0,06,08,2,0,0,1,0,0,0,0,0
"POINT (9.227081416000033 48.740260691000060)",Unfall 183242 (2021) Kat:3, Licht: 0,183242,3,3,5,06,19,5,0,0,0,1,0,0,0,0
"POINT (9.235686524000073 48.820129898000062)",Unfall 183265 (2021) Kat:3, Licht: 0,183265,3,6,0,06,11,2,0,0,0,0,0,0,1,1
"POINT (9.144990670000027 48.723808447000067)",Unfall 183296 (2021) Kat:3, Licht: 0,183296,3,3,5,06,16,4,0,0,0,1,0,0,0,0
"POINT (9.172156479000023 48.754740954000056)",Unfall 183315 (2021) Kat:3, Licht: 0,183315,3,1,0,06,16,3,0,0,0,0,0,1,0,0
"POINT (9.167927435000024 48.764572949000069)",Unfall 183319 (2021) Kat:3, Licht: 0,183319,3,6,0,06,15,4,0,0,0,1,0,1,0,0
"POINT (9.217654271000072 48.804265720000046)",Unfall 183324 (2021) Kat:3, Licht: 2,183324,3,7,0,06,23,7,0,2,1,0,0,0,0,0
"POINT (9.251198201000022 48.769619928000054)",Unfall 183346 (2021) Kat:3, Licht: 0,183346,3,6,2,06,16,6,0,0,0,1,0,0,0,0
"POINT (9.190633662000039 48.778321811000069)",Unfall 183347 (2021) Kat:3, Licht: 0,183347,3,7,0,06,11,1,0,0,1,0,0,0,0,0
"POINT (9.111467701000038 48.731541303000029)",Unfall 183354 (2021) Kat:3, Licht: 0,183354,3,1,0,06,08,2,0,0,1,0,0,0,0,0
"POINT (9.193171961000075 48.834860980000030)",Unfall 183357 (2021) Kat:3, Licht: 0,183357,3,6,2,06,19,3,0,0,1,0,0,0,0,1
"POINT (9.186154143000067 48.834098068000060)",Unfall 183368 (2021) Kat:3, Licht: 0,183368,3,6,2,06,07,2,0,0,0,1,0,1,0,0
"POINT (9.254969919000075 48.782499254000072)",Unfall 183370 (2021) Kat:3, Licht: 1,183370,3,3,5,06,20,4,0,1,0,1,0,0,0,0
"POINT (9.168049681000070 48.838712555000029)",Unfall 183372 (2021) Kat:3, Licht: 0,183372,3,6,0,06,08,4,0,0,1,1,0,0,0,0
"POINT (9.207478281000022 48.776262460000055)",Unfall 183389 (2021) Kat:3, Licht: 0,183389,3,7,0,06,11,2,0,0,0,1,0,1,0,0
"POINT (9.178580754000052 48.829680472000064)",Unfall 183390 (2021) Kat:3, Licht: 0,183390,3,6,4,06,18,4,0,0,1,0,0,0,0,0
"POINT (9.123708453000063 48.814505003000079)",Unfall 183410 (2021) Kat:3, Licht: 0,183410,3,2,3,06,18,6,0,0,1,1,0,0,0,0
"POINT (9.240051507000032 48.774116180000078)",Unfall 183428 (2021) Kat:3, Licht: 0,183428,3,2,2,06,12,5,0,0,0,1,0,0,0,1
"POINT (9.128104001000054 48.740794935000054)",Unfall 183433 (2021) Kat:3, Licht: 0,183433,3,2,5,06,18,5,0,0,0,1,0,1,0,0
"POINT (9.167239193000057 48.787698061000071)",Unfall 183436 (2021) Kat:3, Licht: 2,183436,3,5,1,06,23,1,0,2,0,1,0,0,0,0
"POINT (9.204205201000036 48.813211682000031)",Unfall 183439 (2021) Kat:3, Licht: 0,183439,3,1,1,06,20,6,0,0,1,1,0,0,0,0
"POINT (9.127066687000024 48.733269137000036)",Unfall 183454 (2021) Kat:3, Licht: 0,183454,3,6,4,06,18,3,0,0,1,0,0,0,0,0
"POINT (9.198424450000061 48.801327089000040)",Unfall 183458 (2021) Kat:3, Licht: 0,183458,3,6,3,06,07,5,0,0,1,0,0,0,1,0
"POINT (9.159565839000038 48.744192332000068)",Unfall 183477 (2021) Kat:3, Licht: 0,183477,3,7,0,06,14,4,0,0,1,0,0,0,0,0
"POINT (9.232026028000064 48.744264502000078)",Unfall 183495 (2021) Kat:3, Licht: 0,183495,3,7,5,06,07,4,1,0,1,1,0,0,0,0
"POINT (9.201817823000056 48.710144059000072)",Unfall 183496 (2021) Kat:3, Licht: 0,183496,3,7,6,06,16,6,0,0,0,1,1,0,0,0
"POINT (9.170915512000022 48.782271182000045)",Unfall 183498 (2021) Kat:3, Licht: 0,183498,3,3,5,06,20,3,1,0,0,1,0,0,0,0
"POINT (9.167156274000035 48.780429755000057)",Unfall 183517 (2021) Kat:3, Licht: 0,183517,3,7,0,06,09,3,0,0,1,0,0,0,0,0
"POINT (9.203723508000053 48.834632502000034)",Unfall 183549 (2021) Kat:3, Licht: 0,183549,3,2,5,06,20,4,0,0,1,1,0,0,0,0
"POINT (9.165136176000033 48.763354497000080)",Unfall 183556 (2021) Kat:3, Licht: 1,183556,3,2,5,06,20,5,0,1,1,1,0,0,0,0
"POINT (9.139202917000034 48.841646600000047)",Unfall 183575 (2021) Kat:3, Licht: 0,183575,3,7,1,06,16,3,0,0,0,0,0,1,1,0
"POINT (9.102053035000040 48.804270128000041)",Unfall 183582 (2021) Kat:3, Licht: 0,183582,3,3,5,06,07,2,0,0,0,1,0,1,0,0
"POINT (9.195838519000063 48.732777139000063)",Unfall 183607 (2021) Kat:3, Licht: 0,183607,3,6,3,06,13,7,0,0,1,1,0,0,0,1
"POINT (9.178980605000049 48.771176061000062)",Unfall 183609 (2021) Kat:3, Licht: 0,183609,3,7,0,06,12,1,0,0,0,0,0,1,0,0
"POINT (9.185497913000063 48.815962280000065)",Unfall 183614 (2021) Kat:3, Licht: 2,183614,3,1,9,06,00,7,0,2,0,0,0,0,0,1
"POINT (9.191377168000031 48.779852983000069)",Unfall 183627 (2021) Kat:3, Licht: 0,183627,3,6,4,06,17,3,0,0,0,1,0,0,0,1
"POINT (9.153334500000028 48.802777501000037)",Unfall 183631 (2021) Kat:3, Licht: 0,183631,3,7,0,06,12,5,0,0,1,0,0,0,0,0
"POINT (9.155093856000065 48.779369819000067)",Unfall 183660 (2021) Kat:2, Licht: 0,183660,2,7,0,06,07,1,0,0,0,0,0,1,0,0
"POINT (9.206571381000060 48.784183038000037)",Unfall 183676 (2021) Kat:3, Licht: 0,183676,3,7,2,06,11,6,0,0,0,1,0,0,0,0
"POINT (9.248610510000049 48.768873679000080)",Unfall 183687 (2021) Kat:3, Licht: 0,183687,3,2,5,06,10,2,0,0,0,1,0,0,1,0
"POINT (9.214911154000049 48.745511642000054)",Unfall 183689 (2021) Kat:3, Licht: 0,183689,3,7,6,06,18,4,0,0,0,1,1,0,0,0
"POINT (9.214460301000031 48.736817838000036)",Unfall 183703 (2021) Kat:3, Licht: 0,183703,3,2,2,06,10,5,0,0,0,1,0,0,0,0
"POINT (9.186490314000025 48.790663664000078)",Unfall 183739 (2021) Kat:3, Licht: 0,183739,3,3,5,06,11,3,0,0,0,1,0,0,0,0
"POINT (9.177874644000042 48.813716155000066)",Unfall 183745 (2021) Kat:3, Licht: 0,183745,3,7,0,06,15,3,0,0,1,0,0,0,0,0
"POINT (9.181694820000075 48.782961720000060)",Unfall 183754 (2021) Kat:3, Licht: 0,183754,3,3,5,07,17,7,0,0,0,1,0,0,0,1
"POINT (9.163828028000069 48.762957692000043)",Unfall 183765 (2021) Kat:3, Licht: 0,183765,3,1,1,07,12,7,0,0,1,1,0,0,0,0
"POINT (9.177803803000074 48.784233841000059)",Unfall 183776 (2021) Kat:3, Licht: 0,183776,3,6,2,07,17,5,0,0,0,1,0,0,0,0
"POINT (9.207454382000037 48.779412506000028)",Unfall 183804 (2021) Kat:3, Licht: 0,183804,3,1,1,07,11,3,1,0,1,1,0,0,0,0
"POINT (9.117025395000041 48.732951024000045)",Unfall 183808 (2021) Kat:3, Licht: 0,183808,3,7,0,07,12,4,0,0,1,0,0,0,0,0
"POINT (9.176144179000062 48.771389114000044)",Unfall 183810 (2021) Kat:2, Licht: 0,183810,2,7,1,07,15,6,0,0,0,1,0,1,0,0
"POINT (9.196826711000028 48.789383898000040)",Unfall 183811 (2021) Kat:3, Licht: 2,183811,3,7,0,07,04,1,0,2,0,0,0,0,0,1
"POINT (9.167416036000077 48.761823176000064)",Unfall 183812 (2021) Kat:3, Licht: 0,183812,3,6,4,07,07,3,1,0,1,1,0,0,0,0
"POINT (9.176813533000029 48.762969906000080)",Unfall 183817 (2021) Kat:3, Licht: 0,183817,3,2,6,07,11,3,1,0,0,1,1,0,0,0
"POINT (9.183442243000059 48.770903146000080)",Unfall 183830 (2021) Kat:3, Licht: 0,183830,3,6,2,07,18,5,0,0,1,1,0,0,0,0
"POINT (9.226719780000053 48.845213087000047)",Unfall 183835 (2021) Kat:3, Licht: 0,183835,3,6,2,07,16,2,0,0,0,1,0,0,0,1
"POINT (9.233113571000047 48.789780086000064)",Unfall 183857 (2021) Kat:3, Licht: 0,183857,3,2,5,07,12,7,0,0,0,1,0,1,0,0
"POINT (9.150448962000041 48.731506566000064)",Unfall 183865 (2021) Kat:3, Licht: 0,183865,3,3,5,07,07,5,1,0,0,1,0,1,0,0
"POINT (9.172419323000042 48.769975429000056)",Unfall 183930 (2021) Kat:2, Licht: 0,183930,2,4,6,07,17,2,0,0,1,0,1,0,0,0
"POINT (9.175978081000039 48.783643540000071)",Unfall 183979 (2021) Kat:3, Licht: 0,183979,3,3,5,07,13,2,0,0,0,1,0,0,0,0
"POINT (9.169712888000049 48.832392295000034)",Unfall 184021 (2021) Kat:2, Licht: 0,184021,2,7,6,07,14,7,0,0,1,0,1,0,0,0
"POINT (9.177479494000067 48.780138256000043)",Unfall 184058 (2021) Kat:3, Licht: 2,184058,3,4,6,07,22,6,0,2,0,1,1,0,0,0
"POINT (9.120314524000037 48.770048512000074)",Unfall 184060 (2021) Kat:2, Licht: 0,184060,2,7,0,07,20,1,0,0,1,0,0,0,0,0
"POINT (9.191158133000044 48.785191934000068)",Unfall 184069 (2021) Kat:3, Licht: 0,184069,3,7,2,07,11,4,0,0,0,0,0,1,0,1
"POINT (9.167409567000050 48.830737670000076)",Unfall 184101 (2021) Kat:3, Licht: 2,184101,3,3,5,07,22,6,0,2,0,1,0,1,0,0
"POINT (9.175750573000073 48.792339367000068)",Unfall 184114 (2021) Kat:3, Licht: 1,184114,3,6,0,07,21,3,0,1,1,0,0,0,0,1
"POINT (9.129731339000045 48.721036094000056)",Unfall 184121 (2021) Kat:3, Licht: 0,184121,3,2,2,07,15,2,0,0,0,0,0,0,1,1
"POINT (9.210343784000031 48.810146194000026)",Unfall 184141 (2021) Kat:3, Licht: 0,184141,3,4,6,07,12,6,0,0,0,1,1,0,0,0
"POINT (9.171832793000021 48.769227333000060)",Unfall 184149 (2021) Kat:3, Licht: 0,184149,3,2,3,07,18,5,0,0,1,1,0,0,0,0
"POINT (9.105931166000062 48.807019993000040)",Unfall 184152 (2021) Kat:3, Licht: 0,184152,3,3,5,07,18,5,0,0,1,1,0,0,0,0
"POINT (9.180767087000049 48.801124042000026)",Unfall 184162 (2021) Kat:3, Licht: 0,184162,3,4,6,06,08,4,0,0,0,1,1,0,0,0
"POINT (9.221376448000058 48.810356608000063)",Unfall 184171 (2021) Kat:3, Licht: 0,184171,3,4,6,07,08,3,1,0,0,1,1,0,0,0
"POINT (9.181300757000031 48.835818405000055)",Unfall 184176 (2021) Kat:3, Licht: 0,184176,3,3,5,07,15,4,0,0,1,1,0,0,0,0
"POINT (9.171701716000030 48.762611594000077)",Unfall 184204 (2021) Kat:3, Licht: 0,184204,3,7,6,07,13,6,0,0,0,1,1,0,0,0
"POINT (9.124745677000021 48.778340818000061)",Unfall 184206 (2021) Kat:3, Licht: 0,184206,3,6,6,07,14,6,0,0,0,1,1,0,0,0
"POINT (9.181595829000059 48.782995187000040)",Unfall 184212 (2021) Kat:2, Licht: 0,184212,2,6,3,07,18,3,1,0,0,1,0,0,0,1
"POINT (9.160209219000023 48.809532926000031)",Unfall 184222 (2021) Kat:3, Licht: 1,184222,3,3,5,07,21,2,0,1,0,1,0,0,0,0
"POINT (9.220259808000037 48.801168856000061)",Unfall 184231 (2021) Kat:3, Licht: 0,184231,3,3,5,07,07,4,0,0,1,0,0,0,0,1
"POINT (9.106176434000076 48.806567006000080)",Unfall 184252 (2021) Kat:3, Licht: 0,184252,3,3,5,07,06,6,0,0,0,1,0,0,0,1
"POINT (9.170744949000039 48.775556614000038)",Unfall 184272 (2021) Kat:3, Licht: 2,184272,3,1,0,07,23,4,0,2,0,0,0,0,0,1
"POINT (9.139832130000059 48.776333383000065)",Unfall 184278 (2021) Kat:2, Licht: 0,184278,2,6,2,07,13,7,0,0,1,1,0,0,0,0
"POINT (9.265994618000036 48.751553762000071)",Unfall 184300 (2021) Kat:3, Licht: 0,184300,3,3,5,07,13,3,0,0,0,1,0,0,0,0
"POINT (9.194996465000031 48.828480577000050)",Unfall 184311 (2021) Kat:3, Licht: 0,184311,3,4,6,07,19,3,0,0,0,0,1,0,0,1
"POINT (9.174261896000075 48.810753511000030)",Unfall 184342 (2021) Kat:3, Licht: 2,184342,3,7,7,07,00,3,1,2,1,0,0,0,0,0
"POINT (9.142956926000068 48.810151984000072)",Unfall 184352 (2021) Kat:3, Licht: 0,184352,3,2,6,07,16,2,0,0,0,1,1,0,0,0
"POINT (9.140789546000065 48.772285566000050)",Unfall 184365 (2021) Kat:3, Licht: 0,184365,3,6,0,07,18,4,0,0,0,1,0,0,0,1
"POINT (9.161230439000065 48.761133201000064)",Unfall 184375 (2021) Kat:3, Licht: 0,184375,3,6,2,06,12,4,0,0,0,1,0,1,0,0
"POINT (9.261866723000026 48.772222600000077)",Unfall 184383 (2021) Kat:3, Licht: 0,184383,3,6,2,07,19,7,0,0,0,1,0,0,0,0
"POINT (9.148184106000031 48.726233750000063)",Unfall 184384 (2021) Kat:3, Licht: 0,184384,3,3,5,07,17,2,0,0,0,1,0,1,0,0
"POINT (9.113543800000059 48.819626132000053)",Unfall 184395 (2021) Kat:3, Licht: 0,184395,3,5,1,07,14,4,0,0,1,0,0,0,0,0
"POINT (9.229587051000067 48.817134382000063)",Unfall 184425 (2021) Kat:2, Licht: 0,184425,2,6,4,07,18,4,0,0,1,0,0,0,0,0
"POINT (9.194710114000031 48.798843793000060)",Unfall 184429 (2021) Kat:3, Licht: 0,184429,3,3,5,07,07,2,0,0,0,1,0,1,0,0
"POINT (9.191246964000072 48.826614076000055)",Unfall 184431 (2021) Kat:2, Licht: 0,184431,2,5,1,07,16,5,0,0,1,1,0,0,0,0
"POINT (9.173438064000038 48.825466633000076)",Unfall 184435 (2021) Kat:3, Licht: 0,184435,3,6,2,07,15,5,0,0,0,1,0,0,0,0
"POINT (9.171128872000054 48.774071898000045)",Unfall 184440 (2021) Kat:3, Licht: 0,184440,3,7,0,07,07,2,0,0,0,0,0,0,1,1
"POINT (9.157517881000047 48.768061087000035)",Unfall 184474 (2021) Kat:3, Licht: 0,184474,3,7,0,07,08,3,1,0,0,0,0,1,0,0
"POINT (9.243632599000023 48.776030229000071)",Unfall 184485 (2021) Kat:3, Licht: 0,184485,3,6,2,07,09,4,0,0,0,1,0,0,0,0
"POINT (9.221966353000028 48.800828281000065)",Unfall 184490 (2021) Kat:3, Licht: 0,184490,3,6,2,07,11,7,0,0,0,1,0,0,0,0
"POINT (9.203458317000070 48.812896676000037)",Unfall 184500 (2021) Kat:3, Licht: 0,184500,3,6,2,07,15,6,0,0,0,1,0,0,0,0
"POINT (9.116709466000032 48.724958447000063)",Unfall 184503 (2021) Kat:3, Licht: 0,184503,3,2,5,07,16,4,0,0,0,1,0,0,0,0
"POINT (9.184910666000064 48.775813008000057)",Unfall 184519 (2021) Kat:3, Licht: 0,184519,3,7,0,07,08,4,1,0,1,0,0,0,0,0
"POINT (9.212041594000027 48.788856285000065)",Unfall 184530 (2021) Kat:3, Licht: 0,184530,3,5,1,07,12,4,0,0,0,1,0,0,0,0
"POINT (9.170808913000030 48.781776657000080)",Unfall 184532 (2021) Kat:2, Licht: 0,184532,2,6,3,07,15,3,0,0,1,1,0,0,0,0
"POINT (9.181499424000037 48.776875597000071)",Unfall 184551 (2021) Kat:3, Licht: 0,184551,3,7,6,07,11,3,0,0,1,0,1,0,0,0
"POINT (9.213541501000066 48.805523819000030)",Unfall 184589 (2021) Kat:3, Licht: 0,184589,3,7,6,07,15,6,0,0,0,0,1,0,0,1
"POINT (9.253421655000068 48.778097156000058)",Unfall 184631 (2021) Kat:3, Licht: 0,184631,3,3,5,07,20,5,1,0,1,1,0,0,0,0
"POINT (9.171482136000066 48.818484954000041)",Unfall 184654 (2021) Kat:3, Licht: 0,184654,3,1,0,07,17,2,0,0,0,0,0,1,0,1
"POINT (9.185130857000047 48.831977522000045)",Unfall 184660 (2021) Kat:3, Licht: 0,184660,3,3,5,07,15,6,0,0,0,1,0,1,0,0
"POINT (9.183775019000052 48.792064451000044)",Unfall 184667 (2021) Kat:3, Licht: 0,184667,3,2,5,07,18,3,1,0,1,1,0,0,0,0
"POINT (9.114741622000054 48.810698009000077)",Unfall 184729 (2021) Kat:3, Licht: 0,184729,3,4,6,07,16,2,0,0,0,1,1,0,0,0
"POINT (9.100380859000040 48.732452996000063)",Unfall 184747 (2021) Kat:3, Licht: 0,184747,3,3,5,07,07,6,0,0,0,1,0,1,0,0
"POINT (9.162141150000025 48.797567452000067)",Unfall 184750 (2021) Kat:3, Licht: 0,184750,3,6,4,07,18,4,0,0,0,1,0,0,0,1
"POINT (9.169429686000058 48.766291044000070)",Unfall 184754 (2021) Kat:3, Licht: 0,184754,3,6,2,07,15,5,0,0,1,1,0,0,0,0
"POINT (9.211782958000072 48.788815044000046)",Unfall 184762 (2021) Kat:3, Licht: 0,184762,3,6,2,07,07,2,0,0,0,1,0,0,0,0
"POINT (9.172124920000044 48.811027163000063)",Unfall 184765 (2021) Kat:2, Licht: 1,184765,2,7,0,07,20,1,1,1,0,0,0,0,0,1
"POINT (9.207721716000037 48.785340974000064)",Unfall 184767 (2021) Kat:3, Licht: 0,184767,3,4,6,06,11,4,0,0,0,1,1,0,0,0
"POINT (9.160585015000038 48.809023217000060)",Unfall 184773 (2021) Kat:3, Licht: 0,184773,3,7,0,07,15,6,0,0,1,0,0,0,0,0
"POINT (9.220232721000059 48.801448574000062)",Unfall 184799 (2021) Kat:2, Licht: 0,184799,2,1,0,08,11,4,0,0,1,0,0,0,0,0
"POINT (9.208743582000068 48.795652810000036)",Unfall 184800 (2021) Kat:3, Licht: 0,184800,3,3,5,08,10,3,0,0,0,1,0,0,0,0
"POINT (9.167602290000048 48.782245204000048)",Unfall 184810 (2021) Kat:3, Licht: 2,184810,3,3,5,07,04,7,0,2,0,1,0,0,0,1
"POINT (9.160566046000042 48.760924725000052)",Unfall 184823 (2021) Kat:3, Licht: 0,184823,3,2,6,08,17,5,0,0,0,1,1,0,0,0