WKT,Name,OBJECTID,UKATEGORIE,UTYP1,UART,UMONAT,USTUNDE,UWOCHENTAG,STRZUSTAND,ULICHTVERH,ISTRAD,ISTPKW,ISTFUSS,ISTKRAD,ISTGKFZ,ISTSONSTIG
"POINT (9.124847381000052 48.778936482000063)",Unfall 184831 (2021) Kat:3, Licht: 0,184831,3,3,5,07,10,7,0,0,0,1,0,0,0,0
"POINT (9.174265073000072 48.784411018000071)",Unfall 184842 (2021) Kat:2, Licht: 0,184842,2,7,0,08,13,4,0,0,0,0,0,0,0,1
"POINT (9.223047946000065 48.790259252000055)",Unfall 184855 (2021) Kat:3, Licht: 0,184855,3,7,7,08,07,2,0,0,1,0,0,0,0,1
"POINT (9.202360602000056 48.837627979000047)",Unfall 184865 (2021) Kat:3, Licht: 2,184865,3,6,0,07,22,7,0,2,0,1,0,0,0,1
"POINT (9.228601340000068 48.800564616000031)",Unfall 184892 (2021) Kat:3, Licht: 0,184892,3,6,2,08,16,4,0,0,0,1,0,0,0,0
"POINT (9.178504145000034 48.767119919000038)",Unfall 184897 (2021) Kat:2, Licht: 0,184897,2,5,1,07,08,3,0,0,1,1,0,0,0,0
"POINT (9.195487752000076 48.789195047000078)",Unfall 184913 (2021) Kat:2, Licht: 0,184913,2,7,6,07,18,6,0,0,0,1,1,0,0,0
"POINT (9.201220723000063 48.792692252000052)",Unfall 184917 (2021) Kat:3, Licht: 0,184917,3,7,1,08,12,5,0,0,0,0,0,0,1,1
"POINT (9.160589130000062 48.760892289000026)",Unfall 184919 (2021) Kat:3, Licht: 0,184919,3,2,5,07,09,2,0,0,1,1,0,0,0,0
"POINT (9.113628076000055 48.804883000000075)",Unfall 184932 (2021) Kat:3, Licht: 0,184932,3,3,5,07,07,3,0,0,1,1,0,0,0,0
"POINT (9.183951190000073 48.772866124000075)",Unfall 184935 (2021) Kat:3, Licht: 0,184935,3,6,2,07,13,6,0,0,0,1,0,0,0,0
"POINT (9.269715306000023 48.787565575000031)",Unfall 184937 (2021) Kat:3, Licht: 0,184937,3,7,0,07,20,5,0,0,1,0,0,0,0,0
"POINT (9.155936242000053 48.779069338000056)",Unfall 184951 (2021) Kat:3, Licht: 2,184951,3,7,1,08,01,2,0,2,0,1,0,0,0,1
"POINT (9.190826093000055 48.778705147000039)",Unfall 184966 (2021) Kat:2, Licht: 0,184966,2,7,0,08,08,4,0,0,1,0,0,0,0,0
"POINT (9.234664566000049 48.814806380000050)",Unfall 184989 (2021) Kat:3, Licht: 0,184989,3,2,5,07,18,6,0,0,1,1,0,0,0,0
"POINT (9.212489828000059 48.795352447000027)",Unfall 185010 (2021) Kat:3, Licht: 0,185010,3,7,0,07,14,6,0,0,0,1,0,1,0,0
"POINT (9.176111037000055 48.798273943000027)",Unfall 185026 (2021) Kat:2, Licht: 0,185026,2,1,0,07,14,7,0,0,1,0,0,0,0,0
"POINT (9.188240272000030 48.789093797000078)",Unfall 185045 (2021) Kat:3, Licht: 0,185045,3,1,4,08,20,1,0,0,0,1,0,0,0,0
"POINT (9.210843815000032 48.811968642000068)",Unfall 185054 (2021) Kat:3, Licht: 1,185054,3,7,0,07,21,6,0,1,0,0,0,0,0,1
"POINT (9.193417627000031 48.835042270000031)",Unfall 185060 (2021) Kat:3, Licht: 2,185060,3,1,1,08,22,2,0,2,1,1,0,0,0,0
"POINT (9.231483834000073 48.835226055000078)",Unfall 185069 (2021) Kat:3, Licht: 2,185069,3,1,9,07,22,7,0,2,0,1,0,0,0,0
"POINT (9.163569992000021 48.837159940000049)",Unfall 185097 (2021) Kat:3, Licht: 0,185097,3,7,8,08,06,4,0,0,0,1,0,0,0,0
"POINT (9.168530546000056 48.813740727000038)",Unfall 185099 (2021) Kat:3, Licht: 0,185099,3,7,6,08,14,7,1,0,0,1,1,0,0,0
"POINT (9.176162080000040 48.765037209000070)",Unfall 185102 (2021) Kat:3, Licht: 0,185102,3,6,2,07,19,3,0,0,0,1,0,0,0,0
"POINT (9.186913001000050 48.829548884000076)",Unfall 185123 (2021) Kat:3, Licht: 0,185123,3,3,5,08,15,4,0,0,0,1,0,0,0,0
"POINT (9.117491527000027 48.719314880000070)",Unfall 185140 (2021) Kat:3, Licht: 0,185140,3,7,3,07,16,3,0,0,1,0,0,0,0,0
"POINT (9.238298364000059 48.813577342000031)",Unfall 185162 (2021) Kat:2, Licht: 0,185162,2,7,0,07,10,7,0,0,1,0,0,0,0,0
"POINT (9.108717403000071 48.732597531000067)",Unfall 185186 (2021) Kat:3, Licht: 0,185186,3,3,5,08,19,3,0,0,1,1,0,0,0,0
"POINT (9.194151849000036 48.788393781000082)",Unfall 185232 (2021) Kat:3, Licht: 0,185232,3,6,2,07,12,7,0,0,0,1,0,0,0,0
"POINT (9.264928208000072 48.767427431000044)",Unfall 185250 (2021) Kat:3, Licht: 0,185250,3,3,5,08,11,7,0,0,1,1,0,0,0,0
"POINT (9.190790126000024 48.778633498000033)",Unfall 185261 (2021) Kat:3, Licht: 0,185261,3,7,0,07,18,6,0,0,1,0,0,0,0,0
"POINT (9.155759254000031 48.778468038000028)",Unfall 185262 (2021) Kat:3, Licht: 0,185262,3,6,3,08,14,7,0,0,1,1,0,0,0,0
"POINT (9.164267943000027 48.770890217000044)",Unfall 185275 (2021) Kat:2, Licht: 0,185275,2,3,5,07,08,5,0,0,1,1,0,0,0,0
"POINT (9.241188358000045 48.775014516000056)",Unfall 185281 (2021) Kat:3, Licht: 0,185281,3,3,5,08,12,3,1,0,1,1,0,0,0,0
"POINT (9.173134452000056 48.770818016000078)",Unfall 185310 (2021) Kat:3, Licht: 0,185310,3,2,3,07,16,6,0,0,1,0,0,0,0,0
"POINT (9.230943925000076 48.846208779000051)",Unfall 185316 (2021) Kat:3, Licht: 0,185316,3,7,0,07,16,7,0,0,0,0,0,1,0,0
"POINT (9.248391871000024 48.768812712000056)",Unfall 185320 (2021) Kat:3, Licht: 0,185320,3,6,2,07,06,3,0,0,0,1,0,0,0,0
"POINT (9.111686255000052 48.813696518000029)",Unfall 185326 (2021) Kat:3, Licht: 2,185326,3,2,6,07,22,5,0,2,0,1,1,0,0,0
"POINT (9.161965792000046 48.761347008000030)",Unfall 185341 (2021) Kat:3, Licht: 0,185341,3,6,2,08,13,5,0,0,0,1,0,0,0,0
"POINT (9.239403463000031 48.789724053000043)",Unfall 185345 (2021) Kat:2, Licht: 0,185345,2,3,0,08,18,4,0,0,0,1,0,1,0,0
"POINT (9.238602809000042 48.776048656000057)",Unfall 185382 (2021) Kat:3, Licht: 0,185382,3,7,0,07,08,6,0,0,1,0,0,0,0,0
"POINT (9.128332177000061 48.719559130000050)",Unfall 185443 (2021) Kat:3, Licht: 0,185443,3,6,2,07,16,5,0,0,0,1,0,0,0,0
"POINT (9.262776216000077 48.770416916000045)",Unfall 185486 (2021) Kat:3, Licht: 0,185486,3,3,5,08,14,2,1,0,0,1,0,0,0,0
"POINT (9.180988349000074 48.783244022000076)",Unfall 185499 (2021) Kat:3, Licht: 0,185499,3,4,6,08,18,6,0,0,0,1,1,0,0,0
"POINT (9.156680053000059 48.771241386000042)",Unfall 185500 (2021) Kat:3, Licht: 1,185500,3,5,1,08,21,1,0,1,0,1,0,0,0,0
"POINT (9.207122784000035 48.788926486000037)",Unfall 185511 (2021) Kat:3, Licht: 0,185511,3,7,0,07,14,1,1,0,0,0,0,1,0,0
"POINT (9.175161135000053 48.747951905000036)",Unfall 185514 (2021) Kat:3, Licht: 0,185514,3,3,5,07,10,6,0,0,0,1,0,0,0,0
"POINT (9.136302089000026 48.741765725000050)",Unfall 185517 (2021) Kat:3, Licht: 0,185517,3,3,0,08,09,4,0,0,1,1,0,0,0,0
"POINT (9.171291988000064 48.768571817000065)",Unfall 185522 (2021) Kat:3, Licht: 0,185522,3,1,0,07,08,3,0,0,1,0,0,0,0,0
"POINT (9.207900201000029 48.785546997000040)",Unfall 185536 (2021) Kat:3, Licht: 0,185536,3,5,1,08,15,2,1,0,1,1,0,0,0,0
"POINT (9.158674225000027 48.811875199000042)",Unfall 185547 (2021) Kat:3, Licht: 0,185547,3,7,5,08,16,4,0,0,1,1,0,0,0,0
"POINT (9.159681853000052 48.756802883000034)",Unfall 185556 (2021) Kat:3, Licht: 0,185556,3,7,0,07,07,3,0,0,0,0,0,1,0,0
"POINT (9.120637841000075 48.746364219000043)",Unfall 185557 (2021) Kat:3, Licht: 0,185557,3,6,2,08,17,3,0,0,1,1,0,0,0,0
"POINT (9.107941069000049 48.810873141000059)",Unfall 185601 (2021) Kat:2, Licht: 0,185601,2,3,5,08,11,1,0,0,1,0,0,0,0,0
"POINT (9.158998934000067 48.813926252000044)",Unfall 185611 (2021) Kat:3, Licht: 0,185611,3,4,6,07,16,4,0,0,0,1,1,0,0,0
"POINT (9.158971763000068 48.769262535000053)",Unfall 185654 (2021) Kat:3, Licht: 0,185654,3,2,5,08,12,3,0,0,1,0,0,0,0,1
"POINT (9.160611860000074 48.782207722000066)",Unfall 185661 (2021) Kat:3, Licht: 0,185661,3,3,5,08,13,2,0,0,0,1,0,1,0,0
"POINT (9.225916885000061 48.823426653000070)",Unfall 185668 (2021) Kat:3, Licht: 0,185668,3,6,4,07,17,3,0,0,1,1,0,0,0,0
"POINT (9.193891555000050 48.753191055000059)",Unfall 185687 (2021) Kat:3, Licht: 0,185687,3,5,1,08,18,2,0,0,1,1,0,0,0,0
"POINT (9.158612630000050 48.732702328000073)",Unfall 185692 (2021) Kat:3, Licht: 0,185692,3,2,5,08,12,4,0,0,0,1,0,1,0,0
"POINT (9.238549918000047 48.776030729000070)",Unfall 185696 (2021) Kat:3, Licht: 2,185696,3,1,9,08,23,1,0,2,1,0,0,0,0,0
"POINT (9.107824176000065 48.737456541000029)",Unfall 185697 (2021) Kat:3, Licht: 0,185697,3,2,5,07,08,5,0,0,1,1,0,0,0,0
"POINT (9.163602668000067 48.834201711000048)",Unfall 185711 (2021) Kat:3, Licht: 2,185711,3,7,9,07,20,7,0,2,0,1,0,0,0,0
"POINT (9.131065152000076 48.814257403000056)",Unfall 185719 (2021) Kat:2, Licht: 0,185719,2,6,2,07,19,6,0,0,1,1,0,0,0,0
"POINT (9.196323123000070 48.789457608000077)",Unfall 185730 (2021) Kat:3, Licht: 0,185730,3,6,2,08,09,6,0,0,1,1,0,0,0,0
"POINT (9.174664344000064 48.831791848000080)",Unfall 185739 (2021) Kat:3, Licht: 0,185739,3,5,1,07,07,5,0,0,0,1,0,1,0,0
"POINT (9.210347208000030 48.785265108000033)",Unfall 185758 (2021) Kat:3, Licht: 0,185758,3,2,6,07,17,4,0,0,0,1,1,0,0,0
"POINT (9.248573273000034 48.807670113000029)",Unfall 185763 (2021) Kat:3, Licht: 0,185763,3,7,1,07,07,7,0,0,0,1,0,0,0,0
"POINT (9.238710952000076 48.835566732000075)",Unfall 185796 (2021) Kat:3, Licht: 0,185796,3,3,5,07,15,6,0,0,1,1,0,0,0,0
"POINT (9.271521833000065 48.764314231000071)",Unfall 185805 (2021) Kat:3, Licht: 0,185805,3,1,4,07,19,6,0,0,1,0,0,0,0,1
"POINT (9.144022816000074 48.774250746000064)",Unfall 185823 (2021) Kat:3, Licht: 0,185823,3,7,0,09,20,3,0,0,1,0,0,0,0,0
"POINT (9.270464913000069 48.763206712000056)",Unfall 185825 (2021) Kat:3, Licht: 0,185825,3,3,5,09,18,2,0,0,0,1,0,0,0,0
"POINT (9.186046294000050 48.815901109000038)",Unfall 185837 (2021) Kat:3, Licht: 0,185837,3,3,5,09,14,6,0,0,0,1,0,1,0,0
"POINT (9.218512800000042 48.801852344000054)",Unfall 185870 (2021) Kat:3, Licht: 0,185870,3,3,5,09,15,6,0,0,1,1,0,0,0,0
"POINT (9.235980654000059 48.776460094000072)",Unfall 185872 (2021) Kat:3, Licht: 0,185872,3,6,2,09,10,5,0,0,0,1,0,1,0,0
"POINT (9.156239422000056 48.760691762000079)",Unfall 185895 (2021) Kat:2, Licht: 0,185895,2,3,5,09,13,3,0,0,1,0,0,0,0,1
"POINT (9.171662743000070 48.818555097000058)",Unfall 185911 (2021) Kat:3, Licht: 0,185911,3,6,6,09,09,6,0,0,0,0,1,0,0,1
"POINT (9.219923318000042 48.809362245000045)",Unfall 185923 (2021) Kat:3, Licht: 0,185923,3,6,2,09,15,3,0,0,0,1,0,0,0,0
"POINT (9.168459355000039 48.804863167000065)",Unfall 185928 (2021) Kat:2, Licht: 1,185928,2,1,0,09,07,4,0,1,0,0,0,1,0,0
"POINT (9.161843501000021 48.777157840000029)",Unfall 185944 (2021) Kat:3, Licht: 0,185944,3,3,0,08,15,5,0,0,0,1,0,0,0,1
"POINT (9.174208155000031 48.771838465000030)",Unfall 185954 (2021) Kat:3, Licht: 2,185954,3,6,4,08,22,4,0,2,1,1,0,0,0,0
"POINT (9.251636710000071 48.803477971000063)",Unfall 185955 (2021) Kat:3, Licht: 0,185955,3,7,3,09,18,2,0,0,1,1,0,0,0,0
"POINT (9.141102079000063 48.717096189000074)",Unfall 185957 (2021) Kat:3, Licht: 0,185957,3,6,0,08,17,1,1,0,0,1,0,0,0,1
"POINT (9.175363651000055 48.835715927000081)",Unfall 185971 (2021) Kat:3, Licht: 0,185971,3,7,0,08,16,2,0,0,0,0,0,1,0,0
"POINT (9.173953515000051 48.827723597000045)",Unfall 185981 (2021) Kat:3, Licht: 0,185981,3,2,0,09,16,3,0,0,0,0,0,0,0,1
"POINT (9.216182546000027 48.806943139000055)",Unfall 185988 (2021) Kat:3, Licht: 0,185988,3,7,2,08,09,3,0,0,1,1,0,0,0,0
"POINT (9.217196440000066 48.803920052000080)",Unfall 185991 (2021) Kat:3, Licht: 2,185991,3,4,6,09,20,2,0,2,0,0,1,0,0,1
"POINT (9.187661831000071 48.748006248000081)",Unfall 185995 (2021) Kat:3, Licht: 0,185995,3,2,5,09,18,6,0,0,0,1,0,1,0,0
"POINT (9.112193232000038 48.718721007000056)",Unfall 186007 (2021) Kat:3, Licht: 0,186007,3,4,0,09,11,6,0,0,0,0,1,0,0,1
"POINT (9.236530732000062 48.796547148000059)",Unfall 186010 (2021) Kat:3, Licht: 0,186010,3,6,4,08,18,6,0,0,0,1,0,1,0,0
"POINT (9.206528312000046 48.784650567000028)",Unfall 186019 (2021) Kat:2, Licht: 0,186019,2,4,6,08,12,5,0,0,0,0,1,0,0,1
"POINT (9.169580364000069 48.766479674000038)",Unfall 186035 (2021) Kat:3, Licht: 2,186035,3,7,0,08,00,7,0,2,1,0,0,0,0,0
"POINT (9.104468112000063 48.731355337000082)",Unfall 186039 (2021) Kat:2, Licht: 0,186039,2,3,0,08,18,6,0,0,1,1,0,0,0,0
"POINT (9.153717890000053 48.787436940000077)",Unfall 186044 (2021) Kat:2, Licht: 0,186044,2,2,5,09,11,6,0,0,1,1,0,0,0,0
"POINT (9.168126733000065 48.764809696000043)",Unfall 186055 (2021) Kat:3, Licht: 2,186055,3,2,2,08,23,5,0,2,0,1,0,0,0,0
"POINT (9.207548503000055 48.779799558000036)",Unfall 186062 (2021) Kat:3, Licht: 0,186062,3,3,5,08,17,4,0,0,0,1,0,0,0,0
"POINT (9.175322614000038 48.835021335000079)",Unfall 186074 (2021) Kat:3, Licht: 0,186074,3,2,5,09,17,3,0,0,1,1,0,0,0,0
"POINT (9.145203597000034 48.810392621000062)",Unfall 186082 (2021) Kat:3, Licht: 0,186082,3,6,4,08,08,4,0,0,1,0,0,0,0,0
"POINT (9.190655081000045 48.767603978000068)",Unfall 186091 (2021) Kat:3, Licht: 0,186091,3,6,2,09,18,2,0,0,0,1,0,0,0,0
"POINT (9.174800414000060 48.773434748000057)",Unfall 186108 (2021) Kat:3, Licht: 0,186108,3,2,5,09,16,3,0,0,1,0,0,1,0,0
"POINT (9.165866788000073 48.713957864000065)",Unfall 186124 (2021) Kat:3, Licht: 0,186124,3,2,5,09,15,6,0,0,1,1,0,0,0,0
"POINT (9.185130165000032 48.781800533000080)",Unfall 186132 (2021) Kat:3, Licht: 0,186132,3,7,0,09,11,5,0,0,0,0,0,1,0,0
"POINT (9.199264347000053 48.789285801000062)",Unfall 186136 (2021) Kat:3, Licht: 0,186136,3,7,0,08,14,7,0,0,1,0,0,0,0,0
"POINT (9.152287335000040 48.775786235000055)",Unfall 186138 (2021) Kat:3, Licht: 0,186138,3,7,1,08,18,7,0,0,0,1,0,1,0,0
"POINT (9.119510127000069 48.724498269000037)",Unfall 186172 (2021) Kat:3, Licht: 2,186172,3,5,1,09,02,1,1,2,0,1,0,0,0,0
"POINT (9.173802107000029 48.810673565000059)",Unfall 186183 (2021) Kat:1, Licht: 2,186183,1,3,5,09,05,5,0,2,1,1,0,0,0,0
"POINT (9.170706002000031 48.810995792000028)",Unfall 186195 (2021) Kat:3, Licht: 0,186195,3,3,0,09,16,3,0,0,1,1,0,0,0,0
"POINT (9.178456138000058 48.796876092000048)",Unfall 186217 (2021) Kat:3, Licht: 0,186217,3,6,2,09,16,2,0,0,0,1,0,0,0,0
"POINT (9.163778277000063 48.783765652000056)",Unfall 186218 (2021) Kat:3, Licht: 0,186218,3,2,5,09,07,6,0,0,0,1,0,0,0,0
"POINT (9.167059262000066 48.773328168000035)",Unfall 186246 (2021) Kat:3, Licht: 2,186246,3,7,0,09,23,7,0,2,0,0,0,0,0,1
"POINT (9.124541711000063 48.725537381000038)",Unfall 186255 (2021) Kat:3, Licht: 1,186255,3,3,5,08,06,6,1,1,1,0,0,0,0,1
"POINT (9.203523699000073 48.774888820000058)",Unfall 186326 (2021) Kat:3, Licht: 0,186326,3,4,6,09,15,4,0,0,0,1,1,0,0,0
"POINT (9.159687499000029 48.778665363000073)",Unfall 186345 (2021) Kat:3, Licht: 0,186345,3,3,5,09,14,6,0,0,0,1,0,1,0,0
"POINT (9.242727310000021 48.776111879000041)",Unfall 186393 (2021) Kat:3, Licht: 0,186393,3,6,3,09,16,2,0,0,1,1,0,0,0,0
"POINT (9.205065242000046 48.808353961000080)",Unfall 186394 (2021) Kat:3, Licht: 0,186394,3,7,0,09,13,4,0,0,0,1,0,0,0,0
"POINT (9.103402585000026 48.823031649000029)",Unfall 186423 (2021) Kat:3, Licht: 0,186423,3,3,5,08,14,4,0,0,0,1,0,0,0,0
"POINT (9.229621222000048 48.817309600000044)",Unfall 186428 (2021) Kat:3, Licht: 0,186428,3,7,0,09,13,1,0,0,1,0,0,0,0,0
"POINT (9.250737751000031 48.803403298000035)",Unfall 186437 (2021) Kat:2, Licht: 2,186437,2,7,0,09,01,1,0,2,0,0,0,0,0,1
"POINT (9.193089067000074 48.750195443000052)",Unfall 186440 (2021) Kat:3, Licht: 0,186440,3,7,0,09,13,5,0,0,1,0,0,0,0,0
"POINT (9.198168978000069 48.791199412000026)",Unfall 186458 (2021) Kat:3, Licht: 0,186458,3,3,5,09,09,5,1,0,1,1,0,0,0,0
"POINT (9.247969033000061 48.768148234000080)",Unfall 186471 (2021) Kat:2, Licht: 0,186471,2,2,5,09,12,4,1,0,1,1,0,0,0,0
"POINT (9.209231312000043 48.815066126000033)",Unfall 186480 (2021) Kat:3, Licht: 0,186480,3,1,0,08,11,3,0,0,0,0,0,0,0,1
"POINT (9.207703176000052 48.785651664000056)",Unfall 186517 (2021) Kat:3, Licht: 0,186517,3,4,6,09,14,7,0,0,0,1,1,0,0,0
"POINT (9.102857265000068 48.747989536000034)",Unfall 186520 (2021) Kat:3, Licht: 0,186520,3,5,1,08,17,4,0,0,1,1,0,0,0,0
"POINT (9.086038736000035 48.812114308000048)",Unfall 186525 (2021) Kat:2, Licht: 0,186525,2,1,4,09,16,1,0,0,0,1,0,0,0,0
"POINT (9.157482408000021 48.780106978000049)",Unfall 186529 (2021) Kat:3, Licht: 0,186529,3,3,5,08,10,6,0,0,0,1,0,0,0,0
"POINT (9.155766105000055 48.760549374000050)",Unfall 186538 (2021) Kat:3, Licht: 2,186538,3,1,1,08,00,5,0,2,0,1,0,0,0,1
"POINT (9.166191908000030 48.811131000000046)",Unfall 186540 (2021) Kat:3, Licht: 0,186540,3,3,5,09,08,3,0,0,1,1,0,0,0,0
"POINT (9.247018155000035 48.787470355000039)",Unfall 186548 (2021) Kat:3, Licht: 0,186548,3,2,6,09,13,4,1,0,0,1,1,0,0,0
"POINT (9.139737426000067 48.718313772000045)",Unfall 186555 (2021) Kat:3, Licht: 0,186555,3,6,2,09,16,6,0,0,0,1,0,0,0,0
"POINT (9.108720183000059 48.732597989000055)",Unfall 186560 (2021) Kat:3, Licht: 2,186560,3,3,5,09,22,1,0,2,0,1,0,0,0,1
"POINT (9.108119715000043 48.815273739000077)",Unfall 186565 (2021) Kat:1, Licht: 2,186565,1,7,9,09,22,5,0,2,1,0,0,0,0,0
"POINT (9.107628766000062 48.803716739000038)",Unfall 186590 (2021) Kat:3, Licht: 0,186590,3,5,1,09,16,3,0,0,1,1,0,0,0,0
"POINT (9.212283129000070 48.810903701000029)",Unfall 186599 (2021) Kat:3, Licht: 0,186599,3,3,5,09,09,2,0,0,0,1,0,0,0,0
"POINT (9.211456566000038 48.843081549000033)",Unfall 186627 (2021) Kat:3, Licht: 0,186627,3,6,6,09,19,2,0,0,0,0,1,0,0,1
"POINT (9.158045193000021 48.782859315000053)",Unfall 186640 (2021) Kat:3, Licht: 0,186640,3,7,0,08,17,2,1,0,1,0,0,0,0,0
"POINT (9.178938687000027 48.791007310000055)",Unfall 186659 (2021) Kat:3, Licht: 0,186659,3,2,5,09,18,1,0,0,1,1,0,0,0,0
"POINT (9.127661052000065 48.738271658000031)",Unfall 186679 (2021) Kat:2, Licht: 0,186679,2,5,1,09,18,6,0,0,1,1,0,0,0,0
"POINT (9.165883512000050 48.763541238000073)",Unfall 186688 (2021) Kat:3, Licht: 0,186688,3,4,6,09,09,6,0,0,1,0,1,0,0,0
"POINT (9.192551406000064 48.783937599000069)",Unfall 186703 (2021) Kat:3, Licht: 2,186703,3,1,0,08,22,2,1,2,1,0,0,0,0,0
"POINT (9.179212860000064 48.779469986000038)",Unfall 186710 (2021) Kat:3, Licht: 0,186710,3,7,0,08,07,5,0,0,1,0,0,0,0,0
"POINT (9.175166873000023 48.833999649000077)",Unfall 186722 (2021) Kat:3, Licht: 0,186722,3,3,0,08,18,7,0,0,0,1,0,1,0,0
"POINT (9.095538062000060 48.739687639000067)",Unfall 186726 (2021) Kat:2, Licht: 0,186726,2,1,1,08,13,7,0,0,1,1,0,0,0,0
"POINT (9.165559160000043 48.763987173000032)",Unfall 186734 (2021) Kat:3, Licht: 0,186734,3,2,5,08,08,6,0,0,1,1,0,0,0,0
"POINT (9.230737267000052 48.779859341000076)",Unfall 186738 (2021) Kat:3, Licht: 0,186738,3,2,5,08,11,3,0,0,0,1,0,0,0,1
"POINT (9.185374025000044 48.791193219000036)",Unfall 186750 (2021) Kat:3, Licht: 0,186750,3,6,2,09,13,5,1,0,0,1,0,0,0,0
"POINT (9.174806935000049 48.773430258000076)",Unfall 186758 (2021) Kat:3, Licht: 0,186758,3,2,5,09,13,4,0,0,1,0,0,0,0,1
"POINT (9.179626512000027 48.794461788000035)",Unfall 186778 (2021) Kat:3, Licht: 0,186778,3,7,6,08,14,7,0,0,0,1,1,0,0,0
"POINT (9.104593952000073 48.732775490000051)",Unfall 186800 (2021) Kat:3, Licht: 0,186800,3,3,5,08,18,2,1,0,0,1,0,0,0,0
"POINT (9.188690962000067 48.838459001000047)",Unfall 186806 (2021) Kat:3, Licht: 2,186806,3,5,1,08,21,3,0,2,0,1,0,0,0,0
"POINT (9.162697033000029 48.810129613000072)",Unfall 186818 (2021) Kat:3, Licht: 0,186818,3,1,0,08,07,2,0,0,1,0,0,0,0,0
"POINT (9.167592476000038 48.772612107000043)",Unfall 186826 (2021) Kat:2, Licht: 0,186826,2,2,0,09,11,4,0,0,0,0,0,0,0,1
"POINT (9.165115820000040 48.832140306000042)",Unfall 186850 (2021) Kat:3, Licht: 0,186850,3,3,5,09,17,3,0,0,1,1,0,0,0,0
"POINT (9.166092090000063 48.787554913000065)",Unfall 186877 (2021) Kat:3, Licht: 0,186877,3,3,5,09,18,3,0,0,0,1,0,0,0,1
"POINT (9.140800219000027 48.772287529000039)",Unfall 186885 (2021) Kat:3, Licht: 2,186885,3,2,6,08,21,7,0,2,0,1,1,0,0,0
"POINT (9.174558241000057 48.829430527000056)",Unfall 186887 (2021) Kat:3, Licht: 0,186887,3,3,5,09,11,7,0,0,1,1,0,0,0,0
"POINT (9.156038870000032 48.774443072000054)",Unfall 186897 (2021) Kat:3, Licht: 0,186897,3,5,1,09,11,6,0,0,1,1,0,0,0,0
"POINT (9.222396580000066 48.799195048000058)",Unfall 186914 (2021) Kat:3, Licht: 0,186914,3,5,1,09,18,7,0,0,0,1,0,0,0,0
"POINT (9.222982019000028 48.800635215000057)",Unfall 186952 (2021) Kat:3, Licht: 0,186952,3,2,5,09,10,5,0,0,0,1,0,0,1,0
"POINT (9.186327826000024 48.790694469000073)",Unfall 187035 (2021) Kat:3, Licht: 2,187035,3,1,8,09,22,4,1,2,0,1,0,0,0,0
"POINT (9.250144685000066 48.771644881000043)",Unfall 187039 (2021) Kat:3, Licht: 0,187039,3,5,1,10,17,4,0,0,0,1,0,0,0,1
"POINT (9.171853748000046 48.775016569000059)",Unfall 187060 (2021) Kat:3, Licht: 0,187060,3,3,5,09,13,3,0,0,0,0,0,0,0,1
"POINT (9.154794053000046 48.756740751000052)",Unfall 187080 (2021) Kat:3, Licht: 0,187080,3,7,9,09,14,1,1,0,0,0,0,1,0,0
"POINT (9.207894093000050 48.785859811000080)",Unfall 187104 (2021) Kat:3, Licht: 0,187104,3,3,0,09,07,3,0,0,0,1,0,1,0,0
"POINT (9.222624495000048 48.832821703000036)",Unfall 187105 (2021) Kat:3, Licht: 0,187105,3,1,8,09,11,1,0,0,0,1,0,0,0,0
"POINT (9.224257404000070 48.800918593000063)",Unfall 187106 (2021) Kat:2, Licht: 0,187106,2,4,6,09,11,5,0,0,0,1,0,0,0,1
"POINT (9.181747872000074 48.782943783000064)",Unfall 187107 (2021) Kat:3, Licht: 2,187107,3,6,3,10,20,7,0,2,0,1,0,0,0,1
"POINT (9.212061019000032 48.702788433000080)",Unfall 187119 (2021) Kat:3, Licht: 0,187119,3,6,0,10,09,2,1,0,0,1,0,0,0,1
"POINT (9.130028064000044 48.731170546000044)",Unfall 187125 (2021) Kat:3, Licht: 0,187125,3,7,2,10,13,4,1,0,0,1,0,1,0,0
"POINT (9.173312681000027 48.748911374000045)",Unfall 187127 (2021) Kat:3, Licht: 0,187127,3,3,5,10,13,6,0,0,1,1,0,0,0,0
"POINT (9.176805034000040 48.809431010000026)",Unfall 187132 (2021) Kat:3, Licht: 0,187132,3,7,5,09,19,6,0,0,0,1,0,1,0,0
"POINT (9.157802383000046 48.762216127000045)",Unfall 187136 (2021) Kat:2, Licht: 1,187136,2,7,0,09,18,4,1,1,1,0,0,0,0,0
"POINT (9.220010945000070 48.806054776000053)",Unfall 187146 (2021) Kat:3, Licht: 0,187146,3,5,1,10,11,3,1,0,1,1,0,0,0,0
"POINT (9.161538424000071 48.808251793000068)",Unfall 187150 (2021) Kat:3, Licht: 0,187150,3,7,1,09,17,5,1,0,0,1,0,0,0,0
"POINT (9.130542755000022 48.739929875000030)",Unfall 187162 (2021) Kat:3, Licht: 0,187162,3,4,6,10,08,5,0,0,0,1,1,0,0,0
"POINT (9.222423625000033 48.809488110000075)",Unfall 187200 (2021) Kat:3, Licht: 0,187200,3,6,0,09,18,6,0,0,1,1,0,0,0,0