WKT,Name,OBJECTID,UKATEGORIE,UTYP1,UART,UMONAT,USTUNDE,UWOCHENTAG,STRZUSTAND,ULICHTVERH,ISTRAD,ISTPKW,ISTFUSS,ISTKRAD,ISTGKFZ,ISTSONSTIG
"POINT (9.179586627000049 48.811503535000043)",Unfall 187204 (2021) Kat:3, Licht: 0,187204,3,7,5,09,08,5,0,0,0,1,0,1,0,0
"POINT (9.164594324000063 48.777111108000042)",Unfall 187218 (2021) Kat:3, Licht: 1,187218,3,6,2,10,17,4,1,1,0,1,0,0,0,0
"POINT (9.222891245000028 48.800652471000035)",Unfall 187222 (2021) Kat:3, Licht: 0,187222,3,2,5,09,17,4,0,0,1,1,0,0,0,0
"POINT (9.186597550000045 48.823855721000029)",Unfall 187250 (2021) Kat:3, Licht: 0,187250,3,3,5,09,08,6,0,0,1,1,0,0,0,0
"POINT (9.221945606000077 48.803285791000064)",Unfall 187257 (2021) Kat:3, Licht: 0,187257,3,7,5,10,14,7,0,0,1,1,0,0,0,0
"POINT (9.189541104000057 48.768863029000045)",Unfall 187275 (2021) Kat:3, Licht: 0,187275,3,2,0,09,08,3,0,0,1,1,0,0,0,0
"POINT (9.160070519000044 48.809478971000033)",Unfall 187282 (2021) Kat:3, Licht: 0,187282,3,7,0,09,15,7,0,0,0,0,1,0,0,1
"POINT (9.174030085000027 48.783125286000029)",Unfall 187287 (2021) Kat:3, Licht: 0,187287,3,6,2,09,16,4,0,0,0,1,0,0,0,0
"POINT (9.112346864000074 48.723736715000030)",Unfall 187309 (2021) Kat:3, Licht: 2,187309,3,7,0,09,05,3,1,2,0,0,0,1,0,0
"POINT (9.158117226000059 48.772909450000043)",Unfall 187316 (2021) Kat:3, Licht: 0,187316,3,6,6,10,09,5,0,0,0,0,1,0,0,1
"POINT (9.104725990000077 48.824923894000051)",Unfall 187336 (2021) Kat:3, Licht: 0,187336,3,3,5,09,12,4,0,0,0,1,0,0,0,0
"POINT (9.241304452000065 48.776293160000080)",Unfall 187340 (2021) Kat:3, Licht: 0,187340,3,5,1,10,13,4,0,0,0,1,0,0,0,0
"POINT (9.171183799000062 48.768440678000047)",Unfall 187366 (2021) Kat:3, Licht: 0,187366,3,2,5,10,16,7,0,0,1,0,0,0,0,0
"POINT (9.122189299000070 48.724006598000074)",Unfall 187371 (2021) Kat:3, Licht: 0,187371,3,3,5,09,08,2,0,0,0,1,0,0,0,1
"POINT (9.168828826000038 48.829114881000066)",Unfall 187389 (2021) Kat:3, Licht: 0,187389,3,5,1,09,13,1,0,0,0,1,0,0,0,0
"POINT (9.190619229000049 48.778293060000067)",Unfall 187393 (2021) Kat:3, Licht: 2,187393,3,7,0,10,21,3,1,2,0,0,0,1,0,0
"POINT (9.180823316000044 48.775307113000054)",Unfall 187434 (2021) Kat:3, Licht: 2,187434,3,7,0,09,03,7,0,2,0,0,0,0,0,1
"POINT (9.175135216000058 48.768057577000036)",Unfall 187463 (2021) Kat:2, Licht: 2,187463,2,1,0,09,03,7,0,2,0,0,0,0,0,1
"POINT (9.146437681000066 48.725593167000056)",Unfall 187472 (2021) Kat:3, Licht: 0,187472,3,7,6,09,17,6,0,0,0,0,1,0,0,1
"POINT (9.113490189000061 48.822146583000062)",Unfall 187487 (2021) Kat:3, Licht: 0,187487,3,7,6,09,12,4,0,0,0,1,0,0,0,1
"POINT (9.105570269000054 48.731293720000053)",Unfall 187503 (2021) Kat:3, Licht: 0,187503,3,3,5,10,17,4,1,0,0,1,0,0,0,0
"POINT (9.265970067000069 48.765565174000074)",Unfall 187510 (2021) Kat:3, Licht: 0,187510,3,4,2,09,14,6,0,0,0,1,1,0,0,0
"POINT (9.161405816000070 48.812888366000038)",Unfall 187537 (2021) Kat:3, Licht: 0,187537,3,6,2,10,15,4,0,0,1,0,0,0,0,1
"POINT (9.185251389000030 48.798541949000025)",Unfall 187563 (2021) Kat:3, Licht: 0,187563,3,7,1,09,12,3,0,0,1,1,0,0,0,0
"POINT (9.184750993000023 48.782060897000065)",Unfall 187583 (2021) Kat:3, Licht: 0,187583,3,6,0,10,08,4,0,0,1,0,0,0,0,0
"POINT (9.144168126000068 48.756675364000046)",Unfall 187621 (2021) Kat:3, Licht: 0,187621,3,1,8,09,18,7,0,0,0,1,1,0,0,0
"POINT (9.095250562000047 48.825266563000071)",Unfall 187656 (2021) Kat:3, Licht: 0,187656,3,4,0,10,17,4,0,0,1,0,1,0,0,0
"POINT (9.177730747000055 48.833970582000063)",Unfall 187663 (2021) Kat:3, Licht: 0,187663,3,7,0,09,13,6,0,0,0,0,0,1,0,0
"POINT (9.267253730000050 48.765002596000045)",Unfall 187673 (2021) Kat:3, Licht: 0,187673,3,5,1,10,18,7,0,0,1,0,0,1,0,0
"POINT (9.131166373000042 48.825983213000029)",Unfall 187675 (2021) Kat:3, Licht: 1,187675,3,5,4,09,07,3,1,1,1,0,0,0,0,0
"POINT (9.162455780000073 48.776413454000078)",Unfall 187676 (2021) Kat:3, Licht: 0,187676,3,4,0,09,17,5,0,0,0,0,1,0,0,1
"POINT (9.263416680000034 48.769321346000027)",Unfall 187681 (2021) Kat:3, Licht: 0,187681,3,6,2,10,14,6,0,0,0,1,0,0,0,0
"POINT (9.180760007000060 48.790643879000072)",Unfall 187689 (2021) Kat:3, Licht: 0,187689,3,6,3,09,13,5,0,0,0,1,0,1,0,0
"POINT (9.173917661000075 48.774026369000069)",Unfall 187693 (2021) Kat:3, Licht: 0,187693,3,4,6,09,16,7,0,0,0,1,1,0,0,0
"POINT (9.248578165000026 48.788224146000061)",Unfall 187698 (2021) Kat:3, Licht: 0,187698,3,3,5,10,15,1,0,0,0,1,0,0,0,0
"POINT (9.221507255000063 48.810380628000075)",Unfall 187722 (2021) Kat:3, Licht: 0,187722,3,3,5,09,15,3,0,0,0,1,0,1,0,0
"POINT (9.189688883000031 48.803303520000043)",Unfall 187776 (2021) Kat:3, Licht: 1,187776,3,6,6,10,18,7,0,1,1,0,1,0,0,0
"POINT (9.185234802000025 48.776302008000073)",Unfall 187781 (2021) Kat:3, Licht: 0,187781,3,6,4,09,08,2,0,0,1,0,0,0,0,0
"POINT (9.273720555000068 48.757594453000081)",Unfall 187785 (2021) Kat:3, Licht: 1,187785,3,6,2,10,07,6,0,1,0,1,0,0,0,0
"POINT (9.245639622000056 48.771342341000036)",Unfall 187811 (2021) Kat:3, Licht: 0,187811,3,5,1,09,12,6,0,0,0,1,0,0,1,0
"POINT (9.213473428000043 48.785768371000074)",Unfall 187819 (2021) Kat:2, Licht: 0,187819,2,4,6,09,18,7,0,0,0,1,1,0,0,0
"POINT (9.172399316000053 48.769950168000037)",Unfall 187833 (2021) Kat:3, Licht: 0,187833,3,4,6,09,14,1,0,0,1,0,1,0,0,0
"POINT (9.229933382000070 48.842453239000065)",Unfall 187847 (2021) Kat:3, Licht: 1,187847,3,6,2,09,17,1,0,1,0,1,0,1,0,0
"POINT (9.194565932000046 48.778099758000053)",Unfall 187851 (2021) Kat:3, Licht: 0,187851,3,6,2,09,07,4,0,0,0,1,0,0,0,0
"POINT (9.176808097000048 48.809449489000031)",Unfall 187859 (2021) Kat:3, Licht: 0,187859,3,7,5,09,16,6,0,0,0,1,0,0,0,1
"POINT (9.221888631000070 48.800843054000040)",Unfall 187864 (2021) Kat:3, Licht: 0,187864,3,3,2,09,18,4,0,0,0,1,0,0,0,1
"POINT (9.192811341000038 48.832338425000046)",Unfall 187871 (2021) Kat:3, Licht: 0,187871,3,2,5,10,10,6,0,0,0,1,0,0,0,1
"POINT (9.207389721000027 48.788503072000026)",Unfall 187884 (2021) Kat:3, Licht: 0,187884,3,6,2,09,09,3,0,0,0,1,0,0,0,0
"POINT (9.229917994000061 48.842472248000036)",Unfall 187895 (2021) Kat:3, Licht: 0,187895,3,6,3,09,08,2,0,0,1,1,0,0,0,0
"POINT (9.217360956000050 48.784129075000067)",Unfall 187898 (2021) Kat:3, Licht: 0,187898,3,4,6,10,14,2,0,0,0,0,1,0,0,1
"POINT (9.122526958000037 48.746014336000030)",Unfall 187900 (2021) Kat:3, Licht: 2,187900,3,1,9,09,04,4,0,2,0,1,0,0,0,0
"POINT (9.182123206000028 48.750952168000026)",Unfall 187905 (2021) Kat:3, Licht: 0,187905,3,3,0,10,14,6,0,0,1,0,0,0,0,0
"POINT (9.159227985000030 48.842908152000064)",Unfall 187943 (2021) Kat:2, Licht: 2,187943,2,6,2,11,18,4,1,2,0,1,0,0,0,0
"POINT (9.225655922000044 48.811513472000058)",Unfall 187955 (2021) Kat:2, Licht: 0,187955,2,4,5,11,07,3,0,0,0,0,1,0,0,1
"POINT (9.233955356000024 48.810068393000051)",Unfall 187979 (2021) Kat:3, Licht: 0,187979,3,4,6,10,16,1,0,0,0,1,1,0,0,0
"POINT (9.152856909000036 48.729000462000045)",Unfall 187986 (2021) Kat:3, Licht: 0,187986,3,7,6,11,08,2,0,0,0,1,1,0,0,0
"POINT (9.184364356000060 48.837104408000073)",Unfall 187988 (2021) Kat:3, Licht: 0,187988,3,3,5,11,15,4,1,0,0,1,0,0,0,0
"POINT (9.170246242000076 48.752387304000081)",Unfall 187998 (2021) Kat:3, Licht: 0,187998,3,7,0,10,15,6,0,0,1,0,0,0,0,0
"POINT (9.176163319000068 48.829583663000051)",Unfall 188002 (2021) Kat:3, Licht: 0,188002,3,3,5,10,07,4,0,0,1,0,0,0,0,1
"POINT (9.179226728000060 48.784072471000059)",Unfall 188014 (2021) Kat:3, Licht: 0,188014,3,6,0,10,16,5,0,0,0,1,0,0,0,1
"POINT (9.217937443000039 48.804479515000025)",Unfall 188018 (2021) Kat:3, Licht: 0,188018,3,7,0,10,12,3,1,0,0,0,0,0,0,1
"POINT (9.183869592000065 48.809492896000052)",Unfall 188033 (2021) Kat:3, Licht: 0,188033,3,6,2,10,08,4,1,0,0,1,0,0,0,1
"POINT (9.111655728000073 48.720568613000069)",Unfall 188034 (2021) Kat:3, Licht: 0,188034,3,3,5,11,09,3,1,0,0,1,0,0,0,0
"POINT (9.220676811000033 48.811087639000050)",Unfall 188050 (2021) Kat:3, Licht: 0,188050,3,7,0,10,18,6,0,0,1,0,0,0,0,0
"POINT (9.209770213000070 48.809493968000027)",Unfall 188053 (2021) Kat:2, Licht: 0,188053,2,2,5,10,16,1,0,0,0,1,0,0,0,1
"POINT (9.171048802000030 48.775355223000076)",Unfall 188063 (2021) Kat:3, Licht: 2,188063,3,7,0,10,22,7,0,2,0,0,0,0,0,1
"POINT (9.199941623000029 48.791933115000063)",Unfall 188074 (2021) Kat:3, Licht: 0,188074,3,4,0,10,15,6,0,0,0,0,1,0,0,1
"POINT (9.209393093000074 48.790931860000057)",Unfall 188077 (2021) Kat:3, Licht: 0,188077,3,3,0,10,16,4,0,0,1,0,0,0,0,1
"POINT (9.220619621000026 48.799048851000066)",Unfall 188085 (2021) Kat:2, Licht: 1,188085,2,3,5,11,06,2,0,1,0,1,0,0,0,0
"POINT (9.241336563000061 48.746087697000064)",Unfall 188108 (2021) Kat:3, Licht: 2,188108,3,6,4,11,17,3,0,2,0,1,0,0,0,1
"POINT (9.153526424000063 48.740960972000039)",Unfall 188122 (2021) Kat:3, Licht: 0,188122,3,4,6,10,15,6,0,0,0,1,1,0,0,0
"POINT (9.178546326000060 48.784266852000030)",Unfall 188171 (2021) Kat:3, Licht: 0,188171,3,6,3,11,14,2,0,0,0,0,0,0,0,1
"POINT (9.235133492000045 48.831508190000079)",Unfall 188178 (2021) Kat:3, Licht: 0,188178,3,2,4,10,12,2,0,0,0,1,0,0,0,0
"POINT (9.159999728000059 48.779784749000044)",Unfall 188195 (2021) Kat:3, Licht: 2,188195,3,7,5,11,16,2,0,2,0,1,0,0,0,1
"POINT (9.212190589000045 48.788976856000033)",Unfall 188201 (2021) Kat:3, Licht: 2,188201,3,6,2,10,18,6,0,2,0,1,0,0,1,0
"POINT (9.170535367000070 48.778942188000030)",Unfall 188203 (2021) Kat:2, Licht: 0,188203,2,2,6,10,16,2,0,0,0,1,1,0,0,0
"POINT (9.161477852000075 48.812793440000064)",Unfall 188205 (2021) Kat:3, Licht: 0,188205,3,3,5,11,11,7,0,0,0,1,0,0,0,0
"POINT (9.207605895000029 48.803079904000072)",Unfall 188206 (2021) Kat:3, Licht: 0,188206,3,6,2,10,14,2,0,0,0,1,0,0,0,0
"POINT (9.254573536000066 48.759551568000063)",Unfall 188223 (2021) Kat:3, Licht: 0,188223,3,2,5,10,09,7,0,0,1,1,0,0,0,0
"POINT (9.220129472000053 48.801580626000032)",Unfall 188230 (2021) Kat:3, Licht: 0,188230,3,4,6,10,13,2,0,0,0,1,1,0,0,0
"POINT (9.161403897000071 48.767244692000077)",Unfall 188234 (2021) Kat:3, Licht: 0,188234,3,3,5,10,07,3,1,0,1,1,0,0,0,0
"POINT (9.231738074000077 48.798875597000062)",Unfall 188236 (2021) Kat:2, Licht: 0,188236,2,3,5,10,15,3,1,0,0,1,0,1,0,0
"POINT (9.108305567000059 48.726482739000062)",Unfall 188242 (2021) Kat:3, Licht: 0,188242,3,3,5,11,17,6,0,0,1,1,0,0,0,0
"POINT (9.161624450000033 48.767548846000068)",Unfall 188265 (2021) Kat:3, Licht: 0,188265,3,7,1,10,15,2,0,0,0,0,1,0,0,1
"POINT (9.144327760000067 48.774530071000072)",Unfall 188270 (2021) Kat:3, Licht: 2,188270,3,2,5,10,19,6,0,2,0,1,0,0,0,1
"POINT (9.155242376000047 48.775065884000071)",Unfall 188302 (2021) Kat:2, Licht: 2,188302,2,7,0,10,04,7,0,2,0,0,0,0,0,1
"POINT (9.220114702000046 48.782836630000077)",Unfall 188304 (2021) Kat:3, Licht: 0,188304,3,2,5,10,10,6,0,0,1,1,0,0,0,0
"POINT (9.184908038000060 48.775837548000027)",Unfall 188386 (2021) Kat:3, Licht: 2,188386,3,7,0,10,01,7,0,2,0,0,0,0,0,1
"POINT (9.177313305000041 48.834173580000027)",Unfall 188396 (2021) Kat:3, Licht: 0,188396,3,2,5,10,17,5,0,0,0,1,0,1,0,0
"POINT (9.179821706000041 48.813200935000054)",Unfall 188410 (2021) Kat:2, Licht: 0,188410,2,7,0,10,15,2,0,0,0,1,0,0,0,0
"POINT (9.151692119000074 48.718151582000075)",Unfall 188414 (2021) Kat:3, Licht: 2,188414,3,5,1,10,01,7,0,2,0,1,0,0,0,1
"POINT (9.178881705000038 48.779115387000047)",Unfall 188425 (2021) Kat:3, Licht: 2,188425,3,7,0,10,21,2,0,2,1,0,0,0,0,0
"POINT (9.116639829000064 48.724918148000029)",Unfall 188431 (2021) Kat:3, Licht: 0,188431,3,2,5,10,08,4,0,0,1,0,0,0,0,1
"POINT (9.156764548000069 48.748487574000080)",Unfall 188459 (2021) Kat:3, Licht: 2,188459,3,2,2,11,19,1,1,2,0,1,0,1,0,0
"POINT (9.180062517000067 48.783512760000065)",Unfall 188463 (2021) Kat:3, Licht: 0,188463,3,7,0,10,12,4,1,0,0,0,0,1,0,0
"POINT (9.155860330000053 48.777358886000059)",Unfall 188484 (2021) Kat:3, Licht: 2,188484,3,3,5,10,20,2,0,2,0,1,0,0,0,0
"POINT (9.194124312000042 48.773977376000062)",Unfall 188494 (2021) Kat:3, Licht: 0,188494,3,6,2,10,15,5,0,0,0,1,0,0,0,0
"POINT (9.201843517000043 48.833118346000049)",Unfall 188509 (2021) Kat:3, Licht: 2,188509,3,7,0,10,22,7,0,2,0,0,0,0,0,1
"POINT (9.159181184000033 48.762931820000063)",Unfall 188521 (2021) Kat:3, Licht: 0,188521,3,6,2,10,11,3,1,0,0,1,0,0,0,0
"POINT (9.191537926000024 48.780744673000072)",Unfall 188527 (2021) Kat:3, Licht: 0,188527,3,7,1,10,13,3,0,0,0,1,0,0,0,1
"POINT (9.164752491000058 48.834256587000027)",Unfall 188535 (2021) Kat:3, Licht: 0,188535,3,3,5,11,11,2,0,0,0,1,0,0,0,0
"POINT (9.197979439000051 48.781792678000045)",Unfall 188583 (2021) Kat:3, Licht: 2,188583,3,3,5,10,20,1,0,2,1,1,0,0,0,0
"POINT (9.230812353000033 48.841853930000070)",Unfall 188587 (2021) Kat:3, Licht: 0,188587,3,2,5,11,08,3,0,0,1,1,0,0,0,0
"POINT (9.180127161000030 48.772630057000072)",Unfall 188600 (2021) Kat:3, Licht: 2,188600,3,7,2,10,21,3,0,2,1,1,0,0,0,0
"POINT (9.211539635000065 48.804908653000041)",Unfall 188602 (2021) Kat:3, Licht: 0,188602,3,3,5,11,12,1,0,0,1,1,0,0,0,0
"POINT (9.170754990000034 48.775811953000073)",Unfall 188606 (2021) Kat:3, Licht: 2,188606,3,2,5,10,20,7,0,2,0,1,0,0,0,1
"POINT (9.247583467000027 48.810637226000040)",Unfall 188621 (2021) Kat:3, Licht: 0,188621,3,3,5,10,08,6,0,0,1,1,0,0,0,0
"POINT (9.170776923000062 48.779030096000042)",Unfall 188638 (2021) Kat:3, Licht: 0,188638,3,3,5,10,16,2,0,0,0,1,0,0,0,0
"POINT (9.160062055000026 48.756305471000076)",Unfall 188647 (2021) Kat:3, Licht: 0,188647,3,6,2,11,15,4,1,0,0,1,0,0,0,0
"POINT (9.190148559000022 48.797978003000026)",Unfall 188650 (2021) Kat:3, Licht: 2,188650,3,3,5,10,19,1,0,2,1,0,0,0,0,1
"POINT (9.165550805000066 48.813543233000075)",Unfall 188652 (2021) Kat:3, Licht: 1,188652,3,5,1,10,18,3,1,1,1,1,0,0,0,0
"POINT (9.204980725000041 48.784246409000048)",Unfall 188669 (2021) Kat:3, Licht: 0,188669,3,3,5,11,10,6,1,0,0,1,0,0,0,0
"POINT (9.178593795000040 48.770717441000045)",Unfall 188682 (2021) Kat:3, Licht: 1,188682,3,1,0,10,17,7,1,1,1,0,0,0,0,0
"POINT (9.260359016000052 48.788063907000037)",Unfall 188702 (2021) Kat:3, Licht: 2,188702,3,7,0,10,19,5,1,2,1,0,1,0,0,0
"POINT (9.115797039000029 48.813225967000051)",Unfall 188707 (2021) Kat:3, Licht: 0,188707,3,5,1,10,09,2,0,0,0,1,0,0,1,0
"POINT (9.176856053000051 48.791689040000051)",Unfall 188712 (2021) Kat:3, Licht: 0,188712,3,3,5,10,12,4,0,0,0,1,0,0,0,0
"POINT (9.271144609000032 48.766836921000049)",Unfall 188715 (2021) Kat:3, Licht: 0,188715,3,6,2,10,14,7,0,0,0,1,0,0,0,0
"POINT (9.104285528000048 48.826924071000064)",Unfall 188717 (2021) Kat:3, Licht: 0,188717,3,5,1,10,14,6,0,0,0,1,0,0,0,0
"POINT (9.254442077000022 48.781405885000027)",Unfall 188735 (2021) Kat:3, Licht: 0,188735,3,7,6,10,16,1,0,0,0,1,1,0,0,0
"POINT (9.231541386000060 48.740761058000032)",Unfall 188745 (2021) Kat:3, Licht: 2,188745,3,3,5,10,06,6,0,2,0,1,0,0,0,0
"POINT (9.167682619000061 48.830705765000062)",Unfall 188760 (2021) Kat:3, Licht: 2,188760,3,7,8,10,00,1,0,2,1,0,0,0,0,0
"POINT (9.165149704000044 48.775170276000040)",Unfall 188811 (2021) Kat:3, Licht: 0,188811,3,4,6,10,13,2,0,0,1,0,1,0,0,0
"POINT (9.202608776000034 48.811779828000056)",Unfall 188814 (2021) Kat:3, Licht: 0,188814,3,6,2,10,16,2,0,0,0,1,0,0,0,0
"POINT (9.207001283000068 48.808669370000075)",Unfall 188818 (2021) Kat:3, Licht: 2,188818,3,6,2,11,17,2,1,2,0,1,0,0,0,0
"POINT (9.158817824000039 48.783771664000028)",Unfall 188822 (2021) Kat:3, Licht: 0,188822,3,5,1,10,15,6,0,0,0,1,0,0,0,1
"POINT (9.156750845000033 48.772537572000033)",Unfall 188828 (2021) Kat:3, Licht: 1,188828,3,4,6,11,16,6,0,1,0,1,1,0,0,0
"POINT (9.180284520000043 48.776179691000038)",Unfall 188836 (2021) Kat:3, Licht: 0,188836,3,7,2,10,11,6,0,0,0,1,0,0,1,0
"POINT (9.269195647000060 48.756772128000080)",Unfall 188858 (2021) Kat:3, Licht: 2,188858,3,3,0,10,05,4,1,2,0,1,0,1,0,0
"POINT (9.177454934000025 48.793817610000076)",Unfall 188869 (2021) Kat:3, Licht: 0,188869,3,7,0,10,13,3,1,0,0,0,0,1,0,0
"POINT (9.255379975000039 48.787028390000046)",Unfall 188892 (2021) Kat:3, Licht: 0,188892,3,4,6,10,07,6,0,0,0,1,1,0,0,0
"POINT (9.188868733000049 48.824959615000068)",Unfall 188893 (2021) Kat:3, Licht: 0,188893,3,6,2,10,17,3,0,0,0,1,0,0,0,0
"POINT (9.173080528000071 48.772531731000072)",Unfall 188896 (2021) Kat:3, Licht: 0,188896,3,7,1,10,13,2,0,0,1,1,0,0,0,0
"POINT (9.179037408000056 48.814021862000061)",Unfall 188903 (2021) Kat:3, Licht: 0,188903,3,6,2,10,18,5,0,0,0,1,0,0,1,0
"POINT (9.189472401000046 48.791842051000060)",Unfall 188913 (2021) Kat:3, Licht: 2,188913,3,2,6,11,18,5,1,2,0,1,1,0,0,0
"POINT (9.168614289000061 48.766931625000041)",Unfall 188923 (2021) Kat:3, Licht: 0,188923,3,5,1,10,16,5,0,0,1,1,0,0,0,0
"POINT (9.158409892000066 48.844443944000034)",Unfall 188947 (2021) Kat:3, Licht: 0,188947,3,6,2,10,15,3,0,0,0,1,0,0,0,0
"POINT (9.192317987000024 48.834755651000080)",Unfall 188956 (2021) Kat:3, Licht: 2,188956,3,6,2,11,18,3,0,2,0,1,0,0,0,0
"POINT (9.160165215000063 48.786592296000038)",Unfall 188958 (2021) Kat:3, Licht: 0,188958,3,3,5,11,12,4,0,0,1,1,0,0,0,0
"POINT (9.220334114000025 48.801195423000081)",Unfall 188978 (2021) Kat:3, Licht: 2,188978,3,3,5,11,00,2,1,2,0,1,0,0,0,0
"POINT (9.174892888000045 48.783300443000030)",Unfall 188988 (2021) Kat:3, Licht: 1,188988,3,6,2,11,16,5,0,1,0,1,0,0,0,0
"POINT (9.109739221000041 48.730011483000055)",Unfall 189003 (2021) Kat:3, Licht: 2,189003,3,6,2,11,05,2,1,2,0,1,0,0,0,0
"POINT (9.196158200000070 48.825112822000051)",Unfall 189031 (2021) Kat:3, Licht: 1,189031,3,6,2,11,16,2,0,1,0,1,0,0,0,0
"POINT (9.164718205000042 48.719536418000075)",Unfall 189041 (2021) Kat:3, Licht: 0,189041,3,7,1,11,13,4,0,0,0,1,0,0,0,0
"POINT (9.276279950000060 48.772671319000040)",Unfall 189051 (2021) Kat:3, Licht: 0,189051,3,7,1,12,15,3,0,0,0,1,0,0,0,1
"POINT (9.181603947000042 48.777081150000072)",Unfall 189078 (2021) Kat:3, Licht: 2,189078,3,7,0,11,00,7,0,2,1,0,0,0,0,0
"POINT (9.230632953000054 48.779780829000060)",Unfall 189087 (2021) Kat:3, Licht: 2,189087,3,2,5,11,17,7,1,2,0,1,0,0,0,1
"POINT (9.181900527000039 48.782892169000036)",Unfall 189099 (2021) Kat:2, Licht: 0,189099,2,6,3,12,13,4,0,0,0,1,0,0,0,1
"POINT (9.220590463000065 48.799192367000046)",Unfall 189118 (2021) Kat:3, Licht: 2,189118,3,6,2,11,18,2,0,2,0,1,0,0,0,0
"POINT (9.186837823000076 48.773954529000036)",Unfall 189124 (2021) Kat:3, Licht: 0,189124,3,7,6,11,10,3,1,0,0,1,1,0,0,0
"POINT (9.139393395000070 48.709803527000076)",Unfall 189129 (2021) Kat:2, Licht: 0,189129,2,1,4,12,08,1,2,0,0,1,0,0,0,0
"POINT (9.204691326000045 48.712953321000043)",Unfall 189178 (2021) Kat:3, Licht: 2,189178,3,5,1,12,18,5,1,2,0,1,0,1,0,0
"POINT (9.228095736000057 48.803747433000069)",Unfall 189181 (2021) Kat:3, Licht: 2,189181,3,5,1,11,17,5,0,2,1,1,0,0,0,0
"POINT (9.139976865000051 48.774915884000052)",Unfall 189188 (2021) Kat:3, Licht: 2,189188,3,5,1,12,17,6,1,2,0,1,0,0,0,0
"POINT (9.173610043000053 48.827126171000032)",Unfall 189191 (2021) Kat:2, Licht: 0,189191,2,4,6,12,15,5,0,0,0,1,1,0,0,0
"POINT (9.157627958000035 48.771539107000081)",Unfall 189221 (2021) Kat:3, Licht: 2,189221,3,2,2,11,17,6,0,2,1,0,0,0,0,1
"POINT (9.185872370000027 48.830467084000077)",Unfall 189223 (2021) Kat:3, Licht: 2,189223,3,2,2,12,22,4,1,2,0,1,0,0,0,0
"POINT (9.270971940000038 48.761234052000077)",Unfall 189247 (2021) Kat:3, Licht: 2,189247,3,3,5,11,19,4,0,2,1,1,0,0,0,0
"POINT (9.161977615000069 48.763317511000025)",Unfall 189286 (2021) Kat:3, Licht: 2,189286,3,7,6,12,20,3,1,2,0,1,1,0,0,0
"POINT (9.253719293000074 48.780690527000047)",Unfall 189287 (2021) Kat:3, Licht: 2,189287,3,7,0,11,06,5,0,2,0,0,0,1,0,0
"POINT (9.251297468000075 48.769726216000038)",Unfall 189290 (2021) Kat:3, Licht: 0,189290,3,2,5,12,10,6,0,0,1,0,0,0,1,0
"POINT (9.182976730000064 48.782543035000060)",Unfall 189310 (2021) Kat:3, Licht: 0,189310,3,6,3,12,15,7,0,0,0,1,0,1,0,0
"POINT (9.090514394000024 48.804072857000051)",Unfall 189346 (2021) Kat:3, Licht: 0,189346,3,2,6,11,11,3,0,0,0,0,1,0,1,0
"POINT (9.171683628000039 48.789455964000069)",Unfall 189349 (2021) Kat:3, Licht: 0,189349,3,6,2,12,15,3,0,0,0,1,0,0,0,1
"POINT (9.205250144000047 48.727507413000069)",Unfall 189354 (2021) Kat:3, Licht: 0,189354,3,4,6,11,15,7,1,0,0,1,1,0,0,0
"POINT (9.211899544000062 48.811264035000079)",Unfall 189361 (2021) Kat:3, Licht: 1,189361,3,6,2,12,07,2,1,1,0,1,0,0,0,0
"POINT (9.264712566000071 48.767181399000037)",Unfall 189381 (2021) Kat:3, Licht: 2,189381,3,1,0,12,17,7,1,2,0,0,0,1,0,0
"POINT (9.205653198000050 48.790525220000063)",Unfall 189388 (2021) Kat:3, Licht: 0,189388,3,3,5,11,10,4,0,0,0,1,0,0,0,0
"POINT (9.205417954000040 48.796321092000028)",Unfall 189390 (2021) Kat:3, Licht: 2,189390,3,5,1,11,18,3,1,2,1,1,0,0,0,0
"POINT (9.168598715000030 48.766873150000038)",Unfall 189397 (2021) Kat:3, Licht: 0,189397,3,5,1,12,15,5,1,0,1,0,0,0,0,1
"POINT (9.146856880000030 48.809536385000058)",Unfall 189411 (2021) Kat:2, Licht: 0,189411,2,6,6,11,13,4,1,0,0,0,1,0,0,1
"POINT (9.123895814000036 48.727194865000058)",Unfall 189428 (2021) Kat:3, Licht: 2,189428,3,3,5,11,17,2,1,2,0,1,0,0,0,0
"POINT (9.180062804000045 48.813335642000027)",Unfall 189434 (2021) Kat:3, Licht: 0,189434,3,7,6,12,15,3,0,0,1,0,1,0,0,0
"POINT (9.161768130000041 48.781478006000043)",Unfall 189456 (2021) Kat:3, Licht: 0,189456,3,7,1,12,12,6,0,0,1,1,0,0,0,0
"POINT (9.230619416000025 48.779788787000030)",Unfall 189463 (2021) Kat:3, Licht: 1,189463,3,2,5,11,16,3,1,1,0,1,0,0,0,1
"POINT (9.271209295000062 48.766662212000028)",Unfall 189482 (2021) Kat:3, Licht: 0,189482,3,3,0,11,15,4,0,0,0,1,0,0,0,1
"POINT (9.176017653000031 48.787486149000074)",Unfall 189495 (2021) Kat:3, Licht: 0,189495,3,3,5,12,09,2,0,0,1,0,0,0,0,1
"POINT (9.167731169000035 48.748314141000037)",Unfall 189504 (2021) Kat:3, Licht: 0,189504,3,4,6,12,11,4,1,0,0,0,1,0,0,1