WKT,Name,OBJECTID,UKATEGORIE,UTYP1,UART,UMONAT,USTUNDE,UWOCHENTAG,STRZUSTAND,ULICHTVERH,ISTRAD,ISTPKW,ISTFUSS,ISTKRAD,ISTGKFZ,ISTSONSTIG
"POINT (9.186570612000025 48.772199277000027)",Unfall 189505 (2021) Kat:3, Licht: 0,189505,3,5,1,11,15,7,1,0,0,1,0,1,0,0
"POINT (9.104351229000031 48.725526520000074)",Unfall 189523 (2021) Kat:3, Licht: 0,189523,3,7,0,12,08,1,1,0,1,0,0,0,0,0
"POINT (9.251662147000047 48.769757784000035)",Unfall 189529 (2021) Kat:3, Licht: 0,189529,3,6,2,11,12,6,0,0,0,1,0,0,0,0
"POINT (9.108207831000072 48.733731572000067)",Unfall 189551 (2021) Kat:3, Licht: 0,189551,3,3,5,11,13,5,0,0,1,1,0,0,0,0
"POINT (9.155974852000043 48.837219356000048)",Unfall 189557 (2021) Kat:3, Licht: 2,189557,3,6,2,11,23,1,0,2,0,1,0,0,0,0
"POINT (9.161111432000041 48.778072148000035)",Unfall 189575 (2021) Kat:3, Licht: 0,189575,3,3,5,11,15,5,0,0,0,1,0,1,0,0
"POINT (9.124034297000037 48.814514040000063)",Unfall 189579 (2021) Kat:3, Licht: 0,189579,3,7,0,12,08,5,1,0,1,0,0,0,0,0
"POINT (9.195252683000035 48.828579857000079)",Unfall 189583 (2021) Kat:3, Licht: 2,189583,3,6,2,12,17,5,1,2,0,1,0,1,0,0
"POINT (9.181650755000021 48.811074158000054)",Unfall 189621 (2021) Kat:3, Licht: 0,189621,3,6,2,12,13,6,0,0,0,1,0,0,0,0
"POINT (9.230740894000064 48.779828518000045)",Unfall 189622 (2021) Kat:3, Licht: 0,189622,3,2,5,11,10,4,0,0,0,0,0,0,1,1
"POINT (9.231897247000063 48.827922347000026)",Unfall 189646 (2021) Kat:3, Licht: 0,189646,3,4,6,12,08,4,1,0,0,1,1,0,0,0
"POINT (9.157532114000048 48.832307305000029)",Unfall 189666 (2021) Kat:3, Licht: 0,189666,3,2,2,12,14,4,1,0,1,0,0,0,0,1
"POINT (9.203910896000025 48.783153447000075)",Unfall 189672 (2021) Kat:3, Licht: 0,189672,3,5,1,12,13,6,0,0,1,1,0,0,0,0
"POINT (9.158842299000071 48.816858116000049)",Unfall 189678 (2021) Kat:3, Licht: 0,189678,3,3,5,11,09,5,0,0,0,1,0,0,0,0
"POINT (9.184382736000032 48.791842914000028)",Unfall 189695 (2021) Kat:3, Licht: 2,189695,3,7,3,11,00,1,1,2,0,1,0,1,0,0
"POINT (9.157423017000042 48.759449548000077)",Unfall 189699 (2021) Kat:3, Licht: 0,189699,3,7,0,11,13,4,1,0,0,0,0,1,0,0
"POINT (9.155925979000074 48.775904272000048)",Unfall 189710 (2021) Kat:3, Licht: 0,189710,3,7,0,11,15,3,0,0,1,0,0,0,0,0
"POINT (9.216991976000031 48.798658485000033)",Unfall 189723 (2021) Kat:3, Licht: 0,189723,3,2,5,11,08,2,0,0,0,1,0,0,0,0
"POINT (9.112321474000055 48.718754662000038)",Unfall 189729 (2021) Kat:3, Licht: 2,189729,3,4,6,11,17,3,0,2,0,1,1,0,0,0
"POINT (9.174589884000056 48.829588683000054)",Unfall 189731 (2021) Kat:2, Licht: 2,189731,2,7,5,12,19,4,0,2,0,1,0,0,0,1
"POINT (9.139949525000077 48.728851129000077)",Unfall 189742 (2021) Kat:3, Licht: 2,189742,3,7,0,12,19,5,1,2,1,0,0,0,0,0
"POINT (9.253405604000022 48.778104705000032)",Unfall 189763 (2021) Kat:3, Licht: 0,189763,3,3,5,11,14,4,0,0,1,1,0,0,0,0
"POINT (9.178189233000069 48.782727678000072)",Unfall 189765 (2021) Kat:3, Licht: 2,189765,3,6,6,11,06,4,0,2,1,0,1,0,0,0
"POINT (9.261215056000026 48.773003432000053)",Unfall 189771 (2021) Kat:3, Licht: 0,189771,3,7,0,12,09,1,0,0,0,0,0,1,0,0
"POINT (9.163950155000066 48.738083615000050)",Unfall 189796 (2021) Kat:3, Licht: 1,189796,3,3,0,12,16,5,1,1,0,1,0,1,0,0
"POINT (9.144070850000048 48.834512862000054)",Unfall 189819 (2021) Kat:3, Licht: 0,189819,3,6,2,12,12,4,1,0,0,1,0,1,0,0
"POINT (9.245335984000064 48.773547374000032)",Unfall 189831 (2021) Kat:3, Licht: 2,189831,3,7,9,11,23,7,0,2,0,1,0,0,0,0
"POINT (9.172020688000032 48.740927083000031)",Unfall 189837 (2021) Kat:3, Licht: 0,189837,3,3,0,11,12,3,0,0,0,0,0,0,0,1
"POINT (9.203125861000046 48.792531689000043)",Unfall 189839 (2021) Kat:3, Licht: 2,189839,3,6,2,11,17,5,0,2,0,1,0,0,0,0
"POINT (9.269311069000025 48.762425150000070)",Unfall 189840 (2021) Kat:3, Licht: 2,189840,3,3,5,12,17,3,0,2,0,1,0,1,0,0
"POINT (9.185665885000049 48.750353524000047)",Unfall 189843 (2021) Kat:2, Licht: 0,189843,2,5,1,12,08,5,0,0,1,1,0,0,0,0
"POINT (9.190153529000042 48.799539926000080)",Unfall 189858 (2021) Kat:3, Licht: 0,189858,3,3,5,12,10,4,0,0,1,1,0,0,0,0
"POINT (9.228609219000020 48.812349374000064)",Unfall 189865 (2021) Kat:2, Licht: 2,189865,2,4,6,11,17,7,1,2,0,1,1,0,0,0
"POINT (9.180421517000070 48.790711858000066)",Unfall 189868 (2021) Kat:3, Licht: 1,189868,3,2,5,12,07,3,0,1,1,1,0,0,0,0
"POINT (9.175099497000076 48.762553073000049)",Unfall 189869 (2021) Kat:3, Licht: 1,189869,3,7,0,12,07,2,0,1,0,0,0,1,0,0
"POINT (9.218128016000037 48.808062865000068)",Unfall 189870 (2021) Kat:2, Licht: 0,189870,2,7,6,12,13,5,1,0,0,0,1,0,0,1
"POINT (9.185256750000065 48.773322056000040)",Unfall 189892 (2021) Kat:3, Licht: 0,189892,3,7,6,11,10,6,0,0,0,1,1,0,0,0
"POINT (9.204411747000051 48.818459427000050)",Unfall 189943 (2021) Kat:3, Licht: 2,189943,3,6,2,11,20,3,1,2,0,1,0,0,0,0
"POINT (9.190706814000066 48.778467536000051)",Unfall 189968 (2021) Kat:3, Licht: 0,189968,3,7,0,11,08,4,1,0,0,0,0,1,0,0
"POINT (9.201457179000045 48.775809603000027)",Unfall 189970 (2021) Kat:2, Licht: 0,189970,2,7,0,11,10,7,0,0,0,0,0,1,0,0
"POINT (9.158138957000062 48.775173252000059)",Unfall 189987 (2021) Kat:3, Licht: 2,189987,3,7,9,12,02,7,1,2,0,1,0,0,0,0
"POINT (9.227565039000069 48.799738338000054)",Unfall 189996 (2021) Kat:3, Licht: 2,189996,3,3,0,11,06,4,1,2,0,0,0,1,0,1
"POINT (9.190034299000047 48.783446082000069)",Unfall 189997 (2021) Kat:3, Licht: 0,189997,3,6,3,11,07,3,1,0,1,1,0,0,0,0
"POINT (9.087040348000073 48.814211251000074)",Unfall 190009 (2021) Kat:3, Licht: 0,190009,3,3,5,11,12,2,1,0,0,1,0,0,0,0
"POINT (9.190398930000072 48.777850920000049)",Unfall 190015 (2021) Kat:3, Licht: 0,190015,3,7,0,11,15,7,1,0,1,0,0,0,0,0
"POINT (9.203633851000063 48.817857780000054)",Unfall 190020 (2021) Kat:3, Licht: 1,190020,3,2,5,11,17,5,0,1,0,1,0,0,0,1
"POINT (9.240733176000049 48.802522015000079)",Unfall 190022 (2021) Kat:3, Licht: 0,190022,3,4,6,11,09,2,1,0,0,0,1,0,0,1
"POINT (9.116699238000024 48.724930892000032)",Unfall 190025 (2021) Kat:3, Licht: 2,190025,3,3,5,12,23,5,1,2,0,1,0,0,0,0
"POINT (9.185598823000021 48.773464231000048)",Unfall 190052 (2021) Kat:3, Licht: 0,190052,3,5,1,11,12,7,1,0,0,1,0,0,0,0
"POINT (9.170820897000056 48.778960071000029)",Unfall 190063 (2021) Kat:3, Licht: 2,190063,3,2,5,11,00,7,0,2,0,1,0,0,0,1
"POINT (9.197306982000043 48.824314749000052)",Unfall 190069 (2021) Kat:3, Licht: 0,190069,3,6,2,11,09,4,0,0,0,1,0,0,0,0
"POINT (9.173376225000027 48.822404770000048)",Unfall 190072 (2021) Kat:3, Licht: 2,190072,3,3,5,11,17,5,0,2,0,1,0,0,0,0
"POINT (9.207090609000034 48.788910898000040)",Unfall 190076 (2021) Kat:3, Licht: 2,190076,3,7,0,12,07,4,0,2,1,0,0,0,0,0
"POINT (9.242610940000077 48.776125938000064)",Unfall 190150 (2021) Kat:3, Licht: 0,190150,3,4,6,12,15,5,0,0,0,1,1,0,0,0
"POINT (9.219768656000042 48.805870210000080)",Unfall 190257 (2021) Kat:2, Licht: 0,190257,2,7,0,12,10,2,1,0,1,0,0,0,0,0
"POINT (9.182633587000055 48.782537750000074)",Unfall 190291 (2021) Kat:3, Licht: 2,190291,3,3,5,12,21,7,1,2,0,1,0,0,0,0
"POINT (9.103430133000074 48.823019902000055)",Unfall 190426 (2021) Kat:3, Licht: 0,190426,3,3,5,12,10,6,1,0,1,1,0,0,0,0
"POINT (9.108171284000036 48.718034109000030)",Unfall 190453 (2021) Kat:3, Licht: 2,190453,3,6,6,12,17,5,1,2,1,0,1,0,0,0
"POINT (9.174294171000042 48.831664284000055)",Unfall 190456 (2021) Kat:3, Licht: 0,190456,3,7,5,12,11,4,0,0,0,1,0,0,0,1
"POINT (9.175003245000028 48.829612663000034)",Unfall 190463 (2021) Kat:3, Licht: 2,190463,3,1,9,12,21,1,1,2,0,1,0,0,0,0
"POINT (9.177600586000040 48.775244896000061)",Unfall 190529 (2021) Kat:3, Licht: 0,190529,3,7,6,12,16,3,1,0,0,0,1,0,0,1
"POINT (9.268021892000036 48.764000221000060)",Unfall 190605 (2021) Kat:3, Licht: 2,190605,3,7,1,12,16,5,1,2,0,1,0,0,0,0
"POINT (9.200431679000076 48.789236258000074)",Unfall 190808 (2021) Kat:3, Licht: 0,190808,3,6,2,12,14,5,0,0,0,1,0,0,0,0
"POINT (9.177766291000069 48.812184554000055)",Unfall 190815 (2021) Kat:3, Licht: 2,190815,3,7,3,12,20,5,0,2,0,1,0,0,0,0
"POINT (9.179802817000052 48.811183104000065)",Unfall 190868 (2021) Kat:3, Licht: 2,190868,3,6,2,12,17,2,0,2,0,1,0,0,0,0
"POINT (9.238080432000061 48.775298441000075)",Unfall 190998 (2021) Kat:3, Licht: 0,190998,3,7,1,12,13,6,0,0,0,1,0,0,0,0
"POINT (9.205903412000055 48.791216655000028)",Unfall 235663 (2021) Kat:2, Licht: 0,235663,2,7,0,02,14,1,0,0,1,0,0,0,0,0
"POINT (9.170407846000046 48.763768116000051)",Unfall 235671 (2021) Kat:3, Licht: 0,235671,3,7,0,03,11,5,0,0,1,0,0,0,0,0
"POINT (9.204898445000026 48.795194814000070)",Unfall 235681 (2021) Kat:2, Licht: 1,235681,2,7,0,03,18,7,1,1,1,0,0,0,0,0
"POINT (9.242939264000029 48.846112389000041)",Unfall 235701 (2021) Kat:3, Licht: 0,235701,3,7,0,03,14,2,0,0,1,0,1,0,0,0
"POINT (9.182956340000032 48.779530899000065)",Unfall 235706 (2021) Kat:3, Licht: 0,235706,3,7,4,03,16,3,0,0,1,0,0,0,0,0
"POINT (9.205151056000034 48.724290690000032)",Unfall 235707 (2021) Kat:3, Licht: 0,235707,3,3,5,03,08,3,0,0,1,1,0,0,0,0
"POINT (9.238233651000030 48.836287780000077)",Unfall 235757 (2021) Kat:2, Licht: 0,235757,2,1,0,04,11,5,0,0,1,0,0,0,0,0
"POINT (9.194855045000054 48.803204954000080)",Unfall 235763 (2021) Kat:3, Licht: 0,235763,3,7,0,04,08,3,0,0,1,0,0,0,0,1
"POINT (9.083390548000068 48.741001702000062)",Unfall 235767 (2021) Kat:3, Licht: 0,235767,3,7,0,04,19,5,0,0,1,0,0,0,0,0
"POINT (9.212772233000067 48.800172739000061)",Unfall 235770 (2021) Kat:3, Licht: 0,235770,3,7,4,04,16,6,0,0,1,0,0,0,0,0
"POINT (9.097446006000041 48.738567639000053)",Unfall 235781 (2021) Kat:3, Licht: 0,235781,3,7,6,04,17,7,0,0,1,0,1,0,0,0
"POINT (9.184098557000027 48.778376684000079)",Unfall 235815 (2021) Kat:3, Licht: 0,235815,3,7,2,04,18,4,0,0,1,0,0,0,0,0
"POINT (9.170443535000061 48.763815786000066)",Unfall 235845 (2021) Kat:2, Licht: 0,235845,2,1,0,05,09,2,0,0,1,0,0,0,0,0
"POINT (9.193399188000058 48.791132349000065)",Unfall 235852 (2021) Kat:3, Licht: 0,235852,3,7,0,05,13,5,0,0,1,0,0,0,0,0
"POINT (9.092275497000060 48.809864330000039)",Unfall 235853 (2021) Kat:3, Licht: 0,235853,3,7,6,05,11,5,0,0,1,0,1,0,0,0
"POINT (9.135109369000077 48.771552699000040)",Unfall 235864 (2021) Kat:3, Licht: 0,235864,3,7,0,05,11,7,1,0,1,0,0,0,0,0
"POINT (9.133948009000051 48.776737922000052)",Unfall 235872 (2021) Kat:2, Licht: 0,235872,2,7,0,05,12,4,0,0,1,0,0,0,0,0
"POINT (9.185507096000038 48.732857594000052)",Unfall 235873 (2021) Kat:2, Licht: 0,235873,2,7,0,05,15,4,0,0,1,0,0,0,0,0
"POINT (9.233287660000030 48.839562524000030)",Unfall 235875 (2021) Kat:2, Licht: 2,235875,2,1,0,05,00,5,0,2,1,0,0,0,0,0
"POINT (9.207106683000063 48.797420522000039)",Unfall 235876 (2021) Kat:3, Licht: 0,235876,3,7,4,05,14,5,0,0,1,0,0,0,0,1
"POINT (9.280285305000064 48.786018238000054)",Unfall 235882 (2021) Kat:3, Licht: 0,235882,3,7,0,05,14,7,0,0,1,0,0,0,0,0
"POINT (9.098261000000036 48.745788581000056)",Unfall 235895 (2021) Kat:3, Licht: 2,235895,3,7,6,05,22,6,0,2,1,0,1,0,0,0
"POINT (9.170395140000039 48.718472604000056)",Unfall 235905 (2021) Kat:3, Licht: 0,235905,3,6,0,05,17,1,0,0,1,0,0,0,0,0
"POINT (9.221746963000044 48.812212512000031)",Unfall 235920 (2021) Kat:3, Licht: 0,235920,3,7,6,05,17,2,0,0,1,0,1,0,0,0
"POINT (9.205914169000039 48.797449421000067)",Unfall 235975 (2021) Kat:3, Licht: 0,235975,3,7,0,06,16,3,0,0,1,0,0,0,0,0
"POINT (9.123475514000063 48.718996171000072)",Unfall 235978 (2021) Kat:3, Licht: 2,235978,3,6,4,06,21,4,0,2,1,1,0,0,0,0
"POINT (9.189660813000046 48.806790591000038)",Unfall 236136 (2021) Kat:3, Licht: 0,236136,3,7,0,07,13,3,0,0,1,0,0,0,0,0
"POINT (9.101924003000022 48.756505327000070)",Unfall 236159 (2021) Kat:3, Licht: 0,236159,3,7,1,07,14,1,1,0,1,1,0,0,0,0
"POINT (9.207888844000024 48.834657795000055)",Unfall 236174 (2021) Kat:3, Licht: 0,236174,3,1,6,07,14,6,0,0,1,0,1,0,0,0
"POINT (9.134595183000044 48.729928698000037)",Unfall 236198 (2021) Kat:3, Licht: 0,236198,3,7,5,07,17,3,0,0,1,0,0,0,0,0
"POINT (9.144193171000040 48.790176231000032)",Unfall 236213 (2021) Kat:3, Licht: 0,236213,3,7,0,07,12,6,0,0,1,0,0,0,0,0
"POINT (9.189438757000062 48.786170924000032)",Unfall 236271 (2021) Kat:3, Licht: 0,236271,3,7,0,08,19,2,0,0,1,0,0,0,0,1
"POINT (9.101910990000022 48.738894254000058)",Unfall 236275 (2021) Kat:3, Licht: 0,236275,3,7,4,08,19,4,0,0,1,0,0,0,0,0
"POINT (9.205648636000035 48.800305998000056)",Unfall 236282 (2021) Kat:3, Licht: 0,236282,3,7,6,08,08,5,0,0,1,0,1,0,0,0
"POINT (9.191355959000020 48.789649167000050)",Unfall 236283 (2021) Kat:3, Licht: 0,236283,3,7,4,08,08,5,0,0,1,0,0,0,0,0
"POINT (9.181049234000056 48.774684310000055)",Unfall 236288 (2021) Kat:3, Licht: 0,236288,3,7,0,08,18,6,0,0,1,0,0,0,0,0
"POINT (9.169982418000075 48.781319204000056)",Unfall 236381 (2021) Kat:3, Licht: 0,236381,3,6,6,08,18,3,0,0,1,0,1,0,0,0
"POINT (9.193643395000038 48.703081455000074)",Unfall 236397 (2021) Kat:3, Licht: 0,236397,3,7,0,08,13,6,0,0,1,0,0,0,0,0
"POINT (9.205932633000032 48.796891055000060)",Unfall 236450 (2021) Kat:3, Licht: 0,236450,3,6,4,09,18,3,0,0,1,0,0,0,0,0
"POINT (9.179831984000032 48.809871981000072)",Unfall 236520 (2021) Kat:3, Licht: 0,236520,3,3,5,09,17,5,0,0,1,1,0,0,0,0
"POINT (9.189462759000037 48.786166967000042)",Unfall 236529 (2021) Kat:3, Licht: 0,236529,3,7,5,09,17,6,0,0,1,0,0,0,0,1
"POINT (9.183127156000069 48.777412260000062)",Unfall 236587 (2021) Kat:3, Licht: 0,236587,3,7,0,10,12,2,0,0,1,0,0,0,0,0
"POINT (9.181721192000055 48.775248641000076)",Unfall 236617 (2021) Kat:3, Licht: 0,236617,3,3,5,10,12,7,0,0,1,1,0,0,0,0
"POINT (9.185186278000060 48.849027894000074)",Unfall 236629 (2021) Kat:3, Licht: 0,236629,3,3,5,10,17,4,0,0,1,1,0,0,0,0
"POINT (9.186731022000060 48.782942924000054)",Unfall 236658 (2021) Kat:3, Licht: 0,236658,3,7,0,11,08,5,2,0,1,0,0,0,0,0
"POINT (9.249972288000038 48.779503504000047)",Unfall 236659 (2021) Kat:3, Licht: 0,236659,3,7,0,11,15,6,0,0,1,0,0,0,0,0
"POINT (9.181476325000062 48.791073633000053)",Unfall 236676 (2021) Kat:3, Licht: 0,236676,3,7,0,11,09,7,0,0,1,0,0,0,0,0
"POINT (9.189701146000061 48.806296241000041)",Unfall 236684 (2021) Kat:3, Licht: 2,236684,3,1,0,12,06,6,2,2,1,0,0,0,0,0
"POINT (9.130273438000074 48.714901124000050)",Unfall 236694 (2021) Kat:2, Licht: 2,236694,2,6,6,12,21,4,1,2,1,0,1,0,0,0
"POINT (9.141543147000050 48.709767089000103)",Unfall 78286 (2022) Kat:3, Licht: 0,78286,3,6,2,01,08,6,0,0,0,1,0,0,0,0
"POINT (9.257320583000020 48.760812633000100)",Unfall 78373 (2022) Kat:3, Licht: 2,78373,3,3,5,01,21,3,0,2,0,1,0,0,0,0
"POINT (9.160614360000070 48.814397471000099)",Unfall 78449 (2022) Kat:3, Licht: 2,78449,3,6,2,01,18,4,0,2,0,1,0,0,1,0
"POINT (9.183094312000041 48.776426835000102)",Unfall 78763 (2022) Kat:3, Licht: 0,78763,3,6,2,01,15,1,1,0,0,1,0,0,0,0
"POINT (9.181445152000039 48.847299595999999)",Unfall 78781 (2022) Kat:3, Licht: 0,78781,3,6,2,01,06,4,0,0,0,1,0,0,0,0
"POINT (9.112779067000080 48.709589397999999)",Unfall 78790 (2022) Kat:2, Licht: 2,78790,2,7,8,01,01,7,1,2,0,1,0,0,0,0
"POINT (9.222005260000060 48.788957830000101)",Unfall 78859 (2022) Kat:3, Licht: 1,78859,3,2,2,01,16,2,1,1,0,1,0,0,0,0
"POINT (9.182891884000069 48.776111708000002)",Unfall 78888 (2022) Kat:3, Licht: 2,78888,3,3,5,01,18,3,0,2,0,1,0,0,0,0
"POINT (9.263917762000061 48.750905874000097)",Unfall 78905 (2022) Kat:3, Licht: 2,78905,3,3,5,01,21,3,0,2,0,1,0,0,0,0
"POINT (9.217442514000030 48.803245336000003)",Unfall 78918 (2022) Kat:3, Licht: 0,78918,3,2,5,01,15,2,0,0,1,1,0,0,0,0
"POINT (9.133358820000071 48.709474806999999)",Unfall 78928 (2022) Kat:3, Licht: 0,78928,3,6,0,01,11,4,0,0,0,1,0,0,0,0
"POINT (9.156361358000030 48.847840957000102)",Unfall 79032 (2022) Kat:3, Licht: 0,79032,3,6,2,01,13,3,0,0,0,1,0,0,0,0
"POINT (9.169729532000080 48.763570356000102)",Unfall 79093 (2022) Kat:3, Licht: 0,79093,3,6,2,01,15,6,0,0,0,1,0,0,0,0
"POINT (9.214869565000070 48.700786217000001)",Unfall 79095 (2022) Kat:3, Licht: 2,79095,3,7,8,01,18,2,1,2,1,0,0,0,0,0
"POINT (9.156584725000069 48.849150225000102)",Unfall 79107 (2022) Kat:3, Licht: 1,79107,3,3,5,01,17,1,0,1,1,1,0,0,0,0
"POINT (9.221468804000040 48.694732090000102)",Unfall 79160 (2022) Kat:3, Licht: 0,79160,3,3,5,01,16,3,1,0,0,1,0,0,0,0
"POINT (9.248851201000040 48.779396417999997)",Unfall 79184 (2022) Kat:3, Licht: 0,79184,3,6,2,01,13,7,0,0,0,1,0,0,0,0
"POINT (9.172324981000029 48.775872132000103)",Unfall 79221 (2022) Kat:3, Licht: 2,79221,3,1,8,01,02,1,1,2,0,1,0,0,0,0
"POINT (9.179615885000031 48.784590880000103)",Unfall 79321 (2022) Kat:3, Licht: 1,79321,3,7,5,01,17,2,0,1,0,1,0,0,0,1
"POINT (9.180745566000040 48.812022265000103)",Unfall 79330 (2022) Kat:3, Licht: 2,79330,3,6,3,01,19,7,0,2,0,1,0,0,0,0
"POINT (9.206909339000051 48.702531507000103)",Unfall 79399 (2022) Kat:3, Licht: 0,79399,3,2,2,01,07,2,0,0,0,1,0,0,0,0
"POINT (9.208862089000039 48.800391961000102)",Unfall 79418 (2022) Kat:3, Licht: 0,79418,3,6,2,02,15,6,0,0,0,1,0,0,0,0
"POINT (9.212964253000051 48.784355167000101)",Unfall 79459 (2022) Kat:3, Licht: 0,79459,3,7,1,02,09,7,0,0,0,1,0,0,0,0
"POINT (9.207507044000071 48.803009213000102)",Unfall 79502 (2022) Kat:3, Licht: 2,79502,3,6,3,02,18,5,0,2,0,1,0,0,1,0
"POINT (9.144764720000071 48.727809876999999)",Unfall 79539 (2022) Kat:3, Licht: 0,79539,3,6,2,01,14,5,0,0,0,1,0,0,0,0
"POINT (9.165825305000061 48.812490224000001)",Unfall 79569 (2022) Kat:3, Licht: 2,79569,3,3,5,01,19,7,0,2,0,1,0,0,0,0
"POINT (9.107054249000040 48.729896090000103)",Unfall 79589 (2022) Kat:3, Licht: 2,79589,3,3,5,02,18,4,0,2,1,1,0,0,0,0
"POINT (9.132031044000030 48.728454933000101)",Unfall 79670 (2022) Kat:3, Licht: 0,79670,3,6,2,02,12,3,0,0,0,1,0,0,0,0
"POINT (9.168851742000070 48.744520819000101)",Unfall 79696 (2022) Kat:3, Licht: 2,79696,3,6,2,02,19,4,1,2,0,1,0,0,0,0
"POINT (9.112447087000019 48.729821082000100)",Unfall 79709 (2022) Kat:3, Licht: 0,79709,3,6,2,02,13,6,0,0,0,1,0,0,0,0
"POINT (9.192734963000021 48.806959269000103)",Unfall 79777 (2022) Kat:3, Licht: 2,79777,3,6,3,01,05,6,0,2,0,1,0,0,0,0
"POINT (9.079938753000020 48.727651166000001)",Unfall 79791 (2022) Kat:3, Licht: 0,79791,3,7,9,02,15,2,1,0,0,1,0,0,0,0
"POINT (9.138720121000061 48.832255257000000)",Unfall 79798 (2022) Kat:3, Licht: 0,79798,3,6,2,02,12,5,0,0,0,1,0,0,1,0
"POINT (9.180538074000030 48.721419476999998)",Unfall 79855 (2022) Kat:3, Licht: 0,79855,3,6,2,02,08,5,1,0,0,1,0,0,0,0
"POINT (9.188122924000030 48.807943993000002)",Unfall 79883 (2022) Kat:3, Licht: 0,79883,3,6,2,02,16,7,0,0,0,1,0,0,0,0
"POINT (9.220186023000050 48.790267853000003)",Unfall 79886 (2022) Kat:3, Licht: 2,79886,3,3,5,02,18,7,0,2,0,1,0,0,0,0
"POINT (9.204122485000029 48.780745947000099)",Unfall 79898 (2022) Kat:3, Licht: 2,79898,3,2,6,02,18,6,0,2,0,1,1,0,0,0
"POINT (9.186645762000071 48.781002635000000)",Unfall 79921 (2022) Kat:3, Licht: 2,79921,3,6,2,02,22,6,1,2,0,1,0,0,0,1
"POINT (9.211844941000040 48.745267909000098)",Unfall 79925 (2022) Kat:3, Licht: 0,79925,3,3,5,02,12,2,0,0,1,1,0,0,0,0
"POINT (9.178313050000041 48.783636360999999)",Unfall 79951 (2022) Kat:3, Licht: 2,79951,3,6,2,02,22,7,0,2,0,1,0,0,0,0
"POINT (9.226734613000080 48.819378432000100)",Unfall 79987 (2022) Kat:3, Licht: 0,79987,3,3,5,02,15,1,0,0,1,1,0,0,0,0
"POINT (9.131289210000030 48.812469681000003)",Unfall 79989 (2022) Kat:3, Licht: 2,79989,3,3,5,01,05,4,0,2,0,1,0,0,0,0
"POINT (9.171168737000070 48.811756991999999)",Unfall 80040 (2022) Kat:2, Licht: 2,80040,2,7,0,02,18,5,0,2,1,0,0,0,0,0
"POINT (9.115917778000041 48.759083132999997)",Unfall 80055 (2022) Kat:3, Licht: 2,80055,3,6,2,02,18,1,0,2,0,1,0,0,0,0
"POINT (9.171822924000031 48.767586707000099)",Unfall 80066 (2022) Kat:3, Licht: 2,80066,3,6,3,01,20,6,1,2,0,1,0,1,0,0
"POINT (9.190377818000060 48.696471080000002)",Unfall 80087 (2022) Kat:2, Licht: 0,80087,2,6,3,02,17,6,0,0,0,1,0,0,1,0
"POINT (9.118267729000021 48.758473139000003)",Unfall 80090 (2022) Kat:3, Licht: 0,80090,3,7,9,01,13,5,1,0,0,1,0,0,0,0
"POINT (9.092175916000031 48.802738055000098)",Unfall 80171 (2022) Kat:3, Licht: 0,80171,3,2,5,02,08,4,1,0,0,1,0,0,0,1
"POINT (9.184051699000070 48.809939012000001)",Unfall 80187 (2022) Kat:3, Licht: 2,80187,3,6,2,02,18,3,0,2,0,1,0,0,0,0
"POINT (9.208074074000020 48.801598734000002)",Unfall 80191 (2022) Kat:3, Licht: 2,80191,3,6,2,02,06,3,1,2,0,1,0,0,1,0
"POINT (9.248720038000039 48.792596652000000)",Unfall 80208 (2022) Kat:3, Licht: 0,80208,3,7,0,01,07,5,0,0,0,1,0,0,0,1
"POINT (9.145025822000040 48.771374820000098)",Unfall 80236 (2022) Kat:3, Licht: 0,80236,3,3,5,02,06,4,0,0,0,1,0,0,0,1
"POINT (9.214393036000050 48.801575765000102)",Unfall 80283 (2022) Kat:3, Licht: 0,80283,3,6,2,02,14,7,0,0,0,1,0,0,0,0
"POINT (9.221766973000060 48.804254248000099)",Unfall 80291 (2022) Kat:3, Licht: 0,80291,3,6,2,01,16,2,0,0,0,1,0,0,0,0
"POINT (9.193498162000029 48.806946881000002)",Unfall 80294 (2022) Kat:3, Licht: 0,80294,3,6,3,02,14,5,0,0,0,1,0,1,0,0
"POINT (9.194753514000070 48.757542021000098)",Unfall 80305 (2022) Kat:3, Licht: 2,80305,3,6,3,02,21,5,0,2,0,1,0,0,0,0
"POINT (9.171675533000039 48.824165229000101)",Unfall 80342 (2022) Kat:3, Licht: 0,80342,3,6,2,02,08,4,1,0,0,1,0,0,0,0
"POINT (9.215714814000020 48.794449897000000)",Unfall 80384 (2022) Kat:3, Licht: 0,80384,3,6,2,02,12,7,0,0,0,1,0,0,0,0
"POINT (9.226720193000061 48.819365681000100)",Unfall 80387 (2022) Kat:3, Licht: 0,80387,3,3,5,02,14,6,0,0,1,1,0,0,0,0
"POINT (9.220353324000030 48.698658717999997)",Unfall 80411 (2022) Kat:3, Licht: 0,80411,3,3,5,02,09,4,1,0,0,1,0,0,0,1
"POINT (9.163390652000031 48.796499167000000)",Unfall 80420 (2022) Kat:3, Licht: 2,80420,3,7,0,01,18,4,0,2,1,0,0,0,0,0
"POINT (9.184649002000070 48.778421811999998)",Unfall 80506 (2022) Kat:3, Licht: 0,80506,3,6,2,02,13,4,0,0,0,1,0,0,0,0