WKT,Name,OBJECTID,UKATEGORIE,UTYP1,UART,UMONAT,USTUNDE,UWOCHENTAG,STRZUSTAND,ULICHTVERH,ISTRAD,ISTPKW,ISTFUSS,ISTKRAD,ISTGKFZ,ISTSONSTIG
"POINT (9.215684127000030 48.794481142000102)",Unfall 80514 (2022) Kat:3, Licht: 0,80514,3,6,2,01,12,2,0,0,0,1,0,0,1,0
"POINT (9.189139968000060 48.807612767000101)",Unfall 80563 (2022) Kat:3, Licht: 0,80563,3,6,2,02,16,2,0,0,0,1,0,0,0,0
"POINT (9.115526146000040 48.729811988000101)",Unfall 80567 (2022) Kat:3, Licht: 2,80567,3,7,5,02,17,1,1,2,0,1,1,0,0,0
"POINT (9.209528996000071 48.782039182000098)",Unfall 80571 (2022) Kat:3, Licht: 2,80571,3,2,6,01,21,5,1,2,0,1,1,0,0,0
"POINT (9.183331265000049 48.776078710000000)",Unfall 80586 (2022) Kat:3, Licht: 0,80586,3,6,3,02,14,5,0,0,1,0,0,0,0,0
"POINT (9.123893041000031 48.708563390999998)",Unfall 80588 (2022) Kat:3, Licht: 0,80588,3,6,2,02,13,5,0,0,0,1,0,0,0,0
"POINT (9.105465653000071 48.739370792000003)",Unfall 80613 (2022) Kat:3, Licht: 0,80613,3,7,0,02,12,3,0,0,0,1,0,0,0,1
"POINT (9.088174343000050 48.753047445999997)",Unfall 80651 (2022) Kat:3, Licht: 2,80651,3,1,8,02,21,7,0,2,0,1,0,0,0,0
"POINT (9.200153634000060 48.761703046000001)",Unfall 80652 (2022) Kat:3, Licht: 2,80652,3,3,5,01,07,2,1,2,0,1,0,0,0,1
"POINT (9.187024243000049 48.781934784999997)",Unfall 80658 (2022) Kat:3, Licht: 0,80658,3,6,2,02,10,3,0,0,0,1,0,0,0,1
"POINT (9.153432899000050 48.724840022000102)",Unfall 80663 (2022) Kat:3, Licht: 0,80663,3,5,1,01,08,3,1,0,1,1,0,0,0,0
"POINT (9.216377286000069 48.803372756000002)",Unfall 80696 (2022) Kat:3, Licht: 0,80696,3,3,5,02,08,4,1,0,0,1,0,0,0,1
"POINT (9.150144604000049 48.727003495000098)",Unfall 80787 (2022) Kat:3, Licht: 1,80787,3,2,2,01,07,6,0,1,0,1,0,0,0,0
"POINT (9.222713367000040 48.823969318000103)",Unfall 80794 (2022) Kat:3, Licht: 0,80794,3,7,0,02,07,6,0,0,1,0,0,0,0,0
"POINT (9.149583984000060 48.770189713999997)",Unfall 80804 (2022) Kat:3, Licht: 0,80804,3,5,1,01,10,1,0,0,0,1,0,0,0,0
"POINT (9.177785760000059 48.815634708000097)",Unfall 80814 (2022) Kat:3, Licht: 2,80814,3,6,2,02,19,6,1,2,0,1,0,0,0,0
"POINT (9.263932884000040 48.750883668000000)",Unfall 80861 (2022) Kat:3, Licht: 0,80861,3,3,5,01,13,5,1,0,0,1,0,0,0,0
"POINT (9.208592537000071 48.798589931000002)",Unfall 80869 (2022) Kat:3, Licht: 2,80869,3,6,2,01,06,5,1,2,0,1,0,0,1,0
"POINT (9.166093951000050 48.772680960000102)",Unfall 80925 (2022) Kat:3, Licht: 0,80925,3,3,5,03,15,4,0,0,1,1,0,0,0,0
"POINT (9.175100174000020 48.805415095999997)",Unfall 80927 (2022) Kat:3, Licht: 0,80927,3,6,2,03,10,1,0,0,0,1,0,0,0,0
"POINT (9.261229454000039 48.754246544000097)",Unfall 80961 (2022) Kat:3, Licht: 0,80961,3,6,2,04,15,3,1,0,0,1,0,0,0,0
"POINT (9.210524095000039 48.797907763000097)",Unfall 80970 (2022) Kat:3, Licht: 0,80970,3,6,2,03,12,6,0,0,0,1,0,0,0,0
"POINT (9.199399177000030 48.779892973000102)",Unfall 80986 (2022) Kat:3, Licht: 0,80986,3,6,2,04,11,4,0,0,0,1,0,0,0,1
"POINT (9.127984008000061 48.737406195000098)",Unfall 81014 (2022) Kat:3, Licht: 0,81014,3,2,5,03,09,4,0,0,0,1,0,0,0,0
"POINT (9.128915169000040 48.738507896999998)",Unfall 81030 (2022) Kat:3, Licht: 0,81030,3,6,2,03,07,6,0,0,0,1,0,0,0,1
"POINT (9.103822918000050 48.805869587000103)",Unfall 81044 (2022) Kat:3, Licht: 0,81044,3,6,2,04,16,5,0,0,0,1,0,0,0,0
"POINT (9.180953982000061 48.789985645000101)",Unfall 81056 (2022) Kat:3, Licht: 0,81056,3,6,2,03,13,2,0,0,0,1,0,0,0,0
"POINT (9.169580919000049 48.763858728000102)",Unfall 81064 (2022) Kat:3, Licht: 0,81064,3,2,5,03,10,6,0,0,0,1,0,0,0,0
"POINT (9.069419303000069 48.724822576000101)",Unfall 81087 (2022) Kat:3, Licht: 2,81087,3,1,8,03,23,3,0,2,0,1,0,0,0,0
"POINT (9.203389114000061 48.779335183000100)",Unfall 81116 (2022) Kat:3, Licht: 2,81116,3,2,5,03,19,5,0,2,1,1,0,0,0,0
"POINT (9.241144420000071 48.779062189000101)",Unfall 81125 (2022) Kat:3, Licht: 0,81125,3,6,2,04,15,6,1,0,0,1,0,0,0,0
"POINT (9.082605495000051 48.718014692000096)",Unfall 81137 (2022) Kat:2, Licht: 0,81137,2,6,2,04,07,3,0,0,0,1,0,1,0,0
"POINT (9.217440632000031 48.786513898000102)",Unfall 81141 (2022) Kat:2, Licht: 0,81141,2,2,5,04,14,3,0,0,1,0,0,0,0,1
"POINT (9.218893393000030 48.791216638000002)",Unfall 81151 (2022) Kat:3, Licht: 2,81151,3,6,3,04,19,6,1,2,0,1,0,1,0,0
"POINT (9.090574246000070 48.778717467000000)",Unfall 81182 (2022) Kat:3, Licht: 0,81182,3,6,2,03,13,5,0,0,0,1,0,0,0,0
"POINT (9.177229014000030 48.810980947000097)",Unfall 81206 (2022) Kat:3, Licht: 0,81206,3,7,8,03,16,7,0,0,0,0,0,0,0,1
"POINT (9.183518708000070 48.766390317000102)",Unfall 81207 (2022) Kat:3, Licht: 0,81207,3,6,2,03,15,2,0,0,0,1,0,0,0,0
"POINT (9.226740069000069 48.819383256999998)",Unfall 81216 (2022) Kat:3, Licht: 1,81216,3,3,5,03,18,3,0,1,1,1,0,0,0,0
"POINT (9.210016370000060 48.805396358000102)",Unfall 81234 (2022) Kat:3, Licht: 0,81234,3,7,0,04,07,2,1,0,0,0,0,1,0,0
"POINT (9.182072285000061 48.766464229000100)",Unfall 81237 (2022) Kat:3, Licht: 0,81237,3,6,2,04,14,6,1,0,0,1,0,0,0,0
"POINT (9.221598215000030 48.788958907000101)",Unfall 81245 (2022) Kat:3, Licht: 0,81245,3,6,2,03,08,4,0,0,0,1,0,0,0,0
"POINT (9.231361292000029 48.807800307000001)",Unfall 81255 (2022) Kat:3, Licht: 2,81255,3,3,5,03,05,5,0,2,0,1,0,0,0,0
"POINT (9.209374559000031 48.799876474000001)",Unfall 81267 (2022) Kat:3, Licht: 0,81267,3,6,2,04,12,4,0,0,0,1,0,1,0,0
"POINT (9.090518818000019 48.755065524000003)",Unfall 81269 (2022) Kat:3, Licht: 0,81269,3,3,5,03,16,1,0,0,0,1,0,1,0,0
"POINT (9.170166291000040 48.747862763000100)",Unfall 81290 (2022) Kat:3, Licht: 0,81290,3,6,0,04,11,4,0,0,0,1,0,0,0,1
"POINT (9.167009611000029 48.818302754000101)",Unfall 81302 (2022) Kat:3, Licht: 0,81302,3,7,0,03,07,2,1,0,0,0,0,1,0,0
"POINT (9.099441696000040 48.819550520000099)",Unfall 81326 (2022) Kat:3, Licht: 0,81326,3,7,0,03,18,7,0,0,1,0,0,0,0,0
"POINT (9.189881451000080 48.785910899000001)",Unfall 81344 (2022) Kat:3, Licht: 0,81344,3,3,0,03,08,3,0,0,0,1,0,0,0,0
"POINT (9.181677951000040 48.700763715000100)",Unfall 81398 (2022) Kat:3, Licht: 2,81398,3,7,2,03,00,4,0,2,0,1,0,0,0,1
"POINT (9.242410887000061 48.808356087000000)",Unfall 81414 (2022) Kat:3, Licht: 0,81414,3,2,5,03,11,1,0,0,1,1,0,0,0,0
"POINT (9.137333274000071 48.709705020000101)",Unfall 81432 (2022) Kat:3, Licht: 0,81432,3,6,2,03,15,6,0,0,0,1,0,0,0,0
"POINT (9.197819673000030 48.772441554000103)",Unfall 81503 (2022) Kat:3, Licht: 0,81503,3,7,0,04,16,4,0,0,0,0,0,1,0,0
"POINT (9.181415506000061 48.792716982000101)",Unfall 81527 (2022) Kat:3, Licht: 0,81527,3,6,2,03,12,4,0,0,0,1,0,0,0,0
"POINT (9.106438169000061 48.820367406999999)",Unfall 81543 (2022) Kat:3, Licht: 0,81543,3,3,5,04,07,3,1,0,1,1,0,0,0,0
"POINT (9.215680165000039 48.785657146000098)",Unfall 81670 (2022) Kat:3, Licht: 2,81670,3,5,1,03,01,5,0,2,0,1,0,0,0,0
"POINT (9.216671693000020 48.793633034999999)",Unfall 81751 (2022) Kat:3, Licht: 0,81751,3,6,2,04,07,2,0,0,0,1,0,0,1,0
"POINT (9.262670381000021 48.752448125000100)",Unfall 81781 (2022) Kat:3, Licht: 0,81781,3,7,9,03,13,7,0,0,0,1,0,0,0,0
"POINT (9.204336267000031 48.704379723999999)",Unfall 81821 (2022) Kat:3, Licht: 0,81821,3,7,0,04,19,7,0,0,1,0,0,0,0,0
"POINT (9.201212484000051 48.794808030000098)",Unfall 81832 (2022) Kat:3, Licht: 2,81832,3,6,2,03,18,4,0,2,0,1,0,0,0,0
"POINT (9.209401459000050 48.799508852000002)",Unfall 81833 (2022) Kat:3, Licht: 0,81833,3,6,2,03,11,3,0,0,0,1,0,0,0,0
"POINT (9.117887823000050 48.758401137000099)",Unfall 81854 (2022) Kat:3, Licht: 0,81854,3,1,9,04,16,6,1,0,0,1,0,0,0,0
"POINT (9.182432063000020 48.776661106000098)",Unfall 81878 (2022) Kat:3, Licht: 0,81878,3,6,2,04,07,3,0,0,0,1,0,0,0,0
"POINT (9.142100939000040 48.810289451000102)",Unfall 81887 (2022) Kat:3, Licht: 0,81887,3,6,2,03,16,6,0,0,0,1,0,0,0,0
"POINT (9.108303899000020 48.821858614000099)",Unfall 81899 (2022) Kat:3, Licht: 0,81899,3,4,6,04,08,2,0,0,0,1,1,0,0,0
"POINT (9.218512984000030 48.797750307000101)",Unfall 81917 (2022) Kat:3, Licht: 0,81917,3,5,1,04,16,7,0,0,0,1,0,0,0,0
"POINT (9.155909322000070 48.848720223000001)",Unfall 81920 (2022) Kat:3, Licht: 2,81920,3,7,9,04,01,6,1,2,0,1,0,0,0,0
"POINT (9.181816030000050 48.758669568000101)",Unfall 81925 (2022) Kat:3, Licht: 0,81925,3,6,4,04,14,4,0,0,0,1,0,0,0,0
"POINT (9.186598743000051 48.770163486999998)",Unfall 81936 (2022) Kat:3, Licht: 0,81936,3,6,2,04,08,3,0,0,0,1,0,0,0,0
"POINT (9.214229388000041 48.831057599000097)",Unfall 81993 (2022) Kat:3, Licht: 0,81993,3,7,0,04,19,4,0,0,1,0,0,0,0,0
"POINT (9.176782514000021 48.779643812000103)",Unfall 81999 (2022) Kat:3, Licht: 2,81999,3,7,0,03,05,4,1,2,0,0,0,1,0,0
"POINT (9.148591476000041 48.708856550000100)",Unfall 82018 (2022) Kat:3, Licht: 0,82018,3,6,3,03,17,2,0,0,0,1,0,0,1,0
"POINT (9.146884956000060 48.772281908000103)",Unfall 82024 (2022) Kat:3, Licht: 0,82024,3,3,5,03,08,6,0,0,1,1,0,0,0,0
"POINT (9.160320053000021 48.814293829000100)",Unfall 82036 (2022) Kat:3, Licht: 0,82036,3,6,2,03,14,3,0,0,0,1,0,0,0,0
"POINT (9.178203211000040 48.756974296000102)",Unfall 82053 (2022) Kat:3, Licht: 0,82053,3,6,2,04,18,2,0,0,0,1,0,0,0,0
"POINT (9.243223503000021 48.697318976000098)",Unfall 82090 (2022) Kat:3, Licht: 0,82090,3,6,2,04,14,5,0,0,0,1,0,0,0,1
"POINT (9.214371367000069 48.795833713999997)",Unfall 82111 (2022) Kat:3, Licht: 2,82111,3,6,3,04,21,4,0,2,0,1,0,0,1,1
"POINT (9.234574427000039 48.782793253000101)",Unfall 82112 (2022) Kat:3, Licht: 2,82112,3,6,2,03,00,2,0,2,0,1,0,0,0,0
"POINT (9.124997030000030 48.729617867000101)",Unfall 82117 (2022) Kat:3, Licht: 0,82117,3,3,5,03,15,6,0,0,1,1,0,0,0,0
"POINT (9.186490214000059 48.781608624000100)",Unfall 82123 (2022) Kat:3, Licht: 2,82123,3,2,2,03,19,2,0,2,0,1,0,0,0,0
"POINT (9.146859526000069 48.766017992999998)",Unfall 82147 (2022) Kat:3, Licht: 0,82147,3,7,5,03,07,1,0,0,0,1,0,0,0,0
"POINT (9.150145325000040 48.727055816000103)",Unfall 82172 (2022) Kat:3, Licht: 0,82172,3,3,5,04,17,7,0,0,0,1,0,1,0,0
"POINT (9.181660642000050 48.810009301000001)",Unfall 82202 (2022) Kat:3, Licht: 0,82202,3,6,2,04,09,5,0,0,0,1,0,0,0,1
"POINT (9.177356201000070 48.702887152000102)",Unfall 82203 (2022) Kat:2, Licht: 0,82203,2,6,2,03,14,5,0,0,0,1,0,1,0,0
"POINT (9.193951408000030 48.753963554999999)",Unfall 82225 (2022) Kat:3, Licht: 2,82225,3,3,5,04,22,2,0,2,0,1,0,0,0,0
"POINT (9.109697895000069 48.727649133000099)",Unfall 82275 (2022) Kat:3, Licht: 0,82275,3,6,3,04,08,3,1,0,1,0,0,0,0,1
"POINT (9.189317636000061 48.784940798000001)",Unfall 82285 (2022) Kat:3, Licht: 0,82285,3,6,2,03,06,6,0,0,0,1,0,1,0,0
"POINT (9.157529627000031 48.832387642000100)",Unfall 82338 (2022) Kat:3, Licht: 0,82338,3,1,2,04,08,6,1,0,0,1,0,0,0,0
"POINT (9.172228212000050 48.768074718000001)",Unfall 82365 (2022) Kat:3, Licht: 0,82365,3,6,2,04,15,3,0,0,0,1,0,0,0,0
"POINT (9.203326820000029 48.789883674000102)",Unfall 82372 (2022) Kat:3, Licht: 0,82372,3,6,2,03,07,6,0,0,1,1,0,0,0,0
"POINT (9.254861795000069 48.810483951000002)",Unfall 82415 (2022) Kat:3, Licht: 0,82415,3,6,2,03,17,2,0,0,0,1,0,0,0,0
"POINT (9.182679035000040 48.797488151000003)",Unfall 82424 (2022) Kat:3, Licht: 0,82424,3,6,2,03,10,6,0,0,0,1,0,0,0,0
"POINT (9.232037028000040 48.784352100000000)",Unfall 82495 (2022) Kat:3, Licht: 0,82495,3,1,3,04,15,7,0,0,0,1,0,0,0,0
"POINT (9.219353865000070 48.803622294000000)",Unfall 82521 (2022) Kat:3, Licht: 0,82521,3,6,2,03,14,6,0,0,0,1,0,0,0,0
"POINT (9.207732555000060 48.781012810999997)",Unfall 82525 (2022) Kat:3, Licht: 0,82525,3,4,6,03,10,4,1,0,0,0,1,0,0,1
"POINT (9.181296712000060 48.791876780000102)",Unfall 82546 (2022) Kat:3, Licht: 0,82546,3,6,2,03,14,4,0,0,0,1,0,0,0,0
"POINT (9.157493274000050 48.811140599000097)",Unfall 82558 (2022) Kat:3, Licht: 2,82558,3,5,1,03,19,6,0,2,1,1,0,0,0,0
"POINT (9.262192651000021 48.752861611000100)",Unfall 82559 (2022) Kat:3, Licht: 0,82559,3,7,8,03,07,7,0,0,0,1,0,0,0,0
"POINT (9.235904521000069 48.806591476999998)",Unfall 82581 (2022) Kat:3, Licht: 0,82581,3,2,2,04,08,3,1,0,0,1,0,0,0,0
"POINT (9.099526176000040 48.819558545000099)",Unfall 82597 (2022) Kat:3, Licht: 0,82597,3,2,5,03,09,5,0,0,1,1,0,0,0,0
"POINT (9.189512162000030 48.785233429000101)",Unfall 82599 (2022) Kat:3, Licht: 1,82599,3,6,2,04,19,1,0,1,0,1,0,0,0,0
"POINT (9.174409174000060 48.769451431000000)",Unfall 82672 (2022) Kat:3, Licht: 0,82672,3,2,6,03,15,5,1,0,0,1,1,0,0,0
"POINT (9.136277051000040 48.773989870000001)",Unfall 82724 (2022) Kat:3, Licht: 0,82724,3,2,5,03,13,5,0,0,0,1,0,1,0,0
"POINT (9.180006482000071 48.810692437999997)",Unfall 82737 (2022) Kat:3, Licht: 2,82737,3,3,5,04,04,1,1,2,0,1,0,0,0,0
"POINT (9.160080984000050 48.811934743000101)",Unfall 82746 (2022) Kat:3, Licht: 0,82746,3,7,0,03,11,7,0,0,0,1,0,1,0,0
"POINT (9.240645047000040 48.696713377000002)",Unfall 82752 (2022) Kat:3, Licht: 0,82752,3,6,2,03,15,3,0,0,0,0,0,0,1,0
"POINT (9.243168915000069 48.792017472000097)",Unfall 82762 (2022) Kat:3, Licht: 0,82762,3,3,5,04,17,3,0,0,0,1,0,1,0,0
"POINT (9.174640192000030 48.820586693999999)",Unfall 82772 (2022) Kat:3, Licht: 0,82772,3,6,2,04,10,6,1,0,0,1,0,0,0,0
"POINT (9.187145236000051 48.772584806000097)",Unfall 82785 (2022) Kat:3, Licht: 0,82785,3,6,1,03,10,6,0,0,0,1,0,0,0,0
"POINT (9.108594743000030 48.740587569000098)",Unfall 82905 (2022) Kat:3, Licht: 2,82905,3,6,2,03,21,7,0,2,0,1,0,0,0,1
"POINT (9.112712088000020 48.745279951000001)",Unfall 82907 (2022) Kat:2, Licht: 0,82907,2,6,3,03,08,2,0,0,0,1,0,1,0,0
"POINT (9.098277573000081 48.819328896999998)",Unfall 82939 (2022) Kat:3, Licht: 2,82939,3,2,5,05,21,4,0,2,0,1,0,0,0,0
"POINT (9.099398272000030 48.819546394000000)",Unfall 82950 (2022) Kat:3, Licht: 0,82950,3,2,5,05,18,1,0,0,1,1,0,0,0,0
"POINT (9.220736906000070 48.796494840999998)",Unfall 82952 (2022) Kat:3, Licht: 0,82952,3,3,5,05,18,2,0,0,0,1,0,0,0,0
"POINT (9.225267718000049 48.793993217999997)",Unfall 82954 (2022) Kat:3, Licht: 2,82954,3,6,0,04,20,4,0,2,0,1,0,1,0,0
"POINT (9.212495813000031 48.797388411999997)",Unfall 82967 (2022) Kat:3, Licht: 0,82967,3,6,2,05,08,2,0,0,0,1,0,0,0,0
"POINT (9.153660062000030 48.843485158000099)",Unfall 82982 (2022) Kat:3, Licht: 0,82982,3,3,5,05,14,3,0,0,0,1,0,0,0,0
"POINT (9.220257078000030 48.740469851000100)",Unfall 83005 (2022) Kat:3, Licht: 0,83005,3,2,5,04,07,2,0,0,1,1,0,0,0,0
"POINT (9.189483883000040 48.785190888999999)",Unfall 83006 (2022) Kat:3, Licht: 0,83006,3,6,3,04,09,6,0,0,0,1,0,0,1,0
"POINT (9.165239159000070 48.709401927000002)",Unfall 83051 (2022) Kat:3, Licht: 0,83051,3,1,8,05,07,4,0,0,0,1,0,0,0,0
"POINT (9.180006836000080 48.773777361000000)",Unfall 83159 (2022) Kat:2, Licht: 0,83159,2,4,6,05,17,5,0,0,0,1,1,0,0,1
"POINT (9.177662517000041 48.815822657000098)",Unfall 83173 (2022) Kat:3, Licht: 0,83173,3,2,5,05,08,3,0,0,1,1,0,0,0,0
"POINT (9.164232350000081 48.772190180999999)",Unfall 83195 (2022) Kat:3, Licht: 2,83195,3,7,0,04,23,5,0,2,0,0,0,0,0,1
"POINT (9.184770928000029 48.805904090000098)",Unfall 83201 (2022) Kat:2, Licht: 0,83201,2,7,0,05,19,7,0,0,0,0,0,1,0,0
"POINT (9.094372398000081 48.802727455000102)",Unfall 83210 (2022) Kat:2, Licht: 0,83210,2,7,6,04,18,4,0,0,0,0,1,0,0,1
"POINT (9.202458666000039 48.780442237999999)",Unfall 83216 (2022) Kat:3, Licht: 0,83216,3,4,0,04,17,6,0,0,0,0,1,0,0,1
"POINT (9.158643160000050 48.811390866000103)",Unfall 83267 (2022) Kat:2, Licht: 0,83267,2,2,6,05,16,5,0,0,0,1,1,0,0,0
"POINT (9.207834559000050 48.801574053000103)",Unfall 83301 (2022) Kat:3, Licht: 2,83301,3,6,2,05,20,7,0,2,0,1,0,1,0,0
"POINT (9.177675601000031 48.815802704000099)",Unfall 83308 (2022) Kat:3, Licht: 0,83308,3,2,5,05,17,4,0,0,1,1,0,0,0,0
"POINT (9.191348875000070 48.788522157999999)",Unfall 83319 (2022) Kat:3, Licht: 0,83319,3,6,2,04,14,6,0,0,0,1,0,0,1,0
"POINT (9.169972453000071 48.748326642999999)",Unfall 83320 (2022) Kat:3, Licht: 0,83320,3,3,5,05,10,6,0,0,1,1,0,0,0,0
"POINT (9.175104687000040 48.805423699000102)",Unfall 83322 (2022) Kat:3, Licht: 0,83322,3,7,2,05,16,2,0,0,0,1,0,0,0,0
"POINT (9.183329913000019 48.766345881000099)",Unfall 83372 (2022) Kat:3, Licht: 0,83372,3,6,2,05,16,2,0,0,0,1,0,0,0,0
"POINT (9.222532051000030 48.836414601000101)",Unfall 83376 (2022) Kat:2, Licht: 0,83376,2,7,0,05,12,6,0,0,1,0,0,0,0,0
"POINT (9.178831456000070 48.784255285000000)",Unfall 83399 (2022) Kat:3, Licht: 0,83399,3,3,5,05,14,5,0,0,0,1,0,0,0,0
"POINT (9.169528288000039 48.764581087000103)",Unfall 83430 (2022) Kat:3, Licht: 0,83430,3,7,6,05,16,2,0,0,0,1,1,0,0,0
"POINT (9.199777328000041 48.779983533000099)",Unfall 83453 (2022) Kat:3, Licht: 0,83453,3,7,5,05,10,5,0,0,0,1,0,1,0,0
"POINT (9.182326385000071 48.775504880000000)",Unfall 83480 (2022) Kat:3, Licht: 0,83480,3,3,5,05,09,2,0,0,1,0,0,0,1,0
"POINT (9.156968753000060 48.723887832999999)",Unfall 83537 (2022) Kat:3, Licht: 0,83537,3,2,6,04,18,4,0,0,0,1,1,0,0,0
"POINT (9.222653175000060 48.789782920999997)",Unfall 83555 (2022) Kat:3, Licht: 0,83555,3,6,3,05,06,5,0,0,0,1,0,0,0,0
"POINT (9.153247764000071 48.800818766000098)",Unfall 83614 (2022) Kat:2, Licht: 0,83614,2,3,5,04,07,6,0,0,0,1,0,1,0,0
"POINT (9.215869264000050 48.794499483999999)",Unfall 83625 (2022) Kat:3, Licht: 0,83625,3,6,3,05,08,3,0,0,0,1,0,0,1,0
"POINT (9.187900375000030 48.780955945000102)",Unfall 83675 (2022) Kat:3, Licht: 0,83675,3,6,2,05,11,4,0,0,0,1,0,0,1,0
"POINT (9.163921506000070 48.851290912000103)",Unfall 83696 (2022) Kat:3, Licht: 0,83696,3,7,0,05,16,5,0,0,0,0,0,1,0,0
"POINT (9.156635790000051 48.808659429999999)",Unfall 83711 (2022) Kat:3, Licht: 0,83711,3,2,6,04,08,2,0,0,0,1,1,0,0,0
"POINT (9.097024036000050 48.712686701999999)",Unfall 83717 (2022) Kat:3, Licht: 0,83717,3,6,1,05,16,4,0,0,0,1,0,0,0,0
"POINT (9.186786148000071 48.781214858000098)",Unfall 83723 (2022) Kat:3, Licht: 0,83723,3,6,2,04,12,7,1,0,0,1,0,0,0,0
"POINT (9.221568102000051 48.695048438000100)",Unfall 83732 (2022) Kat:3, Licht: 0,83732,3,2,5,05,08,4,0,0,0,1,0,0,0,0
"POINT (9.144791876000060 48.709373065000101)",Unfall 83745 (2022) Kat:3, Licht: 0,83745,3,6,2,05,08,2,0,0,0,1,0,0,1,0
"POINT (9.166905122000060 48.835879904000102)",Unfall 83753 (2022) Kat:3, Licht: 0,83753,3,6,2,04,16,7,0,0,0,1,0,0,0,0
"POINT (9.191350454000030 48.788586717000001)",Unfall 83757 (2022) Kat:3, Licht: 0,83757,3,2,3,05,18,7,0,0,0,1,0,0,0,0
"POINT (9.181060840000040 48.765461735000002)",Unfall 83789 (2022) Kat:3, Licht: 2,83789,3,7,0,05,22,4,0,2,0,0,0,1,0,0
"POINT (9.180814007000039 48.788876050000098)",Unfall 83815 (2022) Kat:3, Licht: 0,83815,3,6,3,05,08,6,1,0,0,1,0,0,0,1
"POINT (9.230199627000051 48.812782826000003)",Unfall 83857 (2022) Kat:3, Licht: 0,83857,3,3,5,04,18,6,0,0,0,1,0,1,0,0
"POINT (9.141573328000050 48.840000871000001)",Unfall 83858 (2022) Kat:3, Licht: 0,83858,3,3,5,04,06,6,0,0,0,1,0,0,0,0
"POINT (9.169242689000040 48.842019741000101)",Unfall 83867 (2022) Kat:2, Licht: 1,83867,2,6,3,05,20,2,0,1,0,1,0,1,0,0
"POINT (9.182568968000060 48.776591521999997)",Unfall 83871 (2022) Kat:3, Licht: 0,83871,3,6,2,05,13,2,0,0,0,1,0,0,0,0
"POINT (9.178896069000070 48.784304616000000)",Unfall 83912 (2022) Kat:3, Licht: 0,83912,3,6,2,05,07,3,0,0,0,1,0,0,0,0
"POINT (9.175342988000070 48.819939663000099)",Unfall 83913 (2022) Kat:3, Licht: 2,83913,3,7,8,04,02,2,1,2,0,1,0,0,0,0
"POINT (9.175150312000030 48.820240578000003)",Unfall 83931 (2022) Kat:3, Licht: 0,83931,3,6,3,05,19,1,0,0,0,1,0,0,0,0
"POINT (9.157074625000060 48.846772950000101)",Unfall 84005 (2022) Kat:3, Licht: 0,84005,3,4,6,05,12,5,0,0,0,1,1,0,0,0
"POINT (9.214988947000050 48.785335363000101)",Unfall 84007 (2022) Kat:3, Licht: 1,84007,3,6,2,04,07,4,0,1,0,1,0,0,0,0
"POINT (9.134359269000070 48.767564750000098)",Unfall 84049 (2022) Kat:3, Licht: 0,84049,3,6,2,05,08,4,1,0,0,1,0,0,0,0
"POINT (9.209159584000080 48.747041449999998)",Unfall 84058 (2022) Kat:3, Licht: 0,84058,3,6,2,04,15,3,1,0,0,1,0,0,0,0
"POINT (9.189878025000040 48.780348728000000)",Unfall 84061 (2022) Kat:3, Licht: 2,84061,3,6,2,04,08,6,0,2,0,1,0,0,0,0
"POINT (9.141574237000039 48.840002248000097)",Unfall 84070 (2022) Kat:3, Licht: 0,84070,3,3,5,04,14,1,1,0,0,1,0,0,0,0
"POINT (9.244797323000061 48.753874959000001)",Unfall 84094 (2022) Kat:3, Licht: 0,84094,3,7,0,04,14,4,0,0,0,0,0,1,0,0
"POINT (9.183261427000049 48.809863452000101)",Unfall 84146 (2022) Kat:3, Licht: 0,84146,3,6,2,05,16,5,0,0,0,1,0,0,0,0
"POINT (9.074536944000039 48.723110554000101)",Unfall 84161 (2022) Kat:3, Licht: 0,84161,3,7,8,05,08,6,0,0,0,1,0,0,0,0
"POINT (9.183390724000050 48.805142472999997)",Unfall 84214 (2022) Kat:3, Licht: 0,84214,3,1,0,06,20,1,1,0,0,0,0,0,0,1
"POINT (9.180721281000050 48.812386459999999)",Unfall 84311 (2022) Kat:3, Licht: 0,84311,3,6,2,05,14,2,0,0,0,1,0,0,0,0
"POINT (9.163756430000030 48.756805938000099)",Unfall 84321 (2022) Kat:3, Licht: 0,84321,3,6,2,05,14,5,0,0,0,1,0,0,0,0
"POINT (9.155923917000051 48.810677858000098)",Unfall 84345 (2022) Kat:3, Licht: 0,84345,3,3,5,05,14,4,0,0,0,1,0,1,0,0
"POINT (9.232246467000040 48.829829582000102)",Unfall 84379 (2022) Kat:3, Licht: 0,84379,3,3,5,05,15,4,0,0,1,1,0,0,0,0
"POINT (9.209642534000070 48.799317627999997)",Unfall 84392 (2022) Kat:3, Licht: 0,84392,3,6,2,05,12,1,0,0,0,1,0,0,0,0
"POINT (9.130014724000031 48.781448308000101)",Unfall 84402 (2022) Kat:3, Licht: 0,84402,3,3,5,06,19,4,0,0,1,1,0,0,0,0
"POINT (9.215758994000049 48.785694853000102)",Unfall 84539 (2022) Kat:3, Licht: 0,84539,3,6,2,06,17,2,0,0,0,1,0,0,0,0
"POINT (9.184410403000070 48.778263610000103)",Unfall 84553 (2022) Kat:2, Licht: 0,84553,2,7,5,05,15,3,0,0,1,1,0,0,0,0
"POINT (9.156637594000070 48.808658928000099)",Unfall 84556 (2022) Kat:2, Licht: 0,84556,2,4,6,06,08,7,1,0,0,1,1,0,0,0
"POINT (9.218150115000070 48.741532939000102)",Unfall 84661 (2022) Kat:3, Licht: 0,84661,3,6,4,05,07,5,0,0,1,0,0,0,0,0
"POINT (9.209400069000029 48.781954234000096)",Unfall 84663 (2022) Kat:3, Licht: 0,84663,3,6,3,06,10,2,0,0,0,1,0,0,0,1