WKT,Name,OBJECTID,UKATEGORIE,UTYP1,UART,UMONAT,USTUNDE,UWOCHENTAG,STRZUSTAND,ULICHTVERH,ISTRAD,ISTPKW,ISTFUSS,ISTKRAD,ISTGKFZ,ISTSONSTIG
"POINT (9.222207595000040 48.789271307000000)",Unfall 84674 (2022) Kat:3, Licht: 0,84674,3,7,5,06,10,6,0,0,0,1,0,0,1,0
"POINT (9.234552137000041 48.799773238999997)",Unfall 84684 (2022) Kat:3, Licht: 0,84684,3,6,2,06,14,1,0,0,0,1,0,0,0,0
"POINT (9.171331796000061 48.774712897000001)",Unfall 84744 (2022) Kat:3, Licht: 0,84744,3,6,2,05,09,3,0,0,0,1,0,0,0,0
"POINT (9.162547847000040 48.739142355000098)",Unfall 84761 (2022) Kat:3, Licht: 0,84761,3,6,2,05,07,2,0,0,0,1,0,0,0,0
"POINT (9.130922785000051 48.782116510000002)",Unfall 84798 (2022) Kat:2, Licht: 0,84798,2,3,0,05,15,7,0,0,0,1,0,1,0,0
"POINT (9.247117812000059 48.789421300000100)",Unfall 84813 (2022) Kat:3, Licht: 0,84813,3,6,2,06,18,5,0,0,0,1,0,0,0,0
"POINT (9.169455402000040 48.773628742000000)",Unfall 84832 (2022) Kat:3, Licht: 0,84832,3,6,2,06,14,5,0,0,0,0,0,1,1,0
"POINT (9.169222720000050 48.740237972999999)",Unfall 84842 (2022) Kat:3, Licht: 0,84842,3,2,0,05,15,4,0,0,0,1,0,1,0,0
"POINT (9.249018803000070 48.780509159000097)",Unfall 84884 (2022) Kat:3, Licht: 0,84884,3,6,3,06,11,4,0,0,0,1,0,0,0,0
"POINT (9.175396899000081 48.756148304000099)",Unfall 84893 (2022) Kat:2, Licht: 0,84893,2,6,4,05,15,1,0,0,0,1,0,1,0,0
"POINT (9.205291265000030 48.703519606000000)",Unfall 84900 (2022) Kat:3, Licht: 0,84900,3,4,6,05,07,5,0,0,0,0,1,1,0,0
"POINT (9.217259288000040 48.742144086000103)",Unfall 84909 (2022) Kat:3, Licht: 0,84909,3,3,5,05,12,6,0,0,0,1,0,1,0,0
"POINT (9.163200313000059 48.771919853000000)",Unfall 84923 (2022) Kat:3, Licht: 0,84923,3,2,6,05,12,4,0,0,0,1,1,0,0,0
"POINT (9.130036002000050 48.709113135999999)",Unfall 84942 (2022) Kat:3, Licht: 0,84942,3,1,9,06,19,3,1,0,0,1,0,0,0,0
"POINT (9.223476784000070 48.790419902000103)",Unfall 84961 (2022) Kat:3, Licht: 0,84961,3,2,5,05,16,3,0,0,0,1,0,1,0,0
"POINT (9.179664881000059 48.784630829000001)",Unfall 84977 (2022) Kat:3, Licht: 0,84977,3,6,6,05,13,7,0,0,1,0,1,0,0,0
"POINT (9.190929179000021 48.780068706000101)",Unfall 85001 (2022) Kat:3, Licht: 0,85001,3,6,2,05,14,7,0,0,0,1,0,0,0,0
"POINT (9.154639637000059 48.812521381000103)",Unfall 85077 (2022) Kat:3, Licht: 0,85077,3,6,2,05,16,5,0,0,0,1,0,1,0,0
"POINT (9.091726063000070 48.755700206000000)",Unfall 85082 (2022) Kat:2, Licht: 0,85082,2,7,9,05,17,1,0,0,0,0,0,1,0,0
"POINT (9.084121698000050 48.716849304000000)",Unfall 85203 (2022) Kat:3, Licht: 0,85203,3,6,3,05,11,3,0,0,0,1,0,0,1,0
"POINT (9.175616858000071 48.770164561999998)",Unfall 85219 (2022) Kat:3, Licht: 0,85219,3,7,0,06,06,6,0,0,0,0,0,0,0,1
"POINT (9.141645289000049 48.839951515000102)",Unfall 85231 (2022) Kat:3, Licht: 1,85231,3,7,5,05,20,6,0,1,1,1,0,0,0,0
"POINT (9.182843928000070 48.775713027999998)",Unfall 85250 (2022) Kat:3, Licht: 0,85250,3,6,2,05,19,6,0,0,0,1,0,0,0,0
"POINT (9.173233515000049 48.799349581999998)",Unfall 85255 (2022) Kat:3, Licht: 0,85255,3,7,5,05,19,3,0,0,0,1,0,0,0,0
"POINT (9.181129915000040 48.790127109000103)",Unfall 85317 (2022) Kat:3, Licht: 0,85317,3,6,2,06,08,5,0,0,0,1,0,0,0,0
"POINT (9.234759884000029 48.737643837000100)",Unfall 85335 (2022) Kat:3, Licht: 0,85335,3,6,2,05,17,7,0,0,0,1,0,0,0,0
"POINT (9.083133297000071 48.717463578999997)",Unfall 85338 (2022) Kat:3, Licht: 0,85338,3,6,2,05,16,2,0,0,0,1,0,0,0,1
"POINT (9.181363846000069 48.792194012000003)",Unfall 85342 (2022) Kat:3, Licht: 0,85342,3,7,0,05,14,7,0,0,0,0,0,1,0,0
"POINT (9.155897196000071 48.848516371000102)",Unfall 85365 (2022) Kat:3, Licht: 0,85365,3,3,5,06,20,2,0,0,0,1,0,0,0,1
"POINT (9.171619419000020 48.775029232000101)",Unfall 85386 (2022) Kat:3, Licht: 0,85386,3,6,2,05,08,4,0,0,0,1,0,0,0,0
"POINT (9.227657502000060 48.786435382000001)",Unfall 85399 (2022) Kat:3, Licht: 0,85399,3,6,3,05,07,3,0,0,0,1,0,0,0,0
"POINT (9.202349201000059 48.793313527000102)",Unfall 85404 (2022) Kat:3, Licht: 0,85404,3,2,0,06,13,4,0,0,0,0,0,0,1,1
"POINT (9.178146300000041 48.771723422000001)",Unfall 85441 (2022) Kat:3, Licht: 0,85441,3,3,5,06,10,4,0,0,1,1,0,0,0,0
"POINT (9.210910311000021 48.701083853999997)",Unfall 85474 (2022) Kat:3, Licht: 0,85474,3,3,6,06,08,6,0,0,0,1,1,0,0,0
"POINT (9.174150374000019 48.821136476000000)",Unfall 85537 (2022) Kat:3, Licht: 0,85537,3,6,2,05,17,3,0,0,0,1,0,0,0,0
"POINT (9.231187465000060 48.841585604000002)",Unfall 85545 (2022) Kat:3, Licht: 0,85545,3,6,2,05,09,7,0,0,0,1,0,0,0,0
"POINT (9.221659733000021 48.795987017000101)",Unfall 85590 (2022) Kat:3, Licht: 2,85590,3,4,6,05,22,6,1,2,0,0,1,0,0,1
"POINT (9.181347269000071 48.760238290000103)",Unfall 85615 (2022) Kat:3, Licht: 0,85615,3,4,6,06,18,6,0,0,0,1,1,0,0,0
"POINT (9.213170643000071 48.784483186000003)",Unfall 85618 (2022) Kat:3, Licht: 0,85618,3,2,5,05,08,3,0,0,1,1,0,0,0,0
"POINT (9.166987009000019 48.748405781000002)",Unfall 85651 (2022) Kat:3, Licht: 0,85651,3,7,0,05,18,6,0,0,0,1,0,0,0,0
"POINT (9.098772235000069 48.730613038000101)",Unfall 85652 (2022) Kat:3, Licht: 0,85652,3,2,5,05,07,2,0,0,1,1,0,0,0,0
"POINT (9.175650662000070 48.818594620000098)",Unfall 85670 (2022) Kat:3, Licht: 0,85670,3,6,2,05,20,6,0,0,0,1,0,0,1,0
"POINT (9.090435048000071 48.781383157000100)",Unfall 85677 (2022) Kat:3, Licht: 0,85677,3,3,5,06,18,7,0,0,0,1,0,1,0,0
"POINT (9.209528730000050 48.799556133000102)",Unfall 85688 (2022) Kat:3, Licht: 2,85688,3,6,2,06,23,7,0,2,0,1,0,0,0,0
"POINT (9.242282761000070 48.789340842999998)",Unfall 85711 (2022) Kat:3, Licht: 2,85711,3,6,3,06,23,7,0,2,0,1,0,0,0,0
"POINT (9.144437853000060 48.754560187000003)",Unfall 85740 (2022) Kat:2, Licht: 2,85740,2,1,8,05,00,2,0,2,0,1,0,0,0,0
"POINT (9.186315345000031 48.780503179000000)",Unfall 85766 (2022) Kat:3, Licht: 0,85766,3,2,5,05,12,2,0,0,0,1,0,0,0,1
"POINT (9.207815297000019 48.801598640000101)",Unfall 85794 (2022) Kat:3, Licht: 0,85794,3,6,2,06,13,5,0,0,0,1,0,0,0,0
"POINT (9.146300514000069 48.783700442000097)",Unfall 85858 (2022) Kat:3, Licht: 0,85858,3,3,5,05,07,2,1,0,1,1,0,0,0,0
"POINT (9.220667303000029 48.830873752999999)",Unfall 85867 (2022) Kat:3, Licht: 2,85867,3,1,9,05,02,1,0,2,0,1,0,0,0,0
"POINT (9.169558638000071 48.763921117000102)",Unfall 85880 (2022) Kat:3, Licht: 0,85880,3,2,5,05,16,3,0,0,1,1,0,0,0,0
"POINT (9.118085346000040 48.708699346000103)",Unfall 85895 (2022) Kat:3, Licht: 0,85895,3,6,2,05,07,2,1,0,0,1,0,0,0,0
"POINT (9.158695819000060 48.811379746000100)",Unfall 85920 (2022) Kat:3, Licht: 0,85920,3,6,2,06,07,5,0,0,0,1,0,1,0,0
"POINT (9.130896649000020 48.741373115000002)",Unfall 85958 (2022) Kat:3, Licht: 2,85958,3,5,1,07,00,7,0,2,1,0,0,0,0,1
"POINT (9.232137909000070 48.803814003000099)",Unfall 85959 (2022) Kat:3, Licht: 0,85959,3,6,2,06,09,4,0,0,0,1,0,0,0,0
"POINT (9.182109366000081 48.766404157000103)",Unfall 85973 (2022) Kat:3, Licht: 0,85973,3,6,2,07,11,7,0,0,0,1,0,0,0,0
"POINT (9.175103943000069 48.820047447999997)",Unfall 85991 (2022) Kat:3, Licht: 0,85991,3,6,2,06,13,5,0,0,0,1,0,0,0,0
"POINT (9.184921256000051 48.778811163000100)",Unfall 86009 (2022) Kat:3, Licht: 0,86009,3,6,3,07,12,6,0,0,0,1,0,0,0,0
"POINT (9.177377763000040 48.807546596000101)",Unfall 86021 (2022) Kat:3, Licht: 0,86021,3,7,0,07,14,4,0,0,0,0,0,0,0,1
"POINT (9.146706359000060 48.728144647000100)",Unfall 86084 (2022) Kat:2, Licht: 0,86084,2,2,5,06,10,7,0,0,0,1,0,0,0,1
"POINT (9.207226270000040 48.702338246000103)",Unfall 86088 (2022) Kat:2, Licht: 0,86088,2,7,6,07,17,6,0,0,0,0,1,0,0,1
"POINT (9.231786390000019 48.813355584000099)",Unfall 86098 (2022) Kat:3, Licht: 0,86098,3,2,5,06,17,4,0,0,0,1,0,0,0,1
"POINT (9.183146064000031 48.767566362000103)",Unfall 86125 (2022) Kat:3, Licht: 0,86125,3,3,5,07,19,3,0,0,0,1,0,0,0,0
"POINT (9.128106535000031 48.737372381999997)",Unfall 86149 (2022) Kat:3, Licht: 0,86149,3,2,5,07,19,5,0,0,1,1,0,0,0,0
"POINT (9.134841600000071 48.745255085000103)",Unfall 86154 (2022) Kat:3, Licht: 0,86154,3,7,8,07,09,6,0,0,0,1,0,0,0,0
"POINT (9.224539355000051 48.839424798000003)",Unfall 86237 (2022) Kat:3, Licht: 2,86237,3,7,9,06,02,6,1,2,0,1,0,0,0,0
"POINT (9.214270610000030 48.801474480000103)",Unfall 86259 (2022) Kat:3, Licht: 0,86259,3,3,5,07,11,3,0,0,1,1,0,0,0,0
"POINT (9.163733653000071 48.814345130000000)",Unfall 86260 (2022) Kat:2, Licht: 0,86260,2,4,6,07,15,4,0,0,0,1,1,0,0,0
"POINT (9.226761368000041 48.805265224999999)",Unfall 86288 (2022) Kat:3, Licht: 2,86288,3,7,0,07,01,5,0,2,0,0,0,0,0,1
"POINT (9.182758435000039 48.775615195999997)",Unfall 86291 (2022) Kat:3, Licht: 0,86291,3,6,2,07,15,1,0,0,0,1,0,0,0,0
"POINT (9.135756224000030 48.728189465000099)",Unfall 86329 (2022) Kat:3, Licht: 0,86329,3,2,5,07,08,6,0,0,1,1,0,0,0,0
"POINT (9.225560440000040 48.698543788000102)",Unfall 86339 (2022) Kat:3, Licht: 0,86339,3,6,4,07,17,3,0,0,0,1,0,0,0,0
"POINT (9.152279353000040 48.770090162000002)",Unfall 86346 (2022) Kat:3, Licht: 0,86346,3,6,2,07,12,6,1,0,0,1,0,0,0,0
"POINT (9.133859757000041 48.764033115000103)",Unfall 86361 (2022) Kat:3, Licht: 0,86361,3,7,0,06,08,2,1,0,0,0,0,1,0,0
"POINT (9.183253705000030 48.766285844999999)",Unfall 86378 (2022) Kat:3, Licht: 0,86378,3,6,2,07,17,2,0,0,0,1,0,1,0,0
"POINT (9.136330233000020 48.774004415999997)",Unfall 86399 (2022) Kat:3, Licht: 0,86399,3,6,3,07,10,5,0,0,0,1,0,0,0,1
"POINT (9.179186774000071 48.813646362000000)",Unfall 86405 (2022) Kat:2, Licht: 0,86405,2,2,5,06,10,3,0,0,1,1,0,0,0,0
"POINT (9.214338023000041 48.795871335000101)",Unfall 86408 (2022) Kat:3, Licht: 0,86408,3,6,3,07,15,6,0,0,0,1,0,0,1,0
"POINT (9.223270582000049 48.823692217000001)",Unfall 86459 (2022) Kat:3, Licht: 0,86459,3,6,3,07,20,6,0,0,0,1,0,0,0,0
"POINT (9.249217254000030 48.809459760000003)",Unfall 86466 (2022) Kat:3, Licht: 0,86466,3,7,0,06,11,2,0,0,1,0,0,0,0,0
"POINT (9.181098965000050 48.765507854000099)",Unfall 86470 (2022) Kat:3, Licht: 0,86470,3,7,0,07,12,2,0,0,0,0,0,1,0,0
"POINT (9.086601651000020 48.831385799000003)",Unfall 86489 (2022) Kat:3, Licht: 0,86489,3,6,2,07,18,6,0,0,0,1,0,1,0,0
"POINT (9.081766745000040 48.729367974000098)",Unfall 86562 (2022) Kat:3, Licht: 0,86562,3,6,2,07,06,5,0,0,0,1,0,0,1,0
"POINT (9.161306129000019 48.812676604000004)",Unfall 86601 (2022) Kat:3, Licht: 2,86601,3,6,2,06,00,5,0,2,0,1,0,0,0,0
"POINT (9.209296174000031 48.781885778000103)",Unfall 86615 (2022) Kat:3, Licht: 2,86615,3,6,2,07,22,4,1,2,0,1,0,1,0,0
"POINT (9.209438676000049 48.805875532000101)",Unfall 86643 (2022) Kat:3, Licht: 0,86643,3,6,2,07,15,3,0,0,0,1,0,0,0,0
"POINT (9.245081610000060 48.789720298000098)",Unfall 86740 (2022) Kat:3, Licht: 0,86740,3,6,3,07,12,3,0,0,1,1,0,0,0,0
"POINT (9.205504194000071 48.701212187000102)",Unfall 86741 (2022) Kat:3, Licht: 0,86741,3,6,2,07,14,4,0,0,0,1,0,0,0,0
"POINT (9.104170052000031 48.711103862000101)",Unfall 86770 (2022) Kat:3, Licht: 0,86770,3,6,2,06,08,5,0,0,0,1,0,0,0,1
"POINT (9.162426016000040 48.746121867000099)",Unfall 86789 (2022) Kat:3, Licht: 0,86789,3,6,2,07,15,5,0,0,0,1,0,0,0,1
"POINT (9.181634662000020 48.776998253999999)",Unfall 86811 (2022) Kat:3, Licht: 0,86811,3,7,5,06,13,3,0,0,1,1,0,0,0,0
"POINT (9.186402035000070 48.770011738000100)",Unfall 86859 (2022) Kat:3, Licht: 0,86859,3,4,6,07,15,2,0,0,0,1,1,0,0,0
"POINT (9.227530373000040 48.815648662000100)",Unfall 86882 (2022) Kat:2, Licht: 0,86882,2,3,5,07,05,1,0,0,0,1,0,0,0,0
"POINT (9.182460489000050 48.798423110000002)",Unfall 86920 (2022) Kat:3, Licht: 0,86920,3,7,6,07,12,2,0,0,1,0,1,0,0,0
"POINT (9.163106372000071 48.706642641000002)",Unfall 86952 (2022) Kat:3, Licht: 0,86952,3,6,3,07,16,2,0,0,0,1,0,0,1,0
"POINT (9.242934511000040 48.790550068000101)",Unfall 86971 (2022) Kat:3, Licht: 2,86971,3,7,0,07,04,1,0,2,0,1,0,0,0,1
"POINT (9.238168502000059 48.753423437000002)",Unfall 87005 (2022) Kat:3, Licht: 2,87005,3,6,2,06,22,1,0,2,0,1,0,0,0,0
"POINT (9.228016268000029 48.814624040000098)",Unfall 87010 (2022) Kat:3, Licht: 0,87010,3,2,5,07,15,6,0,0,1,0,0,0,0,1
"POINT (9.097950289000041 48.802940005000004)",Unfall 87054 (2022) Kat:1, Licht: 0,87054,1,7,8,07,11,5,0,0,0,0,0,1,0,0
"POINT (9.183452927000079 48.776517163000101)",Unfall 87081 (2022) Kat:3, Licht: 0,87081,3,6,2,06,20,7,0,0,0,1,0,0,0,0
"POINT (9.207996783000061 48.801385881999998)",Unfall 87096 (2022) Kat:3, Licht: 0,87096,3,7,0,06,07,4,0,0,0,1,0,0,0,0
"POINT (9.134964293000049 48.745475716999998)",Unfall 87102 (2022) Kat:3, Licht: 0,87102,3,2,5,07,13,7,0,0,1,1,0,0,0,0
"POINT (9.173115444000080 48.799341276000099)",Unfall 87117 (2022) Kat:3, Licht: 0,87117,3,6,2,07,08,6,0,0,0,1,0,0,0,0
"POINT (9.200977406000050 48.780190941000100)",Unfall 87134 (2022) Kat:3, Licht: 0,87134,3,7,2,07,10,4,0,0,0,1,0,0,0,0
"POINT (9.097841119000069 48.818660415000103)",Unfall 87143 (2022) Kat:3, Licht: 0,87143,3,6,2,07,11,3,0,0,0,1,0,0,0,0
"POINT (9.164198639000061 48.814737568000098)",Unfall 87162 (2022) Kat:3, Licht: 0,87162,3,6,2,06,06,4,0,0,0,1,0,1,0,0
"POINT (9.143839056000051 48.838770998000001)",Unfall 87210 (2022) Kat:3, Licht: 0,87210,3,6,2,07,15,6,0,0,0,1,0,0,0,0
"POINT (9.133849190000030 48.709612628999999)",Unfall 87215 (2022) Kat:3, Licht: 0,87215,3,6,3,07,20,1,0,0,0,1,0,0,0,0
"POINT (9.185287193000020 48.774390084000103)",Unfall 87227 (2022) Kat:3, Licht: 0,87227,3,3,5,06,17,3,0,0,0,1,0,1,0,0
"POINT (9.221924901000021 48.795846472000100)",Unfall 87229 (2022) Kat:3, Licht: 0,87229,3,3,0,06,19,5,0,0,1,0,0,0,0,1
"POINT (9.169575336000040 48.763874363000099)",Unfall 87241 (2022) Kat:3, Licht: 1,87241,3,3,5,06,20,4,1,1,0,1,0,0,0,0
"POINT (9.232959771000029 48.695271474999998)",Unfall 87243 (2022) Kat:3, Licht: 0,87243,3,6,2,07,14,6,0,0,0,1,0,0,0,1
"POINT (9.182463854000050 48.798452566000002)",Unfall 87244 (2022) Kat:3, Licht: 0,87244,3,6,2,07,12,4,0,0,0,1,0,1,0,0
"POINT (9.181901773000050 48.766213383999997)",Unfall 87247 (2022) Kat:3, Licht: 0,87247,3,6,2,06,07,3,0,0,0,1,0,0,0,0
"POINT (9.099644742000070 48.712207393000000)",Unfall 87300 (2022) Kat:3, Licht: 0,87300,3,6,2,07,07,3,0,0,0,1,0,0,0,0
"POINT (9.202299062000071 48.788523247999997)",Unfall 87308 (2022) Kat:2, Licht: 0,87308,2,7,1,07,09,7,0,0,0,1,0,0,0,0
"POINT (9.204183432000040 48.724546512000103)",Unfall 87379 (2022) Kat:3, Licht: 0,87379,3,2,6,07,10,2,0,0,0,1,1,0,0,0
"POINT (9.209564840000040 48.806208341000101)",Unfall 87408 (2022) Kat:3, Licht: 2,87408,3,3,5,07,22,6,0,2,0,1,0,0,0,1
"POINT (9.234819673000059 48.787883522000101)",Unfall 87409 (2022) Kat:3, Licht: 2,87409,3,6,0,06,01,1,0,2,0,1,0,0,0,1
"POINT (9.207371655000030 48.802065777999999)",Unfall 87454 (2022) Kat:3, Licht: 2,87454,3,6,2,07,03,7,0,2,0,1,0,0,0,0
"POINT (9.195309744000040 48.698947191000101)",Unfall 87456 (2022) Kat:3, Licht: 0,87456,3,6,2,07,19,1,0,0,0,1,0,0,0,0
"POINT (9.126263319000030 48.737887946999997)",Unfall 87474 (2022) Kat:3, Licht: 0,87474,3,3,5,06,08,2,0,0,1,1,0,0,0,0
"POINT (9.114045208000050 48.731496058000097)",Unfall 87480 (2022) Kat:3, Licht: 0,87480,3,3,5,07,10,5,0,0,1,1,0,0,0,0
"POINT (9.217806906000019 48.703402165000099)",Unfall 87483 (2022) Kat:2, Licht: 0,87483,2,5,1,07,18,1,0,0,0,1,0,0,1,0
"POINT (9.225702318000060 48.818592157000097)",Unfall 87488 (2022) Kat:2, Licht: 0,87488,2,7,0,06,12,5,0,0,0,0,0,1,0,0
"POINT (9.135245390000019 48.745971922000102)",Unfall 87497 (2022) Kat:3, Licht: 0,87497,3,2,5,07,13,3,0,0,1,1,0,0,0,0
"POINT (9.176084658000040 48.770383983000002)",Unfall 87528 (2022) Kat:3, Licht: 0,87528,3,2,5,07,13,2,0,0,0,0,0,0,0,1
"POINT (9.181246478000050 48.792325752000103)",Unfall 87538 (2022) Kat:3, Licht: 0,87538,3,7,5,06,07,3,0,0,1,0,0,0,0,0
"POINT (9.226786887000060 48.739795131999998)",Unfall 87542 (2022) Kat:3, Licht: 0,87542,3,6,2,07,09,1,0,0,0,1,0,0,0,0
"POINT (9.080653487000060 48.729345395999999)",Unfall 87570 (2022) Kat:3, Licht: 0,87570,3,7,0,07,20,7,0,0,0,0,0,0,0,1
"POINT (9.204630198000070 48.708949947000100)",Unfall 87589 (2022) Kat:3, Licht: 0,87589,3,2,0,07,15,7,0,0,0,0,0,0,0,1
"POINT (9.233674961000080 48.783497598000103)",Unfall 87647 (2022) Kat:3, Licht: 0,87647,3,6,2,06,08,4,0,0,0,1,0,0,0,1
"POINT (9.163626482000041 48.796689829000101)",Unfall 87683 (2022) Kat:3, Licht: 0,87683,3,3,5,06,10,7,0,0,0,1,0,0,0,0
"POINT (9.224326903000080 48.788062271000101)",Unfall 87735 (2022) Kat:3, Licht: 0,87735,3,6,3,06,06,3,0,0,0,1,0,0,0,0
"POINT (9.215782902000059 48.794586719000101)",Unfall 87743 (2022) Kat:3, Licht: 0,87743,3,6,2,07,10,3,0,0,0,1,0,0,0,0
"POINT (9.242324811000060 48.818849209000099)",Unfall 87745 (2022) Kat:3, Licht: 0,87745,3,6,2,07,15,4,0,0,0,0,0,1,1,0
"POINT (9.227633430000029 48.815433348000099)",Unfall 87796 (2022) Kat:3, Licht: 0,87796,3,3,5,06,10,3,0,0,0,1,0,0,0,0
"POINT (9.174003480000071 48.821528822000097)",Unfall 87816 (2022) Kat:3, Licht: 0,87816,3,6,3,07,09,6,0,0,0,1,0,0,1,0
"POINT (9.219465234000040 48.803752979000102)",Unfall 87848 (2022) Kat:3, Licht: 0,87848,3,2,5,07,12,6,0,0,0,1,0,0,0,1
"POINT (9.173305503000050 48.822084730000000)",Unfall 87901 (2022) Kat:3, Licht: 0,87901,3,7,0,06,06,7,0,0,0,0,0,1,0,0
"POINT (9.197968983000070 48.695337490000000)",Unfall 87959 (2022) Kat:3, Licht: 0,87959,3,3,5,06,15,1,0,0,0,1,0,0,0,0
"POINT (9.201635789000020 48.787507970000000)",Unfall 87961 (2022) Kat:3, Licht: 0,87961,3,2,6,07,13,2,0,0,0,1,1,0,0,0
"POINT (9.211942328000021 48.806464744000003)",Unfall 87974 (2022) Kat:3, Licht: 2,87974,3,4,6,06,22,7,0,2,0,1,1,0,0,0
"POINT (9.132993501000040 48.776863216000002)",Unfall 87977 (2022) Kat:3, Licht: 2,87977,3,3,5,07,23,6,0,2,1,1,0,0,0,0
"POINT (9.091288016000020 48.820320058999997)",Unfall 87984 (2022) Kat:3, Licht: 0,87984,3,6,2,06,14,2,1,0,0,1,0,0,1,0
"POINT (9.218585465000050 48.791668442000102)",Unfall 87991 (2022) Kat:3, Licht: 0,87991,3,6,3,06,12,5,0,0,0,1,0,0,1,0
"POINT (9.178125700000070 48.777975174000098)",Unfall 88041 (2022) Kat:3, Licht: 0,88041,3,6,2,06,16,4,0,0,0,1,0,0,0,0
"POINT (9.256315419000030 48.760287413000100)",Unfall 88042 (2022) Kat:3, Licht: 0,88042,3,2,5,07,16,6,0,0,1,1,0,0,0,0
"POINT (9.227284756000071 48.815893668999998)",Unfall 88047 (2022) Kat:3, Licht: 0,88047,3,7,4,07,14,5,0,0,0,1,0,0,0,1
"POINT (9.178246373000039 48.772441886000102)",Unfall 88063 (2022) Kat:3, Licht: 1,88063,3,6,2,07,04,5,0,1,0,1,0,0,0,0
"POINT (9.234284665000080 48.806222609000002)",Unfall 88109 (2022) Kat:3, Licht: 0,88109,3,7,0,07,07,7,0,0,0,0,0,0,0,1
"POINT (9.138989280000031 48.727902972999999)",Unfall 88113 (2022) Kat:3, Licht: 0,88113,3,6,2,06,16,4,0,0,0,1,0,0,0,0
"POINT (9.197138381000061 48.806931681999998)",Unfall 88146 (2022) Kat:3, Licht: 0,88146,3,6,3,06,06,4,0,0,0,1,0,1,0,0
"POINT (9.167567027000080 48.748602967000103)",Unfall 88150 (2022) Kat:3, Licht: 0,88150,3,3,5,07,12,4,0,0,0,1,0,0,0,0
"POINT (9.226732688000030 48.819376730000002)",Unfall 88155 (2022) Kat:3, Licht: 0,88155,3,3,0,07,11,5,0,0,1,0,0,0,1,0
"POINT (9.244553047000069 48.790366040000002)",Unfall 88168 (2022) Kat:2, Licht: 0,88168,2,6,2,06,17,4,0,0,0,1,0,1,0,0
"POINT (9.179744633000039 48.813063304000103)",Unfall 88182 (2022) Kat:3, Licht: 0,88182,3,2,5,06,16,3,0,0,1,1,0,0,0,0
"POINT (9.201477633000019 48.794921197000100)",Unfall 88216 (2022) Kat:3, Licht: 0,88216,3,6,2,06,16,4,0,0,0,1,0,0,0,0
"POINT (9.263104297000041 48.762852135000102)",Unfall 88217 (2022) Kat:3, Licht: 0,88217,3,3,5,07,14,6,0,0,0,1,0,1,0,0
"POINT (9.223075391000069 48.788685655999998)",Unfall 88246 (2022) Kat:3, Licht: 0,88246,3,6,2,07,09,2,0,0,0,1,0,0,1,0
"POINT (9.201047187000031 48.780202869999997)",Unfall 88314 (2022) Kat:3, Licht: 0,88314,3,4,6,07,07,4,0,0,0,1,1,0,0,0
"POINT (9.181170117000020 48.790601612000003)",Unfall 88315 (2022) Kat:3, Licht: 0,88315,3,6,2,06,17,5,0,0,0,1,0,0,0,0
"POINT (9.139038094000060 48.727892870000098)",Unfall 88325 (2022) Kat:3, Licht: 1,88325,3,7,0,06,05,1,0,1,1,0,0,0,0,0
"POINT (9.175438595000060 48.819685460000102)",Unfall 88385 (2022) Kat:3, Licht: 0,88385,3,6,2,07,17,3,0,0,0,1,0,0,1,0
"POINT (9.243988568000081 48.790992319000097)",Unfall 88409 (2022) Kat:2, Licht: 0,88409,2,7,8,07,05,1,0,0,1,0,0,0,0,0
"POINT (9.204833865000071 48.706979607000100)",Unfall 88436 (2022) Kat:3, Licht: 0,88436,3,2,5,08,10,4,0,0,0,1,0,1,0,0
"POINT (9.157582357000020 48.832364103000003)",Unfall 88437 (2022) Kat:3, Licht: 0,88437,3,3,5,07,09,6,0,0,0,1,0,0,0,0
"POINT (9.180114858000019 48.785128258000000)",Unfall 88539 (2022) Kat:3, Licht: 2,88539,3,6,2,07,23,7,0,2,0,1,0,0,0,0
"POINT (9.134680630000050 48.843324609000000)",Unfall 88546 (2022) Kat:2, Licht: 0,88546,2,7,0,07,15,4,0,0,0,1,0,0,0,0
"POINT (9.236323935000030 48.844030740999997)",Unfall 88553 (2022) Kat:3, Licht: 0,88553,3,6,2,07,10,7,0,0,0,1,0,0,0,0
"POINT (9.234923428000060 48.799128285000101)",Unfall 88616 (2022) Kat:3, Licht: 0,88616,3,6,2,08,14,3,0,0,0,0,0,1,1,0
"POINT (9.220338609000070 48.698868113000103)",Unfall 88633 (2022) Kat:3, Licht: 0,88633,3,6,2,08,10,3,0,0,0,1,0,0,0,0
"POINT (9.207409527000040 48.803118382000001)",Unfall 88634 (2022) Kat:3, Licht: 0,88634,3,6,3,08,06,4,0,0,0,1,0,1,0,0
"POINT (9.136287726000029 48.773992868000100)",Unfall 88651 (2022) Kat:3, Licht: 0,88651,3,2,4,07,16,1,0,0,0,1,0,1,0,0
"POINT (9.180703068000071 48.788278812000001)",Unfall 88662 (2022) Kat:3, Licht: 0,88662,3,6,2,08,09,3,0,0,0,1,0,0,0,0
"POINT (9.249160168000060 48.783997657999997)",Unfall 88691 (2022) Kat:2, Licht: 2,88691,2,7,0,08,21,4,0,2,1,0,0,0,0,0
"POINT (9.216646191000050 48.704103068000101)",Unfall 88799 (2022) Kat:2, Licht: 1,88799,2,7,1,08,05,2,0,1,0,0,0,0,1,0
"POINT (9.264786392000079 48.748959972000101)",Unfall 88803 (2022) Kat:3, Licht: 0,88803,3,6,2,07,15,4,0,0,0,1,0,0,0,0
"POINT (9.178171474000070 48.844567911000098)",Unfall 88836 (2022) Kat:3, Licht: 0,88836,3,6,3,07,13,1,0,0,0,1,0,0,0,0