WKT,Name,OBJECTID,UKATEGORIE,UTYP1,UART,UMONAT,USTUNDE,UWOCHENTAG,STRZUSTAND,ULICHTVERH,ISTRAD,ISTPKW,ISTFUSS,ISTKRAD,ISTGKFZ,ISTSONSTIG
"POINT (9.211249736000070 48.799934954999998)",Unfall 88933 (2022) Kat:3, Licht: 0,88933,3,6,2,08,17,4,0,0,0,1,0,0,0,0
"POINT (9.226860071000029 48.819527186000101)",Unfall 88947 (2022) Kat:3, Licht: 0,88947,3,7,0,08,19,4,0,0,1,0,0,0,0,0
"POINT (9.171635734000059 48.767239846999999)",Unfall 88985 (2022) Kat:2, Licht: 0,88985,2,3,5,08,16,3,0,0,0,1,0,1,0,0
"POINT (9.177305168000030 48.845196993000101)",Unfall 89079 (2022) Kat:3, Licht: 0,89079,3,6,0,08,06,6,0,0,0,1,0,1,0,0
"POINT (9.214068021000060 48.743868257000003)",Unfall 89116 (2022) Kat:2, Licht: 0,89116,2,2,6,07,12,5,0,0,0,1,1,0,0,0
"POINT (9.153233992000031 48.800801341000103)",Unfall 89117 (2022) Kat:3, Licht: 0,89117,3,2,5,08,11,3,0,0,0,1,0,0,0,1
"POINT (9.148463199000050 48.785255429000102)",Unfall 89150 (2022) Kat:2, Licht: 0,89150,2,7,1,07,19,1,0,0,0,1,0,0,0,0
"POINT (9.242075197000080 48.818715855999997)",Unfall 89178 (2022) Kat:2, Licht: 0,89178,2,2,5,08,11,6,0,0,0,1,0,0,0,0
"POINT (9.159058938000040 48.723462502000103)",Unfall 89238 (2022) Kat:3, Licht: 0,89238,3,2,2,08,17,4,0,0,0,1,0,1,0,0
"POINT (9.166846519000050 48.772906925000001)",Unfall 89350 (2022) Kat:3, Licht: 1,89350,3,7,0,07,20,7,0,1,0,0,0,0,0,1
"POINT (9.090521443000060 48.779604689999999)",Unfall 89352 (2022) Kat:3, Licht: 0,89352,3,7,3,07,17,4,0,0,0,1,0,0,0,0
"POINT (9.175342558000070 48.819940900000098)",Unfall 89373 (2022) Kat:3, Licht: 2,89373,3,6,3,07,22,5,1,2,0,1,0,0,0,0
"POINT (9.174099212000041 48.821193901000100)",Unfall 89374 (2022) Kat:3, Licht: 2,89374,3,3,1,08,23,3,0,2,1,1,0,0,0,0
"POINT (9.100005481000039 48.817382864000102)",Unfall 89375 (2022) Kat:3, Licht: 0,89375,3,7,8,08,15,4,0,0,0,1,0,0,0,0
"POINT (9.202585867000041 48.793495693000096)",Unfall 89415 (2022) Kat:3, Licht: 0,89415,3,6,2,07,07,5,0,0,0,1,0,0,0,0
"POINT (9.257729514000060 48.795169327000103)",Unfall 89480 (2022) Kat:2, Licht: 1,89480,2,3,5,08,21,4,0,1,1,0,0,0,0,0
"POINT (9.134025345000049 48.774201585000100)",Unfall 89540 (2022) Kat:3, Licht: 0,89540,3,7,0,08,15,6,0,0,0,0,0,1,0,0
"POINT (9.136468371000030 48.774041707000002)",Unfall 89581 (2022) Kat:2, Licht: 2,89581,2,2,5,08,23,6,0,2,0,1,0,1,0,0
"POINT (9.210643138000020 48.782786291999997)",Unfall 89591 (2022) Kat:3, Licht: 0,89591,3,6,2,08,10,3,0,0,0,1,0,0,0,0
"POINT (9.211566559000060 48.799810635000000)",Unfall 89669 (2022) Kat:3, Licht: 0,89669,3,4,6,08,19,2,0,0,1,0,1,0,0,0
"POINT (9.181148429000070 48.790345929000097)",Unfall 89730 (2022) Kat:3, Licht: 2,89730,3,6,2,09,21,3,0,2,0,1,0,0,0,0
"POINT (9.129462374000070 48.781126977000000)",Unfall 89751 (2022) Kat:3, Licht: 0,89751,3,6,2,09,16,5,0,0,1,1,0,0,0,0
"POINT (9.234887363000039 48.799186131000098)",Unfall 89813 (2022) Kat:3, Licht: 0,89813,3,2,5,08,05,3,0,0,0,1,0,0,0,0
"POINT (9.182143644000060 48.775364160000002)",Unfall 89834 (2022) Kat:3, Licht: 0,89834,3,6,2,08,14,7,1,0,0,1,0,0,0,0
"POINT (9.177677418000030 48.815799933999998)",Unfall 89878 (2022) Kat:3, Licht: 0,89878,3,2,5,08,15,2,0,0,1,1,0,0,0,0
"POINT (9.185265096000020 48.779311060000097)",Unfall 89897 (2022) Kat:3, Licht: 2,89897,3,6,3,09,20,7,1,2,0,1,0,0,0,0
"POINT (9.170509869000060 48.772598369999997)",Unfall 89924 (2022) Kat:3, Licht: 2,89924,3,6,3,09,01,1,0,2,0,1,0,1,0,0
"POINT (9.204000386000081 48.780836084999997)",Unfall 89928 (2022) Kat:3, Licht: 0,89928,3,3,5,09,09,4,1,0,0,1,0,0,0,0
"POINT (9.178204078000020 48.814996656000098)",Unfall 89934 (2022) Kat:3, Licht: 0,89934,3,7,0,08,12,3,0,0,1,0,0,0,0,1
"POINT (9.262113863000019 48.762493442000000)",Unfall 89935 (2022) Kat:3, Licht: 0,89935,3,6,2,09,17,3,0,0,0,1,0,0,0,0
"POINT (9.211678034000039 48.783491353999999)",Unfall 89948 (2022) Kat:3, Licht: 0,89948,3,6,2,09,16,5,0,0,0,1,0,0,0,1
"POINT (9.228304313000020 48.840459597000098)",Unfall 89996 (2022) Kat:3, Licht: 0,89996,3,6,6,09,18,6,0,0,0,0,1,0,0,1
"POINT (9.168042449000041 48.811734172000101)",Unfall 90004 (2022) Kat:3, Licht: 0,90004,3,3,5,08,17,2,0,0,1,0,0,0,0,0
"POINT (9.098998081000049 48.755468043000100)",Unfall 90015 (2022) Kat:3, Licht: 2,90015,3,4,6,08,23,6,0,2,0,1,1,0,0,0
"POINT (9.170658920000051 48.825489692000097)",Unfall 90018 (2022) Kat:3, Licht: 0,90018,3,6,2,09,16,3,0,0,0,1,0,0,0,1
"POINT (9.097385146000020 48.818521658000101)",Unfall 90019 (2022) Kat:3, Licht: 0,90019,3,7,5,08,14,2,0,0,0,0,0,1,1,0
"POINT (9.137619621000059 48.778343037000099)",Unfall 90069 (2022) Kat:2, Licht: 0,90069,2,3,5,09,18,4,0,0,1,0,0,0,0,0
"POINT (9.109688060000050 48.727469239000101)",Unfall 90125 (2022) Kat:3, Licht: 2,90125,3,1,8,08,03,7,1,2,0,1,0,0,0,0
"POINT (9.146604940000030 48.728127162000099)",Unfall 90136 (2022) Kat:3, Licht: 2,90136,3,4,6,09,18,6,0,2,0,0,1,0,0,1
"POINT (9.171619327000030 48.775029120000099)",Unfall 90145 (2022) Kat:3, Licht: 1,90145,3,6,0,09,20,7,0,1,0,1,0,1,0,0
"POINT (9.156047733000040 48.849185519999999)",Unfall 90147 (2022) Kat:3, Licht: 0,90147,3,2,0,08,19,6,1,0,1,1,0,0,0,0
"POINT (9.251836926000070 48.778101403000100)",Unfall 90163 (2022) Kat:3, Licht: 0,90163,3,7,5,08,09,5,0,0,1,1,0,0,0,0
"POINT (9.103348612000049 48.805419634000003)",Unfall 90187 (2022) Kat:3, Licht: 2,90187,3,6,2,09,20,3,0,2,0,1,0,0,0,0
"POINT (9.261984233000019 48.762446800000099)",Unfall 90190 (2022) Kat:3, Licht: 0,90190,3,6,3,09,07,5,0,0,0,1,0,0,1,0
"POINT (9.150428214000041 48.708408199000097)",Unfall 90195 (2022) Kat:3, Licht: 0,90195,3,6,2,09,14,6,0,0,0,1,0,0,0,0
"POINT (9.182868143000061 48.776076011000001)",Unfall 90242 (2022) Kat:3, Licht: 0,90242,3,3,5,08,16,5,0,0,1,1,0,0,0,0
"POINT (9.221485687000040 48.788874178000100)",Unfall 90251 (2022) Kat:3, Licht: 2,90251,3,4,6,09,00,1,1,2,0,1,1,0,0,0
"POINT (9.229527281000060 48.807535498999997)",Unfall 90297 (2022) Kat:3, Licht: 2,90297,3,1,8,08,21,4,0,2,0,0,0,1,0,0
"POINT (9.201933161000060 48.795114624000099)",Unfall 90299 (2022) Kat:3, Licht: 0,90299,3,7,0,09,14,6,0,0,0,0,0,1,0,0
"POINT (9.188530109000061 48.807541290000103)",Unfall 90301 (2022) Kat:3, Licht: 0,90301,3,7,2,09,13,2,0,0,0,0,0,1,0,1
"POINT (9.253832886000049 48.765274069000000)",Unfall 90324 (2022) Kat:3, Licht: 0,90324,3,1,0,09,13,5,1,0,0,1,0,0,0,1
"POINT (9.243868362000059 48.791132839000099)",Unfall 90353 (2022) Kat:3, Licht: 0,90353,3,3,2,09,14,5,0,0,0,1,0,1,0,1
"POINT (9.117507124000040 48.729807860999998)",Unfall 90407 (2022) Kat:3, Licht: 2,90407,3,3,5,09,03,1,1,2,0,1,0,0,0,0
"POINT (9.104015660000069 48.729957937000101)",Unfall 90447 (2022) Kat:3, Licht: 2,90447,3,4,6,08,20,6,1,2,0,1,1,0,0,0
"POINT (9.160679023000061 48.831059692000103)",Unfall 90478 (2022) Kat:2, Licht: 2,90478,2,2,5,09,20,6,0,2,0,1,0,1,0,0
"POINT (9.222427631000070 48.836357677000102)",Unfall 90487 (2022) Kat:3, Licht: 0,90487,3,3,5,08,16,3,0,0,1,1,0,0,0,0
"POINT (9.149970339000051 48.708657222000099)",Unfall 90488 (2022) Kat:3, Licht: 0,90488,3,6,2,08,19,5,0,0,0,1,0,0,0,0
"POINT (9.107880440000031 48.725878673000103)",Unfall 90514 (2022) Kat:3, Licht: 2,90514,3,7,1,09,22,1,1,2,0,1,0,0,0,0
"POINT (9.214024848000070 48.743893524000001)",Unfall 90552 (2022) Kat:3, Licht: 0,90552,3,7,5,08,08,2,0,0,0,1,0,0,0,0
"POINT (9.180923598000049 48.763841603000103)",Unfall 90567 (2022) Kat:3, Licht: 0,90567,3,7,0,09,13,2,0,0,0,1,0,1,0,0
"POINT (9.169899633000060 48.773878674000102)",Unfall 90614 (2022) Kat:3, Licht: 0,90614,3,6,2,08,18,5,0,0,0,1,0,1,0,0
"POINT (9.202048698000061 48.795146789000100)",Unfall 90621 (2022) Kat:3, Licht: 0,90621,3,3,3,08,17,3,0,0,0,1,0,1,0,0
"POINT (9.174339137000061 48.769408741000099)",Unfall 90623 (2022) Kat:3, Licht: 0,90623,3,3,5,09,12,1,0,0,0,1,0,0,0,0
"POINT (9.199867655000050 48.693229083000098)",Unfall 90624 (2022) Kat:3, Licht: 0,90624,3,1,8,09,17,2,1,0,0,1,0,0,0,0
"POINT (9.173123194000031 48.799341820999999)",Unfall 90661 (2022) Kat:3, Licht: 2,90661,3,6,2,08,23,1,0,2,0,1,0,0,0,0
"POINT (9.180434602000050 48.787377284000101)",Unfall 90670 (2022) Kat:3, Licht: 0,90670,3,6,4,08,14,1,0,0,1,0,0,0,0,0
"POINT (9.254620695000030 48.759522300000100)",Unfall 90715 (2022) Kat:3, Licht: 0,90715,3,6,2,09,06,7,1,0,0,1,0,0,0,0
"POINT (9.109757094000029 48.729813847999999)",Unfall 90798 (2022) Kat:3, Licht: 0,90798,3,2,5,09,12,2,0,0,1,1,0,0,0,0
"POINT (9.114305504000070 48.731600680000000)",Unfall 90844 (2022) Kat:3, Licht: 1,90844,3,3,0,09,07,2,1,1,1,0,0,0,0,1
"POINT (9.211711933000061 48.825478067000098)",Unfall 90850 (2022) Kat:3, Licht: 0,90850,3,7,0,09,17,4,1,0,0,0,1,1,0,0
"POINT (9.168427502000039 48.798452140000101)",Unfall 90853 (2022) Kat:3, Licht: 0,90853,3,5,1,08,08,4,0,0,0,1,0,0,0,1
"POINT (9.183409831000059 48.766360215000098)",Unfall 90899 (2022) Kat:3, Licht: 0,90899,3,7,0,08,17,6,0,0,0,0,0,1,0,0
"POINT (9.103471002000051 48.711409615000001)",Unfall 90947 (2022) Kat:3, Licht: 0,90947,3,6,2,09,07,5,0,0,0,1,0,0,0,0
"POINT (9.160200209000040 48.771142612000098)",Unfall 90966 (2022) Kat:3, Licht: 0,90966,3,6,2,09,13,3,0,0,0,1,0,0,0,0
"POINT (9.105962990000020 48.716981326000102)",Unfall 90989 (2022) Kat:3, Licht: 0,90989,3,6,2,09,15,2,0,0,0,1,0,0,0,0
"POINT (9.231592427000070 48.807805551000101)",Unfall 91018 (2022) Kat:3, Licht: 0,91018,3,4,6,08,07,4,0,0,0,1,1,0,0,0
"POINT (9.114053632000040 48.709164878000102)",Unfall 91045 (2022) Kat:3, Licht: 0,91045,3,6,2,09,09,5,1,0,0,1,0,0,0,1
"POINT (9.183818315000050 48.809524252000102)",Unfall 91055 (2022) Kat:2, Licht: 2,91055,2,7,9,09,22,5,0,2,0,0,0,1,0,0
"POINT (9.183392458000069 48.767610689000001)",Unfall 91089 (2022) Kat:3, Licht: 2,91089,3,7,0,09,22,1,0,2,0,0,0,0,0,1
"POINT (9.164010620000060 48.841147759000101)",Unfall 91111 (2022) Kat:3, Licht: 0,91111,3,7,0,08,16,2,0,0,0,1,0,0,0,0
"POINT (9.167711543000051 48.811638938000002)",Unfall 91158 (2022) Kat:3, Licht: 0,91158,3,3,5,09,15,4,1,0,1,1,0,0,0,0
"POINT (9.186517692000050 48.781669545000099)",Unfall 91164 (2022) Kat:3, Licht: 0,91164,3,6,2,08,18,3,0,0,0,1,0,1,0,0
"POINT (9.186326816000079 48.780520518000102)",Unfall 91276 (2022) Kat:3, Licht: 0,91276,3,3,5,09,18,2,0,0,0,1,0,0,0,1
"POINT (9.209450099000041 48.799405610000100)",Unfall 91316 (2022) Kat:3, Licht: 0,91316,3,6,2,09,15,5,0,0,0,1,0,1,0,0
"POINT (9.182764597000070 48.848468465000103)",Unfall 91318 (2022) Kat:3, Licht: 2,91318,3,3,5,09,21,2,1,2,0,1,0,0,0,0
"POINT (9.177564154000040 48.815666936000099)",Unfall 91326 (2022) Kat:3, Licht: 1,91326,3,6,2,08,05,3,0,1,0,1,0,0,0,0
"POINT (9.117956206000031 48.758414097000099)",Unfall 91330 (2022) Kat:3, Licht: 2,91330,3,1,9,09,19,7,1,2,0,1,0,0,0,0
"POINT (9.207409527000040 48.803118382000001)",Unfall 91332 (2022) Kat:3, Licht: 0,91332,3,3,5,08,10,5,0,0,0,1,0,0,0,1
"POINT (9.181345591000021 48.844180694999999)",Unfall 91362 (2022) Kat:3, Licht: 2,91362,3,1,9,09,00,5,0,2,0,1,0,0,0,0
"POINT (9.154589119000040 48.803051928999999)",Unfall 91369 (2022) Kat:3, Licht: 0,91369,3,3,5,09,12,2,0,0,0,1,0,0,0,0
"POINT (9.090231168000059 48.785419803000103)",Unfall 91374 (2022) Kat:3, Licht: 2,91374,3,1,8,09,06,7,0,2,0,1,0,0,0,0
"POINT (9.219332223000039 48.803618559000000)",Unfall 91379 (2022) Kat:3, Licht: 0,91379,3,6,2,08,15,1,0,0,0,1,0,0,0,0
"POINT (9.100707685000030 48.802935375000096)",Unfall 91446 (2022) Kat:3, Licht: 0,91446,3,6,2,10,14,6,0,0,0,1,0,0,0,0
"POINT (9.208612846000049 48.801158575000002)",Unfall 91496 (2022) Kat:3, Licht: 2,91496,3,6,2,10,19,1,0,2,0,1,0,0,0,0
"POINT (9.233874895000040 48.787381048999997)",Unfall 91516 (2022) Kat:3, Licht: 0,91516,3,6,2,09,17,3,0,0,0,1,0,0,0,0
"POINT (9.130159348000060 48.709125861000103)",Unfall 91546 (2022) Kat:3, Licht: 2,91546,3,6,2,10,18,5,0,2,0,1,0,0,0,0
"POINT (9.213932581000050 48.796533386000100)",Unfall 91622 (2022) Kat:3, Licht: 0,91622,3,6,2,10,14,1,0,0,0,1,0,0,0,1
"POINT (9.186148549000050 48.698618893000102)",Unfall 91651 (2022) Kat:3, Licht: 0,91651,3,6,3,09,07,3,1,0,0,1,0,0,0,0
"POINT (9.106154478000059 48.710885642999997)",Unfall 91657 (2022) Kat:3, Licht: 0,91657,3,6,2,09,13,6,0,0,0,1,0,0,0,0
"POINT (9.186981768000070 48.773302392000097)",Unfall 91686 (2022) Kat:3, Licht: 0,91686,3,1,9,11,08,3,0,0,0,1,0,0,0,0
"POINT (9.182080848000060 48.766471607000000)",Unfall 91689 (2022) Kat:3, Licht: 0,91689,3,6,2,11,11,7,1,0,0,1,0,0,0,0
"POINT (9.199080383000020 48.773759358000099)",Unfall 91699 (2022) Kat:3, Licht: 0,91699,3,5,1,10,08,6,0,0,0,1,0,1,0,0
"POINT (9.229916079000080 48.785413437000003)",Unfall 91726 (2022) Kat:3, Licht: 0,91726,3,1,0,10,14,4,0,0,0,0,0,1,0,0
"POINT (9.156699448000040 48.847382570000001)",Unfall 91741 (2022) Kat:3, Licht: 0,91741,3,7,6,10,10,2,0,0,0,0,1,0,0,1
"POINT (9.236433888000020 48.797445368000098)",Unfall 91758 (2022) Kat:3, Licht: 2,91758,3,7,4,11,18,4,0,2,0,0,0,0,0,1
"POINT (9.178365767000059 48.814786518000098)",Unfall 91793 (2022) Kat:3, Licht: 2,91793,3,6,2,10,21,6,1,2,0,1,0,0,0,0
"POINT (9.181214401000030 48.792230216000100)",Unfall 91853 (2022) Kat:3, Licht: 0,91853,3,1,0,10,13,3,0,0,0,1,0,1,0,0
"POINT (9.216551219000049 48.696814512000103)",Unfall 91871 (2022) Kat:3, Licht: 2,91871,3,2,5,10,06,6,1,2,0,1,0,0,0,0
"POINT (9.243977371000030 48.787690507999997)",Unfall 91880 (2022) Kat:3, Licht: 2,91880,3,5,1,09,05,5,0,2,0,1,0,1,0,0
"POINT (9.214096499000050 48.800043883999997)",Unfall 91905 (2022) Kat:3, Licht: 0,91905,3,6,2,09,07,5,0,0,0,1,0,0,0,0
"POINT (9.243195927000039 48.777618717000102)",Unfall 91917 (2022) Kat:3, Licht: 0,91917,3,6,2,10,16,4,0,0,0,1,0,0,0,0
"POINT (9.136691563000060 48.709851130000096)",Unfall 91943 (2022) Kat:3, Licht: 0,91943,3,3,3,09,17,5,0,0,0,1,0,0,1,0
"POINT (9.097341582000070 48.818541051000103)",Unfall 91953 (2022) Kat:3, Licht: 0,91953,3,2,2,10,15,6,1,0,0,1,0,0,0,1
"POINT (9.142705670000050 48.754091032000098)",Unfall 91960 (2022) Kat:3, Licht: 0,91960,3,6,3,10,16,3,0,0,0,1,0,0,0,0
"POINT (9.240104354000040 48.791081323000100)",Unfall 92001 (2022) Kat:2, Licht: 0,92001,2,3,5,10,17,1,0,0,0,1,0,1,0,0
"POINT (9.257750784000050 48.760893508999999)",Unfall 92020 (2022) Kat:2, Licht: 0,92020,2,7,0,10,14,1,0,0,0,0,0,0,0,1
"POINT (9.179439867000040 48.757801800999999)",Unfall 92026 (2022) Kat:3, Licht: 2,92026,3,6,3,10,19,1,0,2,1,1,0,0,0,0
"POINT (9.212273476000060 48.800099965000101)",Unfall 92075 (2022) Kat:3, Licht: 0,92075,3,7,0,10,17,7,0,0,1,0,0,0,0,0
"POINT (9.092359182000051 48.787360788000100)",Unfall 92098 (2022) Kat:3, Licht: 0,92098,3,1,4,09,18,4,0,0,0,1,0,1,0,0
"POINT (9.143473458000070 48.709554322000002)",Unfall 92118 (2022) Kat:2, Licht: 0,92118,2,6,1,10,14,5,0,0,0,1,0,0,1,0
"POINT (9.091934241000050 48.755763810000097)",Unfall 92128 (2022) Kat:3, Licht: 0,92128,3,2,2,10,12,2,0,0,0,1,0,0,0,0
"POINT (9.165534867000080 48.828989773000004)",Unfall 92150 (2022) Kat:3, Licht: 0,92150,3,3,5,10,08,2,0,0,1,1,0,0,0,0
"POINT (9.244042937000071 48.787607494000000)",Unfall 92153 (2022) Kat:3, Licht: 2,92153,3,2,0,10,06,6,0,2,1,1,0,0,0,0
"POINT (9.189393481000019 48.785244808000101)",Unfall 92175 (2022) Kat:3, Licht: 2,92175,3,6,2,11,16,6,1,2,0,1,0,1,0,0
"POINT (9.179686935000060 48.762115591000097)",Unfall 92182 (2022) Kat:3, Licht: 2,92182,3,6,2,10,20,1,1,2,1,1,0,0,0,0
"POINT (9.212116055000021 48.800397385000103)",Unfall 92192 (2022) Kat:3, Licht: 0,92192,3,6,2,10,11,3,0,0,0,1,0,0,1,0
"POINT (9.212321617000040 48.797308428000100)",Unfall 92224 (2022) Kat:3, Licht: 0,92224,3,6,3,10,14,3,0,0,0,1,0,0,0,0
"POINT (9.173763609000050 48.777102909000099)",Unfall 92249 (2022) Kat:3, Licht: 2,92249,3,6,2,10,00,1,0,2,0,1,0,0,0,0
"POINT (9.187207826000080 48.771977648000103)",Unfall 92280 (2022) Kat:3, Licht: 2,92280,3,7,0,10,02,1,0,2,0,0,0,0,0,1
"POINT (9.130048031000060 48.781580367000103)",Unfall 92292 (2022) Kat:3, Licht: 0,92292,3,4,6,10,17,5,1,0,0,1,1,0,0,0
"POINT (9.128057662000060 48.737246403000000)",Unfall 92301 (2022) Kat:3, Licht: 0,92301,3,6,2,09,11,5,0,0,0,1,0,0,0,0
"POINT (9.180625371000080 48.812389649000103)",Unfall 92312 (2022) Kat:3, Licht: 0,92312,3,7,9,11,08,3,0,0,0,1,0,0,0,0
"POINT (9.263929790000081 48.750888211000103)",Unfall 92347 (2022) Kat:3, Licht: 2,92347,3,3,5,10,05,5,0,2,0,1,0,1,0,0
"POINT (9.213897015000040 48.800121352000097)",Unfall 92350 (2022) Kat:3, Licht: 1,92350,3,6,3,10,18,1,0,1,0,1,0,0,0,1
"POINT (9.233994414000049 48.737898244000100)",Unfall 92401 (2022) Kat:2, Licht: 0,92401,2,4,6,10,14,1,0,0,0,0,1,1,0,0
"POINT (9.265829889000029 48.762012267999999)",Unfall 92407 (2022) Kat:3, Licht: 0,92407,3,3,5,10,13,6,0,0,0,1,0,0,0,0
"POINT (9.185799342000051 48.774295125000002)",Unfall 92451 (2022) Kat:3, Licht: 0,92451,3,6,2,09,14,7,1,0,0,1,0,0,0,0
"POINT (9.211517176000029 48.825476113999997)",Unfall 92455 (2022) Kat:3, Licht: 2,92455,3,3,5,11,06,6,0,2,0,1,0,0,0,1
"POINT (9.187309244000060 48.781975096000103)",Unfall 92489 (2022) Kat:3, Licht: 2,92489,3,6,2,09,02,1,1,2,0,1,0,0,0,0
"POINT (9.258768069000039 48.771888044000001)",Unfall 92505 (2022) Kat:3, Licht: 0,92505,3,7,8,10,16,4,0,0,0,0,0,1,0,0
"POINT (9.101973596000050 48.804254984000103)",Unfall 92537 (2022) Kat:3, Licht: 1,92537,3,4,6,11,17,6,1,1,0,1,1,0,0,0
"POINT (9.173384990000050 48.799437470999997)",Unfall 92543 (2022) Kat:3, Licht: 2,92543,3,2,5,10,02,1,1,2,0,1,0,0,0,0
"POINT (9.108641404000020 48.822103965000103)",Unfall 92556 (2022) Kat:3, Licht: 2,92556,3,7,0,10,06,3,0,2,1,0,0,0,0,0
"POINT (9.155940690000021 48.810683110000099)",Unfall 92568 (2022) Kat:3, Licht: 2,92568,3,3,5,10,18,1,0,2,0,1,0,0,0,0
"POINT (9.148804984000041 48.708632518000101)",Unfall 92612 (2022) Kat:3, Licht: 0,92612,3,7,2,09,15,5,0,0,0,1,0,0,0,1
"POINT (9.172027486000051 48.767711581000100)",Unfall 92621 (2022) Kat:3, Licht: 0,92621,3,3,6,09,10,3,0,0,0,1,1,0,0,0
"POINT (9.182056218000071 48.811247385000101)",Unfall 92675 (2022) Kat:3, Licht: 0,92675,3,6,2,10,17,3,0,0,0,1,0,0,0,0
"POINT (9.256668389000030 48.760477022000003)",Unfall 92728 (2022) Kat:3, Licht: 0,92728,3,3,5,09,16,5,0,0,1,1,0,0,0,0
"POINT (9.134391165000070 48.769500372000003)",Unfall 92737 (2022) Kat:3, Licht: 0,92737,3,7,0,10,14,3,0,0,1,0,0,0,0,0
"POINT (9.216725699000049 48.742416305000098)",Unfall 92758 (2022) Kat:3, Licht: 0,92758,3,6,3,10,12,4,0,0,0,1,0,1,0,0
"POINT (9.213739453000070 48.825935885000000)",Unfall 92762 (2022) Kat:2, Licht: 0,92762,2,6,4,09,17,5,0,0,1,0,0,0,0,0
"POINT (9.114130608000041 48.709318509000099)",Unfall 92772 (2022) Kat:3, Licht: 0,92772,3,6,3,11,09,5,0,0,0,1,0,0,0,1
"POINT (9.173227737000049 48.841187222000002)",Unfall 92851 (2022) Kat:3, Licht: 2,92851,3,7,9,10,22,4,0,2,0,0,0,1,0,0
"POINT (9.223517675000039 48.790450266999997)",Unfall 92870 (2022) Kat:3, Licht: 2,92870,3,6,3,10,20,1,0,2,0,1,0,0,0,0
"POINT (9.214613441000040 48.795571284000097)",Unfall 92879 (2022) Kat:3, Licht: 0,92879,3,6,3,10,13,4,0,0,0,1,0,0,1,0
"POINT (9.214638264000030 48.795546011000098)",Unfall 92956 (2022) Kat:3, Licht: 0,92956,3,6,2,10,14,7,0,0,0,1,0,0,0,0
"POINT (9.183389846000070 48.766356631000100)",Unfall 92969 (2022) Kat:3, Licht: 0,92969,3,6,2,10,12,2,0,0,0,1,0,0,0,0
"POINT (9.208261866000040 48.701703860000102)",Unfall 93032 (2022) Kat:3, Licht: 0,93032,3,3,0,10,15,7,0,0,0,1,0,0,0,1
"POINT (9.181644154000031 48.792795104000000)",Unfall 93083 (2022) Kat:3, Licht: 0,93083,3,6,2,10,14,2,0,0,0,1,0,0,0,0
"POINT (9.207361946000050 48.802075103000000)",Unfall 93105 (2022) Kat:3, Licht: 0,93105,3,6,2,09,11,3,0,0,0,1,0,0,0,0
"POINT (9.199845812000040 48.744713073000099)",Unfall 93125 (2022) Kat:3, Licht: 0,93125,3,7,9,10,14,4,0,0,0,1,0,0,0,0
"POINT (9.232970241000030 48.783738727000099)",Unfall 93131 (2022) Kat:3, Licht: 0,93131,3,6,6,10,09,7,0,0,0,1,1,0,0,0
"POINT (9.097198199000051 48.818604878000002)",Unfall 93143 (2022) Kat:3, Licht: 0,93143,3,6,2,10,08,2,0,0,0,1,0,0,1,0
"POINT (9.160271788000051 48.814278668000000)",Unfall 93171 (2022) Kat:2, Licht: 0,93171,2,7,0,10,13,2,0,0,1,0,0,0,0,0
"POINT (9.228027606000071 48.814600072000097)",Unfall 93183 (2022) Kat:3, Licht: 0,93183,3,6,2,10,16,3,0,0,0,1,0,0,0,0
"POINT (9.235795058000059 48.806570274000102)",Unfall 93185 (2022) Kat:3, Licht: 0,93185,3,2,5,10,10,3,0,0,1,1,0,0,0,0
"POINT (9.186495583000070 48.781620527000001)",Unfall 93190 (2022) Kat:3, Licht: 2,93190,3,6,2,11,18,3,0,2,0,1,0,0,0,0
"POINT (9.131471778000050 48.782583037999999)",Unfall 93199 (2022) Kat:3, Licht: 2,93199,3,7,0,10,18,4,0,2,1,0,0,0,0,0
"POINT (9.191326170000020 48.788566168000003)",Unfall 93260 (2022) Kat:3, Licht: 0,93260,3,6,3,10,12,2,0,0,0,1,0,0,0,0
"POINT (9.186495506000030 48.808673528999996)",Unfall 93262 (2022) Kat:3, Licht: 0,93262,3,3,5,09,08,2,0,0,1,1,0,0,0,0
"POINT (9.189370935000060 48.807725640999998)",Unfall 93320 (2022) Kat:3, Licht: 0,93320,3,2,3,09,11,4,0,0,0,1,0,0,0,0
"POINT (9.180031949000069 48.773797406000000)",Unfall 93352 (2022) Kat:3, Licht: 2,93352,3,4,2,10,19,4,0,2,0,1,1,0,0,0
"POINT (9.094061287000050 48.755646409000100)",Unfall 93378 (2022) Kat:3, Licht: 2,93378,3,7,0,09,00,2,1,2,0,1,0,0,0,0
"POINT (9.120297125000040 48.733587227999998)",Unfall 93429 (2022) Kat:3, Licht: 1,93429,3,7,0,10,18,6,1,1,1,0,0,0,0,0
"POINT (9.090860039000059 48.714373412999997)",Unfall 93447 (2022) Kat:3, Licht: 0,93447,3,6,3,10,14,3,0,0,0,1,0,0,1,0
"POINT (9.135215531000030 48.745916061999999)",Unfall 93452 (2022) Kat:3, Licht: 0,93452,3,2,5,10,15,2,0,0,1,1,0,0,0,0
"POINT (9.208786013000060 48.800550022000003)",Unfall 93502 (2022) Kat:3, Licht: 2,93502,3,6,3,10,06,4,0,2,0,1,0,1,0,0
"POINT (9.192520339000049 48.789387517000101)",Unfall 93540 (2022) Kat:3, Licht: 0,93540,3,7,6,10,14,2,0,0,0,1,1,0,0,0
"POINT (9.161441499000031 48.848988404000103)",Unfall 93541 (2022) Kat:3, Licht: 2,93541,3,1,9,10,00,1,1,2,0,1,0,0,0,0
"POINT (9.196920630000021 48.694229291000099)",Unfall 93581 (2022) Kat:2, Licht: 0,93581,2,7,3,10,16,1,0,0,0,1,0,1,0,0