WKT,Name,OBJECTID,UKATEGORIE,UTYP1,UART,UMONAT,USTUNDE,UWOCHENTAG,STRZUSTAND,ULICHTVERH,ISTRAD,ISTPKW,ISTFUSS,ISTKRAD,ISTGKFZ,ISTSONSTIG
"POINT (9.144462061000070 48.755161284000103)",Unfall 93690 (2022) Kat:3, Licht: 0,93690,3,6,3,10,11,2,1,0,0,1,0,1,0,0
"POINT (9.182393340000029 48.797790016000100)",Unfall 93697 (2022) Kat:2, Licht: 1,93697,2,2,6,10,07,3,1,1,0,1,1,0,0,0
"POINT (9.193773922000050 48.696891187000098)",Unfall 93712 (2022) Kat:3, Licht: 0,93712,3,6,2,10,13,6,1,0,0,1,0,0,0,0
"POINT (9.241787998000060 48.793742431000098)",Unfall 93743 (2022) Kat:3, Licht: 2,93743,3,2,5,09,06,2,1,2,0,1,0,1,0,0
"POINT (9.175307885000050 48.820022813000001)",Unfall 93746 (2022) Kat:3, Licht: 0,93746,3,6,2,09,12,5,0,0,0,1,0,1,0,0
"POINT (9.186836245000050 48.781288418000003)",Unfall 93756 (2022) Kat:3, Licht: 0,93756,3,6,2,09,13,5,0,0,0,1,0,0,0,0
"POINT (9.218809652000060 48.797582837000000)",Unfall 93760 (2022) Kat:3, Licht: 2,93760,3,1,8,10,23,7,0,2,0,1,0,0,0,0
"POINT (9.167736277000071 48.704718222000103)",Unfall 93830 (2022) Kat:3, Licht: 0,93830,3,6,9,10,12,6,1,0,0,1,0,0,1,0
"POINT (9.133345300000030 48.773234586999997)",Unfall 93835 (2022) Kat:3, Licht: 2,93835,3,7,8,09,06,2,1,2,0,1,0,0,0,0
"POINT (9.218915770000020 48.797522932000000)",Unfall 93857 (2022) Kat:3, Licht: 2,93857,3,5,1,09,22,1,1,2,0,1,0,0,0,0
"POINT (9.183168485000071 48.810236560000099)",Unfall 93880 (2022) Kat:3, Licht: 0,93880,3,7,0,10,13,4,0,0,0,0,0,1,0,0
"POINT (9.151667670000050 48.789980349000103)",Unfall 93927 (2022) Kat:2, Licht: 2,93927,2,6,4,12,17,5,1,2,1,0,0,0,0,0
"POINT (9.171215250000049 48.749976228999998)",Unfall 93929 (2022) Kat:2, Licht: 2,93929,2,2,6,11,18,4,1,2,0,1,1,0,0,0
"POINT (9.180911336000070 48.811845295000097)",Unfall 93938 (2022) Kat:3, Licht: 2,93938,3,6,3,11,21,4,1,2,0,1,0,0,0,0
"POINT (9.177880434000031 48.772092929000102)",Unfall 93946 (2022) Kat:3, Licht: 2,93946,3,6,2,11,06,7,1,2,0,1,0,0,0,0
"POINT (9.095659658000050 48.730657696999998)",Unfall 93949 (2022) Kat:3, Licht: 2,93949,3,1,8,11,22,5,0,2,0,1,0,0,0,0
"POINT (9.090354717000031 48.784132403000100)",Unfall 93959 (2022) Kat:3, Licht: 2,93959,3,6,4,11,05,7,1,2,0,1,0,0,0,0
"POINT (9.169577773000070 48.749282261000097)",Unfall 93967 (2022) Kat:3, Licht: 0,93967,3,3,5,11,09,5,0,0,0,1,0,0,0,1
"POINT (9.178877339000049 48.784289858000101)",Unfall 93979 (2022) Kat:3, Licht: 0,93979,3,3,0,11,09,3,0,0,0,1,0,0,0,1
"POINT (9.091403367000050 48.820288375000104)",Unfall 93980 (2022) Kat:3, Licht: 0,93980,3,6,2,11,12,4,0,0,0,1,0,0,0,0
"POINT (9.228447172000070 48.785836084000003)",Unfall 93981 (2022) Kat:3, Licht: 0,93981,3,6,2,11,15,3,1,0,0,1,0,0,0,1
"POINT (9.156858532000060 48.849115500000003)",Unfall 93983 (2022) Kat:3, Licht: 0,93983,3,7,2,11,07,6,0,0,0,1,0,0,0,0
"POINT (9.114296931000069 48.731593768000003)",Unfall 94049 (2022) Kat:3, Licht: 0,94049,3,6,2,11,15,2,0,0,0,1,0,0,0,0
"POINT (9.127827044000069 48.758382339000001)",Unfall 94070 (2022) Kat:3, Licht: 1,94070,3,6,2,12,18,6,0,1,0,1,0,0,0,0
"POINT (9.224187951000030 48.794596780000099)",Unfall 94072 (2022) Kat:3, Licht: 0,94072,3,7,0,11,15,7,0,0,0,0,0,0,0,1
"POINT (9.136696335000069 48.775362409000103)",Unfall 94099 (2022) Kat:3, Licht: 1,94099,3,6,2,11,07,5,1,1,0,1,0,0,0,0
"POINT (9.243155243000050 48.788723366000099)",Unfall 94109 (2022) Kat:3, Licht: 2,94109,3,7,9,11,19,3,0,2,0,0,0,1,0,0
"POINT (9.168527155000049 48.773342749000101)",Unfall 94110 (2022) Kat:3, Licht: 0,94110,3,3,5,11,07,4,1,0,1,1,0,0,0,0
"POINT (9.228213428000061 48.705976416000098)",Unfall 94198 (2022) Kat:2, Licht: 2,94198,2,6,4,11,19,4,1,2,0,1,0,1,0,0
"POINT (9.178640011000031 48.783882556000002)",Unfall 94204 (2022) Kat:3, Licht: 2,94204,3,6,2,11,20,7,0,2,0,1,0,0,0,0
"POINT (9.157238526000070 48.846171045000098)",Unfall 94254 (2022) Kat:3, Licht: 0,94254,3,2,5,11,15,7,0,0,1,1,0,0,0,0
"POINT (9.227509158000030 48.815689012000099)",Unfall 94261 (2022) Kat:3, Licht: 2,94261,3,6,2,11,17,2,1,2,0,1,0,0,0,0
"POINT (9.091532477000040 48.755737726000099)",Unfall 94281 (2022) Kat:3, Licht: 2,94281,3,6,2,11,20,3,1,2,0,1,0,0,0,0
"POINT (9.232844140000051 48.813868530000001)",Unfall 94282 (2022) Kat:3, Licht: 2,94282,3,6,3,11,17,6,0,2,0,1,0,0,0,1
"POINT (9.219287152000049 48.790821334999997)",Unfall 94283 (2022) Kat:2, Licht: 0,94283,2,6,3,11,07,2,1,0,0,1,0,0,1,0
"POINT (9.169698081000041 48.763843450000103)",Unfall 94296 (2022) Kat:2, Licht: 2,94296,2,4,6,11,23,4,1,2,0,1,1,0,0,0
"POINT (9.178724299000070 48.784173739000003)",Unfall 94313 (2022) Kat:3, Licht: 2,94313,3,3,5,11,18,7,0,2,0,1,0,0,0,0
"POINT (9.249196343000049 48.783870903999997)",Unfall 94316 (2022) Kat:3, Licht: 0,94316,3,4,6,12,16,5,0,0,0,1,1,0,0,0
"POINT (9.217352588000040 48.803471595000097)",Unfall 94365 (2022) Kat:3, Licht: 0,94365,3,7,2,11,13,4,0,0,0,1,0,0,0,0
"POINT (9.183640434000040 48.809873289000102)",Unfall 94379 (2022) Kat:3, Licht: 0,94379,3,6,3,11,07,6,0,0,0,1,0,0,1,0
"POINT (9.159976403000030 48.831356426000099)",Unfall 94380 (2022) Kat:3, Licht: 2,94380,3,3,5,11,17,4,1,2,0,1,0,0,0,1
"POINT (9.090834840000070 48.714379602000101)",Unfall 94419 (2022) Kat:3, Licht: 2,94419,3,6,2,11,18,3,0,2,0,1,0,0,0,0
"POINT (9.218161730000080 48.792071013000097)",Unfall 94420 (2022) Kat:3, Licht: 0,94420,3,6,3,11,09,4,0,0,0,1,0,0,1,0
"POINT (9.180900864000019 48.774489690000102)",Unfall 94437 (2022) Kat:3, Licht: 0,94437,3,3,0,11,10,4,0,0,0,0,0,0,0,1
"POINT (9.228742320000039 48.813453989999999)",Unfall 94442 (2022) Kat:3, Licht: 2,94442,3,6,3,11,18,5,0,2,0,1,0,0,1,0
"POINT (9.215391822000070 48.799551809999997)",Unfall 94443 (2022) Kat:3, Licht: 2,94443,3,6,2,11,23,7,1,2,0,1,0,0,0,0
"POINT (9.215964268000050 48.794195902000098)",Unfall 94459 (2022) Kat:3, Licht: 0,94459,3,3,5,11,09,4,1,0,0,1,0,0,0,0
"POINT (9.148296316000030 48.836898785000102)",Unfall 94536 (2022) Kat:3, Licht: 0,94536,3,3,5,11,09,3,0,0,0,1,0,0,1,0
"POINT (9.171241311000070 48.766887312000101)",Unfall 94566 (2022) Kat:3, Licht: 2,94566,3,6,2,12,18,6,1,2,0,1,0,0,0,0
"POINT (9.248183781000019 48.773035948000000)",Unfall 94606 (2022) Kat:2, Licht: 1,94606,2,6,2,11,17,4,1,1,0,1,0,0,0,0
"POINT (9.111454452000030 48.709848622000003)",Unfall 94625 (2022) Kat:3, Licht: 2,94625,3,6,2,12,16,5,0,2,0,1,0,0,0,0
"POINT (9.177038970000069 48.780582439000099)",Unfall 94627 (2022) Kat:3, Licht: 0,94627,3,6,2,11,09,4,0,0,0,1,0,0,0,0
"POINT (9.124545410000049 48.764456207000102)",Unfall 94654 (2022) Kat:3, Licht: 0,94654,3,6,2,11,13,6,1,0,0,1,0,0,0,1
"POINT (9.203176007000019 48.795606597000102)",Unfall 94655 (2022) Kat:3, Licht: 0,94655,3,7,2,11,07,6,0,0,0,1,0,0,0,0
"POINT (9.152339811000051 48.835041654000101)",Unfall 94656 (2022) Kat:2, Licht: 2,94656,2,4,6,11,05,2,1,2,0,0,1,1,0,0
"POINT (9.186331767000070 48.780837507999998)",Unfall 94659 (2022) Kat:3, Licht: 0,94659,3,6,2,11,15,3,1,0,0,1,0,0,0,1
"POINT (9.175599626000061 48.823133255000101)",Unfall 94680 (2022) Kat:3, Licht: 2,94680,3,6,2,11,19,2,1,2,0,1,0,0,0,0
"POINT (9.224827457000060 48.787820770000103)",Unfall 94682 (2022) Kat:3, Licht: 2,94682,3,6,2,11,17,7,0,2,0,1,0,0,0,0
"POINT (9.192184769000050 48.807217156000000)",Unfall 94732 (2022) Kat:3, Licht: 2,94732,3,3,5,11,18,4,1,2,1,1,0,0,0,0
"POINT (9.142095210000040 48.727410812000102)",Unfall 94745 (2022) Kat:3, Licht: 0,94745,3,3,5,11,15,4,0,0,0,1,0,0,0,0
"POINT (9.227681553000020 48.815331619000098)",Unfall 94773 (2022) Kat:3, Licht: 0,94773,3,3,3,11,12,3,0,0,0,1,0,0,0,0
"POINT (9.251490731000050 48.757237865000000)",Unfall 94775 (2022) Kat:3, Licht: 2,94775,3,4,6,11,17,3,1,2,0,1,1,0,0,0
"POINT (9.135564728000080 48.842556948999999)",Unfall 94789 (2022) Kat:3, Licht: 0,94789,3,6,2,11,11,1,0,0,0,1,0,0,0,0
"POINT (9.225950823000060 48.787030608000101)",Unfall 94790 (2022) Kat:3, Licht: 2,94790,3,6,2,11,18,4,1,2,0,1,0,0,0,0
"POINT (9.136249540000049 48.747911909000003)",Unfall 94814 (2022) Kat:3, Licht: 1,94814,3,6,4,11,17,3,1,1,1,0,0,0,0,0
"POINT (9.257001410000040 48.760479584999999)",Unfall 94843 (2022) Kat:3, Licht: 0,94843,3,6,3,11,13,3,0,0,0,1,0,0,0,0
"POINT (9.200372593000051 48.762549343000003)",Unfall 94848 (2022) Kat:3, Licht: 0,94848,3,6,2,11,08,4,1,0,0,1,0,0,0,1
"POINT (9.097583646000031 48.818625093000001)",Unfall 94855 (2022) Kat:2, Licht: 0,94855,2,3,5,11,07,1,0,0,0,1,0,0,0,0
"POINT (9.086355965000051 48.831180572000100)",Unfall 94876 (2022) Kat:3, Licht: 2,94876,3,6,2,11,16,3,1,2,0,1,0,0,0,1
"POINT (9.175452113000061 48.728886144000100)",Unfall 94880 (2022) Kat:3, Licht: 1,94880,3,1,9,11,06,1,1,1,0,1,0,0,0,0
"POINT (9.108187943000081 48.821754188000099)",Unfall 94906 (2022) Kat:2, Licht: 0,94906,2,4,6,11,07,2,1,0,0,1,1,0,0,0
"POINT (9.166225745000080 48.811911758000100)",Unfall 94932 (2022) Kat:3, Licht: 2,94932,3,6,2,11,18,4,1,2,0,1,0,0,0,0
"POINT (9.220459882000061 48.815846431000097)",Unfall 94938 (2022) Kat:3, Licht: 2,94938,3,6,2,11,17,2,1,2,0,1,0,0,0,1
"POINT (9.225723176000029 48.818606703000100)",Unfall 94943 (2022) Kat:3, Licht: 2,94943,3,5,1,11,20,5,0,2,0,1,0,0,0,0
"POINT (9.178842434000050 48.784263354000103)",Unfall 94963 (2022) Kat:3, Licht: 2,94963,3,3,5,11,21,5,1,2,0,1,0,0,0,0
"POINT (9.195967295000059 48.769810218000003)",Unfall 94994 (2022) Kat:3, Licht: 2,94994,3,1,0,11,19,2,1,2,0,0,0,1,0,0
"POINT (9.240454633000070 48.790817029999999)",Unfall 95016 (2022) Kat:3, Licht: 0,95016,3,6,3,11,11,6,0,0,0,1,0,1,0,0
"POINT (9.166216816000031 48.708018536000097)",Unfall 95051 (2022) Kat:2, Licht: 0,95051,2,6,3,12,10,5,0,0,0,1,0,0,1,0
"POINT (9.173311423000030 48.822308951000103)",Unfall 95056 (2022) Kat:3, Licht: 0,95056,3,6,2,11,15,3,1,0,0,1,0,0,0,0
"POINT (9.203823391000070 48.778344550000000)",Unfall 95074 (2022) Kat:3, Licht: 2,95074,3,1,1,11,23,3,1,2,0,1,0,1,0,0
"POINT (9.201924909000070 48.795111120000101)",Unfall 95117 (2022) Kat:3, Licht: 0,95117,3,6,2,11,10,4,1,0,0,1,0,0,0,0
"POINT (9.183141683000031 48.767561303000001)",Unfall 95118 (2022) Kat:3, Licht: 0,95118,3,7,3,11,14,5,0,0,0,1,0,0,1,0
"POINT (9.247079327000050 48.789397674999996)",Unfall 95171 (2022) Kat:3, Licht: 0,95171,3,5,1,12,15,7,0,0,0,1,0,0,0,0
"POINT (9.141562763000019 48.839984872999999)",Unfall 95214 (2022) Kat:3, Licht: 0,95214,3,3,5,12,09,6,1,0,0,1,0,0,0,0
"POINT (9.177695571000070 48.844890137999997)",Unfall 95217 (2022) Kat:3, Licht: 2,95217,3,3,5,12,05,2,1,2,0,0,0,0,1,1
"POINT (9.222415671000020 48.836351075000003)",Unfall 95218 (2022) Kat:2, Licht: 2,95218,2,6,2,12,18,7,0,2,0,1,0,0,0,0
"POINT (9.216850401000039 48.832945294000098)",Unfall 95296 (2022) Kat:2, Licht: 1,95296,2,2,6,12,07,4,0,1,0,1,1,0,0,0
"POINT (9.219439617000029 48.803748558000102)",Unfall 95332 (2022) Kat:3, Licht: 2,95332,3,2,3,12,22,6,0,2,0,1,0,0,0,1
"POINT (9.213413409000051 48.830452907000101)",Unfall 95340 (2022) Kat:3, Licht: 0,95340,3,1,8,12,15,4,2,0,0,1,0,0,0,0
"POINT (9.155575779000060 48.840497337999999)",Unfall 95343 (2022) Kat:3, Licht: 0,95343,3,1,3,12,09,5,2,0,0,1,0,0,0,0
"POINT (9.157268106000060 48.846416294999997)",Unfall 95369 (2022) Kat:3, Licht: 2,95369,3,1,0,12,22,2,0,2,0,0,0,1,0,0
"POINT (9.210778342000030 48.726279114000100)",Unfall 95374 (2022) Kat:3, Licht: 2,95374,3,1,2,12,16,4,2,2,0,1,0,0,0,0
"POINT (9.146297937000041 48.783698807000100)",Unfall 95399 (2022) Kat:3, Licht: 0,95399,3,3,5,12,10,4,0,0,0,1,0,0,0,0
"POINT (9.181389699000020 48.792259973999997)",Unfall 95432 (2022) Kat:3, Licht: 0,95432,3,6,2,12,14,2,0,0,0,1,0,0,0,0
"POINT (9.237978764000051 48.696381857000098)",Unfall 95461 (2022) Kat:3, Licht: 0,95461,3,6,2,12,15,3,0,0,0,1,0,0,0,0
"POINT (9.090435770000060 48.781357652000104)",Unfall 95502 (2022) Kat:3, Licht: 2,95502,3,2,5,12,23,5,1,2,0,1,0,0,0,0
"POINT (9.203713482000071 48.710491920000003)",Unfall 95532 (2022) Kat:3, Licht: 2,95532,3,3,5,12,18,5,1,2,1,1,0,0,0,0
"POINT (9.180095865000061 48.758273924000001)",Unfall 95549 (2022) Kat:3, Licht: 2,95549,3,1,8,12,22,3,1,2,0,1,0,0,0,0
"POINT (9.180142705000041 48.786162046000101)",Unfall 95564 (2022) Kat:3, Licht: 1,95564,3,6,2,12,16,3,0,1,0,1,0,0,0,0
"POINT (9.106469560000050 48.718031371000102)",Unfall 95615 (2022) Kat:3, Licht: 0,95615,3,6,2,12,12,5,1,0,0,1,0,0,0,0
"POINT (9.117545783000031 48.729809441000000)",Unfall 95620 (2022) Kat:3, Licht: 2,95620,3,3,5,12,22,2,1,2,0,1,0,0,0,0
"POINT (9.225280438000031 48.713329199999997)",Unfall 95964 (2022) Kat:2, Licht: 0,95964,2,1,8,12,13,7,2,0,0,1,0,0,0,0
"POINT (9.187982453000069 48.782993069000000)",Unfall 96023 (2022) Kat:3, Licht: 2,96023,3,6,2,12,19,2,0,2,0,1,0,0,0,0
"POINT (9.248717633000069 48.779534367000103)",Unfall 96095 (2022) Kat:3, Licht: 2,96095,3,2,5,12,17,6,1,2,0,1,0,0,0,0
"POINT (9.175901532000070 48.818473742000002)",Unfall 96104 (2022) Kat:3, Licht: 2,96104,3,6,2,12,22,2,1,2,0,1,0,0,0,0
"POINT (9.176404599000019 48.779659465000101)",Unfall 96122 (2022) Kat:3, Licht: 2,96122,3,6,2,12,19,7,0,2,0,1,0,0,0,0
"POINT (9.171668860000070 48.775089295000001)",Unfall 96168 (2022) Kat:3, Licht: 2,96168,3,6,2,12,20,2,1,2,0,1,0,0,0,0
"POINT (9.211649446000020 48.692810119999997)",Unfall 96187 (2022) Kat:3, Licht: 0,96187,3,6,3,12,16,7,0,0,0,1,0,0,0,1
"POINT (9.221189478000040 48.789756040000000)",Unfall 96220 (2022) Kat:3, Licht: 1,96220,3,6,3,12,07,3,0,1,0,1,0,0,1,0
"POINT (9.191814567000050 48.788797414999998)",Unfall 96227 (2022) Kat:3, Licht: 2,96227,3,6,2,12,17,3,0,2,0,1,0,0,0,0
"POINT (9.207860560000031 48.781125752999998)",Unfall 96255 (2022) Kat:3, Licht: 0,96255,3,6,2,12,15,3,0,0,0,1,0,0,1,0
"POINT (9.170905550000040 48.750257501000100)",Unfall 96257 (2022) Kat:3, Licht: 2,96257,3,6,2,12,20,3,0,2,0,1,0,0,0,0
"POINT (9.257871164000051 48.759190879000101)",Unfall 96258 (2022) Kat:3, Licht: 2,96258,3,6,2,12,19,5,0,2,0,1,0,0,0,0
"POINT (9.215801776000029 48.742879416000100)",Unfall 96293 (2022) Kat:3, Licht: 2,96293,3,6,2,12,16,2,1,2,0,1,0,0,0,0
"POINT (9.172999904000051 48.822288225000101)",Unfall 96321 (2022) Kat:3, Licht: 0,96321,3,6,2,12,08,7,0,0,0,1,0,0,0,0
"POINT (9.175542892000070 48.818878654000102)",Unfall 96342 (2022) Kat:3, Licht: 0,96342,3,6,2,12,13,3,0,0,0,1,0,0,0,0
"POINT (9.175959784000041 48.818362777000097)",Unfall 96382 (2022) Kat:3, Licht: 2,96382,3,6,2,12,18,5,1,2,0,1,0,0,0,0
"POINT (9.103806253000069 48.820048542999999)",Unfall 96384 (2022) Kat:2, Licht: 2,96384,2,5,1,12,18,6,1,2,0,1,0,0,0,0
"POINT (9.170385524000039 48.749956404999999)",Unfall 96442 (2022) Kat:3, Licht: 2,96442,3,6,2,12,17,3,1,2,0,1,0,0,0,0
"POINT (9.128077367000060 48.758245156000001)",Unfall 96535 (2022) Kat:3, Licht: 2,96535,3,1,9,12,06,5,1,2,0,1,0,0,0,0
"POINT (9.182658598000049 48.776085494000000)",Unfall 96558 (2022) Kat:3, Licht: 2,96558,3,6,2,12,19,1,1,2,0,1,0,0,0,0
"POINT (9.177144844000050 48.781013368000103)",Unfall 96580 (2022) Kat:3, Licht: 0,96580,3,6,3,12,11,3,0,0,0,1,0,0,1,0
"POINT (9.157542468000029 48.834405300000100)",Unfall 195162 (2022) Kat:3, Licht: 2,195162,3,2,5,01,05,6,1,2,0,1,0,1,0,0
"POINT (9.269313144000019 48.762426380000100)",Unfall 195176 (2022) Kat:3, Licht: 0,195176,3,3,5,02,11,2,0,0,0,1,0,0,0,0
"POINT (9.163224371000069 48.776662749000103)",Unfall 195201 (2022) Kat:2, Licht: 0,195201,2,4,6,01,14,4,0,0,0,1,1,0,0,0
"POINT (9.169530707000041 48.766376418999997)",Unfall 195207 (2022) Kat:3, Licht: 2,195207,3,2,5,01,19,6,0,2,1,1,0,0,0,0
"POINT (9.219888727000070 48.786354304000000)",Unfall 195230 (2022) Kat:3, Licht: 2,195230,3,7,4,02,05,6,0,2,1,1,0,0,0,0
"POINT (9.168134107000069 48.733128114000102)",Unfall 195235 (2022) Kat:3, Licht: 2,195235,3,3,5,01,19,1,0,2,0,1,0,0,0,0
"POINT (9.269418091000031 48.762480339000000)",Unfall 195277 (2022) Kat:3, Licht: 2,195277,3,3,5,01,16,1,1,2,1,1,0,0,0,0
"POINT (9.168029175000070 48.773869521999998)",Unfall 195293 (2022) Kat:2, Licht: 0,195293,2,7,0,02,08,4,0,0,1,0,0,0,0,0
"POINT (9.168148854000041 48.777374342000002)",Unfall 195335 (2022) Kat:3, Licht: 0,195335,3,3,5,01,09,2,0,0,1,1,0,0,0,0
"POINT (9.202263061000050 48.807673007000098)",Unfall 195336 (2022) Kat:3, Licht: 0,195336,3,6,2,01,08,5,0,0,0,1,0,0,0,0
"POINT (9.103436944000070 48.823016998000099)",Unfall 195355 (2022) Kat:3, Licht: 0,195355,3,7,2,01,14,6,0,0,1,1,0,0,0,0
"POINT (9.252222743000059 48.811233177000098)",Unfall 195392 (2022) Kat:3, Licht: 0,195392,3,2,5,01,14,2,0,0,0,0,0,0,0,1
"POINT (9.170550324000031 48.775885889999998)",Unfall 195422 (2022) Kat:3, Licht: 1,195422,3,6,0,02,18,4,0,1,0,1,0,0,0,1
"POINT (9.194996117000070 48.779393827000000)",Unfall 195428 (2022) Kat:3, Licht: 0,195428,3,4,6,01,14,4,0,0,0,1,1,0,0,0
"POINT (9.173509568000039 48.774221214000100)",Unfall 195431 (2022) Kat:3, Licht: 2,195431,3,2,5,02,18,6,0,2,1,1,0,0,0,0
"POINT (9.189465956000049 48.791829194000101)",Unfall 195438 (2022) Kat:3, Licht: 0,195438,3,2,5,01,14,4,0,0,1,0,0,0,0,1
"POINT (9.192311928000040 48.808132009000097)",Unfall 195452 (2022) Kat:3, Licht: 0,195452,3,7,0,01,15,3,0,0,0,0,0,1,0,0
"POINT (9.200259205000069 48.843275222000003)",Unfall 195458 (2022) Kat:2, Licht: 0,195458,2,6,0,02,14,1,0,0,1,0,0,0,0,0
"POINT (9.255823706000060 48.763006228999998)",Unfall 195464 (2022) Kat:3, Licht: 0,195464,3,2,5,01,13,4,0,0,0,1,0,0,0,0
"POINT (9.208868479000049 48.797268298000098)",Unfall 195472 (2022) Kat:3, Licht: 0,195472,3,7,0,01,11,7,0,0,1,0,0,0,0,0
"POINT (9.185093690000031 48.832123373000101)",Unfall 195498 (2022) Kat:3, Licht: 2,195498,3,3,5,01,20,7,0,2,0,1,0,0,0,0
"POINT (9.174539310000061 48.772621956000101)",Unfall 195526 (2022) Kat:2, Licht: 0,195526,2,3,5,02,14,4,0,0,1,0,0,0,0,0
"POINT (9.193755640000060 48.785253007000101)",Unfall 195535 (2022) Kat:2, Licht: 2,195535,2,3,5,02,18,3,0,2,1,1,0,0,0,0
"POINT (9.193718353000071 48.785256447000101)",Unfall 195551 (2022) Kat:3, Licht: 0,195551,3,3,0,01,16,6,0,0,1,1,0,0,0,0
"POINT (9.190600566000059 48.778295051999997)",Unfall 195555 (2022) Kat:3, Licht: 2,195555,3,3,5,01,18,3,0,2,0,1,0,1,0,0
"POINT (9.152750784000030 48.787231732000102)",Unfall 195590 (2022) Kat:3, Licht: 0,195590,3,5,1,01,08,4,0,0,1,1,0,0,0,0
"POINT (9.203902301000030 48.774497471000103)",Unfall 195611 (2022) Kat:3, Licht: 0,195611,3,7,8,01,11,2,1,0,0,0,0,1,0,0
"POINT (9.171702135000031 48.780427289000002)",Unfall 195638 (2022) Kat:3, Licht: 0,195638,3,7,0,01,13,4,0,0,1,0,0,0,0,0
"POINT (9.166658612000051 48.773853400000100)",Unfall 195639 (2022) Kat:3, Licht: 0,195639,3,7,3,01,14,2,0,0,0,1,0,1,0,0
"POINT (9.178182579000071 48.770459775000099)",Unfall 195640 (2022) Kat:3, Licht: 2,195640,3,5,1,01,18,3,0,2,1,1,0,0,0,0
"POINT (9.111759894000039 48.813681252999999)",Unfall 195646 (2022) Kat:2, Licht: 0,195646,2,4,6,01,14,2,0,0,0,1,1,0,0,0
"POINT (9.255656881000050 48.782056408000102)",Unfall 195654 (2022) Kat:3, Licht: 0,195654,3,6,2,02,11,3,0,0,0,1,0,0,0,0
"POINT (9.175950636000040 48.834768893000003)",Unfall 195659 (2022) Kat:3, Licht: 0,195659,3,6,0,01,13,3,0,0,0,0,0,0,0,1
"POINT (9.085801050000040 48.805062188000100)",Unfall 195663 (2022) Kat:3, Licht: 2,195663,3,4,6,01,18,7,0,2,0,1,1,0,0,0
"POINT (9.169792537000029 48.744514123999998)",Unfall 195685 (2022) Kat:3, Licht: 0,195685,3,3,5,01,14,1,0,0,1,1,0,0,0,0
"POINT (9.267385222000030 48.753684833000101)",Unfall 195688 (2022) Kat:3, Licht: 0,195688,3,6,2,01,16,4,0,0,0,1,0,0,0,0
"POINT (9.162279269000070 48.808491214000099)",Unfall 195697 (2022) Kat:3, Licht: 1,195697,3,3,5,01,07,3,1,1,0,1,0,0,0,0
"POINT (9.164685347000050 48.832283380000000)",Unfall 195706 (2022) Kat:3, Licht: 0,195706,3,3,0,02,12,2,0,0,1,0,0,0,0,1
"POINT (9.207101545000061 48.785910204000103)",Unfall 195729 (2022) Kat:3, Licht: 0,195729,3,7,0,01,17,3,0,0,1,0,0,0,0,0
"POINT (9.147838947000031 48.774779001000098)",Unfall 195732 (2022) Kat:3, Licht: 0,195732,3,3,5,01,12,4,0,0,0,1,0,0,0,1
"POINT (9.250628019000031 48.783052858000097)",Unfall 195755 (2022) Kat:3, Licht: 0,195755,3,3,0,01,10,6,0,0,0,1,0,1,0,0
"POINT (9.149900404000050 48.757656545000003)",Unfall 195767 (2022) Kat:3, Licht: 2,195767,3,5,1,02,18,7,0,2,0,1,0,0,0,0
"POINT (9.177312669000059 48.740274657999997)",Unfall 195774 (2022) Kat:3, Licht: 0,195774,3,5,1,02,10,1,0,0,1,1,0,0,0,0
"POINT (9.119931745000031 48.734370824000102)",Unfall 195778 (2022) Kat:3, Licht: 0,195778,3,7,0,01,07,6,2,0,1,0,0,0,0,0
"POINT (9.125485148000051 48.730819202000099)",Unfall 195822 (2022) Kat:3, Licht: 1,195822,3,3,5,02,18,2,0,1,0,1,0,0,0,1
"POINT (9.092092107000040 48.821212420999998)",Unfall 195824 (2022) Kat:3, Licht: 1,195824,3,2,5,01,17,2,0,1,1,1,0,0,0,0
"POINT (9.165129190000069 48.720469368000103)",Unfall 195825 (2022) Kat:3, Licht: 0,195825,3,3,5,01,14,4,0,0,0,1,0,0,0,1
"POINT (9.165574626000019 48.791165560000103)",Unfall 195834 (2022) Kat:3, Licht: 0,195834,3,7,0,01,08,2,1,0,1,0,0,0,0,0
"POINT (9.159293500000050 48.780569221000100)",Unfall 195836 (2022) Kat:3, Licht: 0,195836,3,2,5,01,09,4,0,0,0,1,0,0,0,1
"POINT (9.159327255000051 48.780524659999998)",Unfall 195839 (2022) Kat:3, Licht: 0,195839,3,7,0,02,16,5,0,0,0,1,0,0,0,0
"POINT (9.175417929000050 48.835001108000000)",Unfall 195844 (2022) Kat:3, Licht: 2,195844,3,2,2,01,17,7,1,2,0,1,0,0,0,0
"POINT (9.163951637000030 48.796919493000097)",Unfall 195846 (2022) Kat:3, Licht: 2,195846,3,7,0,02,01,5,1,2,0,0,0,1,0,0
"POINT (9.197323754000021 48.824300847000103)",Unfall 195848 (2022) Kat:3, Licht: 2,195848,3,6,2,01,23,3,0,2,0,1,0,0,0,0
"POINT (9.161258484000030 48.765993102000003)",Unfall 195856 (2022) Kat:2, Licht: 1,195856,2,3,5,01,17,3,0,1,1,1,0,0,0,0
"POINT (9.166564173000040 48.836738333000000)",Unfall 195857 (2022) Kat:3, Licht: 2,195857,3,7,4,02,22,2,1,2,0,1,0,0,0,0
"POINT (9.253408532000041 48.807665006000001)",Unfall 195873 (2022) Kat:2, Licht: 0,195873,2,7,0,01,08,6,2,0,1,0,0,0,0,0