WKT,Name,OBJECTID,UKATEGORIE,UTYP1,UART,UMONAT,USTUNDE,UWOCHENTAG,STRZUSTAND,ULICHTVERH,ISTRAD,ISTPKW,ISTFUSS,ISTKRAD,ISTGKFZ,ISTSONSTIG
"POINT (9.166427508000030 48.774242545000000)",Unfall 198276 (2022) Kat:3, Licht: 0,198276,3,3,0,05,09,3,0,0,1,1,0,0,0,0
"POINT (9.221677389000041 48.810406630999999)",Unfall 198293 (2022) Kat:3, Licht: 0,198293,3,6,2,05,15,6,0,0,0,1,0,0,0,0
"POINT (9.203814576000070 48.794007698000001)",Unfall 198311 (2022) Kat:3, Licht: 0,198311,3,7,5,04,17,6,0,0,1,1,0,0,0,0
"POINT (9.227703709000020 48.812099332999999)",Unfall 198330 (2022) Kat:3, Licht: 0,198330,3,2,5,05,07,6,1,0,0,1,0,1,0,0
"POINT (9.139890365000040 48.837348995000099)",Unfall 198335 (2022) Kat:3, Licht: 0,198335,3,7,0,05,07,4,0,0,1,0,0,0,0,0
"POINT (9.159871783000030 48.832986863000002)",Unfall 198337 (2022) Kat:3, Licht: 0,198337,3,5,2,05,13,2,0,0,0,1,0,1,0,0
"POINT (9.204870070000030 48.807998729000097)",Unfall 198342 (2022) Kat:3, Licht: 2,198342,3,6,2,05,00,6,1,2,0,1,0,0,0,0
"POINT (9.200405342000071 48.807455797000003)",Unfall 198411 (2022) Kat:3, Licht: 0,198411,3,3,5,05,19,4,0,0,1,1,0,0,0,0
"POINT (9.189911158000029 48.783157792000097)",Unfall 198416 (2022) Kat:3, Licht: 0,198416,3,2,5,05,08,6,0,0,1,0,0,0,0,0
"POINT (9.166409734000069 48.785339904000097)",Unfall 198425 (2022) Kat:3, Licht: 0,198425,3,2,5,05,07,3,0,0,0,1,0,1,0,0
"POINT (9.146318331000030 48.757004204000097)",Unfall 198458 (2022) Kat:3, Licht: 0,198458,3,2,0,05,13,2,0,0,0,1,0,1,0,0
"POINT (9.155942106000049 48.775582080000000)",Unfall 198461 (2022) Kat:3, Licht: 0,198461,3,7,0,05,15,4,0,0,0,0,1,0,0,1
"POINT (9.077456491000021 48.748819380999997)",Unfall 198462 (2022) Kat:3, Licht: 0,198462,3,2,0,05,20,2,0,0,0,1,0,0,0,0
"POINT (9.222390981000050 48.809456031000103)",Unfall 198472 (2022) Kat:3, Licht: 0,198472,3,7,6,04,15,6,0,0,0,1,1,0,0,0
"POINT (9.174129288000071 48.827651070000101)",Unfall 198478 (2022) Kat:3, Licht: 0,198478,3,2,5,04,14,7,1,0,0,1,0,0,0,1
"POINT (9.109671981000080 48.722037190999998)",Unfall 198489 (2022) Kat:3, Licht: 0,198489,3,7,1,04,16,4,0,0,1,1,0,0,0,0
"POINT (9.264897312000070 48.767445908000099)",Unfall 198491 (2022) Kat:3, Licht: 0,198491,3,7,0,05,10,4,1,0,1,0,0,0,0,0
"POINT (9.190591747000040 48.778238301000002)",Unfall 198493 (2022) Kat:3, Licht: 0,198493,3,7,0,04,11,7,1,0,1,0,0,0,0,0
"POINT (9.171685228000060 48.767223317999999)",Unfall 198502 (2022) Kat:3, Licht: 0,198502,3,5,1,05,09,2,0,0,1,0,0,1,0,0
"POINT (9.095874344000039 48.743215470999999)",Unfall 198509 (2022) Kat:3, Licht: 0,198509,3,7,0,05,20,1,0,0,1,1,0,0,0,0
"POINT (9.160331283000060 48.838601496000102)",Unfall 198518 (2022) Kat:2, Licht: 0,198518,2,7,0,05,20,7,0,0,1,0,0,0,0,0
"POINT (9.199660241000061 48.836421179000098)",Unfall 198519 (2022) Kat:3, Licht: 2,198519,3,3,5,05,20,1,0,2,1,1,0,0,0,0
"POINT (9.111236065000069 48.815320753000002)",Unfall 198542 (2022) Kat:3, Licht: 0,198542,3,3,5,05,16,5,0,0,0,1,0,1,0,0
"POINT (9.247028027000059 48.769585636999999)",Unfall 198577 (2022) Kat:3, Licht: 0,198577,3,3,0,04,11,5,0,0,0,0,0,1,0,1
"POINT (9.118268699000049 48.810182305000097)",Unfall 198584 (2022) Kat:3, Licht: 0,198584,3,3,5,05,18,3,0,0,1,1,0,0,0,0
"POINT (9.253185541000050 48.761317024999997)",Unfall 198595 (2022) Kat:3, Licht: 0,198595,3,3,5,05,09,5,0,0,1,1,0,0,0,0
"POINT (9.150917890000070 48.771042410000099)",Unfall 198598 (2022) Kat:3, Licht: 0,198598,3,4,6,05,17,7,0,0,0,1,1,0,0,0
"POINT (9.170870227000020 48.782593073000001)",Unfall 198599 (2022) Kat:3, Licht: 0,198599,3,7,6,04,12,7,1,0,0,0,1,0,0,1
"POINT (9.185508924000031 48.781678403000100)",Unfall 198618 (2022) Kat:3, Licht: 0,198618,3,7,0,05,17,7,0,0,0,0,0,1,0,0
"POINT (9.256177487000061 48.768053274000103)",Unfall 198635 (2022) Kat:3, Licht: 0,198635,3,5,1,05,11,6,0,0,0,1,0,0,1,0
"POINT (9.254484820000069 48.770569882000103)",Unfall 198661 (2022) Kat:3, Licht: 0,198661,3,2,2,05,15,2,0,0,0,1,0,0,0,0
"POINT (9.168211629000041 48.765599135000102)",Unfall 198673 (2022) Kat:3, Licht: 0,198673,3,3,0,05,18,2,0,0,0,1,0,0,0,1
"POINT (9.186236937000050 48.817492428999998)",Unfall 198676 (2022) Kat:3, Licht: 0,198676,3,3,5,05,18,4,0,0,1,1,0,0,0,0
"POINT (9.106470130000050 48.718011975000103)",Unfall 198714 (2022) Kat:3, Licht: 1,198714,3,7,8,05,20,6,0,1,0,1,0,0,0,0
"POINT (9.243902804000070 48.776159940000099)",Unfall 198716 (2022) Kat:3, Licht: 0,198716,3,3,5,05,18,7,0,0,0,1,0,0,0,0
"POINT (9.090562121000060 48.815693689000099)",Unfall 198719 (2022) Kat:3, Licht: 0,198719,3,6,2,05,16,3,0,0,0,1,0,0,0,0
"POINT (9.145956380000030 48.806591551000103)",Unfall 198722 (2022) Kat:2, Licht: 0,198722,2,7,0,05,14,1,0,0,0,0,0,0,0,1
"POINT (9.156475523000040 48.749321908000098)",Unfall 198729 (2022) Kat:3, Licht: 0,198729,3,6,2,05,08,7,0,0,0,1,0,1,0,0
"POINT (9.189035819000029 48.825028353000100)",Unfall 198733 (2022) Kat:2, Licht: 0,198733,2,6,2,05,16,1,0,0,0,1,0,1,0,0
"POINT (9.219170453000061 48.761353485000001)",Unfall 198736 (2022) Kat:3, Licht: 0,198736,3,6,2,04,12,6,0,0,1,1,0,0,0,0
"POINT (9.199638209000060 48.789269935000000)",Unfall 198751 (2022) Kat:3, Licht: 0,198751,3,7,0,05,17,3,1,0,1,0,0,0,0,0
"POINT (9.109673446000039 48.730606152000099)",Unfall 198753 (2022) Kat:3, Licht: 0,198753,3,4,6,04,09,5,0,0,0,1,1,0,0,0
"POINT (9.210163414000020 48.811847541000098)",Unfall 198759 (2022) Kat:3, Licht: 0,198759,3,2,6,05,16,4,0,0,0,1,1,0,0,0
"POINT (9.170513364000040 48.826048503000003)",Unfall 198766 (2022) Kat:3, Licht: 0,198766,3,6,2,05,13,7,0,0,0,1,0,0,1,0
"POINT (9.257131993000030 48.761041403000000)",Unfall 198776 (2022) Kat:3, Licht: 0,198776,3,1,1,04,19,7,0,0,0,1,0,0,1,0
"POINT (9.179023113000030 48.784190217999999)",Unfall 198802 (2022) Kat:3, Licht: 0,198802,3,2,3,05,19,6,0,0,0,1,0,1,0,0
"POINT (9.212977901000039 48.816769989000100)",Unfall 198808 (2022) Kat:2, Licht: 0,198808,2,4,6,05,16,2,0,0,0,1,1,0,0,0
"POINT (9.212822230000031 48.780071081000102)",Unfall 198839 (2022) Kat:3, Licht: 2,198839,3,7,0,05,20,6,0,2,0,0,0,0,0,1
"POINT (9.120249495000049 48.722262267000097)",Unfall 198848 (2022) Kat:3, Licht: 0,198848,3,6,2,04,14,4,0,0,0,1,0,0,0,0
"POINT (9.184658753000059 48.819161053000101)",Unfall 198863 (2022) Kat:3, Licht: 0,198863,3,5,1,05,17,4,0,0,1,1,0,0,0,0
"POINT (9.206812105000040 48.778140168999997)",Unfall 198882 (2022) Kat:3, Licht: 0,198882,3,2,5,05,16,4,0,0,0,1,0,1,0,0
"POINT (9.132915317000030 48.741472669000103)",Unfall 198886 (2022) Kat:3, Licht: 0,198886,3,7,0,05,18,6,0,0,1,1,0,0,0,0
"POINT (9.124034159000081 48.823544201000097)",Unfall 198928 (2022) Kat:3, Licht: 0,198928,3,3,1,05,06,2,1,0,1,1,0,0,0,0
"POINT (9.160628980000070 48.769757388000102)",Unfall 198929 (2022) Kat:3, Licht: 0,198929,3,3,5,05,08,1,0,0,0,1,0,0,0,0
"POINT (9.219306113000069 48.791149346000097)",Unfall 198931 (2022) Kat:2, Licht: 0,198931,2,6,3,05,05,4,0,0,1,0,0,0,0,0
"POINT (9.247200040000051 48.769375621000101)",Unfall 198932 (2022) Kat:3, Licht: 0,198932,3,6,2,05,19,2,0,0,0,1,0,0,0,0
"POINT (9.172994149000029 48.822465485000102)",Unfall 198937 (2022) Kat:3, Licht: 0,198937,3,6,2,05,06,7,0,0,0,1,0,0,0,0
"POINT (9.110386481000029 48.746934055000096)",Unfall 198942 (2022) Kat:3, Licht: 0,198942,3,3,5,04,16,6,0,0,1,1,0,0,0,0
"POINT (9.184768150000020 48.781919918000000)",Unfall 199008 (2022) Kat:3, Licht: 0,199008,3,3,0,05,15,3,0,0,0,1,0,0,0,1
"POINT (9.109918180000021 48.731677382999997)",Unfall 199013 (2022) Kat:3, Licht: 0,199013,3,6,4,05,08,5,0,0,1,1,0,0,0,0
"POINT (9.247662338000049 48.768566745999998)",Unfall 199021 (2022) Kat:3, Licht: 0,199021,3,6,2,05,19,5,0,0,0,1,0,0,0,0
"POINT (9.236615124000020 48.792082026999999)",Unfall 199024 (2022) Kat:3, Licht: 0,199024,3,6,6,04,18,7,0,0,0,0,1,0,0,1
"POINT (9.166298167000040 48.774337287999998)",Unfall 199043 (2022) Kat:3, Licht: 0,199043,3,7,0,05,15,4,0,0,1,1,0,0,0,0
"POINT (9.205864545000050 48.796474224000100)",Unfall 199049 (2022) Kat:3, Licht: 0,199049,3,5,1,05,18,2,0,0,1,1,0,0,0,0
"POINT (9.179997069000020 48.814135767000003)",Unfall 199050 (2022) Kat:3, Licht: 0,199050,3,6,4,04,16,5,0,0,1,0,0,0,0,0
"POINT (9.157812972000039 48.768245303000100)",Unfall 199075 (2022) Kat:2, Licht: 0,199075,2,1,1,04,11,7,1,0,0,1,0,0,0,1
"POINT (9.221498119000049 48.782462019999997)",Unfall 199103 (2022) Kat:3, Licht: 0,199103,3,7,0,05,19,3,0,0,0,0,0,1,0,0
"POINT (9.110922864000029 48.815827292000101)",Unfall 199105 (2022) Kat:3, Licht: 0,199105,3,3,5,04,12,6,0,0,0,1,0,0,0,0
"POINT (9.193402184000041 48.788108719000000)",Unfall 199110 (2022) Kat:3, Licht: 0,199110,3,6,2,05,07,6,0,0,0,1,0,0,1,0
"POINT (9.208341959000050 48.810650975000001)",Unfall 199117 (2022) Kat:3, Licht: 0,199117,3,7,6,04,08,6,0,0,0,1,1,0,0,0
"POINT (9.208967038000029 48.806265623000101)",Unfall 199118 (2022) Kat:3, Licht: 0,199118,3,6,2,05,17,1,0,0,0,1,0,0,0,0
"POINT (9.107773742000060 48.742341471000003)",Unfall 199148 (2022) Kat:3, Licht: 0,199148,3,2,5,05,15,2,0,0,1,1,0,0,0,0
"POINT (9.146900598000061 48.730787335999999)",Unfall 199170 (2022) Kat:3, Licht: 1,199170,3,7,0,05,20,4,0,1,1,0,0,0,0,0
"POINT (9.228553298000071 48.845001244000102)",Unfall 199183 (2022) Kat:3, Licht: 0,199183,3,3,5,05,18,6,0,0,0,1,0,0,0,0
"POINT (9.174748491000059 48.831566925000097)",Unfall 199204 (2022) Kat:3, Licht: 0,199204,3,6,2,05,08,4,1,0,0,1,0,0,0,0
"POINT (9.158703127000020 48.778330670000102)",Unfall 199225 (2022) Kat:3, Licht: 0,199225,3,3,5,05,16,3,0,0,0,1,0,1,0,0
"POINT (9.238598573000051 48.816879820000104)",Unfall 199253 (2022) Kat:3, Licht: 0,199253,3,6,2,05,18,4,0,0,0,1,0,0,0,0
"POINT (9.177349655000061 48.784094019000101)",Unfall 199256 (2022) Kat:3, Licht: 0,199256,3,2,0,04,18,5,0,0,0,1,0,0,0,1
"POINT (9.211278333000051 48.821862498000002)",Unfall 199282 (2022) Kat:3, Licht: 0,199282,3,6,2,05,14,7,0,0,0,1,0,0,1,0
"POINT (9.169421780000050 48.763812712000103)",Unfall 199283 (2022) Kat:3, Licht: 0,199283,3,1,9,04,17,3,1,0,0,1,0,0,0,0
"POINT (9.174271889000069 48.783076820000097)",Unfall 199351 (2022) Kat:3, Licht: 0,199351,3,6,2,05,18,4,0,0,0,1,0,0,0,0
"POINT (9.168801589000051 48.765447086000101)",Unfall 199356 (2022) Kat:3, Licht: 0,199356,3,3,5,05,16,2,0,0,1,1,0,0,0,0
"POINT (9.209400099000050 48.826276546000003)",Unfall 199371 (2022) Kat:2, Licht: 2,199371,2,7,0,05,01,5,0,2,1,0,0,0,0,0
"POINT (9.110147679000020 48.810449133000098)",Unfall 199373 (2022) Kat:3, Licht: 0,199373,3,5,1,05,17,5,0,0,1,1,0,0,0,0
"POINT (9.161548984000040 48.809825918000101)",Unfall 199460 (2022) Kat:3, Licht: 2,199460,3,3,0,05,23,6,0,2,0,0,0,1,0,1
"POINT (9.169084628000061 48.752250741000097)",Unfall 199510 (2022) Kat:3, Licht: 0,199510,3,3,5,06,18,4,1,0,1,1,0,0,0,0
"POINT (9.164431141000019 48.776984755999997)",Unfall 199530 (2022) Kat:3, Licht: 2,199530,3,2,5,05,22,5,0,2,1,1,0,0,0,0
"POINT (9.188928947000020 48.833273536000000)",Unfall 199541 (2022) Kat:3, Licht: 0,199541,3,3,5,05,11,2,0,0,0,1,0,1,0,0
"POINT (9.220232721000061 48.801448574000098)",Unfall 199546 (2022) Kat:3, Licht: 0,199546,3,3,5,05,19,3,0,0,1,1,0,0,0,0
"POINT (9.244386258000080 48.770698230000100)",Unfall 199551 (2022) Kat:3, Licht: 0,199551,3,7,6,05,12,6,0,0,0,1,1,0,0,0
"POINT (9.083425762000051 48.814426909000098)",Unfall 199577 (2022) Kat:3, Licht: 0,199577,3,3,0,05,16,7,0,0,0,1,0,1,0,0
"POINT (9.153879850000070 48.759746690000000)",Unfall 199589 (2022) Kat:3, Licht: 0,199589,3,2,5,05,08,6,0,0,1,1,0,0,0,0
"POINT (9.199562040000050 48.836504456000100)",Unfall 199604 (2022) Kat:3, Licht: 0,199604,3,7,0,06,08,5,0,0,0,0,0,0,1,1
"POINT (9.182213159000071 48.775509808000002)",Unfall 199613 (2022) Kat:3, Licht: 0,199613,3,3,5,06,15,5,0,0,1,1,0,0,0,0
"POINT (9.188837058000050 48.782755931000104)",Unfall 199616 (2022) Kat:3, Licht: 0,199616,3,7,4,06,08,4,0,0,1,1,0,0,0,0
"POINT (9.161469713000031 48.717267393999997)",Unfall 199624 (2022) Kat:3, Licht: 1,199624,3,2,5,05,21,5,0,1,1,1,0,0,0,0
"POINT (9.198608123000040 48.835991818000103)",Unfall 199630 (2022) Kat:3, Licht: 0,199630,3,4,6,05,09,4,0,0,0,1,1,0,0,0
"POINT (9.251166690000050 48.769610231000101)",Unfall 199667 (2022) Kat:3, Licht: 0,199667,3,6,2,06,06,5,0,0,0,0,0,1,0,1
"POINT (9.116837864000050 48.729060076000103)",Unfall 199670 (2022) Kat:3, Licht: 2,199670,3,1,8,05,01,6,0,2,0,0,0,0,0,1
"POINT (9.167268312000029 48.835867104999998)",Unfall 199689 (2022) Kat:3, Licht: 0,199689,3,7,7,05,14,7,0,0,0,1,0,0,0,0
"POINT (9.157436662000070 48.771458208000098)",Unfall 199698 (2022) Kat:3, Licht: 0,199698,3,2,2,05,10,1,0,0,0,1,0,0,0,0
"POINT (9.167125057000019 48.729724138999998)",Unfall 199737 (2022) Kat:3, Licht: 0,199737,3,2,2,05,11,7,0,0,0,1,0,0,0,0
"POINT (9.217081689000050 48.803833414000103)",Unfall 199769 (2022) Kat:3, Licht: 0,199769,3,3,5,06,11,4,0,0,0,1,0,0,0,0
"POINT (9.168748412000070 48.771118767000097)",Unfall 199785 (2022) Kat:3, Licht: 0,199785,3,2,5,05,12,3,0,0,1,1,0,0,0,0
"POINT (9.262870075000020 48.770136184000101)",Unfall 199791 (2022) Kat:3, Licht: 0,199791,3,4,6,05,12,6,0,0,0,0,1,0,0,1
"POINT (9.239890075000060 48.803769434000102)",Unfall 199799 (2022) Kat:3, Licht: 0,199799,3,2,5,05,08,3,0,0,1,0,0,0,0,1
"POINT (9.187169137000071 48.779106292999998)",Unfall 199801 (2022) Kat:2, Licht: 2,199801,2,5,1,05,23,5,0,2,0,1,0,0,0,1
"POINT (9.175405301000071 48.836402586000098)",Unfall 199847 (2022) Kat:3, Licht: 1,199847,3,7,0,05,21,7,0,1,1,0,0,0,0,0
"POINT (9.268081650000060 48.763920059000000)",Unfall 199892 (2022) Kat:2, Licht: 0,199892,2,7,0,05,09,6,0,0,0,0,0,0,0,1
"POINT (9.180493215000070 48.771892803000100)",Unfall 199898 (2022) Kat:3, Licht: 2,199898,3,2,5,05,00,1,0,2,0,1,0,1,0,0
"POINT (9.109993221000019 48.813776584999999)",Unfall 199906 (2022) Kat:3, Licht: 0,199906,3,7,8,05,11,3,0,0,0,1,0,0,0,0
"POINT (9.156707148000070 48.772492069000101)",Unfall 199966 (2022) Kat:3, Licht: 0,199966,3,2,5,05,08,6,0,0,0,1,0,1,0,0
"POINT (9.169257240000039 48.828749388000098)",Unfall 200001 (2022) Kat:3, Licht: 0,200001,3,7,0,05,08,2,1,0,0,0,0,1,0,1
"POINT (9.257494888000050 48.771449172000104)",Unfall 200061 (2022) Kat:3, Licht: 0,200061,3,2,2,05,10,4,0,0,0,1,0,1,0,0
"POINT (9.247508997000070 48.778811750999999)",Unfall 200103 (2022) Kat:3, Licht: 0,200103,3,3,5,05,18,4,0,0,1,1,0,0,0,0
"POINT (9.208110737000030 48.788979122000100)",Unfall 200109 (2022) Kat:3, Licht: 0,200109,3,6,2,05,17,1,0,0,0,1,0,0,0,0
"POINT (9.177209810000020 48.834169418000002)",Unfall 200119 (2022) Kat:3, Licht: 0,200119,3,7,0,06,16,4,0,0,0,0,0,1,0,0
"POINT (9.211030995000041 48.811568025000000)",Unfall 200170 (2022) Kat:3, Licht: 2,200170,3,7,0,05,22,4,1,2,0,0,0,1,0,0
"POINT (9.114515350000030 48.733207403000101)",Unfall 200180 (2022) Kat:3, Licht: 0,200180,3,5,1,05,15,3,0,0,1,1,0,0,0,0
"POINT (9.151993978000061 48.713082208000102)",Unfall 200186 (2022) Kat:3, Licht: 0,200186,3,6,2,05,16,3,0,0,0,1,0,0,0,0
"POINT (9.175622930000030 48.837951279999999)",Unfall 200187 (2022) Kat:3, Licht: 0,200187,3,6,2,06,16,2,0,0,0,1,0,0,0,0
"POINT (9.168593203000061 48.832342402000101)",Unfall 200261 (2022) Kat:3, Licht: 0,200261,3,4,6,06,13,4,0,0,1,1,1,0,0,0
"POINT (9.149452002000031 48.724727299000101)",Unfall 200282 (2022) Kat:3, Licht: 0,200282,3,7,0,05,12,6,0,0,1,0,0,0,0,0
"POINT (9.212237482000029 48.789867688000101)",Unfall 200300 (2022) Kat:3, Licht: 0,200300,3,3,5,05,16,1,0,0,0,1,0,0,0,0
"POINT (9.119136183000020 48.733485336000101)",Unfall 200352 (2022) Kat:3, Licht: 0,200352,3,7,0,05,16,6,0,0,1,0,0,0,0,0
"POINT (9.204483514000060 48.845536725999999)",Unfall 200353 (2022) Kat:3, Licht: 0,200353,3,7,0,05,18,6,0,0,0,0,0,1,0,0
"POINT (9.155821122000081 48.775087065999998)",Unfall 200362 (2022) Kat:3, Licht: 0,200362,3,4,6,06,13,6,0,0,0,0,1,0,0,1
"POINT (9.221979983000040 48.795842261000097)",Unfall 200387 (2022) Kat:3, Licht: 0,200387,3,6,2,06,17,4,0,0,0,1,0,0,0,1
"POINT (9.175269270000060 48.782691812000103)",Unfall 200408 (2022) Kat:3, Licht: 2,200408,3,7,1,06,02,2,0,2,1,1,0,0,0,0
"POINT (9.217338626000069 48.784007072000101)",Unfall 200411 (2022) Kat:2, Licht: 0,200411,2,3,5,06,17,5,0,0,1,0,0,0,0,1
"POINT (9.212513891000070 48.805625448000100)",Unfall 200431 (2022) Kat:3, Licht: 2,200431,3,7,0,06,01,5,0,2,1,0,0,0,0,0
"POINT (9.173957425000030 48.819094458000102)",Unfall 200434 (2022) Kat:3, Licht: 0,200434,3,2,2,06,18,7,0,0,0,1,0,0,0,1
"POINT (9.214596178000020 48.740499542000101)",Unfall 200453 (2022) Kat:3, Licht: 0,200453,3,7,5,06,13,2,0,0,1,1,0,0,0,0
"POINT (9.230671409000021 48.791096466000099)",Unfall 200456 (2022) Kat:3, Licht: 0,200456,3,2,5,06,17,2,0,0,1,1,0,0,0,0
"POINT (9.152929691000050 48.766029291000102)",Unfall 200457 (2022) Kat:3, Licht: 0,200457,3,3,5,06,19,5,0,0,1,0,0,0,0,0
"POINT (9.139899048000069 48.774781345000100)",Unfall 200460 (2022) Kat:3, Licht: 0,200460,3,5,1,06,05,6,1,0,0,1,0,0,0,0
"POINT (9.180010288000060 48.813908427999998)",Unfall 200469 (2022) Kat:3, Licht: 0,200469,3,6,4,06,19,7,0,0,0,1,0,0,0,1
"POINT (9.118604181000020 48.724633236000003)",Unfall 200472 (2022) Kat:3, Licht: 0,200472,3,5,1,07,15,6,0,0,0,1,0,0,0,0
"POINT (9.203970564000031 48.774463432000097)",Unfall 200482 (2022) Kat:3, Licht: 0,200482,3,3,5,06,08,4,0,0,1,1,0,0,0,0
"POINT (9.244418192000071 48.802738631000103)",Unfall 200502 (2022) Kat:2, Licht: 0,200502,2,7,0,06,08,6,0,0,1,0,0,0,0,0
"POINT (9.215696377000031 48.781901683000100)",Unfall 200509 (2022) Kat:3, Licht: 2,200509,3,3,5,06,22,4,0,2,0,1,0,0,0,0
"POINT (9.202372412000051 48.807942765000099)",Unfall 200525 (2022) Kat:3, Licht: 0,200525,3,3,5,06,13,7,0,0,1,1,0,0,0,0
"POINT (9.250982633000040 48.766395408000101)",Unfall 200528 (2022) Kat:2, Licht: 1,200528,2,3,5,06,21,1,0,1,0,1,0,1,0,0
"POINT (9.200873795000060 48.792486560000000)",Unfall 200531 (2022) Kat:3, Licht: 0,200531,3,4,6,06,17,5,0,0,0,0,1,0,0,1
"POINT (9.249866782000030 48.783744540000001)",Unfall 200574 (2022) Kat:3, Licht: 0,200574,3,3,5,06,13,7,0,0,0,1,0,0,0,0
"POINT (9.146308950000050 48.757003050999998)",Unfall 200594 (2022) Kat:2, Licht: 0,200594,2,4,6,06,17,7,0,0,0,0,1,0,0,1
"POINT (9.102862420000060 48.729416152000098)",Unfall 200619 (2022) Kat:3, Licht: 0,200619,3,3,5,06,08,6,0,0,0,1,0,0,0,1
"POINT (9.212897596000060 48.805836843000101)",Unfall 200625 (2022) Kat:3, Licht: 0,200625,3,4,6,06,13,6,0,0,0,1,1,0,0,0
"POINT (9.182158385000040 48.810576400999999)",Unfall 200637 (2022) Kat:3, Licht: 0,200637,3,3,5,06,18,3,0,0,0,1,0,0,0,0
"POINT (9.185787792000040 48.790924604000097)",Unfall 200657 (2022) Kat:2, Licht: 0,200657,2,1,0,06,19,2,1,0,0,0,0,1,0,0
"POINT (9.197941139000021 48.789341944999997)",Unfall 200661 (2022) Kat:3, Licht: 0,200661,3,6,2,06,14,6,0,0,0,1,0,0,0,0
"POINT (9.235145908000050 48.777060608000099)",Unfall 200674 (2022) Kat:3, Licht: 0,200674,3,2,5,06,09,6,0,0,0,1,0,0,0,1
"POINT (9.170714929000040 48.773984876999997)",Unfall 200686 (2022) Kat:3, Licht: 0,200686,3,6,3,06,10,6,0,0,1,1,0,0,0,0
"POINT (9.122120826000071 48.724074276000103)",Unfall 200688 (2022) Kat:3, Licht: 0,200688,3,3,5,06,12,5,0,0,0,1,0,0,0,1
"POINT (9.161937432000061 48.848494993000003)",Unfall 200695 (2022) Kat:3, Licht: 0,200695,3,7,1,06,20,4,0,0,1,1,0,0,0,0
"POINT (9.192374347000049 48.779893573000003)",Unfall 200709 (2022) Kat:3, Licht: 2,200709,3,7,0,06,21,6,1,2,0,0,0,1,0,0
"POINT (9.121647879000021 48.811523669000103)",Unfall 200711 (2022) Kat:3, Licht: 0,200711,3,4,6,07,07,6,1,0,0,1,1,0,0,0
"POINT (9.207497324000030 48.786870014000002)",Unfall 200722 (2022) Kat:3, Licht: 0,200722,3,6,2,06,15,2,0,0,1,1,0,0,0,0
"POINT (9.265401766000020 48.754866855000003)",Unfall 200741 (2022) Kat:3, Licht: 0,200741,3,3,5,06,14,4,1,0,0,1,0,0,0,0
"POINT (9.163247858000030 48.776670367000101)",Unfall 200752 (2022) Kat:3, Licht: 0,200752,3,4,6,06,13,5,0,0,0,1,1,0,0,0
"POINT (9.203561639000039 48.817880701000000)",Unfall 200755 (2022) Kat:3, Licht: 0,200755,3,3,5,06,15,6,0,0,0,1,0,0,0,1
"POINT (9.114745173000070 48.813889926999998)",Unfall 200770 (2022) Kat:3, Licht: 0,200770,3,7,0,06,11,7,0,0,1,0,0,0,0,0
"POINT (9.197808385000030 48.789347577000100)",Unfall 200783 (2022) Kat:2, Licht: 0,200783,2,7,0,06,09,5,0,0,1,0,0,0,0,0
"POINT (9.178976026000040 48.771185364000097)",Unfall 200795 (2022) Kat:3, Licht: 0,200795,3,2,5,06,16,6,0,0,0,1,0,1,0,0
"POINT (9.164810396000060 48.719895269000098)",Unfall 200820 (2022) Kat:3, Licht: 0,200820,3,7,0,06,13,2,0,0,1,0,0,0,0,0
"POINT (9.174065509000060 48.779548933999997)",Unfall 200826 (2022) Kat:3, Licht: 0,200826,3,7,5,06,11,6,0,0,1,1,0,0,0,0
"POINT (9.168731226000030 48.771140539999998)",Unfall 200871 (2022) Kat:3, Licht: 0,200871,3,2,2,06,15,5,0,0,1,1,0,0,0,0
"POINT (9.173283006000080 48.758453103000100)",Unfall 200906 (2022) Kat:2, Licht: 0,200906,2,7,1,06,16,5,0,0,1,0,0,0,0,1
"POINT (9.164132946000050 48.809044385999997)",Unfall 200951 (2022) Kat:3, Licht: 0,200951,3,5,0,06,07,3,0,0,1,1,0,0,0,0
"POINT (9.128388168000070 48.721619250000103)",Unfall 200987 (2022) Kat:3, Licht: 0,200987,3,2,2,06,09,2,0,0,0,1,0,1,0,0
"POINT (9.193907062000051 48.788246954999998)",Unfall 200990 (2022) Kat:3, Licht: 0,200990,3,7,1,06,15,1,0,0,1,1,0,0,0,0
"POINT (9.281261151000020 48.775439678000097)",Unfall 201000 (2022) Kat:3, Licht: 0,201000,3,7,6,06,15,4,0,0,0,1,1,0,0,0
"POINT (9.227444568000070 48.781468494000102)",Unfall 201018 (2022) Kat:2, Licht: 0,201018,2,2,5,06,17,6,0,0,0,1,0,0,0,1
"POINT (9.113973955000059 48.731998972000000)",Unfall 201044 (2022) Kat:3, Licht: 0,201044,3,7,0,06,18,3,0,0,1,0,0,0,0,0
"POINT (9.207362159000070 48.788903351000002)",Unfall 201100 (2022) Kat:3, Licht: 0,201100,3,2,2,06,12,5,0,0,0,1,0,0,0,0
"POINT (9.178291597000049 48.779829391000099)",Unfall 201117 (2022) Kat:3, Licht: 0,201117,3,4,6,06,16,4,0,0,1,0,1,0,0,0