WKT,Name,OBJECTID,UKATEGORIE,UTYP1,UART,UMONAT,USTUNDE,UWOCHENTAG,STRZUSTAND,ULICHTVERH,ISTRAD,ISTPKW,ISTFUSS,ISTKRAD,ISTGKFZ,ISTSONSTIG
"POINT (9.186680926000070 48.775727623000101)",Unfall 201137 (2022) Kat:3, Licht: 0,201137,3,7,0,06,14,5,0,0,1,0,0,0,0,0
"POINT (9.156802940000031 48.817457701000102)",Unfall 201154 (2022) Kat:3, Licht: 0,201154,3,7,1,06,08,4,0,0,1,1,0,0,0,0
"POINT (9.113862313000030 48.767220316000099)",Unfall 201188 (2022) Kat:3, Licht: 0,201188,3,3,5,06,19,6,0,0,0,1,0,1,0,0
"POINT (9.228664330000070 48.812364591000097)",Unfall 201217 (2022) Kat:2, Licht: 0,201217,2,7,6,06,17,4,0,0,0,0,1,0,0,1
"POINT (9.157196526000060 48.808720989000101)",Unfall 201218 (2022) Kat:3, Licht: 0,201218,3,3,0,06,07,6,0,0,0,1,0,1,0,0
"POINT (9.180213316000049 48.783448583000101)",Unfall 201283 (2022) Kat:3, Licht: 0,201283,3,7,5,06,07,4,0,0,1,1,0,0,0,0
"POINT (9.118276914000029 48.809686642000003)",Unfall 201284 (2022) Kat:3, Licht: 0,201284,3,3,5,06,12,2,0,0,0,1,0,1,0,0
"POINT (9.168597421000070 48.776942185000102)",Unfall 201317 (2022) Kat:3, Licht: 0,201317,3,6,2,06,15,6,0,0,0,1,0,0,0,0
"POINT (9.180235012000029 48.783439350000002)",Unfall 201345 (2022) Kat:3, Licht: 0,201345,3,7,5,06,21,7,0,0,0,1,0,0,0,1
"POINT (9.164431141000019 48.776984755999997)",Unfall 201356 (2022) Kat:3, Licht: 0,201356,3,2,5,06,12,4,0,0,1,1,0,0,0,0
"POINT (9.196793450000030 48.829768743999999)",Unfall 201372 (2022) Kat:3, Licht: 0,201372,3,7,6,06,12,6,0,0,0,0,1,0,0,1
"POINT (9.192382957000060 48.786434943000103)",Unfall 201378 (2022) Kat:3, Licht: 0,201378,3,6,4,06,18,1,0,0,0,1,0,1,0,0
"POINT (9.219038453000049 48.750445255999999)",Unfall 201385 (2022) Kat:3, Licht: 0,201385,3,5,0,06,18,5,0,0,0,1,0,0,0,1
"POINT (9.183633236000050 48.782369048000099)",Unfall 201401 (2022) Kat:3, Licht: 0,201401,3,7,0,07,09,6,0,0,0,0,0,1,0,0
"POINT (9.186546856000060 48.790582277000098)",Unfall 201428 (2022) Kat:2, Licht: 0,201428,2,6,0,07,19,5,0,0,0,1,0,1,0,0
"POINT (9.176145925000069 48.829547799000103)",Unfall 201431 (2022) Kat:3, Licht: 0,201431,3,3,5,07,08,4,0,0,1,1,0,0,0,0
"POINT (9.219744882000040 48.809235606000101)",Unfall 201472 (2022) Kat:3, Licht: 0,201472,3,3,5,07,07,7,0,0,0,1,0,0,0,0
"POINT (9.223446453000070 48.782111598000000)",Unfall 201514 (2022) Kat:3, Licht: 1,201514,3,7,0,07,20,4,1,1,1,0,0,0,0,0
"POINT (9.186466302000040 48.790639095000103)",Unfall 201547 (2022) Kat:3, Licht: 0,201547,3,7,0,07,20,3,0,0,0,0,0,0,0,1
"POINT (9.251957212000040 48.811228186000100)",Unfall 201549 (2022) Kat:3, Licht: 0,201549,3,7,0,07,12,7,0,0,1,0,0,0,0,0
"POINT (9.248357349000059 48.767639974000097)",Unfall 201554 (2022) Kat:3, Licht: 0,201554,3,6,2,07,19,2,0,0,0,1,0,1,0,0
"POINT (9.222075272000041 48.820027067000098)",Unfall 201593 (2022) Kat:3, Licht: 0,201593,3,4,6,07,12,4,0,0,0,1,1,0,0,0
"POINT (9.205166478000020 48.778893761000099)",Unfall 201599 (2022) Kat:3, Licht: 0,201599,3,3,0,07,20,3,0,0,0,1,0,1,0,0
"POINT (9.184664908000061 48.781953569000102)",Unfall 201637 (2022) Kat:2, Licht: 0,201637,2,7,0,07,19,5,0,0,1,0,0,0,0,0
"POINT (9.159312134000061 48.833100062000000)",Unfall 201641 (2022) Kat:3, Licht: 0,201641,3,6,2,07,13,3,0,0,0,1,0,0,0,1
"POINT (9.256451162000079 48.757214131000097)",Unfall 201652 (2022) Kat:3, Licht: 0,201652,3,2,6,07,11,4,0,0,0,1,1,0,0,0
"POINT (9.208048574000030 48.744284518000001)",Unfall 201719 (2022) Kat:2, Licht: 0,201719,2,7,0,07,13,7,0,0,1,0,0,0,0,0
"POINT (9.174908746000030 48.783279399999998)",Unfall 201734 (2022) Kat:3, Licht: 0,201734,3,2,0,07,16,2,0,0,0,1,0,0,0,1
"POINT (9.175085285000019 48.756943616999997)",Unfall 201736 (2022) Kat:2, Licht: 0,201736,2,7,0,07,13,3,0,0,1,0,0,0,0,0
"POINT (9.170854800000029 48.771392026999997)",Unfall 201747 (2022) Kat:3, Licht: 0,201747,3,7,0,07,10,6,0,0,0,0,1,0,0,1
"POINT (9.255134452000050 48.777443881000103)",Unfall 201750 (2022) Kat:3, Licht: 0,201750,3,2,5,07,09,4,0,0,1,1,0,0,0,0
"POINT (9.248193386000031 48.779307531000001)",Unfall 201763 (2022) Kat:3, Licht: 0,201763,3,6,2,07,07,4,0,0,0,1,0,1,0,0
"POINT (9.177411621000029 48.784114371000001)",Unfall 201778 (2022) Kat:3, Licht: 0,201778,3,2,3,07,12,5,0,0,0,1,0,0,0,0
"POINT (9.182123542000060 48.793410018000003)",Unfall 201781 (2022) Kat:3, Licht: 0,201781,3,3,0,07,19,4,0,0,1,0,0,0,0,1
"POINT (9.122645790000041 48.811769868000098)",Unfall 201785 (2022) Kat:3, Licht: 0,201785,3,7,0,07,16,1,0,0,1,0,0,0,0,0
"POINT (9.191058827000059 48.783986806000001)",Unfall 201788 (2022) Kat:2, Licht: 0,201788,2,7,0,07,08,3,0,0,1,0,0,0,0,0
"POINT (9.206529850000040 48.778269764000100)",Unfall 201808 (2022) Kat:3, Licht: 0,201808,3,5,1,07,14,4,0,0,0,1,0,0,0,0
"POINT (9.268816502000050 48.755489212999997)",Unfall 201824 (2022) Kat:3, Licht: 0,201824,3,5,1,07,08,4,0,0,1,1,0,0,0,0
"POINT (9.168102423000050 48.779283644000003)",Unfall 201832 (2022) Kat:3, Licht: 0,201832,3,7,0,07,12,1,0,0,1,0,0,0,0,0
"POINT (9.145064780000039 48.810433074999999)",Unfall 201839 (2022) Kat:3, Licht: 0,201839,3,3,5,07,07,2,0,0,1,1,0,0,0,0
"POINT (9.198516627000060 48.835962469999998)",Unfall 201843 (2022) Kat:3, Licht: 0,201843,3,6,2,07,19,3,0,0,0,1,0,0,0,1
"POINT (9.183103050000060 48.782006024000097)",Unfall 201869 (2022) Kat:3, Licht: 0,201869,3,1,4,07,17,1,0,0,1,0,0,0,0,0
"POINT (9.215816874000041 48.806762786000000)",Unfall 201876 (2022) Kat:2, Licht: 0,201876,2,2,6,07,11,7,0,0,0,1,1,0,0,0
"POINT (9.219971478000049 48.801219015000100)",Unfall 201878 (2022) Kat:3, Licht: 0,201878,3,4,6,07,14,6,0,0,0,1,1,0,0,0
"POINT (9.189852108000030 48.786335290000103)",Unfall 201894 (2022) Kat:3, Licht: 0,201894,3,6,4,07,16,4,0,0,0,1,0,0,0,0
"POINT (9.181494024000070 48.753408158000099)",Unfall 201925 (2022) Kat:3, Licht: 0,201925,3,7,0,07,14,7,0,0,0,0,0,0,0,1
"POINT (9.262771263000049 48.770431729999999)",Unfall 201931 (2022) Kat:2, Licht: 0,201931,2,7,4,07,13,2,0,0,0,1,0,0,1,1
"POINT (9.117342423000030 48.726663620000103)",Unfall 201971 (2022) Kat:3, Licht: 0,201971,3,3,5,07,19,2,0,0,0,1,0,0,0,0
"POINT (9.178712675000041 48.781687714999997)",Unfall 201976 (2022) Kat:3, Licht: 0,201976,3,4,6,07,11,6,0,0,1,0,1,0,0,0
"POINT (9.178459938000060 48.784291494000101)",Unfall 202003 (2022) Kat:3, Licht: 0,202003,3,6,0,07,07,4,0,0,0,1,0,0,0,1
"POINT (9.108773485000031 48.735819900000102)",Unfall 202009 (2022) Kat:3, Licht: 0,202009,3,7,0,07,14,7,0,0,1,0,0,0,0,0
"POINT (9.127101492000071 48.733273969999999)",Unfall 202018 (2022) Kat:3, Licht: 0,202018,3,6,4,07,21,4,0,0,1,0,0,0,0,1
"POINT (9.153912851000030 48.759887999000100)",Unfall 202021 (2022) Kat:3, Licht: 0,202021,3,6,2,07,18,7,0,0,1,0,0,1,0,0
"POINT (9.191084588000020 48.784000957000003)",Unfall 202032 (2022) Kat:3, Licht: 0,202032,3,1,0,07,12,6,0,0,1,0,0,0,0,0
"POINT (9.180532687000040 48.783435634000099)",Unfall 202037 (2022) Kat:3, Licht: 0,202037,3,6,0,07,18,1,0,0,0,1,0,0,0,1
"POINT (9.149194763000031 48.773960410000001)",Unfall 202068 (2022) Kat:3, Licht: 0,202068,3,7,0,07,16,3,0,0,1,0,0,0,0,0
"POINT (9.164936808000050 48.809290095999998)",Unfall 202097 (2022) Kat:3, Licht: 0,202097,3,7,2,07,07,3,0,0,0,1,0,1,0,0
"POINT (9.227464742000050 48.781340067000002)",Unfall 202101 (2022) Kat:3, Licht: 0,202101,3,5,1,07,12,6,0,0,0,1,0,0,0,0
"POINT (9.164044642000020 48.777491818000001)",Unfall 202113 (2022) Kat:3, Licht: 0,202113,3,3,5,07,10,4,0,0,1,1,0,0,0,0
"POINT (9.157291577000020 48.771432273000102)",Unfall 202115 (2022) Kat:3, Licht: 0,202115,3,7,6,07,11,2,0,0,0,1,1,0,0,0
"POINT (9.159561510000060 48.841749296000003)",Unfall 202126 (2022) Kat:3, Licht: 0,202126,3,6,2,07,13,7,0,0,0,1,0,0,0,0
"POINT (9.215936507000039 48.806768690000098)",Unfall 202141 (2022) Kat:2, Licht: 0,202141,2,2,6,07,18,2,0,0,0,1,1,0,0,0
"POINT (9.238053591000041 48.808169736000103)",Unfall 202167 (2022) Kat:3, Licht: 0,202167,3,2,6,07,07,3,0,0,0,1,1,0,0,0
"POINT (9.193494820000071 48.779124050000100)",Unfall 202178 (2022) Kat:3, Licht: 0,202178,3,6,2,07,09,2,0,0,0,1,0,0,0,0
"POINT (9.177681352000040 48.777833194000003)",Unfall 202181 (2022) Kat:3, Licht: 1,202181,3,7,0,07,06,7,0,1,0,0,0,0,0,1
"POINT (9.203650954000070 48.817996932000000)",Unfall 202202 (2022) Kat:3, Licht: 0,202202,3,6,2,07,14,2,0,0,0,1,0,1,0,0
"POINT (9.231823335000060 48.829150380999998)",Unfall 202208 (2022) Kat:3, Licht: 0,202208,3,3,5,07,13,5,0,0,0,1,0,0,0,0
"POINT (9.190072961000061 48.786118502000100)",Unfall 202227 (2022) Kat:3, Licht: 0,202227,3,6,2,07,16,4,0,0,0,1,0,0,0,0
"POINT (9.178922219000070 48.791010598000099)",Unfall 202231 (2022) Kat:3, Licht: 0,202231,3,2,5,07,13,4,0,0,0,1,0,0,0,0
"POINT (9.192578869000039 48.783977667999999)",Unfall 202302 (2022) Kat:3, Licht: 0,202302,3,7,2,07,16,4,0,0,0,1,0,1,0,0
"POINT (9.200707122000040 48.810532040000098)",Unfall 202306 (2022) Kat:3, Licht: 0,202306,3,6,2,07,16,7,0,0,0,1,0,1,0,0
"POINT (9.165017469000080 48.763318490000103)",Unfall 202308 (2022) Kat:3, Licht: 0,202308,3,7,1,07,17,6,0,0,1,1,0,0,0,0
"POINT (9.243827674000039 48.771973832000100)",Unfall 202325 (2022) Kat:3, Licht: 0,202325,3,3,0,07,18,6,0,0,0,1,0,1,0,0
"POINT (9.170493413000029 48.810983683000103)",Unfall 202335 (2022) Kat:2, Licht: 0,202335,2,6,3,07,16,3,0,0,1,0,0,0,0,1
"POINT (9.145699980000069 48.812131692000001)",Unfall 202367 (2022) Kat:3, Licht: 0,202367,3,7,0,07,20,4,1,0,0,0,0,1,0,0
"POINT (9.168682616000069 48.772269256000101)",Unfall 202383 (2022) Kat:3, Licht: 0,202383,3,6,2,07,17,6,0,0,1,0,0,1,0,0
"POINT (9.112906816000081 48.824331304000097)",Unfall 202386 (2022) Kat:3, Licht: 0,202386,3,7,0,07,07,4,0,0,0,0,0,1,0,0
"POINT (9.219807186000031 48.826400278999998)",Unfall 202427 (2022) Kat:3, Licht: 0,202427,3,7,6,07,20,1,0,0,0,1,1,0,0,0
"POINT (9.180196882000081 48.783455576999998)",Unfall 202495 (2022) Kat:3, Licht: 2,202495,3,4,6,08,22,5,0,2,0,1,1,0,0,0
"POINT (9.203388143000041 48.818072112999999)",Unfall 202534 (2022) Kat:3, Licht: 0,202534,3,6,2,07,17,6,0,0,0,1,0,0,0,0
"POINT (9.198701290000029 48.769936250000100)",Unfall 202543 (2022) Kat:3, Licht: 0,202543,3,7,0,08,18,5,0,0,0,0,0,1,0,0
"POINT (9.262866533000020 48.770146777999997)",Unfall 202558 (2022) Kat:3, Licht: 0,202558,3,2,2,07,16,4,0,0,0,1,0,0,0,0
"POINT (9.174063321000061 48.748537365000097)",Unfall 202580 (2022) Kat:2, Licht: 2,202580,2,1,0,08,04,1,0,2,0,0,0,0,0,1
"POINT (9.249132092000020 48.787506166000099)",Unfall 202583 (2022) Kat:2, Licht: 0,202583,2,4,6,07,13,4,0,0,0,1,1,0,0,0
"POINT (9.115987998000040 48.813976690000104)",Unfall 202592 (2022) Kat:3, Licht: 0,202592,3,5,1,07,17,3,0,0,0,1,0,0,0,0
"POINT (9.174148001000050 48.771773134999997)",Unfall 202593 (2022) Kat:3, Licht: 0,202593,3,6,2,08,06,5,0,0,1,0,0,0,0,0
"POINT (9.173580057000040 48.822276913000103)",Unfall 202596 (2022) Kat:3, Licht: 0,202596,3,6,2,07,10,6,0,0,0,1,0,0,0,0
"POINT (9.102563746000040 48.728636466000097)",Unfall 202604 (2022) Kat:3, Licht: 0,202604,3,2,5,07,08,5,0,0,1,1,0,0,0,0
"POINT (9.104007678000070 48.743148550999997)",Unfall 202627 (2022) Kat:3, Licht: 0,202627,3,3,5,07,09,5,0,0,1,1,0,0,0,0
"POINT (9.253872343000070 48.760715871999999)",Unfall 202660 (2022) Kat:3, Licht: 0,202660,3,6,2,07,14,7,0,0,0,1,0,0,0,0
"POINT (9.265808649000061 48.785611304000000)",Unfall 202671 (2022) Kat:3, Licht: 0,202671,3,3,5,07,15,5,0,0,1,1,0,0,0,0
"POINT (9.154909798000061 48.761489885000103)",Unfall 202674 (2022) Kat:3, Licht: 0,202674,3,7,0,08,10,2,0,0,0,0,0,1,0,0
"POINT (9.104049163000070 48.742324828000100)",Unfall 202675 (2022) Kat:3, Licht: 0,202675,3,3,5,08,12,4,0,0,1,0,0,0,0,0
"POINT (9.221901852000030 48.792365103000101)",Unfall 202676 (2022) Kat:3, Licht: 0,202676,3,7,6,07,13,5,0,0,0,1,1,0,0,0
"POINT (9.179707908000070 48.787062384000102)",Unfall 202690 (2022) Kat:3, Licht: 2,202690,3,7,1,07,02,4,0,2,0,1,0,0,0,0
"POINT (9.184934661000060 48.832749890999999)",Unfall 202693 (2022) Kat:3, Licht: 0,202693,3,3,5,07,16,6,0,0,0,1,0,0,0,1
"POINT (9.216869946000029 48.746498126000098)",Unfall 202704 (2022) Kat:3, Licht: 0,202704,3,2,5,07,19,4,0,0,1,1,0,0,0,0
"POINT (9.159994846000069 48.773558071000103)",Unfall 202712 (2022) Kat:3, Licht: 0,202712,3,7,1,07,10,7,0,0,1,1,0,0,0,0
"POINT (9.176629235000060 48.772919660000099)",Unfall 202719 (2022) Kat:3, Licht: 0,202719,3,7,3,08,09,3,0,0,1,1,0,0,0,0
"POINT (9.190079714000030 48.784326900000103)",Unfall 202725 (2022) Kat:3, Licht: 0,202725,3,7,0,08,19,4,0,0,1,0,0,0,0,0
"POINT (9.183420074000029 48.792041891000103)",Unfall 202732 (2022) Kat:2, Licht: 0,202732,2,7,0,08,13,6,0,0,1,0,0,0,0,0
"POINT (9.164518093000030 48.832339947999998)",Unfall 202750 (2022) Kat:3, Licht: 0,202750,3,6,2,08,15,5,0,0,0,1,0,0,0,0
"POINT (9.115231414000050 48.745766837000097)",Unfall 202782 (2022) Kat:3, Licht: 1,202782,3,5,1,08,21,3,0,1,1,1,0,0,0,0
"POINT (9.165541495000070 48.762464293999997)",Unfall 202792 (2022) Kat:3, Licht: 0,202792,3,6,4,07,08,6,0,0,1,1,0,0,0,0
"POINT (9.152375278000020 48.809607256000000)",Unfall 202863 (2022) Kat:3, Licht: 0,202863,3,3,5,07,16,4,0,0,1,1,0,0,0,0
"POINT (9.220659214000021 48.798746215000101)",Unfall 202880 (2022) Kat:3, Licht: 0,202880,3,7,0,08,14,7,0,0,1,0,0,0,0,0
"POINT (9.101419607000031 48.733515566999998)",Unfall 202909 (2022) Kat:3, Licht: 0,202909,3,3,5,08,08,3,0,0,1,1,0,0,0,0
"POINT (9.173295400000031 48.770995840000097)",Unfall 202921 (2022) Kat:3, Licht: 0,202921,3,6,2,08,09,5,0,0,1,1,0,0,0,0
"POINT (9.238587988000059 48.816890362000002)",Unfall 202963 (2022) Kat:3, Licht: 0,202963,3,4,6,07,17,4,0,0,0,0,1,1,0,0
"POINT (9.228654612000071 48.845059302000003)",Unfall 202982 (2022) Kat:3, Licht: 0,202982,3,3,0,08,16,2,0,0,1,1,0,0,0,0
"POINT (9.170157988000030 48.833501773000101)",Unfall 203003 (2022) Kat:3, Licht: 0,203003,3,3,5,07,14,7,0,0,1,1,0,0,0,0
"POINT (9.106530446000020 48.744413886000103)",Unfall 203023 (2022) Kat:3, Licht: 0,203023,3,6,3,08,13,5,0,0,1,0,0,0,0,1
"POINT (9.112473788000051 48.810459439000098)",Unfall 203058 (2022) Kat:3, Licht: 0,203058,3,5,1,07,09,5,0,0,1,1,0,0,0,0
"POINT (9.189534153000070 48.746425426000002)",Unfall 203082 (2022) Kat:3, Licht: 0,203082,3,7,7,08,15,4,0,0,1,0,0,0,0,0
"POINT (9.256435112000080 48.782626451000098)",Unfall 203098 (2022) Kat:3, Licht: 0,203098,3,5,1,07,17,5,0,0,1,1,0,0,0,0
"POINT (9.163880145000061 48.745632751000102)",Unfall 203119 (2022) Kat:2, Licht: 0,203119,2,7,0,08,17,6,1,0,1,0,0,0,0,0
"POINT (9.153629083000061 48.780206579000001)",Unfall 203138 (2022) Kat:3, Licht: 0,203138,3,7,0,08,17,3,0,0,0,0,0,1,0,0
"POINT (9.216758620000061 48.831311245000101)",Unfall 203143 (2022) Kat:3, Licht: 0,203143,3,4,6,07,16,7,0,0,0,1,1,0,0,0
"POINT (9.230376529000070 48.801480961000003)",Unfall 203145 (2022) Kat:3, Licht: 0,203145,3,5,0,08,10,5,0,0,1,1,0,0,0,0
"POINT (9.158874818000070 48.833197396999999)",Unfall 203192 (2022) Kat:3, Licht: 0,203192,3,2,6,08,09,4,0,0,0,1,1,0,0,0
"POINT (9.206191953000030 48.745518394000001)",Unfall 203216 (2022) Kat:3, Licht: 0,203216,3,3,5,08,20,1,0,0,0,1,0,0,0,0
"POINT (9.176775672000080 48.828143887000103)",Unfall 203241 (2022) Kat:3, Licht: 0,203241,3,7,5,08,18,4,0,0,1,0,0,0,0,0
"POINT (9.267416393000079 48.764797116000103)",Unfall 203255 (2022) Kat:3, Licht: 2,203255,3,5,1,08,01,5,0,2,1,1,0,0,0,0
"POINT (9.169459524000050 48.766331135000001)",Unfall 203277 (2022) Kat:3, Licht: 0,203277,3,7,0,08,09,2,0,0,1,0,0,0,0,0
"POINT (9.148992239000050 48.778469041000101)",Unfall 203298 (2022) Kat:2, Licht: 0,203298,2,7,0,07,12,7,0,0,1,0,0,0,0,0
"POINT (9.139668823000020 48.733793101000103)",Unfall 203304 (2022) Kat:3, Licht: 0,203304,3,3,5,08,18,3,0,0,1,1,0,0,0,0
"POINT (9.180317781000040 48.769065592000103)",Unfall 203331 (2022) Kat:3, Licht: 0,203331,3,6,0,07,11,5,0,0,0,1,0,0,0,1
"POINT (9.211840710000050 48.788824253000001)",Unfall 203343 (2022) Kat:3, Licht: 0,203343,3,4,6,08,07,3,0,0,0,1,1,0,0,0
"POINT (9.175056611000061 48.768293329000102)",Unfall 203391 (2022) Kat:3, Licht: 0,203391,3,7,0,08,08,5,0,0,0,1,0,1,0,0
"POINT (9.118079075000029 48.810308550000101)",Unfall 203395 (2022) Kat:3, Licht: 0,203395,3,3,5,07,15,4,0,0,1,1,0,0,0,0
"POINT (9.252143449000069 48.778670640000001)",Unfall 203398 (2022) Kat:3, Licht: 0,203398,3,3,5,07,05,6,0,0,1,1,0,0,0,0
"POINT (9.115203754000049 48.737993443000100)",Unfall 203414 (2022) Kat:3, Licht: 0,203414,3,6,2,08,17,2,0,0,0,1,0,0,0,0
"POINT (9.204980241000040 48.784228886000101)",Unfall 203432 (2022) Kat:3, Licht: 0,203432,3,3,5,08,16,5,0,0,0,1,0,0,0,0
"POINT (9.163158869000030 48.737027755000000)",Unfall 203468 (2022) Kat:3, Licht: 0,203468,3,6,2,07,13,5,0,0,0,1,0,0,0,0
"POINT (9.178303175000050 48.812700908000103)",Unfall 203504 (2022) Kat:3, Licht: 0,203504,3,5,1,07,12,1,0,0,0,1,0,1,0,0
"POINT (9.152368660000040 48.760221924000099)",Unfall 203525 (2022) Kat:3, Licht: 0,203525,3,1,0,08,13,4,1,0,1,0,0,0,0,0
"POINT (9.177601314000070 48.782945630000000)",Unfall 203535 (2022) Kat:3, Licht: 0,203535,3,7,0,09,13,4,0,0,0,1,0,1,0,0
"POINT (9.177228665000030 48.829725580000101)",Unfall 203540 (2022) Kat:2, Licht: 0,203540,2,3,0,09,10,6,0,0,0,1,0,0,0,1
"POINT (9.178176532000069 48.784318459000097)",Unfall 203558 (2022) Kat:3, Licht: 0,203558,3,6,3,08,09,5,0,0,0,1,0,0,0,1
"POINT (9.138790534000069 48.807987153000099)",Unfall 203563 (2022) Kat:3, Licht: 0,203563,3,7,1,08,18,2,0,0,1,1,0,0,0,0
"POINT (9.196133929000039 48.789011031000001)",Unfall 203571 (2022) Kat:3, Licht: 0,203571,3,3,5,08,09,4,0,0,0,0,0,1,0,1
"POINT (9.177945582000060 48.774620178000099)",Unfall 203621 (2022) Kat:3, Licht: 2,203621,3,7,0,09,04,7,0,2,0,0,0,1,0,0
"POINT (9.098260348000050 48.731332453999997)",Unfall 203666 (2022) Kat:2, Licht: 0,203666,2,7,1,08,18,7,0,0,0,1,0,1,0,0
"POINT (9.215841976000039 48.806766894000098)",Unfall 203679 (2022) Kat:3, Licht: 0,203679,3,6,2,08,12,5,0,0,0,1,0,1,0,0
"POINT (9.206698392000019 48.778192380000100)",Unfall 203697 (2022) Kat:3, Licht: 0,203697,3,4,6,08,12,4,0,0,0,1,1,0,0,0
"POINT (9.167396179000040 48.830741562000100)",Unfall 203740 (2022) Kat:3, Licht: 0,203740,3,7,0,08,11,7,1,0,0,0,0,1,0,1
"POINT (9.111716869000080 48.813761577999998)",Unfall 203767 (2022) Kat:3, Licht: 2,203767,3,6,2,08,21,2,0,2,0,1,0,0,0,0
"POINT (9.197577558000029 48.785914265000002)",Unfall 203775 (2022) Kat:3, Licht: 0,203775,3,3,5,08,17,3,0,0,1,1,0,0,0,0
"POINT (9.187234674000020 48.776302612000102)",Unfall 203813 (2022) Kat:3, Licht: 0,203813,3,3,0,09,08,5,1,0,0,1,0,1,0,0
"POINT (9.151484783000059 48.779317188000100)",Unfall 203872 (2022) Kat:3, Licht: 0,203872,3,3,5,09,15,2,0,0,1,1,0,0,0,0
"POINT (9.247496231000071 48.778802814000102)",Unfall 203874 (2022) Kat:3, Licht: 0,203874,3,3,5,08,16,4,0,0,1,0,0,0,0,1
"POINT (9.179240995000040 48.782313166000101)",Unfall 203903 (2022) Kat:3, Licht: 0,203903,3,3,5,09,15,7,0,0,0,1,0,0,0,1
"POINT (9.225811682000030 48.820425049999997)",Unfall 203905 (2022) Kat:3, Licht: 0,203905,3,7,0,08,15,2,0,0,1,0,0,0,0,0
"POINT (9.096524275000039 48.737305694000000)",Unfall 203907 (2022) Kat:3, Licht: 0,203907,3,6,3,08,16,3,0,0,1,1,0,0,0,0
"POINT (9.174857729000051 48.776090978000099)",Unfall 203922 (2022) Kat:3, Licht: 0,203922,3,5,1,09,11,6,0,0,0,1,0,1,0,0
"POINT (9.172792656000070 48.755165357000102)",Unfall 203923 (2022) Kat:3, Licht: 0,203923,3,7,6,08,15,5,0,0,0,1,1,0,0,0
"POINT (9.184677703000030 48.781949398000101)",Unfall 203926 (2022) Kat:3, Licht: 0,203926,3,7,0,08,18,2,0,0,1,0,0,0,0,0
"POINT (9.169515504000060 48.766403879999999)",Unfall 203942 (2022) Kat:3, Licht: 2,203942,3,2,5,09,20,4,1,2,1,1,0,0,0,0
"POINT (9.169441174000040 48.785968470999997)",Unfall 203946 (2022) Kat:3, Licht: 2,203946,3,5,1,08,00,3,0,2,0,1,0,0,0,0
"POINT (9.226018003000039 48.814915652000103)",Unfall 203947 (2022) Kat:3, Licht: 0,203947,3,5,1,08,11,7,0,0,1,1,0,0,0,0
"POINT (9.232735523000031 48.798684582000099)",Unfall 203953 (2022) Kat:2, Licht: 2,203953,2,1,0,09,04,5,1,2,0,0,0,1,0,0
"POINT (9.126636230000029 48.824772725000102)",Unfall 203978 (2022) Kat:3, Licht: 0,203978,3,7,0,08,16,4,0,0,1,0,0,0,0,0
"POINT (9.177537906000049 48.784153594000003)",Unfall 203985 (2022) Kat:3, Licht: 0,203985,3,7,0,08,08,4,1,0,1,0,0,0,0,0
"POINT (9.231569419000040 48.779405351000001)",Unfall 204012 (2022) Kat:3, Licht: 0,204012,3,3,5,09,17,6,0,0,1,1,0,0,0,0
"POINT (9.179730119000061 48.768462660000097)",Unfall 204028 (2022) Kat:3, Licht: 0,204028,3,7,1,09,06,7,0,0,0,1,0,1,0,0
"POINT (9.118327101000030 48.810212288999999)",Unfall 204029 (2022) Kat:3, Licht: 2,204029,3,3,5,08,19,6,1,2,0,1,0,0,0,0
"POINT (9.115447201000050 48.812412258000101)",Unfall 204034 (2022) Kat:3, Licht: 0,204034,3,3,5,09,17,3,0,0,0,1,0,0,0,0
"POINT (9.167195338000059 48.760097029000100)",Unfall 204047 (2022) Kat:3, Licht: 0,204047,3,2,5,09,16,6,0,0,1,1,0,0,0,0
"POINT (9.155530799000079 48.838018263000002)",Unfall 204052 (2022) Kat:3, Licht: 0,204052,3,2,0,08,13,6,0,0,0,1,0,1,0,0
"POINT (9.170552649000060 48.782198168999997)",Unfall 204069 (2022) Kat:3, Licht: 0,204069,3,6,2,08,18,3,0,0,0,1,0,0,0,0
"POINT (9.231688701000049 48.798885767999998)",Unfall 204070 (2022) Kat:3, Licht: 0,204070,3,7,0,09,14,5,0,0,1,0,0,0,0,0
"POINT (9.252408929000071 48.762648478000102)",Unfall 204076 (2022) Kat:3, Licht: 0,204076,3,6,2,08,17,6,0,0,0,1,0,0,0,1
"POINT (9.216674670000030 48.805515978000102)",Unfall 204090 (2022) Kat:3, Licht: 0,204090,3,7,0,09,18,7,0,0,0,0,0,1,0,0
"POINT (9.257291118000071 48.776644459000103)",Unfall 204105 (2022) Kat:3, Licht: 0,204105,3,3,0,08,08,4,1,0,1,0,0,0,0,1
"POINT (9.193242107000060 48.787858112999999)",Unfall 204121 (2022) Kat:3, Licht: 2,204121,3,4,6,08,22,1,0,2,0,1,1,0,0,0
"POINT (9.232650994000039 48.798684074000100)",Unfall 204173 (2022) Kat:3, Licht: 0,204173,3,7,0,09,16,2,0,0,0,0,0,1,0,0
"POINT (9.185824965000050 48.830517778000100)",Unfall 204174 (2022) Kat:3, Licht: 0,204174,3,2,5,08,09,2,0,0,1,1,0,0,0,0