WKT,Name,OBJECTID,UKATEGORIE,UTYP1,UART,UMONAT,USTUNDE,UWOCHENTAG,STRZUSTAND,ULICHTVERH,ISTRAD,ISTPKW,ISTFUSS,ISTKRAD,ISTGKFZ,ISTSONSTIG
"POINT (9.227426065000031 48.815561259000049)",Unfall 83407 (2023) Kat:3, Licht: 1,83407,3,2,6,01,16,5,1,1,0,1,1,0,0,0
"POINT (9.257251069000063 48.760786143000075)",Unfall 83408 (2023) Kat:3, Licht: 2,83408,3,6,2,01,21,5,1,2,0,1,0,0,0,0
"POINT (9.188970097000038 48.807449217000055)",Unfall 83447 (2023) Kat:3, Licht: 2,83447,3,6,2,01,07,4,1,2,0,1,0,0,0,0
"POINT (9.091818578000073 48.787932108000064)",Unfall 83448 (2023) Kat:3, Licht: 2,83448,3,1,4,01,22,4,1,2,0,1,0,0,0,0
"POINT (9.226999741000043 48.739756811000063)",Unfall 83449 (2023) Kat:2, Licht: 0,83449,2,2,5,01,10,4,1,0,0,1,0,0,0,1
"POINT (9.219465234000040 48.803752979000080)",Unfall 83465 (2023) Kat:3, Licht: 0,83465,3,2,5,02,16,4,0,0,0,1,0,0,0,1
"POINT (9.214085016000070 48.801336205000041)",Unfall 83473 (2023) Kat:3, Licht: 2,83473,3,6,1,02,18,5,1,2,0,1,0,0,0,0
"POINT (9.173553773000037 48.750312862000044)",Unfall 83483 (2023) Kat:3, Licht: 0,83483,3,6,0,02,09,5,0,0,0,1,0,1,0,0
"POINT (9.152830219000066 48.708078105000027)",Unfall 83488 (2023) Kat:3, Licht: 2,83488,3,6,2,01,07,3,0,2,0,1,0,0,0,1
"POINT (9.144765687000074 48.709194948000061)",Unfall 83489 (2023) Kat:3, Licht: 2,83489,3,6,2,01,07,3,1,2,0,1,0,0,0,0
"POINT (9.092377560000045 48.802737365000041)",Unfall 83501 (2023) Kat:3, Licht: 1,83501,3,7,6,01,07,3,1,1,0,0,1,0,0,1
"POINT (9.169517629000040 48.749251889000050)",Unfall 83502 (2023) Kat:3, Licht: 0,83502,3,6,2,01,10,3,1,0,0,1,0,0,0,0
"POINT (9.198033183000064 48.694292137000048)",Unfall 83551 (2023) Kat:3, Licht: 0,83551,3,6,3,01,11,2,1,0,0,1,0,0,1,0
"POINT (9.225211414000057 48.791732800000034)",Unfall 83633 (2023) Kat:3, Licht: 0,83633,3,2,0,01,15,7,1,0,0,1,0,1,0,0
"POINT (9.216499891000069 48.793832351000049)",Unfall 83634 (2023) Kat:3, Licht: 0,83634,3,6,3,01,13,7,1,0,0,1,0,0,0,0
"POINT (9.083943493000049 48.822105932000056)",Unfall 83732 (2023) Kat:3, Licht: 0,83732,3,6,2,01,08,5,0,0,0,1,0,0,1,0
"POINT (9.116778173000057 48.708861205000062)",Unfall 83799 (2023) Kat:3, Licht: 2,83799,3,6,2,01,17,4,1,2,0,1,0,0,0,0
"POINT (9.174876349000044 48.777846329000056)",Unfall 83811 (2023) Kat:3, Licht: 2,83811,3,3,5,01,07,4,0,2,1,0,0,0,1,0
"POINT (9.110062117000041 48.768030661000068)",Unfall 83864 (2023) Kat:3, Licht: 0,83864,3,6,2,01,08,3,1,0,0,1,0,0,0,0
"POINT (9.104834876000041 48.770763506000037)",Unfall 83865 (2023) Kat:3, Licht: 0,83865,3,6,2,01,08,3,1,0,0,1,0,1,0,0
"POINT (9.155551149000075 48.804999943000041)",Unfall 83866 (2023) Kat:2, Licht: 0,83866,2,2,6,01,11,3,1,0,0,1,1,0,0,0
"POINT (9.214271150000059 48.801474927000072)",Unfall 83867 (2023) Kat:3, Licht: 0,83867,3,3,5,01,15,3,0,0,1,1,0,0,0,0
"POINT (9.246690159000025 48.789165282000056)",Unfall 83919 (2023) Kat:3, Licht: 0,83919,3,3,5,01,12,2,0,0,0,1,0,1,0,0
"POINT (9.106463495000071 48.718050349000066)",Unfall 83974 (2023) Kat:3, Licht: 0,83974,3,3,5,04,15,7,0,0,1,1,0,0,0,0
"POINT (9.085895821000065 48.780503417000034)",Unfall 84038 (2023) Kat:3, Licht: 0,84038,3,7,2,03,14,5,0,0,0,1,0,0,0,0
"POINT (9.103398209000034 48.711254734000079)",Unfall 84068 (2023) Kat:3, Licht: 0,84068,3,6,2,03,17,4,0,0,0,1,0,0,0,0
"POINT (9.201285532000043 48.780339018000063)",Unfall 84112 (2023) Kat:3, Licht: 0,84112,3,6,2,03,16,3,0,0,0,1,0,0,1,0
"POINT (9.191372437000041 48.788605319000055)",Unfall 84171 (2023) Kat:3, Licht: 0,84171,3,3,5,03,15,1,0,0,0,1,0,0,0,0
"POINT (9.190870538000070 48.807190404000039)",Unfall 84198 (2023) Kat:3, Licht: 0,84198,3,6,2,03,12,7,0,0,0,1,0,0,0,0
"POINT (9.118564560000038 48.758513847000074)",Unfall 84199 (2023) Kat:3, Licht: 0,84199,3,1,3,03,09,7,1,0,0,1,0,0,0,0
"POINT (9.090604096000050 48.731661892000034)",Unfall 84232 (2023) Kat:3, Licht: 0,84232,3,7,8,03,13,6,0,0,0,0,0,0,0,1
"POINT (9.113139740000065 48.746344483000030)",Unfall 84270 (2023) Kat:3, Licht: 0,84270,3,6,2,03,12,5,0,0,0,1,0,0,0,1
"POINT (9.220203248000075 48.790255817000059)",Unfall 84272 (2023) Kat:3, Licht: 2,84272,3,6,2,03,19,5,1,2,0,1,0,0,0,0
"POINT (9.171039273000076 48.825026541000057)",Unfall 84300 (2023) Kat:3, Licht: 0,84300,3,6,1,03,16,4,0,0,0,1,0,0,0,0
"POINT (9.210502993000034 48.799333690000026)",Unfall 84329 (2023) Kat:3, Licht: 0,84329,3,6,4,03,16,4,0,0,1,0,0,0,0,0
"POINT (9.106914246000031 48.712734427000044)",Unfall 84330 (2023) Kat:2, Licht: 0,84330,2,3,5,03,11,4,0,0,0,1,0,0,0,0
"POINT (9.208366819000048 48.731300584000053)",Unfall 84360 (2023) Kat:3, Licht: 0,84360,3,7,8,03,17,3,0,0,0,1,0,0,0,0
"POINT (9.176178610000022 48.811106973000051)",Unfall 84361 (2023) Kat:2, Licht: 0,84361,2,4,6,03,12,3,0,0,0,1,1,0,0,0
"POINT (9.183494224000071 48.810173543000076)",Unfall 84402 (2023) Kat:3, Licht: 0,84402,3,6,2,03,12,2,0,0,0,1,0,0,0,0
"POINT (9.082013395000047 48.756165645000067)",Unfall 84481 (2023) Kat:3, Licht: 0,84481,3,3,5,03,18,7,0,0,0,1,0,1,0,0
"POINT (9.166032219000044 48.722438768000075)",Unfall 84483 (2023) Kat:3, Licht: 0,84483,3,2,5,03,15,7,0,0,1,1,0,0,0,0
"POINT (9.153982651000035 48.840508940000063)",Unfall 84530 (2023) Kat:3, Licht: 0,84530,3,6,3,03,14,6,0,0,0,1,0,0,0,0
"POINT (9.185550580000040 48.808777168000063)",Unfall 84531 (2023) Kat:3, Licht: 0,84531,3,6,2,03,14,6,0,0,0,1,0,0,0,0
"POINT (9.130580831000032 48.728498414000057)",Unfall 84574 (2023) Kat:3, Licht: 0,84574,3,3,5,03,15,5,0,0,0,1,0,0,0,0
"POINT (9.215211227000054 48.785437988000069)",Unfall 84576 (2023) Kat:3, Licht: 0,84576,3,5,0,03,11,5,0,0,0,1,0,0,0,0
"POINT (9.175046157000054 48.820124176000036)",Unfall 84629 (2023) Kat:3, Licht: 0,84629,3,6,2,03,11,4,0,0,0,1,0,0,0,0
"POINT (9.097493556000074 48.818474761000061)",Unfall 84630 (2023) Kat:3, Licht: 0,84630,3,6,2,03,14,4,1,0,0,1,0,0,0,0
"POINT (9.141476381000075 48.781222000000071)",Unfall 84658 (2023) Kat:3, Licht: 0,84658,3,6,2,03,15,3,0,0,0,1,0,0,0,0
"POINT (9.188519081000038 48.783785400000056)",Unfall 84706 (2023) Kat:3, Licht: 0,84706,3,6,3,03,06,2,1,0,0,1,0,0,1,0
"POINT (9.181823263000069 48.810443371000076)",Unfall 84707 (2023) Kat:3, Licht: 0,84707,3,3,5,03,13,2,0,0,0,1,0,0,1,0
"POINT (9.128818412000044 48.779245582000044)",Unfall 84708 (2023) Kat:3, Licht: 0,84708,3,3,5,03,16,2,0,0,1,1,0,0,0,0
"POINT (9.108785191000038 48.710370935000071)",Unfall 84735 (2023) Kat:3, Licht: 0,84735,3,6,2,03,11,1,1,0,0,1,0,0,0,0
"POINT (9.112944601000038 48.730186340000046)",Unfall 84738 (2023) Kat:3, Licht: 0,84738,3,6,2,03,14,1,0,0,0,1,0,0,0,0
"POINT (9.097367752000025 48.818529401000035)",Unfall 84764 (2023) Kat:3, Licht: 2,84764,3,3,5,03,01,7,0,2,0,1,0,0,0,0
"POINT (9.154041906000032 48.802045144000033)",Unfall 84765 (2023) Kat:2, Licht: 0,84765,2,2,5,03,14,7,0,0,0,1,0,1,0,0
"POINT (9.097276620000059 48.818569968000077)",Unfall 84766 (2023) Kat:3, Licht: 2,84766,3,6,2,03,02,7,0,2,0,1,0,0,0,1
"POINT (9.167323269000065 48.818975113000079)",Unfall 84813 (2023) Kat:3, Licht: 0,84813,3,1,3,03,14,6,1,0,0,1,0,0,0,0
"POINT (9.090334345000031 48.783974064000063)",Unfall 84814 (2023) Kat:3, Licht: 2,84814,3,2,4,03,05,6,0,2,0,1,0,0,0,1
"POINT (9.174643015000072 48.820583525000075)",Unfall 84815 (2023) Kat:3, Licht: 0,84815,3,6,2,03,17,6,1,0,0,1,0,0,0,0
"POINT (9.264064585000028 48.763200910000080)",Unfall 84857 (2023) Kat:3, Licht: 0,84857,3,6,3,03,16,5,0,0,0,1,0,0,0,1
"POINT (9.226708753000025 48.805251291000047)",Unfall 84858 (2023) Kat:3, Licht: 0,84858,3,6,2,03,13,5,0,0,0,1,0,0,0,0
"POINT (9.196795671000075 48.753051349000032)",Unfall 84957 (2023) Kat:3, Licht: 0,84957,3,6,4,03,15,3,0,0,0,1,0,0,0,0
"POINT (9.130704397000045 48.779287663000048)",Unfall 84958 (2023) Kat:3, Licht: 0,84958,3,4,6,03,11,3,0,0,0,1,1,0,0,0
"POINT (9.171746527000039 48.771904630000051)",Unfall 84993 (2023) Kat:2, Licht: 0,84993,2,4,6,03,15,2,0,0,0,1,1,0,0,0
"POINT (9.234200476000069 48.806203224000058)",Unfall 84994 (2023) Kat:3, Licht: 0,84994,3,6,2,03,17,2,0,0,0,1,0,0,0,0
"POINT (9.250129749000052 48.780762331000062)",Unfall 84995 (2023) Kat:3, Licht: 0,84995,3,3,5,03,14,2,0,0,1,1,0,0,0,0
"POINT (9.182830965000051 48.775698193000039)",Unfall 85043 (2023) Kat:3, Licht: 0,85043,3,6,2,03,16,7,0,0,0,1,0,1,0,0
"POINT (9.189902572000051 48.786013608000076)",Unfall 85090 (2023) Kat:3, Licht: 0,85090,3,6,4,03,08,6,0,0,1,0,0,0,0,0
"POINT (9.132964554000068 48.776875197000038)",Unfall 85091 (2023) Kat:3, Licht: 2,85091,3,3,5,03,19,6,0,2,0,1,0,1,0,0
"POINT (9.215288159000067 48.799613352000051)",Unfall 85092 (2023) Kat:3, Licht: 0,85092,3,3,5,03,14,6,0,0,0,1,0,0,0,1
"POINT (9.255513220000068 48.762749579000058)",Unfall 85093 (2023) Kat:3, Licht: 0,85093,3,6,2,03,13,6,0,0,0,1,0,0,0,0
"POINT (9.213063452000029 48.692838517000041)",Unfall 85120 (2023) Kat:3, Licht: 0,85120,3,6,3,03,18,5,0,0,0,1,0,0,1,0
"POINT (9.186390647000053 48.808512294000082)",Unfall 85143 (2023) Kat:3, Licht: 0,85143,3,3,5,03,16,5,0,0,0,1,0,0,0,0
"POINT (9.164101341000048 48.814871175000064)",Unfall 85144 (2023) Kat:3, Licht: 2,85144,3,6,2,03,18,5,0,2,0,1,0,0,0,0
"POINT (9.173693331000038 48.811469946000045)",Unfall 85145 (2023) Kat:3, Licht: 0,85145,3,6,8,03,17,5,0,0,0,1,0,0,0,0
"POINT (9.214912337000044 48.802005386000076)",Unfall 85177 (2023) Kat:3, Licht: 0,85177,3,7,0,03,16,1,0,0,1,0,0,0,0,0
"POINT (9.155235724000022 48.804337056000065)",Unfall 85181 (2023) Kat:3, Licht: 0,85181,3,6,2,03,07,4,0,0,0,1,0,0,0,0
"POINT (9.216366739000023 48.793978977000052)",Unfall 85182 (2023) Kat:3, Licht: 0,85182,3,6,2,03,13,4,0,0,0,1,0,0,0,0
"POINT (9.176840348000042 48.750819762000049)",Unfall 85183 (2023) Kat:3, Licht: 0,85183,3,6,2,03,13,4,0,0,0,1,0,0,0,0
"POINT (9.147353529000043 48.837207736000039)",Unfall 85184 (2023) Kat:3, Licht: 2,85184,3,6,2,03,20,4,0,2,0,1,0,0,0,0
"POINT (9.165823914000043 48.748005475000070)",Unfall 85196 (2023) Kat:3, Licht: 0,85196,3,6,2,03,15,2,1,0,0,1,0,1,0,0
"POINT (9.075857507000023 48.722056042000077)",Unfall 85215 (2023) Kat:3, Licht: 0,85215,3,6,2,03,08,5,0,0,0,1,0,0,1,0
"POINT (9.116748687000040 48.708699642000056)",Unfall 85220 (2023) Kat:3, Licht: 0,85220,3,6,2,02,10,3,0,0,0,0,0,0,1,0
"POINT (9.074395524000067 48.722976186000039)",Unfall 85221 (2023) Kat:2, Licht: 0,85221,2,7,3,02,15,3,0,0,0,1,0,0,1,1
"POINT (9.179103460000022 48.784184936000031)",Unfall 85228 (2023) Kat:3, Licht: 0,85228,3,3,5,02,15,3,0,0,0,1,0,0,0,0
"POINT (9.191380699000035 48.788612311000065)",Unfall 85230 (2023) Kat:3, Licht: 0,85230,3,3,5,02,13,3,0,0,0,1,0,0,0,0
"POINT (9.177455936000058 48.815830088000041)",Unfall 85269 (2023) Kat:2, Licht: 0,85269,2,6,2,02,14,2,0,0,0,1,0,0,0,0
"POINT (9.106472949000022 48.718782707000059)",Unfall 85270 (2023) Kat:3, Licht: 0,85270,3,7,0,02,17,2,0,0,1,0,0,0,0,0
"POINT (9.187248346000047 48.719481168000073)",Unfall 85356 (2023) Kat:3, Licht: 0,85356,3,6,2,02,16,6,0,0,0,1,0,0,0,0
"POINT (9.206240900000068 48.692883999000060)",Unfall 85390 (2023) Kat:2, Licht: 2,85390,2,6,2,02,20,5,0,2,0,1,0,0,0,0
"POINT (9.215958575000059 48.794201700000031)",Unfall 85393 (2023) Kat:3, Licht: 1,85393,3,3,5,02,17,5,0,1,0,1,0,0,0,0
"POINT (9.171317836000071 48.811742405000075)",Unfall 85394 (2023) Kat:3, Licht: 2,85394,3,6,3,02,20,5,1,2,0,1,0,0,0,0
"POINT (9.156108828000072 48.848150337000050)",Unfall 85395 (2023) Kat:3, Licht: 1,85395,3,6,2,02,17,5,0,1,0,1,0,0,0,0
"POINT (9.106933633000040 48.712813109000081)",Unfall 85433 (2023) Kat:3, Licht: 0,85433,3,3,5,02,13,4,0,0,0,0,0,1,0,1
"POINT (9.169618234000041 48.820671954000034)",Unfall 85434 (2023) Kat:3, Licht: 0,85434,3,6,2,02,15,4,0,0,0,1,0,0,0,0
"POINT (9.243134106000070 48.819288626000059)",Unfall 85496 (2023) Kat:3, Licht: 2,85496,3,2,5,02,19,3,0,2,0,1,0,0,0,0
"POINT (9.145877756000061 48.837916117000077)",Unfall 85497 (2023) Kat:3, Licht: 2,85497,3,6,2,02,05,3,1,2,0,1,0,0,0,0
"POINT (9.211381130000063 48.745574861000080)",Unfall 85536 (2023) Kat:3, Licht: 0,85536,3,7,0,03,10,6,0,0,0,1,0,0,0,1
"POINT (9.215534021000053 48.794633979000025)",Unfall 85541 (2023) Kat:3, Licht: 0,85541,3,6,2,02,10,2,0,0,0,1,0,0,0,0
"POINT (9.208496533000073 48.801170108000065)",Unfall 85569 (2023) Kat:3, Licht: 0,85569,3,6,3,03,14,4,0,0,0,1,0,0,1,0
"POINT (9.182225146000064 48.810567530000071)",Unfall 85570 (2023) Kat:3, Licht: 2,85570,3,3,5,02,05,1,1,2,0,1,0,0,0,0
"POINT (9.255053843000042 48.759670150000034)",Unfall 85638 (2023) Kat:3, Licht: 0,85638,3,6,2,02,17,6,0,0,0,1,0,0,0,0
"POINT (9.091645251000045 48.755721866000044)",Unfall 85639 (2023) Kat:3, Licht: 2,85639,3,3,3,02,19,6,1,2,0,1,0,0,0,0
"POINT (9.182213048000051 48.795663794000063)",Unfall 85683 (2023) Kat:3, Licht: 0,85683,3,6,2,02,08,5,0,0,0,1,0,0,0,0
"POINT (9.244584194000026 48.790329351000025)",Unfall 85710 (2023) Kat:1, Licht: 0,85710,1,1,3,05,18,2,0,0,1,0,0,0,0,1
"POINT (9.233046085000069 48.786559736000072)",Unfall 85711 (2023) Kat:3, Licht: 0,85711,3,7,8,05,15,2,0,0,0,0,0,1,0,0
"POINT (9.183448257000066 48.775348041000029)",Unfall 85712 (2023) Kat:3, Licht: 0,85712,3,6,2,05,12,2,0,0,0,1,0,0,0,1
"POINT (9.163987187000032 48.712570905000064)",Unfall 85764 (2023) Kat:3, Licht: 0,85764,3,1,8,05,13,1,0,0,0,1,0,0,0,0
"POINT (9.171821542000032 48.775234777000037)",Unfall 85765 (2023) Kat:3, Licht: 0,85765,3,1,0,05,15,1,0,0,0,0,0,1,0,0
"POINT (9.156057137000062 48.849217134000071)",Unfall 85929 (2023) Kat:3, Licht: 0,85929,3,2,5,05,10,4,0,0,0,1,0,1,0,0
"POINT (9.169686108000064 48.773796263000065)",Unfall 85930 (2023) Kat:3, Licht: 0,85930,3,3,5,05,18,4,0,0,0,1,0,1,0,0
"POINT (9.240955341000074 48.807991793000042)",Unfall 85961 (2023) Kat:2, Licht: 0,85961,2,2,5,05,18,3,0,0,1,1,0,0,0,0
"POINT (9.172027644000025 48.775414219000027)",Unfall 86011 (2023) Kat:3, Licht: 0,86011,3,1,8,05,17,2,0,0,0,0,0,1,0,0
"POINT (9.240293522000059 48.817745713000079)",Unfall 86012 (2023) Kat:3, Licht: 0,86012,3,3,5,05,07,2,0,0,1,1,0,0,0,0
"POINT (9.167617338000071 48.811611825000057)",Unfall 86013 (2023) Kat:3, Licht: 0,86013,3,2,5,05,12,2,0,0,0,1,0,0,0,1
"POINT (9.091018804000043 48.784313744000031)",Unfall 86014 (2023) Kat:3, Licht: 0,86014,3,3,5,05,08,2,0,0,0,1,0,1,0,0
"POINT (9.229441648000034 48.812226655000075)",Unfall 86015 (2023) Kat:3, Licht: 0,86015,3,3,5,05,18,2,0,0,0,1,0,0,0,1
"POINT (9.179283615000031 48.810767531000067)",Unfall 86043 (2023) Kat:3, Licht: 0,86043,3,3,5,05,16,1,0,0,0,1,0,0,0,0
"POINT (9.229705729000045 48.805898224000032)",Unfall 86044 (2023) Kat:3, Licht: 0,86044,3,1,9,05,18,1,0,0,0,1,0,0,0,0
"POINT (9.148539945000039 48.766992323000068)",Unfall 86074 (2023) Kat:3, Licht: 0,86074,3,6,2,05,12,7,0,0,0,1,0,0,0,0
"POINT (9.089937879000047 48.789632930000039)",Unfall 86107 (2023) Kat:3, Licht: 0,86107,3,6,4,05,14,6,0,0,0,1,0,0,0,0
"POINT (9.105871214000047 48.716467346000059)",Unfall 86108 (2023) Kat:3, Licht: 2,86108,3,2,5,05,23,6,0,2,0,1,0,1,0,0
"POINT (9.176195318000055 48.817714206000062)",Unfall 86109 (2023) Kat:3, Licht: 2,86109,3,6,2,05,21,6,0,2,0,1,0,0,0,0
"POINT (9.224002292000023 48.788217842000051)",Unfall 86110 (2023) Kat:3, Licht: 0,86110,3,6,2,05,11,6,0,0,0,1,0,0,1,0
"POINT (9.181435331000046 48.792366264000066)",Unfall 86153 (2023) Kat:3, Licht: 0,86153,3,1,0,05,19,5,0,0,1,0,0,0,0,0
"POINT (9.200491857000031 48.794477171000040)",Unfall 86190 (2023) Kat:3, Licht: 0,86190,3,6,2,05,18,4,0,0,0,1,0,0,0,0
"POINT (9.165256321000072 48.705424997000080)",Unfall 86280 (2023) Kat:3, Licht: 0,86280,3,6,2,05,18,2,1,0,0,1,0,0,0,1
"POINT (9.226727537000045 48.793162272000075)",Unfall 86285 (2023) Kat:3, Licht: 0,86285,3,6,2,05,17,2,1,0,0,1,0,0,0,0
"POINT (9.156079931000022 48.849214243000063)",Unfall 86286 (2023) Kat:3, Licht: 0,86286,3,7,0,05,18,2,1,0,0,0,0,1,0,0
"POINT (9.168966667000063 48.736127078000038)",Unfall 86287 (2023) Kat:3, Licht: 0,86287,3,4,0,05,08,2,1,0,0,0,1,0,0,1
"POINT (9.201188909000052 48.775472104000073)",Unfall 86389 (2023) Kat:3, Licht: 0,86389,3,6,2,05,15,6,1,0,0,1,0,0,0,0
"POINT (9.176965608000046 48.780447324000079)",Unfall 86390 (2023) Kat:3, Licht: 2,86390,3,6,2,05,22,6,0,2,0,1,0,0,0,0
"POINT (9.160941206000075 48.812428315000034)",Unfall 86458 (2023) Kat:3, Licht: 0,86458,3,6,1,05,16,2,1,0,0,1,0,0,0,1
"POINT (9.230597721000038 48.795404816000030)",Unfall 86542 (2023) Kat:3, Licht: 0,86542,3,1,4,05,17,4,0,0,0,1,0,1,0,0
"POINT (9.175597676000052 48.770530535000034)",Unfall 86543 (2023) Kat:3, Licht: 0,86543,3,3,0,05,16,4,0,0,0,0,0,0,0,1
"POINT (9.221189519000063 48.804124474000048)",Unfall 86587 (2023) Kat:3, Licht: 0,86587,3,4,6,05,15,3,0,0,1,0,1,0,0,0
"POINT (9.197935843000039 48.792810008000060)",Unfall 86588 (2023) Kat:3, Licht: 0,86588,3,6,2,05,16,3,0,0,0,1,0,0,0,0
"POINT (9.165430948000051 48.726043272000027)",Unfall 86589 (2023) Kat:3, Licht: 0,86589,3,6,2,05,16,3,0,0,0,1,0,0,0,0
"POINT (9.169244410000033 48.741290681000066)",Unfall 86619 (2023) Kat:3, Licht: 2,86619,3,7,1,05,01,2,0,2,0,1,0,0,0,0
"POINT (9.117980428000067 48.758418688000063)",Unfall 86620 (2023) Kat:3, Licht: 1,86620,3,1,8,05,19,2,1,1,0,1,0,0,0,0
"POINT (9.214744665000069 48.801866672000074)",Unfall 86631 (2023) Kat:3, Licht: 0,86631,3,6,2,05,19,3,0,0,0,1,0,0,0,0
"POINT (9.263016857000025 48.751694995000037)",Unfall 86662 (2023) Kat:3, Licht: 2,86662,3,6,2,04,00,1,0,2,0,1,0,0,0,0
"POINT (9.203457161000074 48.794269047000057)",Unfall 86664 (2023) Kat:3, Licht: 0,86664,3,6,3,04,16,1,0,0,0,1,0,0,0,0
"POINT (9.216888247000043 48.832972069000050)",Unfall 86710 (2023) Kat:3, Licht: 1,86710,3,2,5,04,05,7,0,1,0,1,0,0,0,0
"POINT (9.180787262000024 48.787965236000048)",Unfall 86711 (2023) Kat:3, Licht: 0,86711,3,6,2,04,15,7,0,0,0,1,0,0,0,0
"POINT (9.158721784000022 48.853958684000077)",Unfall 86819 (2023) Kat:3, Licht: 0,86819,3,3,5,05,13,4,0,0,0,1,0,0,0,1
"POINT (9.165157890000046 48.815324204000035)",Unfall 86824 (2023) Kat:2, Licht: 0,86824,2,7,0,05,08,2,0,0,0,1,0,1,0,0
"POINT (9.180612014000076 48.812402999000028)",Unfall 86825 (2023) Kat:3, Licht: 0,86825,3,6,2,05,13,2,0,0,0,1,0,1,0,0
"POINT (9.232404988000042 48.805951655000058)",Unfall 86833 (2023) Kat:3, Licht: 0,86833,3,3,5,04,14,5,0,0,1,1,0,0,0,0
"POINT (9.161461512000074 48.812782324000068)",Unfall 86834 (2023) Kat:3, Licht: 0,86834,3,3,5,04,06,5,0,0,0,1,0,0,1,0
"POINT (9.180927180000026 48.810566497000082)",Unfall 86836 (2023) Kat:3, Licht: 0,86836,3,6,3,04,19,5,0,0,0,1,0,1,0,0
"POINT (9.159483266000052 48.814030959000036)",Unfall 86837 (2023) Kat:3, Licht: 0,86837,3,6,2,04,07,5,0,0,0,1,0,0,0,0
"POINT (9.230206504000023 48.785152494000044)",Unfall 86838 (2023) Kat:3, Licht: 0,86838,3,6,2,04,15,5,0,0,0,1,0,0,0,0
"POINT (9.178897019000033 48.784305364000033)",Unfall 86880 (2023) Kat:3, Licht: 0,86880,3,6,2,04,07,4,0,0,0,1,0,0,0,0
"POINT (9.106272468000043 48.722037106000073)",Unfall 86934 (2023) Kat:3, Licht: 0,86934,3,4,6,04,07,3,1,0,1,0,1,0,0,0
"POINT (9.273693347000062 48.757409942000038)",Unfall 86972 (2023) Kat:3, Licht: 1,86972,3,3,5,04,05,2,1,1,0,1,0,1,0,0
"POINT (9.173169282000060 48.822332197000037)",Unfall 86973 (2023) Kat:2, Licht: 0,86973,2,7,0,04,17,2,0,0,1,0,0,0,0,0
"POINT (9.214083934000030 48.830953262000037)",Unfall 87021 (2023) Kat:2, Licht: 0,87021,2,7,6,04,11,1,0,0,0,1,1,0,0,0
"POINT (9.173367228000075 48.822401747000072)",Unfall 87023 (2023) Kat:3, Licht: 1,87023,3,3,5,04,19,1,0,1,0,1,0,0,0,0
"POINT (9.106647225000074 48.723965539000062)",Unfall 87024 (2023) Kat:3, Licht: 2,87024,3,5,1,04,01,1,0,2,0,1,0,0,0,0
"POINT (9.179157194000027 48.813896453000041)",Unfall 87066 (2023) Kat:3, Licht: 2,87066,3,7,0,05,22,1,0,2,0,0,0,1,0,0
"POINT (9.214208900000074 48.801426055000036)",Unfall 87087 (2023) Kat:3, Licht: 0,87087,3,6,2,04,10,7,0,0,0,1,0,0,0,0
"POINT (9.213566829000058 48.796958667000069)",Unfall 87088 (2023) Kat:3, Licht: 0,87088,3,6,2,04,14,7,0,0,0,1,0,0,0,1
"POINT (9.203700955000045 48.796059866000064)",Unfall 87089 (2023) Kat:3, Licht: 1,87089,3,6,2,04,19,7,0,1,0,1,0,0,0,0
"POINT (9.232564711000066 48.829813315000081)",Unfall 87177 (2023) Kat:3, Licht: 0,87177,3,7,3,04,17,5,0,0,0,1,0,1,0,0
"POINT (9.208797674000039 48.800525793000077)",Unfall 87181 (2023) Kat:3, Licht: 0,87181,3,6,3,04,07,6,0,0,0,1,0,0,1,0
"POINT (9.137733015000038 48.778476282000042)",Unfall 87182 (2023) Kat:3, Licht: 0,87182,3,6,2,04,14,6,0,0,0,1,0,0,0,1
"POINT (9.087611888000026 48.821353179000027)",Unfall 87183 (2023) Kat:3, Licht: 0,87183,3,6,2,04,14,6,0,0,0,1,0,1,0,0
"POINT (9.175345856000035 48.819434168000043)",Unfall 87184 (2023) Kat:3, Licht: 0,87184,3,6,3,04,07,6,0,0,0,1,0,0,1,0
"POINT (9.181237509000027 48.791336047000073)",Unfall 87188 (2023) Kat:3, Licht: 2,87188,3,5,1,04,23,7,0,2,0,1,0,0,0,1
"POINT (9.224531181000032 48.794405021000046)",Unfall 87215 (2023) Kat:3, Licht: 2,87215,3,6,3,04,23,6,0,2,0,1,0,0,0,0
"POINT (9.102053035000040 48.804270128000041)",Unfall 87240 (2023) Kat:3, Licht: 0,87240,3,3,5,05,18,7,0,0,1,1,0,0,0,0
"POINT (9.118619987000045 48.729891272000032)",Unfall 87241 (2023) Kat:2, Licht: 0,87241,2,7,0,04,18,5,1,0,1,1,0,0,0,0
"POINT (9.128932132000045 48.757926493000070)",Unfall 87243 (2023) Kat:2, Licht: 2,87243,2,1,2,04,21,5,1,2,0,1,0,0,0,0
"POINT (9.252612428000020 48.809850381000047)",Unfall 87244 (2023) Kat:3, Licht: 0,87244,3,6,2,04,07,5,0,0,0,1,0,0,0,0
"POINT (9.180135248000056 48.786095337000063)",Unfall 87246 (2023) Kat:3, Licht: 0,87246,3,6,2,04,17,5,1,0,0,1,0,1,0,0
"POINT (9.193731065000065 48.696909266000034)",Unfall 87290 (2023) Kat:3, Licht: 0,87290,3,6,1,04,16,4,1,0,0,1,0,0,1,0
"POINT (9.200365708000049 48.805400106000036)",Unfall 87294 (2023) Kat:3, Licht: 0,87294,3,6,2,05,18,2,0,0,0,1,0,0,0,0
"POINT (9.219177188000060 48.803591801000039)",Unfall 87334 (2023) Kat:3, Licht: 0,87334,3,4,6,04,12,3,0,0,0,0,1,1,0,0