WKT,Name,OBJECTID,UKATEGORIE,UTYP1,UART,UMONAT,USTUNDE,UWOCHENTAG,STRZUSTAND,ULICHTVERH,ISTRAD,ISTPKW,ISTFUSS,ISTKRAD,ISTGKFZ,ISTSONSTIG
"POINT (9.176135302000034 48.770680424000034)",Unfall 87335 (2023) Kat:3, Licht: 0,87335,3,6,2,04,16,3,0,0,0,1,0,0,0,0
"POINT (9.162221527000042 48.830413637000049)",Unfall 87358 (2023) Kat:3, Licht: 0,87358,3,6,1,05,14,3,0,0,0,1,0,0,0,0
"POINT (9.194848949000061 48.694488108000030)",Unfall 87448 (2023) Kat:3, Licht: 0,87448,3,6,3,04,18,7,1,0,0,1,0,0,1,0
"POINT (9.163412182000059 48.746622752000064)",Unfall 87453 (2023) Kat:2, Licht: 0,87453,2,7,8,04,17,7,0,0,0,1,0,0,0,0
"POINT (9.204704944000071 48.796572425000079)",Unfall 87454 (2023) Kat:3, Licht: 2,87454,3,6,3,04,00,7,0,2,0,1,0,0,0,1
"POINT (9.098406905000047 48.737624844000038)",Unfall 87455 (2023) Kat:3, Licht: 0,87455,3,6,2,04,16,7,0,0,0,1,0,0,0,0
"POINT (9.177309331000060 48.782266308000032)",Unfall 87456 (2023) Kat:3, Licht: 0,87456,3,6,2,04,15,7,0,0,0,1,0,0,0,0
"POINT (9.186752736000074 48.773518771000056)",Unfall 87511 (2023) Kat:3, Licht: 0,87511,3,6,2,04,16,6,0,0,0,1,0,0,0,1
"POINT (9.107246215000032 48.729891391000081)",Unfall 87512 (2023) Kat:3, Licht: 0,87512,3,4,6,04,17,6,0,0,0,1,1,0,0,0
"POINT (9.107429099000058 48.725512679000076)",Unfall 87513 (2023) Kat:2, Licht: 0,87513,2,1,6,04,19,6,0,0,0,1,1,0,0,0
"POINT (9.254825552000057 48.759738900000059)",Unfall 87515 (2023) Kat:2, Licht: 0,87515,2,7,0,04,13,6,0,0,0,0,0,0,0,1
"POINT (9.185256349000042 48.779111878000037)",Unfall 87517 (2023) Kat:3, Licht: 0,87517,3,6,3,04,16,6,0,0,0,1,0,0,0,0
"POINT (9.185261170000047 48.779118963000030)",Unfall 87518 (2023) Kat:3, Licht: 0,87518,3,6,3,04,16,6,0,0,0,1,0,0,0,0
"POINT (9.155571460000033 48.792159548000029)",Unfall 87563 (2023) Kat:3, Licht: 2,87563,3,6,2,04,22,5,0,2,0,1,0,0,0,0
"POINT (9.092222840000034 48.802737976000060)",Unfall 87564 (2023) Kat:3, Licht: 2,87564,3,2,3,04,05,5,0,2,1,1,0,0,0,0
"POINT (9.180726183000047 48.810593991000076)",Unfall 87565 (2023) Kat:3, Licht: 0,87565,3,6,2,04,17,5,1,0,0,1,0,0,0,0
"POINT (9.105580381000038 48.729920177000054)",Unfall 87566 (2023) Kat:3, Licht: 0,87566,3,3,5,04,18,5,0,0,0,0,0,1,0,1
"POINT (9.268422787000077 48.757912182000041)",Unfall 87600 (2023) Kat:3, Licht: 0,87600,3,3,5,04,08,4,1,0,0,1,0,0,0,0
"POINT (9.219465861000060 48.803641623000033)",Unfall 87700 (2023) Kat:3, Licht: 0,87700,3,2,3,04,12,2,0,0,0,1,0,0,0,1
"POINT (9.227509801000053 48.815687789000037)",Unfall 87721 (2023) Kat:3, Licht: 0,87721,3,6,2,04,07,5,0,0,0,1,0,0,0,0
"POINT (9.156018818000064 48.806093839000027)",Unfall 87742 (2023) Kat:3, Licht: 0,87742,3,3,5,04,12,1,0,0,0,1,0,0,0,0
"POINT (9.163869376000036 48.796829707000029)",Unfall 87813 (2023) Kat:3, Licht: 0,87813,3,7,2,04,08,6,0,0,0,1,0,0,0,0
"POINT (9.186381153000070 48.808614513000066)",Unfall 87888 (2023) Kat:3, Licht: 0,87888,3,6,2,04,17,5,0,0,0,1,0,0,0,1
"POINT (9.118488882000065 48.758503251000036)",Unfall 87889 (2023) Kat:3, Licht: 0,87889,3,1,8,04,16,6,1,0,0,1,0,0,0,0
"POINT (9.186834766000061 48.773470989000032)",Unfall 87890 (2023) Kat:3, Licht: 2,87890,3,6,2,04,21,5,0,2,0,1,0,0,0,0
"POINT (9.191724446000023 48.807110454000053)",Unfall 87915 (2023) Kat:3, Licht: 0,87915,3,6,2,04,16,5,0,0,0,1,0,0,0,0
"POINT (9.212327550000055 48.829593857000077)",Unfall 87947 (2023) Kat:2, Licht: 2,87947,2,7,0,04,21,4,0,2,1,0,0,0,0,1
"POINT (9.220236273000069 48.835189494000076)",Unfall 87967 (2023) Kat:3, Licht: 0,87967,3,6,2,05,18,1,0,0,0,1,0,0,0,0
"POINT (9.163334483000028 48.814075229000082)",Unfall 88010 (2023) Kat:3, Licht: 0,88010,3,3,5,04,17,3,0,0,0,1,0,0,0,0
"POINT (9.228463867000073 48.813607371000046)",Unfall 88011 (2023) Kat:3, Licht: 0,88011,3,6,2,04,17,3,0,0,0,1,0,1,0,0
"POINT (9.189264447000028 48.807745496000052)",Unfall 88066 (2023) Kat:3, Licht: 0,88066,3,2,5,04,16,2,0,0,1,1,0,0,0,0
"POINT (9.176741860000050 48.750775359000045)",Unfall 88067 (2023) Kat:3, Licht: 0,88067,3,2,5,04,13,2,0,0,0,1,0,0,0,1
"POINT (9.168696792000048 48.744328791000044)",Unfall 88103 (2023) Kat:3, Licht: 0,88103,3,3,5,06,16,2,0,0,0,1,0,0,0,0
"POINT (9.225882498000033 48.793649435000077)",Unfall 88104 (2023) Kat:3, Licht: 2,88104,3,1,0,06,21,2,0,2,1,0,0,0,0,0
"POINT (9.226994698000055 48.786707586000034)",Unfall 88105 (2023) Kat:3, Licht: 0,88105,3,6,3,06,05,2,0,0,0,1,0,0,0,0
"POINT (9.219556191000038 48.803771039000026)",Unfall 88106 (2023) Kat:3, Licht: 0,88106,3,2,5,06,20,2,0,0,1,1,0,0,0,0
"POINT (9.115212395000071 48.731811162000042)",Unfall 88155 (2023) Kat:3, Licht: 0,88155,3,1,0,06,19,1,0,0,1,0,0,0,0,0
"POINT (9.172651369000050 48.776153817000079)",Unfall 88156 (2023) Kat:3, Licht: 2,88156,3,6,2,06,02,1,0,2,0,1,0,0,0,0
"POINT (9.213517088000060 48.784669604000044)",Unfall 88261 (2023) Kat:3, Licht: 0,88261,3,1,1,06,11,6,0,0,0,1,0,0,0,0
"POINT (9.181516663000025 48.792526902000077)",Unfall 88262 (2023) Kat:3, Licht: 0,88262,3,3,2,06,10,6,0,0,0,1,0,0,0,1
"POINT (9.134839775000046 48.745477946000051)",Unfall 88313 (2023) Kat:3, Licht: 0,88313,3,3,0,06,18,5,0,0,0,0,0,0,0,1
"POINT (9.176693491000037 48.770991271000071)",Unfall 88364 (2023) Kat:3, Licht: 0,88364,3,2,3,06,12,4,0,0,0,1,0,0,0,0
"POINT (9.207899841000028 48.797944505000032)",Unfall 88365 (2023) Kat:3, Licht: 2,88365,3,6,3,06,21,4,0,2,1,1,0,0,0,0
"POINT (9.169993896000051 48.773788566000064)",Unfall 88463 (2023) Kat:3, Licht: 0,88463,3,7,0,06,09,2,0,0,1,0,0,0,0,0
"POINT (9.219469763000063 48.803642297000067)",Unfall 88464 (2023) Kat:2, Licht: 0,88464,2,2,5,06,17,2,0,0,1,0,0,0,1,0
"POINT (9.184617883000044 48.809250279000025)",Unfall 88523 (2023) Kat:3, Licht: 0,88523,3,6,2,06,10,7,0,0,0,1,0,0,0,0
"POINT (9.187326795000047 48.772336601000063)",Unfall 88524 (2023) Kat:3, Licht: 0,88524,3,7,0,06,15,1,0,0,1,0,0,0,0,0
"POINT (9.202112603000046 48.784832598000037)",Unfall 88577 (2023) Kat:3, Licht: 0,88577,3,5,1,06,18,7,0,0,1,1,0,0,0,0
"POINT (9.196984297000029 48.699253896000073)",Unfall 88578 (2023) Kat:2, Licht: 0,88578,2,1,8,06,15,7,0,0,0,0,0,1,0,0
"POINT (9.111819589000049 48.755654328000048)",Unfall 88579 (2023) Kat:3, Licht: 0,88579,3,1,8,06,14,7,0,0,0,0,0,1,0,0
"POINT (9.171897092000052 48.775300554000069)",Unfall 88580 (2023) Kat:3, Licht: 0,88580,3,1,0,06,13,7,0,0,1,0,0,0,0,0
"POINT (9.194077934000063 48.753931081000076)",Unfall 88632 (2023) Kat:3, Licht: 0,88632,3,6,2,06,11,6,0,0,0,1,0,1,0,0
"POINT (9.198740275000034 48.695131651000054)",Unfall 88633 (2023) Kat:3, Licht: 0,88633,3,2,4,06,09,6,0,0,0,1,0,0,1,0
"POINT (9.265519307000034 48.763675507000073)",Unfall 88688 (2023) Kat:2, Licht: 0,88688,2,2,5,06,18,3,0,0,1,0,0,0,1,0
"POINT (9.131490889000077 48.779380255000035)",Unfall 88692 (2023) Kat:3, Licht: 0,88692,3,6,2,06,11,5,0,0,0,1,0,1,0,0
"POINT (9.177899387000025 48.815163054000038)",Unfall 88757 (2023) Kat:3, Licht: 0,88757,3,2,5,05,15,4,0,0,1,1,0,0,0,0
"POINT (9.264571734000072 48.763370448000046)",Unfall 88758 (2023) Kat:2, Licht: 0,88758,2,6,2,05,10,4,0,0,0,1,0,1,0,0
"POINT (9.169089265000025 48.814930755000034)",Unfall 88809 (2023) Kat:2, Licht: 0,88809,2,6,3,05,17,3,0,0,0,1,0,1,0,0
"POINT (9.214840098000025 48.795340513000042)",Unfall 88810 (2023) Kat:3, Licht: 0,88810,3,6,2,05,18,3,0,0,0,1,0,0,0,0
"POINT (9.181466607000061 48.792425956000045)",Unfall 88811 (2023) Kat:3, Licht: 0,88811,3,6,2,05,19,3,0,0,0,1,0,1,0,0
"POINT (9.215240879000021 48.795134218000044)",Unfall 88937 (2023) Kat:3, Licht: 0,88937,3,6,1,05,11,1,0,0,0,1,0,0,0,0
"POINT (9.158487652000076 48.831985130000078)",Unfall 89010 (2023) Kat:3, Licht: 0,89010,3,7,0,05,16,7,0,0,1,1,0,0,0,0
"POINT (9.152422797000042 48.799760936000041)",Unfall 89094 (2023) Kat:3, Licht: 0,89094,3,3,5,05,12,6,0,0,0,1,0,1,0,0
"POINT (9.252419789000044 48.757538461000081)",Unfall 89095 (2023) Kat:3, Licht: 0,89095,3,7,5,05,16,6,0,0,0,1,0,1,0,0
"POINT (9.160182182000028 48.831269520000035)",Unfall 89096 (2023) Kat:3, Licht: 0,89096,3,3,5,05,16,6,0,0,1,0,0,0,0,1
"POINT (9.244579631000022 48.790334727000072)",Unfall 89097 (2023) Kat:3, Licht: 0,89097,3,3,5,05,16,6,0,0,1,0,0,0,0,1
"POINT (9.221947670000077 48.789295314000071)",Unfall 89168 (2023) Kat:3, Licht: 0,89168,3,6,2,05,08,5,0,0,0,1,0,0,0,0
"POINT (9.172739579000051 48.811180039000078)",Unfall 89169 (2023) Kat:3, Licht: 0,89169,3,6,2,05,14,5,0,0,0,1,0,0,0,1
"POINT (9.257361643000024 48.760709199000075)",Unfall 89222 (2023) Kat:3, Licht: 0,89222,3,3,5,05,10,4,0,0,0,1,0,0,0,0
"POINT (9.114562764000027 48.731889856000066)",Unfall 89225 (2023) Kat:3, Licht: 0,89225,3,3,5,05,14,4,0,0,0,1,0,0,0,0
"POINT (9.103554959000064 48.711393238000028)",Unfall 89282 (2023) Kat:3, Licht: 0,89282,3,6,2,05,18,3,0,0,0,1,0,0,0,1
"POINT (9.238053603000026 48.788976064000053)",Unfall 89287 (2023) Kat:3, Licht: 0,89287,3,6,2,05,16,3,0,0,0,1,0,0,0,0
"POINT (9.179442387000051 48.773369359000071)",Unfall 89288 (2023) Kat:3, Licht: 2,89288,3,7,8,05,00,3,0,2,0,1,0,0,0,0
"POINT (9.169752290000076 48.748895646000051)",Unfall 89341 (2023) Kat:3, Licht: 0,89341,3,7,6,07,13,3,0,0,0,1,1,0,0,0
"POINT (9.156192431000022 48.848053696000079)",Unfall 89342 (2023) Kat:3, Licht: 0,89342,3,2,2,07,08,3,0,0,0,1,0,0,0,0
"POINT (9.215071845000068 48.795304956000052)",Unfall 89343 (2023) Kat:3, Licht: 0,89343,3,6,2,07,17,3,0,0,0,1,0,0,0,0
"POINT (9.250475007000034 48.756553463000046)",Unfall 89394 (2023) Kat:3, Licht: 0,89394,3,2,5,07,07,2,0,0,1,1,0,0,0,0
"POINT (9.244574669000031 48.790340571000058)",Unfall 89395 (2023) Kat:3, Licht: 0,89395,3,3,5,07,13,2,0,0,1,1,0,0,0,0
"POINT (9.183557645000064 48.809935036000070)",Unfall 89396 (2023) Kat:3, Licht: 0,89396,3,3,5,07,16,2,0,0,0,0,0,0,0,1
"POINT (9.114822965000030 48.808021729000075)",Unfall 89397 (2023) Kat:3, Licht: 0,89397,3,6,4,07,15,2,0,0,0,1,0,0,0,1
"POINT (9.110060500000031 48.709951656000044)",Unfall 89474 (2023) Kat:3, Licht: 1,89474,3,6,0,07,21,7,0,1,0,1,0,0,0,0
"POINT (9.251417794000076 48.778308799000058)",Unfall 89475 (2023) Kat:3, Licht: 0,89475,3,3,5,07,19,7,0,0,0,1,0,0,0,0
"POINT (9.168193445000043 48.773240053000052)",Unfall 89476 (2023) Kat:3, Licht: 0,89476,3,5,1,07,21,7,0,0,1,1,0,0,0,0
"POINT (9.211981673000025 48.806495396000059)",Unfall 89542 (2023) Kat:3, Licht: 0,89542,3,3,5,07,06,6,0,0,1,0,0,0,0,0
"POINT (9.182328387000041 48.775506563000079)",Unfall 89555 (2023) Kat:3, Licht: 0,89555,3,3,5,07,13,6,0,0,1,1,0,0,0,0
"POINT (9.181836542000042 48.810441491000063)",Unfall 89605 (2023) Kat:3, Licht: 0,89605,3,7,0,07,10,5,0,0,1,0,0,0,0,0
"POINT (9.207752415000073 48.801678908000042)",Unfall 89607 (2023) Kat:2, Licht: 0,89607,2,6,3,07,13,5,0,0,0,0,0,1,1,0
"POINT (9.101988342000027 48.804257795000069)",Unfall 89673 (2023) Kat:3, Licht: 0,89673,3,2,5,07,14,4,0,0,1,1,0,0,0,0
"POINT (9.091525182000055 48.820352278000030)",Unfall 89674 (2023) Kat:2, Licht: 1,89674,2,2,0,07,20,4,0,1,0,0,0,1,0,1
"POINT (9.173203999000066 48.822198651000065)",Unfall 89675 (2023) Kat:3, Licht: 0,89675,3,6,3,07,07,4,0,0,0,1,0,1,0,0
"POINT (9.216912284000045 48.786246514000027)",Unfall 89676 (2023) Kat:3, Licht: 0,89676,3,2,4,07,16,4,0,0,1,1,0,0,0,0
"POINT (9.217110288000072 48.803530984000076)",Unfall 89724 (2023) Kat:3, Licht: 0,89724,3,6,3,07,08,3,0,0,0,1,0,1,0,0
"POINT (9.130023582000035 48.709111855000060)",Unfall 89725 (2023) Kat:3, Licht: 0,89725,3,6,2,07,10,3,0,0,0,1,0,0,1,0
"POINT (9.188605090000067 48.783906388000048)",Unfall 89770 (2023) Kat:3, Licht: 0,89770,3,6,3,07,15,2,0,0,0,1,0,0,1,0
"POINT (9.170392308000032 48.811831841000071)",Unfall 89771 (2023) Kat:3, Licht: 0,89771,3,2,5,07,16,2,0,0,1,1,0,0,0,0
"POINT (9.155413377000059 48.724194960000034)",Unfall 89772 (2023) Kat:3, Licht: 0,89772,3,3,5,07,15,2,0,0,1,1,0,0,0,0
"POINT (9.177687496000033 48.815481547000047)",Unfall 89811 (2023) Kat:3, Licht: 0,89811,3,2,5,07,13,2,0,0,1,1,0,0,0,0
"POINT (9.097138372000074 48.712831237000046)",Unfall 89911 (2023) Kat:3, Licht: 0,89911,3,6,3,06,16,6,0,0,0,1,0,0,1,0
"POINT (9.186313366000036 48.808535878000043)",Unfall 89917 (2023) Kat:3, Licht: 0,89917,3,3,5,06,15,6,0,0,0,1,0,1,0,0
"POINT (9.172230914000068 48.775590828000077)",Unfall 89918 (2023) Kat:3, Licht: 0,89918,3,7,0,06,15,6,0,0,1,0,0,0,0,0
"POINT (9.225486402000058 48.713023287000055)",Unfall 89937 (2023) Kat:3, Licht: 0,89937,3,6,2,07,12,5,0,0,0,1,0,0,0,0
"POINT (9.188452498000061 48.783691738000073)",Unfall 89982 (2023) Kat:3, Licht: 0,89982,3,6,3,06,17,5,0,0,0,1,0,1,0,0
"POINT (9.203285605000076 48.789827395000032)",Unfall 89984 (2023) Kat:3, Licht: 0,89984,3,3,5,06,11,5,0,0,0,1,0,1,0,0
"POINT (9.152274368000064 48.834695090000025)",Unfall 89985 (2023) Kat:3, Licht: 0,89985,3,6,2,06,16,5,0,0,0,1,0,0,0,0
"POINT (9.167807316000051 48.773206229000039)",Unfall 89987 (2023) Kat:3, Licht: 0,89987,3,7,3,06,10,5,0,0,0,0,0,1,1,0
"POINT (9.102291642000068 48.730087894000064)",Unfall 89994 (2023) Kat:3, Licht: 0,89994,3,6,2,06,18,6,0,0,0,1,0,0,0,0
"POINT (9.194679264000058 48.694867501000033)",Unfall 90042 (2023) Kat:3, Licht: 0,90042,3,7,3,06,07,4,0,0,0,1,0,0,1,0
"POINT (9.157763061000026 48.770509351000044)",Unfall 90044 (2023) Kat:3, Licht: 0,90044,3,7,6,06,17,4,0,0,0,1,1,0,0,0
"POINT (9.160322715000063 48.814294665000034)",Unfall 90045 (2023) Kat:3, Licht: 0,90045,3,6,2,06,08,4,0,0,0,1,0,0,0,0
"POINT (9.248291120000033 48.785564401000045)",Unfall 90046 (2023) Kat:3, Licht: 0,90046,3,3,5,06,16,4,0,0,0,1,0,1,0,0
"POINT (9.161108031000026 48.771378524000056)",Unfall 90047 (2023) Kat:3, Licht: 0,90047,3,7,1,06,17,4,0,0,0,1,0,1,0,0
"POINT (9.173537559000067 48.776911325000071)",Unfall 90048 (2023) Kat:3, Licht: 0,90048,3,6,3,06,19,4,0,0,1,1,0,0,0,0
"POINT (9.250505152000073 48.809662625000044)",Unfall 90096 (2023) Kat:2, Licht: 0,90096,2,7,0,06,09,3,0,0,1,0,0,0,0,0
"POINT (9.181493135000039 48.776918505000026)",Unfall 90097 (2023) Kat:3, Licht: 0,90097,3,3,5,06,16,3,0,0,1,1,0,0,0,0
"POINT (9.188604459000032 48.783905502000039)",Unfall 90099 (2023) Kat:3, Licht: 0,90099,3,6,3,06,13,3,0,0,0,1,0,0,1,0
"POINT (9.183065937000038 48.775567480000063)",Unfall 90100 (2023) Kat:3, Licht: 0,90100,3,6,2,06,15,3,0,0,0,1,0,1,0,0
"POINT (9.138720121000063 48.832255257000043)",Unfall 90108 (2023) Kat:3, Licht: 0,90108,3,6,1,07,13,4,0,0,0,1,0,0,0,0
"POINT (9.106137345000036 48.820244458000047)",Unfall 90157 (2023) Kat:3, Licht: 0,90157,3,3,5,06,19,2,0,0,1,1,0,0,0,0
"POINT (9.101892276000058 48.804112244000066)",Unfall 90158 (2023) Kat:3, Licht: 0,90158,3,3,5,06,09,2,0,0,1,1,0,0,0,0
"POINT (9.208937320000075 48.804512176000060)",Unfall 90159 (2023) Kat:3, Licht: 0,90159,3,6,3,06,14,2,0,0,0,1,0,1,0,0
"POINT (9.136248646000070 48.773960451000050)",Unfall 90236 (2023) Kat:3, Licht: 2,90236,3,2,5,06,00,1,0,2,0,1,0,0,0,0
"POINT (9.166414703000044 48.722447536000061)",Unfall 90284 (2023) Kat:2, Licht: 0,90284,2,6,0,06,13,7,0,0,0,0,0,1,0,0
"POINT (9.094068729000071 48.802730438000026)",Unfall 90355 (2023) Kat:2, Licht: 2,90355,2,7,8,07,22,7,0,2,0,0,0,1,0,0
"POINT (9.179575967000062 48.813238913000077)",Unfall 90361 (2023) Kat:3, Licht: 0,90361,3,3,5,06,07,6,0,0,1,0,0,0,0,1
"POINT (9.134530615000074 48.764852341000051)",Unfall 90362 (2023) Kat:2, Licht: 0,90362,2,4,6,06,11,6,0,0,0,1,1,0,0,0
"POINT (9.233511945000032 48.806044931000031)",Unfall 90363 (2023) Kat:3, Licht: 0,90363,3,3,5,06,06,6,0,0,1,1,0,0,0,0
"POINT (9.227387794000038 48.815653217000033)",Unfall 90395 (2023) Kat:3, Licht: 0,90395,3,2,3,07,19,2,0,0,0,1,0,1,0,0
"POINT (9.171977640000023 48.767651559000058)",Unfall 90415 (2023) Kat:3, Licht: 0,90415,3,3,5,06,18,5,0,0,1,1,0,0,0,0
"POINT (9.169930907000037 48.824593603000039)",Unfall 90416 (2023) Kat:3, Licht: 0,90416,3,2,2,06,09,5,0,0,0,0,0,1,0,1
"POINT (9.173247638000021 48.800613119000047)",Unfall 90417 (2023) Kat:2, Licht: 0,90417,2,6,2,06,15,5,0,0,0,1,0,1,0,0
"POINT (9.204096436000043 48.724546841000063)",Unfall 90424 (2023) Kat:3, Licht: 0,90424,3,6,1,06,17,2,0,0,0,1,0,0,0,0
"POINT (9.102967011000032 48.729984336000030)",Unfall 90471 (2023) Kat:3, Licht: 0,90471,3,2,5,06,19,4,0,0,1,1,0,0,0,0
"POINT (9.173286469000061 48.800316771000041)",Unfall 90558 (2023) Kat:3, Licht: 0,90558,3,6,3,06,11,3,0,0,0,0,0,0,0,1
"POINT (9.131360153000060 48.782472815000062)",Unfall 90588 (2023) Kat:3, Licht: 0,90588,3,6,0,07,14,2,0,0,1,1,0,0,0,0
"POINT (9.191954919000068 48.807234384000026)",Unfall 90622 (2023) Kat:3, Licht: 2,90622,3,7,9,06,00,2,0,2,0,1,0,0,0,0
"POINT (9.136783704000038 48.775809033000030)",Unfall 90656 (2023) Kat:3, Licht: 2,90656,3,1,0,07,22,3,1,2,0,0,0,1,0,0
"POINT (9.075200199000051 48.728758731000028)",Unfall 90721 (2023) Kat:3, Licht: 0,90721,3,6,2,06,13,7,0,0,0,1,0,0,0,0
"POINT (9.246806421000031 48.787580962000050)",Unfall 90796 (2023) Kat:3, Licht: 0,90796,3,6,4,06,14,6,0,0,1,1,0,0,0,1
"POINT (9.145292679000022 48.835244718000069)",Unfall 90797 (2023) Kat:3, Licht: 0,90797,3,6,4,06,13,6,0,0,0,1,0,1,0,0
"POINT (9.177549400000032 48.810947670000076)",Unfall 90798 (2023) Kat:3, Licht: 0,90798,3,3,5,06,20,6,0,0,1,1,0,0,0,0
"POINT (9.134434815000077 48.728312047000031)",Unfall 90799 (2023) Kat:3, Licht: 0,90799,3,1,0,06,15,6,0,0,1,0,0,0,0,0
"POINT (9.162041506000037 48.746073996000064)",Unfall 90800 (2023) Kat:3, Licht: 0,90800,3,6,2,06,13,6,0,0,0,1,0,0,0,0
"POINT (9.185501786000032 48.774481690000073)",Unfall 90875 (2023) Kat:2, Licht: 0,90875,2,3,5,06,17,5,0,0,0,0,0,1,0,1
"POINT (9.123674789000063 48.729804330000036)",Unfall 90877 (2023) Kat:3, Licht: 0,90877,3,3,5,06,11,5,0,0,0,1,0,0,1,0
"POINT (9.158774532000052 48.853914754000073)",Unfall 90879 (2023) Kat:2, Licht: 0,90879,2,6,2,06,15,5,0,0,0,1,0,0,0,0
"POINT (9.187964466000039 48.780926239000053)",Unfall 90880 (2023) Kat:3, Licht: 0,90880,3,6,2,06,14,5,0,0,0,1,0,0,0,0
"POINT (9.242898089000050 48.819155472000034)",Unfall 90883 (2023) Kat:3, Licht: 0,90883,3,2,3,06,08,5,0,0,1,1,0,0,0,0
"POINT (9.191407673000072 48.788635135000050)",Unfall 90884 (2023) Kat:3, Licht: 0,90884,3,6,2,06,18,5,0,0,0,1,0,1,0,0
"POINT (9.149988269000062 48.726991366000050)",Unfall 90885 (2023) Kat:3, Licht: 0,90885,3,3,5,06,18,5,0,0,1,1,0,0,0,0
"POINT (9.106349073000047 48.717919463000044)",Unfall 90886 (2023) Kat:3, Licht: 0,90886,3,7,5,06,18,5,0,0,1,1,0,0,0,0
"POINT (9.168894142000056 48.744585878000066)",Unfall 90952 (2023) Kat:3, Licht: 0,90952,3,6,2,06,15,4,0,0,0,1,0,0,0,0
"POINT (9.163462195000022 48.849172770000052)",Unfall 91002 (2023) Kat:3, Licht: 0,91002,3,5,1,06,09,6,0,0,1,1,0,0,0,0
"POINT (9.204367725000054 48.705690569000069)",Unfall 91016 (2023) Kat:3, Licht: 0,91016,3,3,5,06,19,3,0,0,0,1,0,0,0,0
"POINT (9.150634203000038 48.835606099000074)",Unfall 91017 (2023) Kat:2, Licht: 0,91017,2,6,3,06,13,3,0,0,0,1,0,1,0,0
"POINT (9.217140548000032 48.833158821000040)",Unfall 91018 (2023) Kat:3, Licht: 0,91018,3,7,0,06,15,3,0,0,1,0,0,0,0,0
"POINT (9.195542571000033 48.769560157000058)",Unfall 91019 (2023) Kat:3, Licht: 0,91019,3,6,2,06,18,3,0,0,0,1,0,0,0,0
"POINT (9.096426985000051 48.730661958000042)",Unfall 91020 (2023) Kat:3, Licht: 0,91020,3,6,2,06,18,3,0,0,0,1,0,0,0,0
"POINT (9.142009082000072 48.755276610000067)",Unfall 91021 (2023) Kat:3, Licht: 0,91021,3,7,0,06,12,3,0,0,1,0,0,0,0,0
"POINT (9.263578013000028 48.750633461000064)",Unfall 91025 (2023) Kat:2, Licht: 0,91025,2,3,5,07,13,4,0,0,1,1,0,0,0,0
"POINT (9.235941835000062 48.815526320000060)",Unfall 91093 (2023) Kat:3, Licht: 0,91093,3,2,5,08,09,6,1,0,0,1,0,0,0,0
"POINT (9.189873797000075 48.785873757000047)",Unfall 91094 (2023) Kat:3, Licht: 0,91094,3,3,5,08,20,6,0,0,0,1,0,0,0,1
"POINT (9.151194530000055 48.787744808000070)",Unfall 91175 (2023) Kat:3, Licht: 2,91175,3,6,0,08,23,4,0,2,1,0,0,0,0,0
"POINT (9.253478707000056 48.777202479000039)",Unfall 91247 (2023) Kat:3, Licht: 2,91247,3,7,8,08,21,2,0,2,0,1,0,0,0,1
"POINT (9.171453169000074 48.771949091000067)",Unfall 91323 (2023) Kat:3, Licht: 0,91323,3,6,0,08,13,7,0,0,0,1,0,0,0,1
"POINT (9.184849367000027 48.778522852000037)",Unfall 91358 (2023) Kat:3, Licht: 0,91358,3,6,2,08,19,6,0,0,0,1,0,0,0,1
"POINT (9.221547283000064 48.694976434000068)",Unfall 91449 (2023) Kat:3, Licht: 0,91449,3,3,5,08,09,4,0,0,0,1,0,0,0,0
"POINT (9.238853234000032 48.807455637000032)",Unfall 91487 (2023) Kat:2, Licht: 0,91487,2,3,9,08,19,3,0,0,0,0,0,1,0,0
"POINT (9.163279438000075 48.771940182000037)",Unfall 91542 (2023) Kat:3, Licht: 0,91542,3,2,5,08,17,2,0,0,1,1,0,0,0,0
"POINT (9.176524916000062 48.822839592000037)",Unfall 91577 (2023) Kat:3, Licht: 0,91577,3,1,0,08,20,1,1,0,0,1,0,0,0,0
"POINT (9.168259383000077 48.814626063000048)",Unfall 91578 (2023) Kat:2, Licht: 0,91578,2,1,8,08,08,1,1,0,0,1,0,0,0,0
"POINT (9.208220115000074 48.747763421000059)",Unfall 91617 (2023) Kat:3, Licht: 0,91617,3,2,5,08,17,7,1,0,0,1,0,0,0,0
"POINT (9.217100192000032 48.833127960000070)",Unfall 91671 (2023) Kat:2, Licht: 2,91671,2,7,0,08,22,6,0,2,0,0,0,1,0,0
"POINT (9.230949677000069 48.784291248000045)",Unfall 91718 (2023) Kat:2, Licht: 0,91718,2,1,8,08,09,5,0,0,0,0,0,1,0,0
"POINT (9.176056120000055 48.779199666000068)",Unfall 91719 (2023) Kat:3, Licht: 0,91719,3,2,5,08,08,5,0,0,0,1,0,1,0,0
"POINT (9.220673909000027 48.830871220000063)",Unfall 91799 (2023) Kat:3, Licht: 0,91799,3,3,5,08,05,3,0,0,1,1,0,0,0,0
"POINT (9.153412982000077 48.834278702000063)",Unfall 91800 (2023) Kat:3, Licht: 0,91800,3,6,2,08,17,3,0,0,0,1,0,0,0,0
"POINT (9.203780227000038 48.795900696000047)",Unfall 91801 (2023) Kat:3, Licht: 0,91801,3,6,2,08,15,3,0,0,0,1,0,0,0,1
"POINT (9.250099020000050 48.778904176000026)",Unfall 91802 (2023) Kat:3, Licht: 0,91802,3,6,3,08,09,3,0,0,0,1,0,1,0,0
"POINT (9.172015960000067 48.704962327000032)",Unfall 91839 (2023) Kat:3, Licht: 0,91839,3,1,7,08,20,2,0,0,0,1,0,0,0,0