WKT,Name,OBJECTID,UKATEGORIE,UTYP1,UART,UMONAT,USTUNDE,UWOCHENTAG,STRZUSTAND,ULICHTVERH,ISTRAD,ISTPKW,ISTFUSS,ISTKRAD,ISTGKFZ,ISTSONSTIG
"POINT (9.234604980000029 48.737716771000066)",Unfall 91844 (2023) Kat:3, Licht: 0,91844,3,7,0,08,09,2,0,0,0,0,0,0,0,1
"POINT (9.184435959000041 48.778295598000057)",Unfall 91845 (2023) Kat:3, Licht: 0,91845,3,6,2,08,11,2,0,0,0,1,0,0,0,0
"POINT (9.158081016000040 48.849078484000074)",Unfall 91947 (2023) Kat:3, Licht: 0,91947,3,7,6,08,11,6,0,0,0,0,1,0,0,1
"POINT (9.194208067000034 48.806798957000069)",Unfall 92038 (2023) Kat:3, Licht: 0,92038,3,6,2,08,15,4,1,0,0,1,0,0,0,0
"POINT (9.152865065000071 48.834573724000052)",Unfall 92078 (2023) Kat:3, Licht: 0,92078,3,6,9,08,10,3,1,0,0,1,0,0,1,0
"POINT (9.172039359000053 48.775424417000067)",Unfall 92090 (2023) Kat:3, Licht: 0,92090,3,7,0,08,07,3,0,0,1,0,0,0,0,0
"POINT (9.219461700000068 48.803640905000066)",Unfall 92128 (2023) Kat:3, Licht: 2,92128,3,2,5,07,00,2,0,2,0,1,0,0,0,1
"POINT (9.129666407000059 48.739279180000040)",Unfall 92172 (2023) Kat:3, Licht: 0,92172,3,6,2,07,12,1,0,0,1,1,0,0,0,0
"POINT (9.178861323000035 48.784277238000072)",Unfall 92173 (2023) Kat:3, Licht: 2,92173,3,2,5,07,01,1,1,2,0,1,0,0,0,0
"POINT (9.136274711000056 48.773960274000046)",Unfall 92174 (2023) Kat:3, Licht: 2,92174,3,2,5,07,22,1,0,2,0,1,0,0,0,0
"POINT (9.164673714000060 48.829357417000040)",Unfall 92175 (2023) Kat:3, Licht: 0,92175,3,3,5,07,16,1,0,0,1,1,0,0,0,0
"POINT (9.201063736000037 48.780205699000078)",Unfall 92218 (2023) Kat:3, Licht: 1,92218,3,6,2,07,20,7,0,1,0,1,0,0,0,0
"POINT (9.179085469000029 48.784171224000033)",Unfall 92280 (2023) Kat:3, Licht: 0,92280,3,3,5,07,15,6,0,0,0,1,0,0,1,0
"POINT (9.114550357000041 48.731884344000036)",Unfall 92282 (2023) Kat:3, Licht: 0,92282,3,6,3,07,15,6,1,0,1,0,0,0,0,0
"POINT (9.217771083000059 48.741859476000059)",Unfall 92343 (2023) Kat:3, Licht: 0,92343,3,3,5,07,17,5,0,0,1,1,0,0,0,0
"POINT (9.135325615000056 48.746109372000035)",Unfall 92344 (2023) Kat:3, Licht: 0,92344,3,7,0,07,19,5,0,0,1,0,0,0,0,0
"POINT (9.198676166000041 48.695148759000062)",Unfall 92361 (2023) Kat:3, Licht: 0,92361,3,2,5,08,11,6,1,0,0,1,0,0,0,0
"POINT (9.090754708000077 48.714226559000053)",Unfall 92403 (2023) Kat:3, Licht: 0,92403,3,6,3,07,10,4,1,0,0,1,0,0,1,0
"POINT (9.183725117000051 48.809581243000025)",Unfall 92406 (2023) Kat:3, Licht: 0,92406,3,6,2,07,08,4,0,0,0,1,0,0,0,0
"POINT (9.190520722000031 48.780177518000073)",Unfall 92407 (2023) Kat:3, Licht: 2,92407,3,6,2,07,08,4,0,2,0,1,0,0,0,0
"POINT (9.168602536000037 48.819909294000070)",Unfall 92467 (2023) Kat:3, Licht: 0,92467,3,7,0,07,18,4,0,0,0,0,0,1,0,0
"POINT (9.175912753000034 48.770712369000080)",Unfall 92468 (2023) Kat:3, Licht: 0,92468,3,6,2,07,17,3,1,0,0,1,0,0,0,0
"POINT (9.179652355000030 48.784927684000081)",Unfall 92469 (2023) Kat:3, Licht: 0,92469,3,6,2,07,14,3,1,0,0,1,0,0,0,0
"POINT (9.232904429000030 48.695261086000073)",Unfall 92521 (2023) Kat:3, Licht: 2,92521,3,6,3,07,02,2,0,2,0,1,0,0,0,1
"POINT (9.185996508000073 48.754965013000060)",Unfall 92531 (2023) Kat:2, Licht: 0,92531,2,1,0,07,14,2,1,0,0,0,0,1,0,0
"POINT (9.181172757000070 48.809210401000030)",Unfall 92554 (2023) Kat:2, Licht: 0,92554,2,3,5,08,14,4,1,0,1,1,0,0,0,0
"POINT (9.133005488000038 48.776865505000046)",Unfall 92600 (2023) Kat:3, Licht: 1,92600,3,6,2,08,19,4,1,1,0,1,0,0,0,0
"POINT (9.181063187000063 48.789338429000054)",Unfall 92634 (2023) Kat:3, Licht: 0,92634,3,6,2,08,16,6,0,0,0,1,0,0,0,0
"POINT (9.182201214000031 48.774913276000063)",Unfall 92693 (2023) Kat:3, Licht: 0,92693,3,6,3,07,13,6,0,0,0,1,0,0,0,1
"POINT (9.181499449000057 48.774453221000044)",Unfall 92694 (2023) Kat:3, Licht: 0,92694,3,3,3,07,13,6,0,0,0,1,0,1,0,0
"POINT (9.130010703000039 48.709110526000075)",Unfall 92844 (2023) Kat:2, Licht: 0,92844,2,6,0,08,15,7,1,0,0,1,0,0,0,0
"POINT (9.210278109000058 48.799209663000056)",Unfall 92851 (2023) Kat:3, Licht: 0,92851,3,6,2,07,15,4,0,0,0,1,0,0,0,0
"POINT (9.163381492000042 48.829918420000070)",Unfall 92852 (2023) Kat:3, Licht: 0,92852,3,6,6,07,17,4,0,0,1,0,1,0,0,0
"POINT (9.229009857000051 48.813124081000069)",Unfall 92854 (2023) Kat:3, Licht: 0,92854,3,3,5,07,13,4,0,0,1,1,0,0,0,0
"POINT (9.186488866000047 48.781090848000076)",Unfall 92911 (2023) Kat:3, Licht: 0,92911,3,6,2,07,17,3,0,0,0,1,0,0,0,0
"POINT (9.136952536000024 48.776789686000029)",Unfall 92913 (2023) Kat:3, Licht: 0,92913,3,6,2,07,17,3,0,0,0,1,0,0,0,0
"POINT (9.189879429000030 48.785901085000035)",Unfall 92914 (2023) Kat:3, Licht: 0,92914,3,6,2,07,15,3,0,0,0,1,0,0,1,0
"POINT (9.235848556000064 48.806520255000066)",Unfall 92916 (2023) Kat:3, Licht: 0,92916,3,2,2,07,17,3,0,0,0,1,0,1,0,0
"POINT (9.088180269000077 48.802767856000060)",Unfall 92981 (2023) Kat:2, Licht: 0,92981,2,4,6,07,10,2,0,0,0,0,1,0,1,0
"POINT (9.254159740000034 48.758891887000061)",Unfall 92982 (2023) Kat:3, Licht: 0,92982,3,3,0,07,13,2,0,0,0,0,0,1,0,0
"POINT (9.219443707000039 48.803749264000032)",Unfall 92984 (2023) Kat:2, Licht: 0,92984,2,7,3,07,11,2,0,0,0,0,0,0,0,1
"POINT (9.249042805000045 48.756176550000077)",Unfall 93016 (2023) Kat:3, Licht: 0,93016,3,3,5,08,16,4,0,0,1,1,0,0,0,0
"POINT (9.222165732000065 48.788877152000055)",Unfall 93037 (2023) Kat:3, Licht: 2,93037,3,1,8,07,00,1,1,2,0,1,0,0,0,0
"POINT (9.142799469000067 48.767002398000045)",Unfall 93038 (2023) Kat:3, Licht: 0,93038,3,1,4,07,16,1,0,0,0,1,0,0,0,0
"POINT (9.101510925000071 48.755824829000062)",Unfall 93039 (2023) Kat:3, Licht: 0,93039,3,6,2,07,16,1,0,0,0,1,0,1,0,0
"POINT (9.176312070000051 48.806839840000066)",Unfall 93040 (2023) Kat:2, Licht: 0,93040,2,6,4,07,12,1,0,0,0,0,0,1,0,1
"POINT (9.173200692000023 48.801279121000050)",Unfall 93041 (2023) Kat:3, Licht: 0,93041,3,1,0,07,16,1,0,0,1,0,0,0,0,0
"POINT (9.215076863000036 48.785375954000074)",Unfall 93115 (2023) Kat:3, Licht: 0,93115,3,2,6,07,17,7,0,0,0,1,1,0,0,0
"POINT (9.143926146000069 48.834722518000035)",Unfall 93116 (2023) Kat:2, Licht: 2,93116,2,7,0,07,23,7,1,2,0,0,0,1,0,0
"POINT (9.204913344000033 48.796462886000029)",Unfall 93117 (2023) Kat:3, Licht: 0,93117,3,6,2,07,14,7,0,0,0,1,0,0,0,0
"POINT (9.144727066000030 48.709034948000067)",Unfall 93120 (2023) Kat:3, Licht: 0,93120,3,7,3,07,14,7,0,0,0,1,0,0,0,0
"POINT (9.249624539000024 48.782422531000066)",Unfall 93121 (2023) Kat:3, Licht: 0,93121,3,1,4,07,11,7,0,0,0,1,0,1,0,0
"POINT (9.236391689000072 48.754084998000053)",Unfall 93200 (2023) Kat:2, Licht: 0,93200,2,6,4,07,17,6,0,0,0,1,0,0,0,0
"POINT (9.170395695000025 48.747277071000042)",Unfall 93276 (2023) Kat:3, Licht: 0,93276,3,6,2,07,15,5,0,0,0,1,0,0,0,0
"POINT (9.203401899000028 48.792047768000032)",Unfall 93278 (2023) Kat:3, Licht: 0,93278,3,1,0,07,19,5,0,0,0,0,0,0,0,1
"POINT (9.173158151000052 48.822250109000038)",Unfall 93337 (2023) Kat:2, Licht: 2,93337,2,3,5,07,23,4,0,2,0,0,0,0,1,1
"POINT (9.162450287000070 48.706801088000077)",Unfall 93356 (2023) Kat:3, Licht: 0,93356,3,3,5,07,13,4,0,0,0,1,0,0,1,0
"POINT (9.177673121000055 48.810934819000067)",Unfall 93363 (2023) Kat:3, Licht: 0,93363,3,3,5,07,09,4,0,0,0,1,0,0,0,1
"POINT (9.181088717000023 48.810650483000074)",Unfall 93364 (2023) Kat:3, Licht: 0,93364,3,2,5,07,09,4,0,0,0,1,0,0,0,0
"POINT (9.169560232000038 48.749273403000075)",Unfall 93398 (2023) Kat:3, Licht: 0,93398,3,3,5,07,14,2,0,0,0,0,0,0,0,1
"POINT (9.226806504000024 48.820492096000066)",Unfall 93457 (2023) Kat:3, Licht: 0,93457,3,4,6,09,11,1,0,0,1,0,1,0,0,0
"POINT (9.202143140000032 48.795353447000082)",Unfall 93458 (2023) Kat:3, Licht: 0,93458,3,2,2,09,18,1,0,0,0,1,0,0,0,0
"POINT (9.186675426000022 48.781386907000069)",Unfall 93502 (2023) Kat:3, Licht: 0,93502,3,3,5,09,09,7,0,0,0,1,0,0,0,0
"POINT (9.169749516000024 48.773749775000056)",Unfall 93503 (2023) Kat:2, Licht: 2,93503,2,4,6,09,19,7,0,2,0,1,1,0,0,0
"POINT (9.169444881000061 48.848823644000049)",Unfall 93554 (2023) Kat:3, Licht: 0,93554,3,7,8,09,16,6,0,0,0,1,0,0,0,0
"POINT (9.112902346000055 48.729813986000067)",Unfall 93555 (2023) Kat:3, Licht: 0,93555,3,2,6,09,10,6,0,0,0,0,1,0,0,1
"POINT (9.181688353000027 48.775022794000051)",Unfall 93556 (2023) Kat:3, Licht: 1,93556,3,7,0,09,06,6,0,1,1,0,0,0,0,0
"POINT (9.111584828000048 48.755607599000029)",Unfall 93612 (2023) Kat:2, Licht: 2,93612,2,1,7,09,21,5,0,2,0,0,0,1,0,0
"POINT (9.180784954000046 48.788744715000064)",Unfall 93613 (2023) Kat:3, Licht: 0,93613,3,6,2,09,10,5,0,0,0,1,0,0,0,1
"POINT (9.238631603000044 48.816870547000065)",Unfall 93614 (2023) Kat:3, Licht: 0,93614,3,3,0,09,08,5,0,0,0,1,0,0,0,0
"POINT (9.222127609000040 48.789370776000055)",Unfall 93710 (2023) Kat:3, Licht: 0,93710,3,3,5,09,06,3,0,0,0,1,0,0,0,0
"POINT (9.215149032000056 48.795025968000061)",Unfall 93711 (2023) Kat:3, Licht: 0,93711,3,6,2,09,10,3,0,0,0,1,0,0,0,0
"POINT (9.254782544000022 48.759717654000042)",Unfall 93712 (2023) Kat:3, Licht: 0,93712,3,2,5,09,18,3,0,0,0,1,0,1,0,0
"POINT (9.177737298000068 48.815708620000066)",Unfall 93720 (2023) Kat:3, Licht: 1,93720,3,6,2,09,19,7,0,1,0,0,0,1,0,0
"POINT (9.120433734000073 48.708510303000025)",Unfall 93765 (2023) Kat:3, Licht: 0,93765,3,6,2,09,07,2,0,0,0,1,0,1,0,0
"POINT (9.165423195000074 48.829038431000072)",Unfall 93771 (2023) Kat:3, Licht: 0,93771,3,2,4,09,12,7,0,0,1,1,0,0,0,0
"POINT (9.144653487000028 48.782660557000042)",Unfall 93828 (2023) Kat:3, Licht: 0,93828,3,6,2,09,12,1,0,0,0,1,0,0,0,1
"POINT (9.194284436000032 48.757190211000079)",Unfall 93902 (2023) Kat:3, Licht: 2,93902,3,6,2,09,22,7,0,2,0,1,0,1,0,0
"POINT (9.165750474000049 48.725351153000076)",Unfall 93903 (2023) Kat:3, Licht: 0,93903,3,3,5,09,13,7,0,0,0,1,0,1,0,0
"POINT (9.177505600000075 48.815754944000048)",Unfall 93963 (2023) Kat:3, Licht: 1,93963,3,2,5,09,20,6,0,1,1,1,0,0,0,0
"POINT (9.173553071000072 48.769133941000064)",Unfall 94034 (2023) Kat:3, Licht: 0,94034,3,7,3,09,15,5,0,0,0,1,0,1,0,0
"POINT (9.229518526000049 48.812606409000068)",Unfall 94035 (2023) Kat:3, Licht: 0,94035,3,4,0,09,07,5,0,0,0,0,1,1,0,0
"POINT (9.245227462000059 48.755812165000066)",Unfall 94036 (2023) Kat:3, Licht: 0,94036,3,6,2,09,16,5,0,0,0,1,0,0,0,0
"POINT (9.160176401000058 48.831271963000063)",Unfall 94105 (2023) Kat:3, Licht: 0,94105,3,4,6,09,16,4,0,0,0,0,1,1,0,0
"POINT (9.092148853000026 48.731160322000051)",Unfall 94106 (2023) Kat:3, Licht: 0,94106,3,3,5,09,08,4,0,0,0,1,0,0,0,0
"POINT (9.216879608000056 48.692770142000029)",Unfall 94107 (2023) Kat:3, Licht: 0,94107,3,6,3,09,12,4,0,0,0,1,0,0,0,0
"POINT (9.146345399000040 48.709156654000026)",Unfall 94165 (2023) Kat:3, Licht: 0,94165,3,6,2,09,07,3,0,0,0,1,0,0,0,0
"POINT (9.212658569000041 48.800493664000044)",Unfall 94174 (2023) Kat:3, Licht: 0,94174,3,3,5,09,16,3,0,0,0,1,0,0,0,0
"POINT (9.128937945000075 48.780398156000047)",Unfall 94175 (2023) Kat:3, Licht: 0,94175,3,6,2,09,07,3,0,0,0,1,0,0,0,0
"POINT (9.200077737000072 48.761756620000028)",Unfall 94230 (2023) Kat:3, Licht: 1,94230,3,6,1,09,19,2,0,1,0,1,0,0,0,0
"POINT (9.165627767000046 48.747922062000043)",Unfall 94231 (2023) Kat:3, Licht: 0,94231,3,6,3,09,10,2,0,0,0,1,0,0,1,0
"POINT (9.212628749000032 48.800285050000070)",Unfall 94232 (2023) Kat:3, Licht: 0,94232,3,6,2,09,17,2,0,0,0,1,0,0,0,0
"POINT (9.260006821000047 48.761704419000068)",Unfall 94233 (2023) Kat:3, Licht: 0,94233,3,6,2,09,06,2,0,0,0,1,0,0,0,0
"POINT (9.085630627000057 48.716058976000056)",Unfall 94289 (2023) Kat:2, Licht: 0,94289,2,7,8,09,08,1,0,0,0,0,0,1,0,0
"POINT (9.128158833000043 48.737498228000049)",Unfall 94372 (2023) Kat:2, Licht: 2,94372,2,7,0,09,01,7,0,2,1,0,0,0,0,0
"POINT (9.237592219000021 48.792710668000041)",Unfall 94374 (2023) Kat:3, Licht: 2,94374,3,6,2,09,19,7,0,2,0,1,0,0,0,0
"POINT (9.090435770000056 48.781357652000054)",Unfall 94437 (2023) Kat:3, Licht: 0,94437,3,3,5,09,08,6,1,0,0,1,0,0,0,0
"POINT (9.211208417000023 48.802453461000027)",Unfall 94438 (2023) Kat:3, Licht: 2,94438,3,7,3,09,23,6,0,2,0,1,0,0,0,0
"POINT (9.183445234000033 48.802949431000059)",Unfall 94439 (2023) Kat:3, Licht: 1,94439,3,6,2,09,20,6,0,1,0,1,0,0,0,0
"POINT (9.112473496000064 48.729850750000026)",Unfall 94501 (2023) Kat:2, Licht: 0,94501,2,7,0,08,12,4,0,0,0,0,0,0,0,1
"POINT (9.169559812000045 48.763917829000036)",Unfall 94503 (2023) Kat:3, Licht: 0,94503,3,6,2,08,16,4,1,0,0,1,0,0,0,0
"POINT (9.182036441000037 48.793650202000038)",Unfall 94543 (2023) Kat:3, Licht: 0,94543,3,6,3,08,06,3,0,0,0,1,0,0,1,0
"POINT (9.165938230000052 48.725536039000076)",Unfall 94566 (2023) Kat:2, Licht: 0,94566,2,7,0,08,12,2,0,0,0,0,0,1,0,0
"POINT (9.156474339000056 48.847698672000035)",Unfall 94567 (2023) Kat:3, Licht: 0,94567,3,4,6,08,16,2,0,0,0,1,1,0,0,0
"POINT (9.147397543000068 48.836660248000044)",Unfall 94568 (2023) Kat:3, Licht: 0,94568,3,6,2,08,11,2,0,0,0,1,0,0,0,0
"POINT (9.180629405000047 48.777188023000065)",Unfall 94595 (2023) Kat:3, Licht: 0,94595,3,7,0,08,15,1,0,0,1,0,0,0,0,0
"POINT (9.104962183000055 48.807005914000058)",Unfall 94642 (2023) Kat:3, Licht: 0,94642,3,3,5,08,07,7,0,0,0,1,0,1,0,0
"POINT (9.202223971000024 48.724468104000039)",Unfall 94643 (2023) Kat:3, Licht: 2,94643,3,1,8,08,03,7,1,2,0,1,0,0,0,0
"POINT (9.138560368000071 48.709896205000064)",Unfall 94712 (2023) Kat:3, Licht: 0,94712,3,6,2,10,07,3,0,0,0,1,0,0,0,0
"POINT (9.188266396000074 48.697615168000027)",Unfall 94713 (2023) Kat:3, Licht: 0,94713,3,6,2,10,16,3,0,0,0,0,0,0,1,0
"POINT (9.184752784000068 48.768711200000041)",Unfall 94721 (2023) Kat:3, Licht: 0,94721,3,6,2,10,12,3,0,0,0,1,0,0,0,0
"POINT (9.184048374000042 48.768131415000028)",Unfall 94722 (2023) Kat:3, Licht: 0,94722,3,6,2,10,13,3,0,0,0,1,0,1,0,0
"POINT (9.164895771000033 48.850727482000082)",Unfall 94763 (2023) Kat:3, Licht: 0,94763,3,6,2,10,08,2,0,0,0,1,0,0,1,0
"POINT (9.165914415000032 48.727138515000036)",Unfall 94764 (2023) Kat:3, Licht: 0,94764,3,6,3,10,09,2,0,0,0,1,0,0,0,0
"POINT (9.182965879000051 48.775956878000045)",Unfall 94808 (2023) Kat:3, Licht: 0,94808,3,3,5,10,17,7,0,0,0,1,0,0,0,0
"POINT (9.160501270000054 48.814356427000064)",Unfall 94809 (2023) Kat:3, Licht: 0,94809,3,6,2,10,12,7,0,0,0,1,0,0,0,0
"POINT (9.225983153000072 48.711897297000064)",Unfall 94810 (2023) Kat:3, Licht: 2,94810,3,7,9,10,21,7,0,2,0,1,0,0,0,0
"POINT (9.218885780000051 48.831834837000031)",Unfall 94895 (2023) Kat:3, Licht: 0,94895,3,6,2,10,15,6,0,0,0,1,0,0,0,0
"POINT (9.177085490000024 48.810997167000039)",Unfall 94897 (2023) Kat:3, Licht: 0,94897,3,2,5,10,10,6,0,0,1,1,0,0,0,0
"POINT (9.235481712000023 48.782473359000051)",Unfall 94899 (2023) Kat:3, Licht: 0,94899,3,6,2,10,16,6,0,0,0,1,0,0,0,0
"POINT (9.172346224000023 48.771369409000044)",Unfall 94944 (2023) Kat:3, Licht: 0,94944,3,6,3,10,16,5,0,0,0,1,0,0,1,0
"POINT (9.181484183000066 48.774597381000035)",Unfall 95002 (2023) Kat:3, Licht: 2,95002,3,7,0,10,20,4,0,2,0,1,0,0,0,0
"POINT (9.109757388000048 48.729831930000046)",Unfall 95003 (2023) Kat:3, Licht: 1,95003,3,6,2,10,19,4,0,1,0,1,0,0,0,0
"POINT (9.117980691000071 48.764913149000051)",Unfall 95004 (2023) Kat:3, Licht: 0,95004,3,6,2,10,09,4,0,0,0,1,0,1,0,0
"POINT (9.222166534000053 48.789401309000027)",Unfall 95048 (2023) Kat:2, Licht: 2,95048,2,3,5,10,05,3,0,2,1,1,0,0,0,0
"POINT (9.186464983000064 48.781552684000076)",Unfall 95078 (2023) Kat:3, Licht: 1,95078,3,2,5,10,05,2,0,1,0,1,0,0,0,0
"POINT (9.163429331000032 48.815005393000035)",Unfall 95080 (2023) Kat:3, Licht: 0,95080,3,7,0,10,17,2,0,0,0,1,0,1,0,0
"POINT (9.085344580000026 48.821724272000040)",Unfall 95137 (2023) Kat:3, Licht: 2,95137,3,7,1,10,03,1,0,2,0,1,0,0,0,1
"POINT (9.179065202000061 48.772593897000036)",Unfall 95139 (2023) Kat:3, Licht: 0,95139,3,7,0,10,15,1,0,0,1,1,0,0,0,0
"POINT (9.230700902000024 48.795388690000038)",Unfall 95238 (2023) Kat:3, Licht: 2,95238,3,7,0,10,23,6,0,2,0,0,0,0,0,1
"POINT (9.148425311000040 48.767173239000044)",Unfall 95284 (2023) Kat:3, Licht: 0,95284,3,6,6,10,15,5,0,0,1,0,1,0,0,0
"POINT (9.186643788000026 48.781533711000066)",Unfall 95328 (2023) Kat:3, Licht: 0,95328,3,3,5,10,18,6,0,0,0,1,0,0,0,0
"POINT (9.125052435000043 48.729493716000036)",Unfall 95343 (2023) Kat:3, Licht: 0,95343,3,3,5,10,07,4,0,0,0,1,0,1,0,0
"POINT (9.220000394000067 48.694166173000042)",Unfall 95344 (2023) Kat:3, Licht: 0,95344,3,6,2,10,17,4,0,0,0,1,0,0,0,0
"POINT (9.199906607000059 48.780007889000046)",Unfall 95384 (2023) Kat:3, Licht: 0,95384,3,3,5,10,14,3,0,0,0,1,0,1,0,0
"POINT (9.215707199000065 48.799201553000046)",Unfall 95431 (2023) Kat:2, Licht: 0,95431,2,2,5,10,16,2,0,0,1,0,0,0,0,1
"POINT (9.191805359000057 48.788790945000073)",Unfall 95432 (2023) Kat:3, Licht: 1,95432,3,1,0,10,18,2,0,1,0,1,0,1,0,0
"POINT (9.172778362000031 48.776063570000076)",Unfall 95433 (2023) Kat:3, Licht: 0,95433,3,7,0,10,14,2,0,0,0,0,0,1,0,0
"POINT (9.134086209000031 48.764173442000072)",Unfall 95434 (2023) Kat:2, Licht: 0,95434,2,6,3,10,17,2,0,0,0,1,0,1,0,0
"POINT (9.206866102000049 48.797675679000065)",Unfall 95435 (2023) Kat:3, Licht: 0,95435,3,6,2,10,12,2,0,0,0,1,0,0,1,0
"POINT (9.182002381000075 48.811357812000040)",Unfall 95496 (2023) Kat:3, Licht: 2,95496,3,1,8,10,02,1,0,2,0,1,0,0,0,0
"POINT (9.220103833000053 48.701195408000046)",Unfall 95497 (2023) Kat:2, Licht: 0,95497,2,6,2,10,15,1,0,0,0,0,0,1,0,0
"POINT (9.185434770000029 48.774295340000037)",Unfall 95555 (2023) Kat:3, Licht: 0,95555,3,2,6,09,17,7,0,0,0,1,1,0,0,0
"POINT (9.252662420000036 48.810051643000065)",Unfall 95556 (2023) Kat:3, Licht: 2,95556,3,3,0,09,23,7,0,2,0,1,0,1,0,0
"POINT (9.214881391000063 48.801979786000061)",Unfall 95557 (2023) Kat:3, Licht: 2,95557,3,7,0,09,23,7,0,2,0,0,0,1,0,0
"POINT (9.156624560000068 48.847490535000077)",Unfall 95627 (2023) Kat:3, Licht: 0,95627,3,5,1,09,11,6,0,0,1,1,0,0,0,0
"POINT (9.220181876000026 48.790270749000058)",Unfall 95628 (2023) Kat:3, Licht: 0,95628,3,6,3,09,14,6,0,0,0,1,0,0,0,0
"POINT (9.202021613000056 48.795152182000038)",Unfall 95630 (2023) Kat:2, Licht: 0,95630,2,1,0,09,07,6,0,0,0,0,0,1,0,0
"POINT (9.215384629000027 48.794720308000080)",Unfall 95631 (2023) Kat:3, Licht: 2,95631,3,6,1,09,21,6,0,2,0,1,0,0,0,0
"POINT (9.232037028000036 48.784352100000035)",Unfall 95632 (2023) Kat:3, Licht: 2,95632,3,6,3,09,00,6,0,2,0,0,0,1,0,1
"POINT (9.181651018000025 48.792809832000046)",Unfall 95687 (2023) Kat:3, Licht: 0,95687,3,3,5,09,09,5,0,0,1,1,0,0,0,0
"POINT (9.231188639000038 48.841372548000038)",Unfall 95688 (2023) Kat:3, Licht: 0,95688,3,6,0,09,17,5,0,0,0,1,0,0,0,0
"POINT (9.210823328000060 48.782908288000044)",Unfall 95689 (2023) Kat:3, Licht: 0,95689,3,6,2,09,17,5,0,0,0,1,0,0,0,0
"POINT (9.185310229000038 48.774375291000069)",Unfall 95760 (2023) Kat:3, Licht: 0,95760,3,4,6,09,07,4,0,0,0,1,1,0,0,0
"POINT (9.217057541000031 48.833095344000071)",Unfall 95761 (2023) Kat:3, Licht: 0,95761,3,7,2,09,14,4,0,0,0,1,0,0,0,1
"POINT (9.177462785000046 48.815819725000040)",Unfall 95804 (2023) Kat:3, Licht: 0,95804,3,6,2,09,12,7,0,0,0,1,0,0,0,0
"POINT (9.130934458000070 48.782125250000036)",Unfall 95836 (2023) Kat:3, Licht: 0,95836,3,2,5,09,12,3,0,0,0,1,0,1,0,0
"POINT (9.186629558000050 48.781510762000039)",Unfall 95837 (2023) Kat:3, Licht: 2,95837,3,2,5,09,18,3,1,2,0,1,0,0,0,0
"POINT (9.221812396000075 48.789121791000071)",Unfall 95838 (2023) Kat:3, Licht: 0,95838,3,3,5,09,07,3,0,0,0,1,0,0,0,1
"POINT (9.169937445000073 48.813614034000068)",Unfall 95839 (2023) Kat:2, Licht: 0,95839,2,1,0,09,13,3,0,0,1,0,0,0,0,0
"POINT (9.170730197000069 48.721876197000029)",Unfall 95887 (2023) Kat:3, Licht: 0,95887,3,2,5,10,07,4,0,0,0,1,0,1,0,0
"POINT (9.090359953000075 48.784143013000062)",Unfall 95922 (2023) Kat:3, Licht: 0,95922,3,3,5,09,12,2,0,0,0,1,0,0,0,0
"POINT (9.130714787000045 48.728490981000050)",Unfall 95923 (2023) Kat:3, Licht: 0,95923,3,3,5,09,07,2,0,0,1,1,0,0,0,0
"POINT (9.215525334000063 48.794509696000034)",Unfall 95924 (2023) Kat:3, Licht: 0,95924,3,6,2,09,09,2,0,0,0,1,0,0,0,0
"POINT (9.094138636000025 48.819683832000067)",Unfall 95925 (2023) Kat:3, Licht: 0,95925,3,6,2,09,15,2,0,0,0,1,0,0,0,0
"POINT (9.186648077000029 48.781540627000027)",Unfall 95926 (2023) Kat:3, Licht: 0,95926,3,3,5,09,13,2,0,0,0,1,0,0,0,0
"POINT (9.150005014000044 48.726992047000067)",Unfall 95928 (2023) Kat:3, Licht: 0,95928,3,3,5,09,07,2,0,0,1,1,0,0,0,0
"POINT (9.129993432000049 48.709108744000048)",Unfall 95993 (2023) Kat:3, Licht: 1,95993,3,6,2,10,07,3,0,1,0,1,0,0,0,1
"POINT (9.190322094000066 48.787762540000074)",Unfall 96032 (2023) Kat:3, Licht: 0,96032,3,6,2,09,17,7,0,0,0,1,0,1,0,0
"POINT (9.115880180000033 48.758424818000037)",Unfall 96033 (2023) Kat:3, Licht: 0,96033,3,6,0,09,12,7,0,0,0,1,0,1,0,1
"POINT (9.273736483000050 48.756695467000043)",Unfall 96034 (2023) Kat:3, Licht: 0,96034,3,1,8,09,17,7,0,0,0,0,0,1,0,0
"POINT (9.214956869000048 48.802292042000033)",Unfall 96088 (2023) Kat:3, Licht: 2,96088,3,2,3,09,22,4,0,2,1,1,0,0,0,0
"POINT (9.226978749000068 48.739761044000034)",Unfall 96095 (2023) Kat:3, Licht: 0,96095,3,2,5,09,10,6,0,0,0,1,0,0,0,1
"POINT (9.170034989000044 48.824469706000059)",Unfall 96096 (2023) Kat:1, Licht: 2,96096,1,2,5,09,19,6,0,2,1,1,0,0,0,0
"POINT (9.224214567000047 48.804659748000063)",Unfall 96097 (2023) Kat:3, Licht: 0,96097,3,6,2,09,14,6,0,0,0,1,0,1,0,0
"POINT (9.175740846000053 48.770223155000053)",Unfall 96098 (2023) Kat:3, Licht: 0,96098,3,6,2,09,17,6,0,0,0,1,0,0,0,0
"POINT (9.177107905000071 48.781895995000070)",Unfall 96099 (2023) Kat:3, Licht: 0,96099,3,7,0,09,14,6,0,0,0,0,0,1,0,0
"POINT (9.102072364000037 48.804285851000031)",Unfall 96154 (2023) Kat:3, Licht: 1,96154,3,3,5,09,06,5,1,1,0,1,0,1,0,0
"POINT (9.149428649000072 48.754702210000062)",Unfall 96156 (2023) Kat:3, Licht: 0,96156,3,6,2,09,14,5,0,0,0,1,0,0,0,0
"POINT (9.180509333000032 48.787647462000052)",Unfall 96180 (2023) Kat:3, Licht: 0,96180,3,6,2,09,15,6,0,0,0,1,0,0,0,0