WKT,Name,OBJECTID,UKATEGORIE,UTYP1,UART,UMONAT,USTUNDE,UWOCHENTAG,STRZUSTAND,ULICHTVERH,ISTRAD,ISTPKW,ISTFUSS,ISTKRAD,ISTGKFZ,ISTSONSTIG
"POINT (9.105914421000023 48.820225927000081)",Unfall 96236 (2023) Kat:3, Licht: 0,96236,3,6,2,09,16,4,0,0,0,1,0,0,0,0
"POINT (9.179801138000073 48.813000933000069)",Unfall 96237 (2023) Kat:3, Licht: 0,96237,3,2,5,09,13,4,0,0,1,1,0,0,0,0
"POINT (9.242136378000055 48.790450655000029)",Unfall 96238 (2023) Kat:3, Licht: 0,96238,3,6,2,09,18,4,0,0,0,1,0,1,0,0
"POINT (9.150196615000027 48.726973765000025)",Unfall 96239 (2023) Kat:3, Licht: 0,96239,3,2,6,09,11,4,0,0,0,1,1,0,0,0
"POINT (9.170017651000023 48.798966800000073)",Unfall 96240 (2023) Kat:3, Licht: 0,96240,3,7,0,09,17,4,0,0,0,0,0,1,0,1
"POINT (9.150310089000072 48.728696776000049)",Unfall 96309 (2023) Kat:3, Licht: 0,96309,3,2,5,09,17,3,0,0,1,1,0,0,0,0
"POINT (9.182471346000057 48.810267074000080)",Unfall 96310 (2023) Kat:3, Licht: 0,96310,3,6,3,09,16,3,0,0,0,1,0,0,0,1
"POINT (9.175733023000021 48.770608646000028)",Unfall 96311 (2023) Kat:3, Licht: 0,96311,3,6,2,09,09,3,0,0,0,1,0,0,0,0
"POINT (9.168792835000033 48.811950128000035)",Unfall 96489 (2023) Kat:3, Licht: 2,96489,3,3,5,12,18,2,0,2,1,1,0,0,0,0
"POINT (9.130025509000063 48.709112053000069)",Unfall 96512 (2023) Kat:3, Licht: 2,96512,3,6,2,12,16,1,0,2,0,1,0,0,0,0
"POINT (9.260311605000027 48.761849753000035)",Unfall 96517 (2023) Kat:3, Licht: 0,96517,3,3,5,12,10,1,0,0,0,1,0,0,0,0
"POINT (9.216024821000076 48.794132808000029)",Unfall 96518 (2023) Kat:2, Licht: 2,96518,2,3,5,12,17,1,0,2,0,1,0,0,0,0
"POINT (9.184725290000074 48.805838739000080)",Unfall 96519 (2023) Kat:3, Licht: 0,96519,3,6,2,12,10,1,2,0,0,1,0,0,0,0
"POINT (9.141417851000028 48.839821079000046)",Unfall 96545 (2023) Kat:3, Licht: 2,96545,3,1,8,12,23,7,1,2,0,1,0,0,0,0
"POINT (9.183549689000074 48.803645146000065)",Unfall 96546 (2023) Kat:3, Licht: 2,96546,3,6,2,12,19,7,1,2,0,1,0,0,0,0
"POINT (9.130569633000050 48.728499353000075)",Unfall 96593 (2023) Kat:3, Licht: 0,96593,3,3,5,12,12,6,1,0,0,1,0,0,0,0
"POINT (9.212277762000042 48.783900641000059)",Unfall 96594 (2023) Kat:3, Licht: 2,96594,3,6,4,12,23,6,1,2,0,1,0,0,0,0
"POINT (9.098277573000075 48.819328897000048)",Unfall 96595 (2023) Kat:3, Licht: 2,96595,3,2,5,12,05,6,1,2,0,1,0,0,0,1
"POINT (9.069331278000050 48.727326262000076)",Unfall 96638 (2023) Kat:3, Licht: 1,96638,3,6,2,11,07,5,1,1,0,1,0,0,0,0
"POINT (9.181539544000032 48.700644038000064)",Unfall 96640 (2023) Kat:3, Licht: 1,96640,3,6,2,11,16,5,0,1,0,1,0,0,0,0
"POINT (9.148610852000047 48.836739768000029)",Unfall 96646 (2023) Kat:3, Licht: 2,96646,3,3,5,11,21,5,0,2,0,1,0,0,0,0
"POINT (9.190359095000076 48.696478744000046)",Unfall 96682 (2023) Kat:3, Licht: 2,96682,3,6,2,11,16,4,0,2,0,1,0,0,0,0
"POINT (9.234666994000065 48.782986791000042)",Unfall 96686 (2023) Kat:3, Licht: 0,96686,3,6,1,11,10,4,0,0,0,1,0,0,0,0
"POINT (9.220226692000040 48.790403013000059)",Unfall 96687 (2023) Kat:3, Licht: 2,96687,3,6,2,11,06,4,1,2,0,1,0,0,0,0
"POINT (9.219433674000072 48.803747533000035)",Unfall 96725 (2023) Kat:3, Licht: 0,96725,3,2,5,11,15,3,0,0,0,1,0,0,0,0
"POINT (9.230892805000053 48.784803132000036)",Unfall 96726 (2023) Kat:3, Licht: 0,96726,3,6,2,11,15,3,1,0,0,1,0,0,0,0
"POINT (9.163012206000076 48.706736718000059)",Unfall 96789 (2023) Kat:3, Licht: 0,96789,3,1,9,11,08,1,1,0,0,0,0,1,0,0
"POINT (9.186650787000076 48.781544997000026)",Unfall 96797 (2023) Kat:3, Licht: 0,96797,3,3,5,11,10,1,1,0,0,1,0,0,0,0
"POINT (9.226806145000069 48.793050366000045)",Unfall 96890 (2023) Kat:3, Licht: 0,96890,3,6,2,11,13,6,1,0,0,1,0,0,0,0
"POINT (9.181334869000068 48.792550104000043)",Unfall 96939 (2023) Kat:3, Licht: 0,96939,3,6,2,11,10,5,0,0,0,1,0,0,0,0
"POINT (9.227542360000029 48.815625864000026)",Unfall 96994 (2023) Kat:3, Licht: 0,96994,3,3,5,11,15,4,0,0,0,1,0,0,0,1
"POINT (9.171771555000021 48.811673130000031)",Unfall 96995 (2023) Kat:3, Licht: 2,96995,3,6,2,11,17,4,0,2,0,1,0,0,0,0
"POINT (9.233377594000046 48.794768209000040)",Unfall 96996 (2023) Kat:3, Licht: 0,96996,3,6,2,11,07,4,0,0,0,1,0,0,0,1
"POINT (9.190123070000027 48.807584636000058)",Unfall 97040 (2023) Kat:3, Licht: 2,97040,3,7,6,11,01,3,0,2,0,1,0,0,0,1
"POINT (9.186368484000070 48.808519057000069)",Unfall 97041 (2023) Kat:3, Licht: 2,97041,3,3,5,11,16,3,1,2,0,1,0,0,0,0
"POINT (9.214588452000044 48.743554096000025)",Unfall 97064 (2023) Kat:3, Licht: 2,97064,3,6,2,11,18,2,1,2,0,1,0,0,0,0
"POINT (9.098256736000053 48.819316037000078)",Unfall 97066 (2023) Kat:3, Licht: 0,97066,3,6,2,11,08,3,1,0,0,1,0,0,0,0
"POINT (9.217830654000068 48.814514078000059)",Unfall 97095 (2023) Kat:3, Licht: 0,97095,3,2,5,11,14,2,1,0,0,0,0,0,0,1
"POINT (9.186008600000036 48.780796304000035)",Unfall 97096 (2023) Kat:3, Licht: 0,97096,3,6,3,11,12,2,0,0,0,1,0,0,1,0
"POINT (9.229547694000075 48.812613964000036)",Unfall 97149 (2023) Kat:3, Licht: 2,97149,3,1,8,11,19,2,1,2,0,1,0,0,0,0
"POINT (9.173465903000022 48.802119768000068)",Unfall 97211 (2023) Kat:3, Licht: 2,97211,3,1,1,11,06,6,1,2,0,1,0,0,0,0
"POINT (9.250457022000035 48.769635431000040)",Unfall 97212 (2023) Kat:3, Licht: 2,97212,3,6,2,11,21,6,1,2,0,1,0,0,0,0
"POINT (9.111818064000033 48.755653949000077)",Unfall 97213 (2023) Kat:3, Licht: 2,97213,3,6,4,11,17,6,1,2,0,1,0,0,0,0
"POINT (9.181634686000052 48.759760181000047)",Unfall 97215 (2023) Kat:3, Licht: 0,97215,3,6,2,11,15,6,1,0,0,1,0,0,0,0
"POINT (9.186724482000045 48.782067049000034)",Unfall 97267 (2023) Kat:3, Licht: 2,97267,3,6,3,11,17,5,1,2,0,1,0,1,0,0
"POINT (9.160579575000042 48.814384846000053)",Unfall 97268 (2023) Kat:3, Licht: 1,97268,3,6,2,11,16,5,1,1,0,1,0,0,0,0
"POINT (9.156647142000054 48.770219397000062)",Unfall 97269 (2023) Kat:3, Licht: 2,97269,3,6,2,11,19,5,1,2,0,1,0,0,0,0
"POINT (9.136709273000065 48.749364757000080)",Unfall 97270 (2023) Kat:3, Licht: 2,97270,3,6,2,11,18,5,1,2,0,1,0,1,0,0
"POINT (9.216521459000035 48.742518680000046)",Unfall 97271 (2023) Kat:3, Licht: 0,97271,3,5,1,11,12,5,1,0,0,1,0,0,0,0
"POINT (9.064782495000031 48.727099067000040)",Unfall 97307 (2023) Kat:3, Licht: 2,97307,3,6,2,11,17,4,1,2,0,1,0,0,0,0
"POINT (9.215592263000076 48.802456803000041)",Unfall 97314 (2023) Kat:3, Licht: 1,97314,3,6,2,11,16,4,0,1,0,1,0,0,0,0
"POINT (9.139293472000077 48.753831539000032)",Unfall 97315 (2023) Kat:3, Licht: 0,97315,3,5,1,11,14,4,1,0,0,1,0,0,0,0
"POINT (9.229769446000034 48.785231568000029)",Unfall 97356 (2023) Kat:3, Licht: 2,97356,3,5,1,11,18,3,1,2,0,1,0,0,0,0
"POINT (9.176933281000061 48.816619350000053)",Unfall 97357 (2023) Kat:3, Licht: 0,97357,3,6,2,11,13,3,0,0,0,1,0,0,0,0
"POINT (9.216458653000075 48.832668141000056)",Unfall 97358 (2023) Kat:3, Licht: 2,97358,3,6,2,11,21,3,1,2,0,1,0,0,0,0
"POINT (9.201188848000072 48.782181604000073)",Unfall 97392 (2023) Kat:3, Licht: 0,97392,3,2,0,11,11,2,1,0,0,1,0,1,0,0
"POINT (9.167399237000041 48.772990761000074)",Unfall 97394 (2023) Kat:3, Licht: 2,97394,3,2,5,11,20,2,1,2,1,1,0,0,0,0
"POINT (9.215965642000072 48.794194504000075)",Unfall 97415 (2023) Kat:3, Licht: 2,97415,3,6,4,11,17,1,1,2,0,1,0,0,0,0
"POINT (9.106364458000030 48.718117137000036)",Unfall 97416 (2023) Kat:3, Licht: 2,97416,3,3,5,11,19,1,0,2,0,1,0,0,0,0
"POINT (9.116585943000075 48.757493717000045)",Unfall 97417 (2023) Kat:3, Licht: 2,97417,3,6,2,11,18,1,1,2,0,1,0,0,0,0
"POINT (9.216143188000046 48.802750896000077)",Unfall 97445 (2023) Kat:2, Licht: 0,97445,2,4,6,11,13,7,1,0,0,1,1,0,0,0
"POINT (9.097846319000041 48.818855845000030)",Unfall 97498 (2023) Kat:3, Licht: 2,97498,3,3,5,11,19,6,0,2,0,1,0,1,0,0
"POINT (9.177832202000047 48.815563875000066)",Unfall 97499 (2023) Kat:3, Licht: 2,97499,3,6,2,11,05,6,1,2,0,1,0,1,0,0
"POINT (9.180592521000051 48.810612275000040)",Unfall 97500 (2023) Kat:3, Licht: 0,97500,3,6,6,11,12,6,0,0,0,0,1,0,0,1
"POINT (9.239967313000022 48.791270412000074)",Unfall 97501 (2023) Kat:3, Licht: 0,97501,3,2,5,11,15,6,0,0,0,1,0,0,0,0
"POINT (9.069197343000042 48.726763339000058)",Unfall 97554 (2023) Kat:3, Licht: 0,97554,3,6,2,11,14,6,1,0,0,1,0,0,0,0
"POINT (9.164146625000058 48.814624358000060)",Unfall 97590 (2023) Kat:3, Licht: 0,97590,3,6,1,11,15,5,1,0,0,1,0,0,0,0
"POINT (9.147607760000028 48.837089080000055)",Unfall 97604 (2023) Kat:3, Licht: 2,97604,3,6,1,11,06,5,1,2,0,1,0,0,0,0
"POINT (9.218176057000051 48.786899649000077)",Unfall 97614 (2023) Kat:3, Licht: 1,97614,3,7,6,11,16,4,0,1,0,1,1,0,0,0
"POINT (9.184534024000072 48.805445405000057)",Unfall 97655 (2023) Kat:3, Licht: 2,97655,3,6,0,11,22,3,0,2,0,1,0,1,0,0
"POINT (9.146274978000065 48.783684234000077)",Unfall 97656 (2023) Kat:3, Licht: 0,97656,3,3,5,11,16,3,1,0,1,1,0,0,0,0
"POINT (9.211433327000066 48.801812145000042)",Unfall 97658 (2023) Kat:3, Licht: 2,97658,3,6,3,11,17,3,1,2,0,1,0,0,0,0
"POINT (9.106424079000021 48.723437824000030)",Unfall 97660 (2023) Kat:3, Licht: 0,97660,3,4,6,11,08,3,0,0,0,1,1,0,0,0
"POINT (9.173753640000029 48.822519058000069)",Unfall 97666 (2023) Kat:3, Licht: 0,97666,3,6,2,11,15,3,1,0,0,1,0,0,1,0
"POINT (9.180139563000068 48.773596275000045)",Unfall 97716 (2023) Kat:3, Licht: 2,97716,3,1,0,11,23,2,1,2,0,0,0,1,0,0
"POINT (9.172768529000052 48.811171220000062)",Unfall 97762 (2023) Kat:3, Licht: 2,97762,3,1,8,11,19,7,1,2,0,1,0,0,0,0
"POINT (9.237548410000045 48.792737801000044)",Unfall 97763 (2023) Kat:3, Licht: 2,97763,3,2,5,11,23,7,1,2,0,1,0,0,0,0
"POINT (9.181197800000064 48.792175022000038)",Unfall 97768 (2023) Kat:3, Licht: 2,97768,3,6,2,11,18,7,0,2,0,1,0,0,0,0
"POINT (9.076125267000066 48.722110985000029)",Unfall 97823 (2023) Kat:3, Licht: 0,97823,3,6,2,11,12,6,0,0,0,1,0,0,0,0
"POINT (9.151799539000024 48.834978436000029)",Unfall 97827 (2023) Kat:3, Licht: 2,97827,3,6,2,11,18,6,1,2,0,1,0,0,0,0
"POINT (9.162356732000035 48.738961899000060)",Unfall 97828 (2023) Kat:3, Licht: 2,97828,3,6,3,11,23,6,1,2,0,1,0,0,0,0
"POINT (9.137470168000050 48.778164288000028)",Unfall 97854 (2023) Kat:3, Licht: 0,97854,3,6,4,11,14,7,1,0,0,1,0,0,0,0
"POINT (9.234720730000049 48.806465799000080)",Unfall 97873 (2023) Kat:3, Licht: 0,97873,3,6,3,11,12,5,1,0,0,1,0,1,0,0
"POINT (9.186623093000037 48.780968369000050)",Unfall 97875 (2023) Kat:3, Licht: 2,97875,3,6,2,11,17,5,0,2,0,1,0,0,0,0
"POINT (9.228041213000040 48.814571307000051)",Unfall 97903 (2023) Kat:3, Licht: 2,97903,3,6,6,11,17,4,0,2,1,0,1,0,0,0
"POINT (9.116881638000052 48.708845816000064)",Unfall 97947 (2023) Kat:3, Licht: 1,97947,3,7,7,10,06,3,0,1,0,1,0,0,1,0
"POINT (9.213274862000048 48.784545914000034)",Unfall 97954 (2023) Kat:3, Licht: 0,97954,3,6,2,10,15,3,0,0,0,1,0,0,0,0
"POINT (9.221992270000044 48.789269689000037)",Unfall 97971 (2023) Kat:3, Licht: 0,97971,3,6,3,11,15,4,1,0,0,1,0,0,0,1
"POINT (9.158029680000027 48.755249524000078)",Unfall 98007 (2023) Kat:3, Licht: 0,98007,3,6,2,10,10,2,0,0,0,1,0,0,1,0
"POINT (9.152192935000073 48.835090848000050)",Unfall 98054 (2023) Kat:3, Licht: 2,98054,3,1,8,10,21,1,1,2,0,1,0,0,0,0
"POINT (9.184954828000059 48.778870283000060)",Unfall 98055 (2023) Kat:3, Licht: 1,98055,3,6,2,10,17,1,0,1,0,1,0,0,0,0
"POINT (9.187995502000035 48.780911855000056)",Unfall 98085 (2023) Kat:3, Licht: 2,98085,3,6,2,10,19,7,0,2,0,1,0,0,0,0
"POINT (9.216155673000060 48.742702030000032)",Unfall 98162 (2023) Kat:3, Licht: 0,98162,3,6,2,11,08,5,1,0,0,1,0,0,0,0
"POINT (9.116674843000055 48.757563149000077)",Unfall 98164 (2023) Kat:3, Licht: 0,98164,3,6,1,10,13,6,0,0,0,1,0,0,0,0
"POINT (9.177515793000055 48.815739622000081)",Unfall 98165 (2023) Kat:3, Licht: 1,98165,3,6,2,10,07,6,1,1,0,1,0,0,0,0
"POINT (9.161907814000074 48.814867004000064)",Unfall 98166 (2023) Kat:3, Licht: 0,98166,3,6,2,10,14,6,0,0,0,1,0,0,0,0
"POINT (9.194819680000023 48.806743207000068)",Unfall 98168 (2023) Kat:3, Licht: 0,98168,3,6,2,10,14,6,0,0,0,1,0,0,0,0
"POINT (9.198684409000066 48.695146560000069)",Unfall 98169 (2023) Kat:3, Licht: 2,98169,3,2,5,10,18,6,0,2,0,1,0,0,0,0
"POINT (9.134318943000039 48.767382353000073)",Unfall 98187 (2023) Kat:3, Licht: 1,98187,3,6,2,11,07,2,1,1,0,1,0,0,0,0
"POINT (9.175945143000035 48.703292385000054)",Unfall 98221 (2023) Kat:3, Licht: 2,98221,3,6,2,10,18,5,0,2,0,1,0,0,0,0
"POINT (9.185607783000023 48.774414568000054)",Unfall 98227 (2023) Kat:3, Licht: 2,98227,3,4,6,10,19,5,1,2,0,0,1,0,0,1
"POINT (9.129466116000060 48.728640209000048)",Unfall 98228 (2023) Kat:3, Licht: 0,98228,3,6,2,10,08,5,0,0,0,1,0,0,0,0
"POINT (9.216432100000077 48.742563471000039)",Unfall 98230 (2023) Kat:3, Licht: 0,98230,3,2,3,10,17,5,1,0,1,1,0,0,0,0
"POINT (9.099937792000048 48.802185634000068)",Unfall 98289 (2023) Kat:3, Licht: 0,98289,3,5,1,10,15,3,1,0,0,1,0,0,0,0
"POINT (9.169654845000025 48.773783848000051)",Unfall 98290 (2023) Kat:3, Licht: 2,98290,3,3,5,10,06,4,0,2,0,1,0,0,0,0
"POINT (9.213940826000055 48.801231629000029)",Unfall 98291 (2023) Kat:3, Licht: 0,98291,3,6,2,10,13,4,1,0,0,1,0,0,0,0
"POINT (9.134024970000041 48.812315357000045)",Unfall 98405 (2023) Kat:3, Licht: 1,98405,3,6,2,10,17,3,0,1,0,1,0,0,0,0
"POINT (9.189246179000065 48.807748789000073)",Unfall 98406 (2023) Kat:3, Licht: 0,98406,3,6,2,10,16,3,1,0,0,1,0,0,0,0
"POINT (9.226225695000039 48.739885857000047)",Unfall 98408 (2023) Kat:3, Licht: 0,98408,3,6,2,10,15,3,1,0,0,1,0,0,0,0
"POINT (9.265829242000052 48.762014319000059)",Unfall 98468 (2023) Kat:3, Licht: 2,98468,3,2,5,10,22,2,1,2,0,1,0,1,0,0
"POINT (9.245286327000031 48.820918873000039)",Unfall 98469 (2023) Kat:3, Licht: 0,98469,3,7,6,10,08,2,0,0,1,0,1,0,0,0
"POINT (9.181373703000077 48.792219161000048)",Unfall 98513 (2023) Kat:3, Licht: 2,98513,3,7,0,10,03,1,0,2,0,0,0,0,0,1
"POINT (9.214277795000044 48.801480425000079)",Unfall 98573 (2023) Kat:3, Licht: 0,98573,3,3,5,10,15,7,0,0,1,1,0,0,0,0
"POINT (9.205483643000036 48.796969955000066)",Unfall 98574 (2023) Kat:3, Licht: 0,98574,3,6,2,10,10,7,0,0,0,1,0,0,0,0
"POINT (9.202307079000036 48.795257702000072)",Unfall 98575 (2023) Kat:3, Licht: 2,98575,3,6,1,10,19,7,0,2,0,1,0,0,0,0
"POINT (9.224386645000038 48.740060395000057)",Unfall 98659 (2023) Kat:3, Licht: 2,98659,3,6,2,10,18,6,1,2,0,1,0,0,0,1
"POINT (9.141244703000041 48.727323672000068)",Unfall 98660 (2023) Kat:3, Licht: 0,98660,3,3,5,10,06,6,0,0,0,1,0,0,0,0
"POINT (9.138929328000074 48.832357884000032)",Unfall 98732 (2023) Kat:3, Licht: 0,98732,3,6,2,10,16,5,0,0,0,1,0,0,0,0
"POINT (9.223184494000066 48.830112511000038)",Unfall 98752 (2023) Kat:3, Licht: 2,98752,3,2,2,10,20,5,1,2,0,1,0,0,0,0
"POINT (9.212059067000041 48.825537980000036)",Unfall 98753 (2023) Kat:3, Licht: 0,98753,3,1,0,10,07,5,1,0,0,0,0,1,0,0
"POINT (9.129361103000065 48.763894612000058)",Unfall 98755 (2023) Kat:3, Licht: 0,98755,3,6,2,10,08,5,1,0,0,1,0,0,0,0
"POINT (9.115898180000045 48.750599617000034)",Unfall 98756 (2023) Kat:3, Licht: 0,98756,3,6,2,10,15,5,1,0,0,1,0,0,0,0
"POINT (9.202305336000052 48.795257067000080)",Unfall 99014 (2023) Kat:3, Licht: 0,99014,3,7,0,12,14,7,0,0,0,1,0,0,0,0
"POINT (9.249176387000034 48.779158223000081)",Unfall 99015 (2023) Kat:3, Licht: 0,99015,3,6,2,12,11,7,0,0,0,1,0,0,0,0
"POINT (9.199954570000045 48.744471929000042)",Unfall 99016 (2023) Kat:3, Licht: 2,99016,3,7,0,12,18,7,0,2,0,0,0,0,0,1
"POINT (9.191368813000054 48.788602252000032)",Unfall 99046 (2023) Kat:3, Licht: 2,99046,3,3,5,12,21,6,0,2,0,1,0,0,0,0
"POINT (9.180403578000039 48.760991248000039)",Unfall 99076 (2023) Kat:3, Licht: 0,99076,3,6,3,12,12,5,0,0,0,1,0,0,0,0
"POINT (9.148004716000059 48.754670577000070)",Unfall 99102 (2023) Kat:3, Licht: 0,99102,3,6,2,12,11,4,0,0,0,1,0,0,0,0
"POINT (9.188067669000077 48.783327454000073)",Unfall 99103 (2023) Kat:3, Licht: 2,99103,3,6,2,12,17,4,0,2,0,1,0,0,0,1
"POINT (9.203472159000057 48.710639918000027)",Unfall 99123 (2023) Kat:3, Licht: 2,99123,3,4,6,12,21,3,0,2,0,1,1,0,0,0
"POINT (9.208260667000047 48.747728287000029)",Unfall 99142 (2023) Kat:3, Licht: 2,99142,3,2,5,12,17,1,0,2,0,1,0,0,0,0
"POINT (9.089623013000050 48.732855755000060)",Unfall 99168 (2023) Kat:3, Licht: 0,99168,3,1,8,12,12,7,1,0,0,1,0,0,0,0
"POINT (9.136539384000059 48.749229262000028)",Unfall 99170 (2023) Kat:3, Licht: 2,99170,3,3,5,12,18,7,0,2,0,1,0,0,0,1
"POINT (9.250490357000047 48.770029138000041)",Unfall 99171 (2023) Kat:3, Licht: 0,99171,3,6,2,12,12,7,0,0,0,1,0,0,0,0
"POINT (9.150089218000062 48.727010669000038)",Unfall 99231 (2023) Kat:3, Licht: 0,99231,3,4,6,12,12,6,1,0,1,0,1,0,0,0
"POINT (9.258868834000054 48.761298222000050)",Unfall 99232 (2023) Kat:3, Licht: 2,99232,3,1,3,12,01,6,1,2,0,1,0,0,0,0
"POINT (9.217442249000044 48.803245251000078)",Unfall 99233 (2023) Kat:3, Licht: 0,99233,3,2,5,12,12,6,1,0,1,1,0,0,0,0
"POINT (9.219436721000022 48.740654677000066)",Unfall 99275 (2023) Kat:3, Licht: 1,99275,3,3,5,12,17,5,1,1,0,1,1,0,0,0
"POINT (9.163990117000026 48.772126798000045)",Unfall 99316 (2023) Kat:3, Licht: 2,99316,3,5,1,12,03,4,1,2,0,1,0,0,0,0
"POINT (9.199912845000028 48.805751911000073)",Unfall 99368 (2023) Kat:3, Licht: 0,99368,3,6,2,12,14,3,0,0,0,1,0,0,0,0
"POINT (9.181869426000048 48.775159249000069)",Unfall 99369 (2023) Kat:3, Licht: 2,99369,3,6,6,12,20,3,0,2,1,0,1,0,0,0
"POINT (9.090742733000070 48.714229500000044)",Unfall 99432 (2023) Kat:3, Licht: 2,99432,3,6,2,12,17,2,0,2,0,1,0,0,0,0
"POINT (9.184323446000064 48.805253392000054)",Unfall 99478 (2023) Kat:3, Licht: 2,99478,3,6,2,12,18,1,0,2,0,1,0,0,0,0
"POINT (9.221499221000045 48.694815249000044)",Unfall 99479 (2023) Kat:3, Licht: 2,99479,3,3,5,12,23,1,0,2,0,1,0,0,0,0
"POINT (9.222111917000063 48.789358466000067)",Unfall 99480 (2023) Kat:3, Licht: 2,99480,3,3,5,12,18,1,1,2,0,1,0,0,0,0
"POINT (9.178698221000047 48.784150437000051)",Unfall 99519 (2023) Kat:3, Licht: 2,99519,3,7,0,12,16,7,0,2,0,0,0,0,0,1
"POINT (9.230925161000073 48.805790278000075)",Unfall 99520 (2023) Kat:3, Licht: 2,99520,3,6,2,12,00,7,0,2,0,1,0,0,0,0
"POINT (9.079970882000055 48.719698033000043)",Unfall 99550 (2023) Kat:3, Licht: 2,99550,3,6,2,12,17,6,1,2,0,1,0,0,1,0
"POINT (9.216211156000043 48.794150304000027)",Unfall 99556 (2023) Kat:3, Licht: 2,99556,3,6,2,12,06,6,1,2,0,1,0,0,0,0
"POINT (9.133885520000035 48.709615886000051)",Unfall 99594 (2023) Kat:3, Licht: 0,99594,3,6,3,12,14,5,1,0,0,0,0,0,1,0
"POINT (9.163207159000024 48.771921612000028)",Unfall 99601 (2023) Kat:3, Licht: 0,99601,3,2,5,12,08,5,1,0,1,1,0,0,0,0
"POINT (9.248187207000058 48.792401892000044)",Unfall 99660 (2023) Kat:3, Licht: 2,99660,3,6,2,12,17,4,1,2,0,1,0,0,0,0
"POINT (9.130983978000074 48.782162325000058)",Unfall 99661 (2023) Kat:3, Licht: 2,99661,3,4,6,12,17,4,1,2,0,1,1,0,0,0
"POINT (9.177473299000042 48.815803817000074)",Unfall 99718 (2023) Kat:3, Licht: 2,99718,3,6,2,12,19,3,1,2,0,1,0,0,0,0
"POINT (9.106071225000051 48.739631222000071)",Unfall 99719 (2023) Kat:3, Licht: 2,99719,3,6,2,12,18,3,0,2,0,1,0,0,0,0
"POINT (9.079057517000024 48.720039081000039)",Unfall 99766 (2023) Kat:3, Licht: 0,99766,3,6,2,12,08,2,1,0,0,1,0,0,0,1
"POINT (9.254507858000068 48.764257612000051)",Unfall 99773 (2023) Kat:3, Licht: 2,99773,3,6,2,12,17,2,1,2,0,1,0,0,0,1
"POINT (9.246972023000069 48.787370904000056)",Unfall 99775 (2023) Kat:2, Licht: 0,99775,2,4,6,12,07,2,0,0,0,1,1,0,0,0
"POINT (9.182408465000037 48.848011906000067)",Unfall 99776 (2023) Kat:2, Licht: 2,99776,2,6,1,12,18,2,0,2,0,1,0,0,0,0
"POINT (9.208007145000067 48.798258137000062)",Unfall 99848 (2023) Kat:2, Licht: 0,99848,2,6,3,12,09,7,0,0,0,1,0,0,1,0
"POINT (9.216847507000068 48.832943248000049)",Unfall 99849 (2023) Kat:3, Licht: 2,99849,3,4,6,12,21,7,1,2,0,1,1,0,0,0
"POINT (9.108510578000050 48.740547528000036)",Unfall 99850 (2023) Kat:3, Licht: 2,99850,3,6,2,12,19,7,1,2,0,1,0,0,0,0
"POINT (9.190741124000056 48.788066420000064)",Unfall 99851 (2023) Kat:3, Licht: 2,99851,3,6,1,12,19,7,1,2,0,1,0,0,0,0
"POINT (9.191050180000047 48.726252840000029)",Unfall 99955 (2023) Kat:3, Licht: 2,99955,3,2,5,12,20,6,1,2,0,1,0,0,0,1
"POINT (9.215995217000057 48.794164390000049)",Unfall 99972 (2023) Kat:3, Licht: 2,99972,3,2,5,12,00,5,0,2,0,1,0,0,0,0
"POINT (9.201615101000073 48.780399449000072)",Unfall 99973 (2023) Kat:3, Licht: 2,99973,3,6,2,12,18,5,0,2,0,1,0,0,0,0
"POINT (9.222334758000045 48.836306404000027)",Unfall 100022 (2023) Kat:3, Licht: 2,100022,3,6,2,12,23,4,1,2,0,1,0,0,0,0
"POINT (9.254558329000076 48.770591031000038)",Unfall 202141 (2023) Kat:3, Licht: 0,202141,3,2,5,02,13,7,0,0,0,1,0,1,0,0
"POINT (9.161889749000068 48.739452176000043)",Unfall 202142 (2023) Kat:3, Licht: 0,202142,3,6,4,02,17,7,0,0,1,1,0,0,0,0
"POINT (9.169577809000032 48.784176841000033)",Unfall 202164 (2023) Kat:3, Licht: 0,202164,3,4,6,02,10,6,0,0,0,1,1,0,0,0
"POINT (9.177956792000032 48.773304907000067)",Unfall 202165 (2023) Kat:3, Licht: 0,202165,3,7,0,02,15,6,0,0,1,0,0,0,0,0
"POINT (9.255950398000039 48.762813212000026)",Unfall 202166 (2023) Kat:3, Licht: 1,202166,3,6,2,02,06,6,0,1,0,1,0,0,0,0
"POINT (9.141363807000062 48.777934883000057)",Unfall 202167 (2023) Kat:3, Licht: 0,202167,3,7,0,02,15,6,0,0,1,1,0,0,0,0
"POINT (9.152557399000045 48.752813046000028)",Unfall 202196 (2023) Kat:3, Licht: 2,202196,3,1,4,02,05,5,2,2,0,1,0,0,0,0
"POINT (9.221353934000035 48.810468066000055)",Unfall 202197 (2023) Kat:3, Licht: 2,202197,3,6,2,02,17,5,0,2,0,1,0,0,0,0
"POINT (9.203592449000041 48.817899665000027)",Unfall 202222 (2023) Kat:3, Licht: 0,202222,3,1,0,02,11,4,0,0,0,0,0,1,0,0
"POINT (9.105886079000072 48.738993533000041)",Unfall 202223 (2023) Kat:3, Licht: 0,202223,3,3,5,02,08,4,0,0,1,1,0,0,0,0
"POINT (9.204374034000068 48.771703799000079)",Unfall 202282 (2023) Kat:3, Licht: 0,202282,3,6,2,02,16,1,1,0,0,1,0,0,0,0
"POINT (9.156992893000051 48.808070381000050)",Unfall 202301 (2023) Kat:3, Licht: 0,202301,3,4,6,02,12,7,0,0,0,1,1,0,0,0