WKT,Name,OBJECTID,UKATEGORIE,UTYP1,UART,UMONAT,USTUNDE,UWOCHENTAG,STRZUSTAND,ULICHTVERH,ISTRAD,ISTPKW,ISTFUSS,ISTKRAD,ISTGKFZ,ISTSONSTIG
"POINT (9.207636986000068 48.785992273000033)",Unfall 202326 (2023) Kat:3, Licht: 0,202326,3,3,0,02,08,6,1,0,1,1,0,0,0,0
"POINT (9.197490718000040 48.824135098000056)",Unfall 202347 (2023) Kat:3, Licht: 1,202347,3,6,2,02,16,5,1,1,0,1,0,0,0,0
"POINT (9.109841761000041 48.723883457000056)",Unfall 202379 (2023) Kat:2, Licht: 2,202379,2,4,6,02,07,4,1,2,0,0,1,0,1,0
"POINT (9.101184678000038 48.725396575000048)",Unfall 202380 (2023) Kat:3, Licht: 0,202380,3,2,5,02,07,4,1,0,1,1,0,0,0,0
"POINT (9.168089486000042 48.767547139000044)",Unfall 202407 (2023) Kat:2, Licht: 0,202407,2,7,0,01,16,3,0,0,0,0,0,0,0,1
"POINT (9.155946985000071 48.742259888000035)",Unfall 202408 (2023) Kat:3, Licht: 0,202408,3,7,0,01,09,3,2,0,1,0,0,0,0,0
"POINT (9.269127520000040 48.756799485000045)",Unfall 202429 (2023) Kat:3, Licht: 0,202429,3,6,2,01,15,2,1,0,0,1,0,1,0,0
"POINT (9.111890463000066 48.729833506000034)",Unfall 202430 (2023) Kat:3, Licht: 0,202430,3,2,5,01,14,2,1,0,0,1,0,0,0,1
"POINT (9.155521219000036 48.844909434000044)",Unfall 202447 (2023) Kat:3, Licht: 0,202447,3,3,5,01,11,1,0,0,0,1,0,0,0,0
"POINT (9.152184739000063 48.773983210000040)",Unfall 202448 (2023) Kat:3, Licht: 0,202448,3,5,1,01,12,1,0,0,1,1,0,0,0,0
"POINT (9.131015152000032 48.814263867000079)",Unfall 202449 (2023) Kat:3, Licht: 0,202449,3,5,1,01,13,1,0,0,1,1,0,0,0,0
"POINT (9.152366277000056 48.731927148000068)",Unfall 202486 (2023) Kat:3, Licht: 0,202486,3,1,1,01,10,6,2,0,0,1,0,0,0,1
"POINT (9.156200202000036 48.773261187000060)",Unfall 202507 (2023) Kat:3, Licht: 2,202507,3,2,5,01,18,5,1,2,1,1,0,0,0,0
"POINT (9.123295955000060 48.814482810000072)",Unfall 202508 (2023) Kat:3, Licht: 0,202508,3,4,6,01,11,5,0,0,0,1,1,0,0,0
"POINT (9.161871096000027 48.809225737000077)",Unfall 202509 (2023) Kat:3, Licht: 0,202509,3,3,5,01,07,5,1,0,1,1,0,0,0,0
"POINT (9.129517778000036 48.726917399000058)",Unfall 202510 (2023) Kat:3, Licht: 0,202510,3,7,0,01,13,5,2,0,1,0,0,0,0,0
"POINT (9.100930822000066 48.733580618000076)",Unfall 202511 (2023) Kat:3, Licht: 1,202511,3,3,0,01,07,5,2,1,1,1,0,0,0,0
"POINT (9.159855905000029 48.743641402000037)",Unfall 202512 (2023) Kat:3, Licht: 0,202512,3,7,0,01,10,5,2,0,1,0,0,0,0,0
"POINT (9.109668502000034 48.722048827000037)",Unfall 202539 (2023) Kat:3, Licht: 0,202539,3,6,2,01,17,4,0,0,0,1,1,0,0,0
"POINT (9.114428803000067 48.738514024000040)",Unfall 202540 (2023) Kat:3, Licht: 0,202540,3,2,5,01,16,4,0,0,0,1,0,0,0,0
"POINT (9.169758118000061 48.832349891000035)",Unfall 202580 (2023) Kat:3, Licht: 0,202580,3,6,2,01,12,2,0,0,0,1,0,0,0,0
"POINT (9.170042833000025 48.809538811000039)",Unfall 202589 (2023) Kat:3, Licht: 0,202589,3,6,4,01,10,1,1,0,0,1,0,0,0,0
"POINT (9.159702507000077 48.768281244000036)",Unfall 202600 (2023) Kat:2, Licht: 0,202600,2,3,5,01,11,7,0,0,0,1,0,0,0,0
"POINT (9.101435747000039 48.725427419000027)",Unfall 202625 (2023) Kat:3, Licht: 2,202625,3,2,5,01,17,6,1,2,0,1,0,0,0,1
"POINT (9.269259615000067 48.762394644000040)",Unfall 202626 (2023) Kat:2, Licht: 2,202626,2,2,6,01,06,6,0,2,0,1,1,0,0,0
"POINT (9.170233645000053 48.789709130000062)",Unfall 202627 (2023) Kat:3, Licht: 0,202627,3,3,5,01,11,6,0,0,1,1,0,0,0,0
"POINT (9.181711621000034 48.782957121000038)",Unfall 202628 (2023) Kat:3, Licht: 0,202628,3,6,0,01,12,6,0,0,0,1,0,0,0,1
"POINT (9.203462001000048 48.818013072000042)",Unfall 202629 (2023) Kat:3, Licht: 1,202629,3,6,2,01,06,6,1,1,0,1,0,0,0,0
"POINT (9.202909157000022 48.707489838000072)",Unfall 202681 (2023) Kat:3, Licht: 2,202681,3,5,1,01,22,4,1,2,0,1,0,0,0,0
"POINT (9.193331551000028 48.799048705000075)",Unfall 202716 (2023) Kat:3, Licht: 0,202716,3,7,0,01,09,3,2,0,1,0,0,0,0,0
"POINT (9.143336243000022 48.810298869000064)",Unfall 202717 (2023) Kat:3, Licht: 2,202717,3,2,6,01,20,3,2,2,0,1,1,0,0,0
"POINT (9.163805092000075 48.777508445000080)",Unfall 202718 (2023) Kat:3, Licht: 0,202718,3,5,1,01,17,3,1,0,1,1,0,0,0,0
"POINT (9.155967954000062 48.775069080000037)",Unfall 202747 (2023) Kat:3, Licht: 2,202747,3,2,5,01,17,2,1,2,0,1,0,0,0,0
"POINT (9.177409505000071 48.784113676000061)",Unfall 202748 (2023) Kat:3, Licht: 2,202748,3,2,0,01,17,2,1,2,0,1,0,0,0,1
"POINT (9.247723956000073 48.768618682000067)",Unfall 202749 (2023) Kat:3, Licht: 2,202749,3,2,5,01,00,2,0,2,0,0,0,0,1,1
"POINT (9.160595354000066 48.788115369000082)",Unfall 202750 (2023) Kat:2, Licht: 2,202750,2,4,6,01,17,2,1,2,0,1,1,0,0,0
"POINT (9.150679791000073 48.731705221000027)",Unfall 202751 (2023) Kat:3, Licht: 2,202751,3,4,6,01,16,2,1,2,0,1,1,0,0,0
"POINT (9.159517748000042 48.781785282000044)",Unfall 202752 (2023) Kat:3, Licht: 0,202752,3,3,5,01,07,2,0,0,0,1,0,1,0,0
"POINT (9.174323417000039 48.831657529000040)",Unfall 202772 (2023) Kat:2, Licht: 2,202772,2,2,6,01,05,5,0,2,0,1,1,0,0,0
"POINT (9.154269793000026 48.770493769000041)",Unfall 202778 (2023) Kat:3, Licht: 2,202778,3,3,5,01,01,7,1,2,0,1,0,0,0,0
"POINT (9.194849460000057 48.779368301000034)",Unfall 202798 (2023) Kat:3, Licht: 2,202798,3,4,6,01,07,3,1,2,0,1,1,0,0,0
"POINT (9.122439947000032 48.724158402000057)",Unfall 202804 (2023) Kat:3, Licht: 0,202804,3,3,5,01,07,6,0,0,1,1,0,0,0,0
"POINT (9.175495115000047 48.799482425000065)",Unfall 202806 (2023) Kat:3, Licht: 1,202806,3,2,4,01,07,6,0,1,0,1,0,1,0,0
"POINT (9.175707826000064 48.766334940000036)",Unfall 202807 (2023) Kat:3, Licht: 0,202807,3,6,2,01,13,6,1,0,0,1,0,1,0,0
"POINT (9.104837808000070 48.824263382000026)",Unfall 202821 (2023) Kat:3, Licht: 0,202821,3,5,1,01,08,5,0,0,0,1,1,0,0,1
"POINT (9.094563436000044 48.827513723000038)",Unfall 202822 (2023) Kat:3, Licht: 0,202822,3,7,6,01,11,5,0,0,0,1,1,0,0,0
"POINT (9.237058160000061 48.800304190000077)",Unfall 202842 (2023) Kat:2, Licht: 2,202842,2,5,1,01,21,5,1,2,0,1,0,0,0,0
"POINT (9.122065411000051 48.724131419000059)",Unfall 202852 (2023) Kat:3, Licht: 2,202852,3,3,5,01,18,4,0,2,0,1,0,0,0,0
"POINT (9.178212108000025 48.778398233000075)",Unfall 202853 (2023) Kat:3, Licht: 2,202853,3,7,6,01,18,4,1,2,0,0,1,0,0,1
"POINT (9.161718020000023 48.812419771000066)",Unfall 202855 (2023) Kat:3, Licht: 2,202855,3,6,2,01,17,4,1,2,0,1,0,0,0,0
"POINT (9.119741869000052 48.721629800000073)",Unfall 202880 (2023) Kat:3, Licht: 2,202880,3,3,5,01,21,3,0,2,0,1,0,0,0,0
"POINT (9.157629579000059 48.771539628000028)",Unfall 202881 (2023) Kat:3, Licht: 0,202881,3,5,1,01,13,3,0,0,1,1,0,0,0,0
"POINT (9.202358873000037 48.807949319000045)",Unfall 202882 (2023) Kat:2, Licht: 2,202882,2,3,0,01,17,3,0,2,1,1,0,0,0,0
"POINT (9.194411985000045 48.786507865000033)",Unfall 202883 (2023) Kat:3, Licht: 2,202883,3,7,5,01,17,3,0,2,0,1,0,0,0,1
"POINT (9.160908894000045 48.810999204000041)",Unfall 202907 (2023) Kat:3, Licht: 2,202907,3,3,5,01,19,2,1,2,0,1,0,0,0,0
"POINT (9.274485558000038 48.771141929000066)",Unfall 202908 (2023) Kat:3, Licht: 2,202908,3,7,0,01,17,2,1,2,1,0,0,0,0,0
"POINT (9.175118151000049 48.784650690000035)",Unfall 202918 (2023) Kat:3, Licht: 2,202918,3,2,6,01,00,1,0,2,0,1,1,0,0,0
"POINT (9.185860463000040 48.830479818000072)",Unfall 202919 (2023) Kat:3, Licht: 2,202919,3,6,2,01,19,1,0,2,0,1,0,0,0,0
"POINT (9.190302560000021 48.808443917000034)",Unfall 202939 (2023) Kat:3, Licht: 0,202939,3,6,2,01,15,7,0,0,0,1,0,0,0,0
"POINT (9.117300702000023 48.810266468000066)",Unfall 203157 (2023) Kat:3, Licht: 0,203157,3,5,1,03,15,6,1,0,0,1,0,0,0,0
"POINT (9.162417030000029 48.836695228000053)",Unfall 203158 (2023) Kat:3, Licht: 1,203158,3,6,2,03,19,6,0,1,0,1,0,0,0,0
"POINT (9.182150215000036 48.775551768000071)",Unfall 203188 (2023) Kat:3, Licht: 0,203188,3,3,5,03,17,5,0,0,1,1,0,0,0,0
"POINT (9.190110083000036 48.783792962000064)",Unfall 203189 (2023) Kat:3, Licht: 0,203189,3,4,6,03,15,5,0,0,0,1,1,0,0,0
"POINT (9.107019943000068 48.732015458000035)",Unfall 203224 (2023) Kat:3, Licht: 0,203224,3,7,0,03,16,4,0,0,1,0,0,0,0,0
"POINT (9.127931104000027 48.730650085000036)",Unfall 203258 (2023) Kat:3, Licht: 0,203258,3,7,5,03,14,3,0,0,1,1,0,0,0,0
"POINT (9.159143723000057 48.773293026000033)",Unfall 203259 (2023) Kat:2, Licht: 0,203259,2,7,0,03,12,3,0,0,0,0,0,0,0,1
"POINT (9.221419583000056 48.810374144000036)",Unfall 203289 (2023) Kat:3, Licht: 2,203289,3,3,5,03,22,2,0,2,0,1,0,0,0,0
"POINT (9.215917733000026 48.822532494000029)",Unfall 203304 (2023) Kat:3, Licht: 0,203304,3,7,0,03,17,1,0,0,0,0,0,1,0,0
"POINT (9.187623617000042 48.831125091000047)",Unfall 203336 (2023) Kat:3, Licht: 2,203336,3,3,5,03,19,7,0,2,0,1,0,0,0,0
"POINT (9.223085407000042 48.807689539000080)",Unfall 203337 (2023) Kat:3, Licht: 0,203337,3,7,0,03,16,7,0,0,1,0,0,0,0,0
"POINT (9.193292444000065 48.787887208000029)",Unfall 203338 (2023) Kat:3, Licht: 2,203338,3,7,0,03,03,7,0,2,0,0,0,0,0,1
"POINT (9.158274809000034 48.731414460000053)",Unfall 203339 (2023) Kat:3, Licht: 0,203339,3,3,5,03,15,7,0,0,1,1,0,0,0,0
"POINT (9.120622536000042 48.733876870000074)",Unfall 203362 (2023) Kat:3, Licht: 0,203362,3,6,4,03,12,6,0,0,1,0,0,0,0,0
"POINT (9.168476255000030 48.747180929000081)",Unfall 203363 (2023) Kat:3, Licht: 0,203363,3,2,5,03,07,6,0,0,1,1,0,0,0,0
"POINT (9.157237831000032 48.714593757000046)",Unfall 203364 (2023) Kat:3, Licht: 0,203364,3,6,2,03,15,6,0,0,0,1,0,0,0,0
"POINT (9.179614338000022 48.790873741000041)",Unfall 203365 (2023) Kat:3, Licht: 0,203365,3,3,5,03,18,6,0,0,0,1,0,0,0,1
"POINT (9.135175658000037 48.745365913000057)",Unfall 203402 (2023) Kat:3, Licht: 0,203402,3,5,1,03,18,5,0,0,1,1,0,0,0,0
"POINT (9.220506174000036 48.799627326000063)",Unfall 203403 (2023) Kat:3, Licht: 2,203403,3,5,0,03,17,5,0,2,1,1,0,0,0,0
"POINT (9.168826054000021 48.776767729000028)",Unfall 203404 (2023) Kat:3, Licht: 0,203404,3,4,6,03,07,5,0,0,1,0,1,0,0,0
"POINT (9.263635315000045 48.762040287000048)",Unfall 203436 (2023) Kat:3, Licht: 1,203436,3,4,6,03,06,4,0,1,0,1,1,0,0,0
"POINT (9.126988217000076 48.779160997000076)",Unfall 203437 (2023) Kat:3, Licht: 0,203437,3,4,6,03,12,4,0,0,0,1,1,0,0,0
"POINT (9.108469905000049 48.733118553000054)",Unfall 203465 (2023) Kat:3, Licht: 0,203465,3,7,6,03,12,3,1,0,1,0,1,0,0,0
"POINT (9.175058333000038 48.833166679000044)",Unfall 203498 (2023) Kat:3, Licht: 1,203498,3,3,5,03,17,2,0,1,1,1,0,0,0,0
"POINT (9.189932327000065 48.792830437000077)",Unfall 203499 (2023) Kat:3, Licht: 0,203499,3,3,5,03,16,2,0,0,0,1,0,0,0,1
"POINT (9.155099036000024 48.763119987000039)",Unfall 203512 (2023) Kat:3, Licht: 2,203512,3,5,1,03,03,1,0,2,0,1,0,0,0,0
"POINT (9.269268495000063 48.764331500000026)",Unfall 203513 (2023) Kat:3, Licht: 0,203513,3,7,0,03,13,1,1,0,0,0,0,1,0,0
"POINT (9.137590581000040 48.812673196000048)",Unfall 203530 (2023) Kat:3, Licht: 0,203530,3,3,5,03,15,1,0,0,1,1,0,0,0,0
"POINT (9.159263125000052 48.764985288000048)",Unfall 203544 (2023) Kat:2, Licht: 0,203544,2,3,5,03,15,7,0,0,1,1,0,0,0,0
"POINT (9.177072059000068 48.814324198000065)",Unfall 203596 (2023) Kat:2, Licht: 0,203596,2,4,6,03,13,5,0,0,0,1,1,0,0,0
"POINT (9.177863299000023 48.778029717000038)",Unfall 203597 (2023) Kat:2, Licht: 2,203597,2,1,0,03,20,5,0,2,1,0,0,0,0,0
"POINT (9.217996162000077 48.802009180000027)",Unfall 203620 (2023) Kat:3, Licht: 2,203620,3,4,6,03,20,4,1,2,0,1,1,0,0,0
"POINT (9.216746560000047 48.805381527000065)",Unfall 203621 (2023) Kat:3, Licht: 1,203621,3,3,5,03,18,4,1,1,0,0,0,1,0,1
"POINT (9.235464581000031 48.743319406000069)",Unfall 203622 (2023) Kat:3, Licht: 0,203622,3,3,5,03,17,4,1,0,1,1,0,0,0,0
"POINT (9.188940362000039 48.781707299000061)",Unfall 203677 (2023) Kat:3, Licht: 0,203677,3,7,0,03,13,1,0,0,0,0,0,0,0,1
"POINT (9.103146309000067 48.781412071000034)",Unfall 203697 (2023) Kat:3, Licht: 0,203697,3,1,0,03,14,7,0,0,1,0,0,0,0,0
"POINT (9.175241062000055 48.746950309000056)",Unfall 203698 (2023) Kat:3, Licht: 0,203698,3,3,5,03,14,7,0,0,0,1,0,0,0,0
"POINT (9.155820578000032 48.777386095000054)",Unfall 203699 (2023) Kat:3, Licht: 2,203699,3,2,0,03,20,7,0,2,0,1,0,1,0,0
"POINT (9.177036215000044 48.774093223000079)",Unfall 203718 (2023) Kat:3, Licht: 0,203718,3,7,0,03,14,6,0,0,0,0,0,1,0,0
"POINT (9.087058225000021 48.813892948000046)",Unfall 203719 (2023) Kat:3, Licht: 0,203719,3,2,2,03,14,6,0,0,0,1,0,0,0,0
"POINT (9.198450254000022 48.835941180000077)",Unfall 203720 (2023) Kat:3, Licht: 0,203720,3,6,2,03,16,6,0,0,0,1,0,0,0,0
"POINT (9.107833961000040 48.735359827000082)",Unfall 203721 (2023) Kat:3, Licht: 0,203721,3,3,5,03,13,6,0,0,1,0,0,1,0,0
"POINT (9.162086615000021 48.770212343000026)",Unfall 203722 (2023) Kat:3, Licht: 0,203722,3,3,5,03,17,5,0,0,1,1,0,0,0,0
"POINT (9.157692090000069 48.782195382000054)",Unfall 203723 (2023) Kat:3, Licht: 0,203723,3,5,1,03,09,6,0,0,1,1,0,0,0,0
"POINT (9.174035060000051 48.771667263000040)",Unfall 203757 (2023) Kat:2, Licht: 1,203757,2,4,6,03,17,5,0,1,1,0,1,0,0,0
"POINT (9.203364657000066 48.836475604000043)",Unfall 203758 (2023) Kat:3, Licht: 0,203758,3,5,1,03,09,5,0,0,1,1,0,0,0,0
"POINT (9.152005590000044 48.740020577000053)",Unfall 203799 (2023) Kat:3, Licht: 0,203799,3,7,6,02,09,3,0,0,1,0,1,0,0,0
"POINT (9.135948671000051 48.729245537000054)",Unfall 203800 (2023) Kat:3, Licht: 0,203800,3,2,6,02,08,3,0,0,0,1,0,0,0,1
"POINT (9.199985356000070 48.836530359000051)",Unfall 203809 (2023) Kat:3, Licht: 0,203809,3,6,2,03,16,5,0,0,0,1,0,0,0,0
"POINT (9.218014841000070 48.802004222000051)",Unfall 203839 (2023) Kat:3, Licht: 0,203839,3,2,6,02,16,1,0,0,0,1,1,0,0,0
"POINT (9.168747743000040 48.771066291000068)",Unfall 203875 (2023) Kat:3, Licht: 0,203875,3,2,5,02,17,6,1,0,0,1,0,0,0,0
"POINT (9.173221114000057 48.829011297000079)",Unfall 203876 (2023) Kat:3, Licht: 0,203876,3,3,5,02,12,6,0,0,0,1,0,1,0,0
"POINT (9.159229109000023 48.757524503000070)",Unfall 203877 (2023) Kat:3, Licht: 2,203877,3,5,1,02,18,6,1,2,0,1,0,0,0,0
"POINT (9.162139716000070 48.761397576000036)",Unfall 203878 (2023) Kat:3, Licht: 2,203878,3,2,5,02,06,6,0,2,0,1,0,0,0,0
"POINT (9.179277655000021 48.817977150000047)",Unfall 203889 (2023) Kat:3, Licht: 0,203889,3,3,2,02,11,5,1,0,0,1,0,0,1,0
"POINT (9.265409044000023 48.754856494000080)",Unfall 203905 (2023) Kat:3, Licht: 0,203905,3,3,5,02,17,4,0,0,0,1,0,0,0,0
"POINT (9.181383720000042 48.835792633000040)",Unfall 203919 (2023) Kat:3, Licht: 0,203919,3,3,5,03,13,3,0,0,0,1,0,0,0,0
"POINT (9.221383930000059 48.800936226000033)",Unfall 203930 (2023) Kat:3, Licht: 0,203930,3,3,5,03,15,4,1,0,1,1,0,0,0,0
"POINT (9.182189643000072 48.810572247000039)",Unfall 203939 (2023) Kat:3, Licht: 1,203939,3,3,0,02,06,3,0,1,0,1,0,1,0,0
"POINT (9.229978950000032 48.843548504000069)",Unfall 203940 (2023) Kat:3, Licht: 2,203940,3,1,9,03,22,3,1,2,0,1,0,0,0,0
"POINT (9.257949837000069 48.788485871000034)",Unfall 203979 (2023) Kat:3, Licht: 0,203979,3,2,4,02,13,2,0,0,0,1,0,1,0,0
"POINT (9.153518087000066 48.740953759000035)",Unfall 203980 (2023) Kat:3, Licht: 0,203980,3,4,6,02,17,2,0,0,0,1,1,0,0,0
"POINT (9.155147629000055 48.772003623000046)",Unfall 203989 (2023) Kat:3, Licht: 0,203989,3,2,5,02,15,1,0,0,0,1,0,0,0,1
"POINT (9.161726967000050 48.774085751000030)",Unfall 204004 (2023) Kat:3, Licht: 0,204004,3,3,5,02,12,7,0,0,0,1,0,1,0,0
"POINT (9.173426129000063 48.771114511000064)",Unfall 204027 (2023) Kat:3, Licht: 0,204027,3,4,6,02,08,2,0,0,1,0,1,0,0,0
"POINT (9.170255797000038 48.768989767000051)",Unfall 204035 (2023) Kat:2, Licht: 0,204035,2,5,1,02,13,6,0,0,1,1,0,0,0,0
"POINT (9.109240963000047 48.731441920000066)",Unfall 204036 (2023) Kat:3, Licht: 0,204036,3,3,5,02,10,6,0,0,0,1,0,0,1,0
"POINT (9.172045026000035 48.769484576000082)",Unfall 204037 (2023) Kat:3, Licht: 2,204037,3,1,8,02,19,6,0,2,1,0,0,0,0,0
"POINT (9.174625245000072 48.773562403000028)",Unfall 204071 (2023) Kat:3, Licht: 0,204071,3,1,8,02,16,5,0,0,1,0,0,0,0,0
"POINT (9.197038056000054 48.777319687000045)",Unfall 204072 (2023) Kat:3, Licht: 0,204072,3,2,5,02,16,5,0,0,0,0,0,1,0,1
"POINT (9.115446092000070 48.812417649000054)",Unfall 204073 (2023) Kat:3, Licht: 0,204073,3,3,5,02,11,5,0,0,0,1,0,0,0,0
"POINT (9.176413783000044 48.773043776000065)",Unfall 204074 (2023) Kat:3, Licht: 2,204074,3,2,5,02,19,5,0,2,0,1,0,0,0,1
"POINT (9.105704741000068 48.732654110000055)",Unfall 204104 (2023) Kat:3, Licht: 2,204104,3,3,5,02,18,4,0,2,1,1,0,0,0,0
"POINT (9.118593072000067 48.747711452000033)",Unfall 204105 (2023) Kat:3, Licht: 0,204105,3,7,0,02,08,4,0,0,0,1,0,1,0,0
"POINT (9.251912676000074 48.768888928000081)",Unfall 204141 (2023) Kat:3, Licht: 2,204141,3,6,4,02,18,3,0,2,0,1,0,0,0,0
"POINT (9.220265139000048 48.801141982000047)",Unfall 204142 (2023) Kat:3, Licht: 0,204142,3,4,6,02,07,3,0,0,0,1,1,0,0,0
"POINT (9.138247379000063 48.842166772000041)",Unfall 204143 (2023) Kat:3, Licht: 0,204143,3,1,8,02,07,3,0,0,0,1,0,0,0,0
"POINT (9.214121814000066 48.818181515000049)",Unfall 204146 (2023) Kat:3, Licht: 0,204146,3,3,5,03,14,7,0,0,0,1,0,0,0,0
"POINT (9.111183190000077 48.746980934000078)",Unfall 204186 (2023) Kat:3, Licht: 0,204186,3,7,4,04,16,6,1,0,1,1,0,0,0,0
"POINT (9.156342071000040 48.773013690000028)",Unfall 204187 (2023) Kat:3, Licht: 2,204187,3,1,0,04,21,6,1,2,0,0,0,1,0,0
"POINT (9.111387789000048 48.801793184000076)",Unfall 204223 (2023) Kat:3, Licht: 0,204223,3,2,4,04,17,5,0,0,0,1,0,1,0,0
"POINT (9.251836926000067 48.778101403000051)",Unfall 204224 (2023) Kat:3, Licht: 0,204224,3,6,2,04,15,5,0,0,0,1,0,0,0,0
"POINT (9.224688501000060 48.840197729000067)",Unfall 204261 (2023) Kat:3, Licht: 0,204261,3,7,0,04,17,4,0,0,0,0,0,0,0,1
"POINT (9.120723035000026 48.822676338000065)",Unfall 204262 (2023) Kat:3, Licht: 0,204262,3,6,1,04,17,4,0,0,0,1,0,0,0,0
"POINT (9.105466270000022 48.723831259000065)",Unfall 204263 (2023) Kat:3, Licht: 0,204263,3,4,6,04,07,4,0,0,0,1,1,0,0,0
"POINT (9.149714572000050 48.758509482000079)",Unfall 204264 (2023) Kat:3, Licht: 0,204264,3,7,0,04,18,4,0,0,1,1,0,0,0,0
"POINT (9.154067415000043 48.849329026000078)",Unfall 204284 (2023) Kat:3, Licht: 0,204284,3,3,5,04,08,3,1,0,0,1,0,0,0,1
"POINT (9.182447500000023 48.774802417000046)",Unfall 204285 (2023) Kat:2, Licht: 0,204285,2,4,6,04,18,3,0,0,0,1,1,0,0,0
"POINT (9.174345688000074 48.790035604000082)",Unfall 204311 (2023) Kat:2, Licht: 0,204311,2,4,6,04,16,2,0,0,0,1,1,0,0,0
"POINT (9.105891653000072 48.738995861000035)",Unfall 204312 (2023) Kat:3, Licht: 0,204312,3,3,5,04,08,2,0,0,1,1,0,0,0,0
"POINT (9.152914323000061 48.777359251000064)",Unfall 204313 (2023) Kat:3, Licht: 0,204313,3,6,4,04,19,2,0,0,1,1,0,0,0,0
"POINT (9.150685945000021 48.773968642000057)",Unfall 204314 (2023) Kat:3, Licht: 0,204314,3,4,6,04,08,2,1,0,1,0,1,0,0,0
"POINT (9.218695156000024 48.842867731000069)",Unfall 204332 (2023) Kat:3, Licht: 0,204332,3,4,6,04,17,1,0,0,0,1,1,0,0,0
"POINT (9.171978578000051 48.740916461000040)",Unfall 204333 (2023) Kat:3, Licht: 2,204333,3,3,5,04,01,1,0,2,0,1,0,0,0,0
"POINT (9.093167482000069 48.738695769000060)",Unfall 204369 (2023) Kat:3, Licht: 0,204369,3,3,5,04,20,7,0,0,0,1,0,0,0,0
"POINT (9.233237459000065 48.741183353000054)",Unfall 204370 (2023) Kat:3, Licht: 0,204370,3,1,0,04,15,7,0,0,1,0,0,0,0,0
"POINT (9.177421739000067 48.784117693000042)",Unfall 204371 (2023) Kat:3, Licht: 0,204371,3,3,0,04,16,7,0,0,0,1,0,0,0,1
"POINT (9.173810914000057 48.827485070000080)",Unfall 204417 (2023) Kat:2, Licht: 0,204417,2,4,6,04,19,6,0,0,0,1,1,0,0,0
"POINT (9.145945067000071 48.730563562000043)",Unfall 204418 (2023) Kat:3, Licht: 0,204418,3,3,5,04,17,6,0,0,1,1,0,0,0,0
"POINT (9.203487253000048 48.817992887000059)",Unfall 204419 (2023) Kat:3, Licht: 0,204419,3,6,2,04,15,6,0,0,0,1,0,0,0,0
"POINT (9.169453717000067 48.708381228000064)",Unfall 204420 (2023) Kat:3, Licht: 0,204420,3,7,6,04,08,6,0,0,0,0,1,0,1,0
"POINT (9.174048778000042 48.771679715000062)",Unfall 204453 (2023) Kat:2, Licht: 0,204453,2,3,0,04,17,5,1,0,1,0,0,0,0,1
"POINT (9.111207715000035 48.729033320000042)",Unfall 204455 (2023) Kat:3, Licht: 0,204455,3,3,5,04,17,5,0,0,1,1,0,0,0,0
"POINT (9.174126560000047 48.772687643000040)",Unfall 204456 (2023) Kat:3, Licht: 0,204456,3,6,4,04,09,5,0,0,1,1,0,0,0,0
"POINT (9.224377487000027 48.784610687000054)",Unfall 204492 (2023) Kat:3, Licht: 0,204492,3,3,5,04,17,4,0,0,0,1,0,0,0,0
"POINT (9.162278810000032 48.808492015000070)",Unfall 204518 (2023) Kat:3, Licht: 0,204518,3,3,5,04,16,3,0,0,0,1,0,1,0,0
"POINT (9.185645141000066 48.830756234000035)",Unfall 204549 (2023) Kat:3, Licht: 0,204549,3,2,3,04,15,2,0,0,0,1,0,0,0,1
"POINT (9.161333921000050 48.834370197000055)",Unfall 204550 (2023) Kat:2, Licht: 0,204550,2,5,1,04,15,2,1,0,0,1,0,1,0,0
"POINT (9.247367827000062 48.768925870000032)",Unfall 204585 (2023) Kat:1, Licht: 2,204585,1,4,6,04,22,7,1,2,0,0,1,0,0,1
"POINT (9.209524385000066 48.780984303000025)",Unfall 204618 (2023) Kat:2, Licht: 0,204618,2,6,3,04,10,6,0,0,1,0,0,0,0,1
"POINT (9.177190375000066 48.815627509000080)",Unfall 204619 (2023) Kat:3, Licht: 1,204619,3,7,2,04,19,6,0,1,0,1,0,0,0,0
"POINT (9.231832070000053 48.757160292000037)",Unfall 204620 (2023) Kat:2, Licht: 0,204620,2,1,8,04,14,6,0,0,1,0,0,0,0,0
"POINT (9.155810338000038 48.760562681000067)",Unfall 204621 (2023) Kat:3, Licht: 0,204621,3,6,2,04,14,6,0,0,1,0,0,0,0,0
"POINT (9.177012255000022 48.762225999000066)",Unfall 204622 (2023) Kat:3, Licht: 0,204622,3,7,6,04,13,6,0,0,0,0,1,0,0,1
"POINT (9.161545785000044 48.809825212000078)",Unfall 204648 (2023) Kat:3, Licht: 0,204648,3,3,8,04,18,5,1,0,0,1,0,0,0,0
"POINT (9.159375308000051 48.833091879000051)",Unfall 204675 (2023) Kat:2, Licht: 2,204675,2,1,4,04,00,4,0,2,0,1,0,0,0,0
"POINT (9.223190637000073 48.803519839000046)",Unfall 204676 (2023) Kat:3, Licht: 0,204676,3,3,5,04,08,4,1,0,0,1,0,0,0,0
"POINT (9.209798313000022 48.809629111000049)",Unfall 204709 (2023) Kat:3, Licht: 0,204709,3,6,2,04,13,3,0,0,0,1,0,0,0,0