WKT,Name,OBJECTID,UKATEGORIE,UTYP1,UART,UMONAT,USTUNDE,UWOCHENTAG,STRZUSTAND,ULICHTVERH,ISTRAD,ISTPKW,ISTFUSS,ISTKRAD,ISTGKFZ,ISTSONSTIG
"POINT (9.162118274000022 48.770168954000042)",Unfall 204710 (2023) Kat:3, Licht: 0,204710,3,3,0,04,08,3,1,0,1,0,0,0,0,0
"POINT (9.215906169000050 48.821250404000068)",Unfall 204730 (2023) Kat:3, Licht: 0,204730,3,6,4,04,08,2,0,0,0,1,0,0,0,0
"POINT (9.270218734000025 48.764522964000037)",Unfall 204731 (2023) Kat:2, Licht: 0,204731,2,1,2,04,12,2,0,0,1,1,0,0,0,0
"POINT (9.154252216000032 48.850759354000047)",Unfall 204740 (2023) Kat:3, Licht: 0,204740,3,4,6,04,17,1,0,0,0,1,1,0,0,0
"POINT (9.208296170000040 48.720244157000081)",Unfall 204741 (2023) Kat:3, Licht: 0,204741,3,3,0,04,16,1,0,0,0,1,0,0,0,1
"POINT (9.217185644000040 48.803911901000049)",Unfall 204767 (2023) Kat:3, Licht: 0,204767,3,6,3,04,14,7,0,0,0,1,0,0,0,1
"POINT (9.256573761000027 48.757177011000067)",Unfall 204780 (2023) Kat:3, Licht: 0,204780,3,6,1,04,16,6,0,0,0,1,0,0,0,0
"POINT (9.191017605000070 48.779094129000043)",Unfall 204781 (2023) Kat:3, Licht: 0,204781,3,5,1,04,14,6,1,0,0,1,0,0,0,0
"POINT (9.206968368000048 48.819669647000069)",Unfall 204817 (2023) Kat:3, Licht: 0,204817,3,6,2,04,17,5,0,0,0,1,0,0,0,0
"POINT (9.175238004000050 48.775225751000050)",Unfall 204818 (2023) Kat:3, Licht: 2,204818,3,3,5,04,22,5,0,2,1,1,0,0,0,0
"POINT (9.214230619000034 48.736667214000079)",Unfall 204819 (2023) Kat:3, Licht: 0,204819,3,7,0,04,18,5,0,0,0,0,0,1,0,0
"POINT (9.195508113000074 48.773240369000064)",Unfall 204820 (2023) Kat:3, Licht: 0,204820,3,7,0,04,10,5,0,0,0,0,0,1,0,0
"POINT (9.150034370000071 48.777983973000062)",Unfall 204821 (2023) Kat:2, Licht: 1,204821,2,7,0,04,19,5,0,1,1,0,0,0,0,0
"POINT (9.137981645000025 48.773671765000074)",Unfall 204854 (2023) Kat:3, Licht: 0,204854,3,1,6,04,13,4,0,0,0,0,1,0,0,1
"POINT (9.244117097000071 48.802689958000030)",Unfall 204855 (2023) Kat:2, Licht: 0,204855,2,1,0,04,09,4,0,0,1,0,0,0,0,0
"POINT (9.259405545000050 48.790077594000081)",Unfall 204856 (2023) Kat:3, Licht: 0,204856,3,4,0,04,16,4,0,0,0,1,1,0,0,0
"POINT (9.198492935000047 48.767075379000062)",Unfall 204857 (2023) Kat:3, Licht: 0,204857,3,4,6,04,13,4,0,0,0,1,1,0,0,0
"POINT (9.205926317000035 48.840736532000051)",Unfall 204858 (2023) Kat:3, Licht: 0,204858,3,3,5,04,18,4,0,0,1,1,0,0,0,0
"POINT (9.105888230000062 48.738994431000037)",Unfall 204892 (2023) Kat:3, Licht: 0,204892,3,3,5,04,19,3,0,0,1,1,0,0,0,0
"POINT (9.215385169000058 48.804958030000080)",Unfall 204893 (2023) Kat:3, Licht: 0,204893,3,3,5,04,13,3,0,0,1,1,0,0,0,0
"POINT (9.153228590000026 48.834621803000061)",Unfall 204894 (2023) Kat:2, Licht: 2,204894,2,5,1,04,22,3,0,2,0,1,0,1,0,0
"POINT (9.213112557000045 48.840661994000072)",Unfall 204920 (2023) Kat:3, Licht: 2,204920,3,3,0,04,22,2,0,2,0,1,0,1,0,0
"POINT (9.193906354000035 48.766450430000077)",Unfall 204921 (2023) Kat:3, Licht: 0,204921,3,7,0,04,08,2,0,0,1,0,0,0,0,0
"POINT (9.101795321000054 48.727476832000036)",Unfall 204922 (2023) Kat:3, Licht: 0,204922,3,2,5,04,15,2,0,0,1,1,0,0,0,0
"POINT (9.267893863000040 48.764171964000070)",Unfall 204934 (2023) Kat:3, Licht: 0,204934,3,4,6,04,18,1,0,0,0,1,1,0,0,0
"POINT (9.111958686000037 48.814254090000077)",Unfall 204948 (2023) Kat:3, Licht: 0,204948,3,6,2,04,14,7,0,0,0,1,0,1,0,0
"POINT (9.218260158000021 48.783247755000048)",Unfall 204949 (2023) Kat:3, Licht: 0,204949,3,1,0,04,17,7,0,0,1,0,0,0,0,0
"POINT (9.218150624000032 48.808080364000034)",Unfall 204992 (2023) Kat:3, Licht: 0,204992,3,6,3,03,19,6,0,0,0,1,0,0,0,1
"POINT (9.169491400000027 48.776357009000037)",Unfall 204993 (2023) Kat:3, Licht: 0,204993,3,7,2,03,13,6,1,0,0,1,0,0,0,0
"POINT (9.212024385000063 48.847487350000051)",Unfall 205009 (2023) Kat:2, Licht: 0,205009,2,1,0,04,18,4,0,0,0,0,0,1,0,0
"POINT (9.139996253000049 48.754900502000055)",Unfall 205031 (2023) Kat:3, Licht: 0,205031,3,7,8,03,11,5,1,0,0,1,0,0,0,0
"POINT (9.242069573000038 48.772075900000061)",Unfall 205032 (2023) Kat:3, Licht: 0,205032,3,1,0,03,18,5,1,0,1,0,0,0,0,0
"POINT (9.190518800000063 48.788810189000060)",Unfall 205036 (2023) Kat:3, Licht: 0,205036,3,6,2,04,17,6,0,0,0,1,0,0,0,0
"POINT (9.128547019000052 48.814385463000065)",Unfall 205065 (2023) Kat:3, Licht: 2,205065,3,1,8,03,19,4,0,2,0,1,0,0,0,0
"POINT (9.215371659000027 48.802233309000030)",Unfall 205066 (2023) Kat:3, Licht: 0,205066,3,2,3,03,16,4,1,0,1,1,0,0,0,0
"POINT (9.184969404000071 48.832736848000081)",Unfall 205067 (2023) Kat:3, Licht: 0,205067,3,2,4,03,16,4,0,0,0,1,0,1,0,0
"POINT (9.162628070000039 48.783891556000071)",Unfall 205068 (2023) Kat:3, Licht: 0,205068,3,4,6,03,12,4,0,0,0,1,1,0,0,0
"POINT (9.118356396000024 48.820370595000043)",Unfall 205109 (2023) Kat:3, Licht: 0,205109,3,3,5,03,10,3,0,0,0,1,0,0,0,1
"POINT (9.137606637000033 48.774109468000063)",Unfall 205110 (2023) Kat:3, Licht: 0,205110,3,7,1,03,07,3,0,0,1,1,0,0,0,0
"POINT (9.224366907000046 48.784605872000043)",Unfall 205111 (2023) Kat:3, Licht: 0,205111,3,7,0,03,14,3,0,0,0,0,0,1,0,0
"POINT (9.169130400000029 48.765888905000054)",Unfall 205112 (2023) Kat:3, Licht: 0,205112,3,1,0,03,10,3,0,0,1,0,0,0,0,0
"POINT (9.237725969000053 48.775556066000036)",Unfall 205152 (2023) Kat:3, Licht: 0,205152,3,6,3,04,14,5,0,0,0,1,0,0,0,0
"POINT (9.216231777000075 48.783732603000033)",Unfall 205154 (2023) Kat:3, Licht: 0,205154,3,3,0,03,16,2,0,0,0,1,0,1,0,0
"POINT (9.172413484000060 48.779254994000041)",Unfall 205155 (2023) Kat:3, Licht: 0,205155,3,1,9,03,10,2,0,0,0,1,0,0,0,0
"POINT (9.155923654000048 48.775936893000051)",Unfall 205156 (2023) Kat:3, Licht: 0,205156,3,6,2,03,17,2,0,0,0,1,0,0,0,0
"POINT (9.111673644000064 48.813699133000057)",Unfall 205169 (2023) Kat:3, Licht: 0,205169,3,2,2,03,16,1,1,0,0,1,0,0,0,0
"POINT (9.175281931000029 48.783406763000073)",Unfall 205170 (2023) Kat:2, Licht: 2,205170,2,7,0,03,22,1,1,2,1,0,0,0,0,0
"POINT (9.160381731000030 48.775632326000050)",Unfall 205195 (2023) Kat:3, Licht: 0,205195,3,5,1,03,12,7,1,0,0,1,0,0,0,0
"POINT (9.212357513000029 48.855218094000065)",Unfall 205196 (2023) Kat:3, Licht: 0,205196,3,1,9,03,14,7,0,0,0,1,0,0,0,0
"POINT (9.179477853000037 48.775659914000073)",Unfall 205197 (2023) Kat:3, Licht: 2,205197,3,7,6,03,20,7,1,2,0,0,1,0,0,1
"POINT (9.113435898000034 48.744094751000034)",Unfall 205234 (2023) Kat:2, Licht: 0,205234,2,2,5,05,17,4,0,0,1,0,0,0,0,0
"POINT (9.117134986000053 48.815070491000029)",Unfall 205235 (2023) Kat:2, Licht: 0,205235,2,3,5,05,13,4,0,0,1,1,0,0,0,0
"POINT (9.166139379000072 48.811173423000071)",Unfall 205236 (2023) Kat:3, Licht: 0,205236,3,3,5,05,12,4,0,0,0,1,0,0,0,1
"POINT (9.219780036000031 48.802877758000079)",Unfall 205237 (2023) Kat:3, Licht: 0,205237,3,2,5,05,18,4,0,0,1,1,0,0,0,0
"POINT (9.100023397000029 48.725067581000076)",Unfall 205238 (2023) Kat:2, Licht: 0,205238,2,2,0,05,20,4,0,0,1,1,0,0,0,0
"POINT (9.183353355000065 48.766278048000061)",Unfall 205239 (2023) Kat:3, Licht: 0,205239,3,6,2,05,10,4,0,0,0,1,0,0,0,0
"POINT (9.147822904000066 48.774688304000051)",Unfall 205282 (2023) Kat:2, Licht: 0,205282,2,2,5,05,17,3,0,0,0,1,0,0,0,1
"POINT (9.159274665000055 48.809298138000031)",Unfall 205283 (2023) Kat:3, Licht: 0,205283,3,6,2,05,10,3,0,0,0,1,0,0,0,0
"POINT (9.178469866000057 48.829680520000068)",Unfall 205284 (2023) Kat:3, Licht: 0,205284,3,7,0,05,08,3,0,0,1,0,1,0,0,0
"POINT (9.154913339000075 48.835494315000062)",Unfall 205285 (2023) Kat:3, Licht: 1,205285,3,6,3,05,05,3,0,1,0,1,0,1,0,0
"POINT (9.210255392000022 48.821175347000064)",Unfall 205286 (2023) Kat:3, Licht: 0,205286,3,6,2,05,14,3,0,0,0,1,0,0,0,0
"POINT (9.209465081000076 48.706709896000064)",Unfall 205334 (2023) Kat:3, Licht: 0,205334,3,4,6,05,14,2,0,0,0,1,1,0,0,0
"POINT (9.181050676000041 48.771280987000068)",Unfall 205335 (2023) Kat:3, Licht: 0,205335,3,7,0,05,12,2,0,0,1,0,0,0,0,0
"POINT (9.177742179000063 48.780037733000029)",Unfall 205336 (2023) Kat:3, Licht: 0,205336,3,7,0,05,12,2,0,0,1,0,0,0,0,0
"POINT (9.226583069000071 48.802259684000035)",Unfall 205388 (2023) Kat:3, Licht: 2,205388,3,3,5,05,23,7,0,2,0,1,0,0,0,0
"POINT (9.174274670000045 48.828359039000077)",Unfall 205493 (2023) Kat:3, Licht: 0,205493,3,3,5,05,18,4,0,0,1,1,0,0,0,0
"POINT (9.178975167000033 48.771187109000039)",Unfall 205494 (2023) Kat:3, Licht: 0,205494,3,2,5,05,07,4,0,0,1,0,0,0,0,1
"POINT (9.185180678000052 48.793138663000036)",Unfall 205495 (2023) Kat:3, Licht: 2,205495,3,5,1,05,23,4,0,2,0,1,0,0,0,0
"POINT (9.151109295000026 48.775293590000047)",Unfall 205519 (2023) Kat:3, Licht: 2,205519,3,7,0,05,22,3,0,2,1,1,0,0,0,0
"POINT (9.156736158000058 48.835836021000034)",Unfall 205520 (2023) Kat:3, Licht: 0,205520,3,3,5,05,14,3,0,0,0,1,0,0,0,0
"POINT (9.131671669000070 48.719882076000033)",Unfall 205521 (2023) Kat:3, Licht: 0,205521,3,6,3,05,10,3,0,0,0,1,0,0,0,0
"POINT (9.209030120000023 48.813868329000059)",Unfall 205556 (2023) Kat:2, Licht: 2,205556,2,7,0,05,00,2,0,2,0,0,0,0,0,1
"POINT (9.143137977000038 48.730167850000043)",Unfall 205558 (2023) Kat:3, Licht: 0,205558,3,5,1,05,13,2,0,0,1,1,0,0,0,0
"POINT (9.221885389000022 48.823509173000048)",Unfall 205599 (2023) Kat:3, Licht: 2,205599,3,1,9,05,23,7,1,2,0,1,0,0,0,0
"POINT (9.116699025000059 48.724930320000055)",Unfall 205600 (2023) Kat:3, Licht: 0,205600,3,3,5,05,13,7,0,0,0,1,0,0,0,1
"POINT (9.216571370000054 48.805852422000044)",Unfall 205601 (2023) Kat:3, Licht: 0,205601,3,7,0,05,14,7,0,0,0,0,0,0,0,1
"POINT (9.242961914000034 48.776083563000043)",Unfall 205602 (2023) Kat:3, Licht: 0,205602,3,6,2,05,14,7,0,0,0,1,0,0,0,0
"POINT (9.173768184000039 48.771425010000030)",Unfall 205603 (2023) Kat:3, Licht: 2,205603,3,1,0,05,00,7,0,2,0,0,0,0,0,1
"POINT (9.172764779000033 48.765147484000067)",Unfall 205648 (2023) Kat:3, Licht: 0,205648,3,2,5,05,09,6,0,0,1,0,0,0,0,0
"POINT (9.131300004000025 48.777646043000061)",Unfall 205649 (2023) Kat:3, Licht: 0,205649,3,3,0,05,17,6,0,0,0,1,0,1,0,0
"POINT (9.148858882000070 48.757238777000055)",Unfall 205690 (2023) Kat:3, Licht: 0,205690,3,3,5,05,13,5,1,0,1,1,0,0,0,0
"POINT (9.143171461000065 48.770364388000075)",Unfall 205691 (2023) Kat:3, Licht: 0,205691,3,3,5,05,10,5,1,0,0,1,0,0,0,1
"POINT (9.148234198000068 48.726250248000042)",Unfall 205692 (2023) Kat:3, Licht: 0,205692,3,3,5,05,16,5,0,0,1,1,0,0,0,0
"POINT (9.160479995000060 48.778959665000059)",Unfall 205693 (2023) Kat:3, Licht: 0,205693,3,3,5,05,09,5,1,0,0,1,0,0,0,1
"POINT (9.171517154000071 48.811030856000059)",Unfall 205694 (2023) Kat:3, Licht: 0,205694,3,5,1,05,07,5,1,0,0,1,0,0,0,0
"POINT (9.185356175000038 48.771731047000060)",Unfall 205727 (2023) Kat:3, Licht: 0,205727,3,5,0,05,07,4,0,0,0,1,0,1,0,0
"POINT (9.108014242000024 48.737451687000032)",Unfall 205728 (2023) Kat:3, Licht: 0,205728,3,2,5,05,15,4,0,0,1,1,0,0,0,0
"POINT (9.157762503000072 48.743171420000067)",Unfall 205729 (2023) Kat:3, Licht: 0,205729,3,5,1,05,07,4,1,0,1,1,0,0,0,0
"POINT (9.131300459000045 48.777655496000079)",Unfall 205730 (2023) Kat:3, Licht: 0,205730,3,3,5,05,08,4,1,0,1,1,0,0,0,0
"POINT (9.221632075000059 48.810387440000056)",Unfall 205769 (2023) Kat:3, Licht: 0,205769,3,7,6,05,14,3,0,0,0,1,1,0,0,0
"POINT (9.165891920000035 48.763544482000043)",Unfall 205770 (2023) Kat:3, Licht: 0,205770,3,3,0,05,11,3,0,0,0,1,0,1,0,0
"POINT (9.255491068000026 48.758591088000060)",Unfall 205811 (2023) Kat:3, Licht: 0,205811,3,5,1,05,08,2,1,0,1,1,0,0,0,0
"POINT (9.166907154000057 48.778953691000027)",Unfall 205812 (2023) Kat:3, Licht: 0,205812,3,7,6,05,17,2,1,0,1,0,1,0,0,0
"POINT (9.106574354000031 48.816506677000064)",Unfall 205839 (2023) Kat:3, Licht: 0,205839,3,5,1,05,17,1,0,0,1,1,0,1,0,0
"POINT (9.156041490000064 48.774973746000057)",Unfall 205840 (2023) Kat:3, Licht: 2,205840,3,3,5,05,04,1,0,2,0,1,0,0,0,0
"POINT (9.201410704000068 48.816789845000073)",Unfall 205841 (2023) Kat:3, Licht: 0,205841,3,6,2,05,15,1,0,0,0,1,0,0,0,0
"POINT (9.114892482000073 48.733355573000040)",Unfall 205842 (2023) Kat:3, Licht: 0,205842,3,6,3,05,12,1,0,0,1,1,0,0,0,0
"POINT (9.167940464000026 48.833935146000044)",Unfall 205893 (2023) Kat:3, Licht: 0,205893,3,4,6,05,10,7,0,0,0,1,1,0,0,0
"POINT (9.179660099000046 48.783707621000076)",Unfall 205950 (2023) Kat:3, Licht: 0,205950,3,6,3,05,19,6,1,0,0,1,0,0,0,1
"POINT (9.158305659000064 48.852246118000039)",Unfall 205951 (2023) Kat:2, Licht: 0,205951,2,4,6,05,17,6,0,0,0,1,1,0,0,0
"POINT (9.159606743000040 48.837612330000070)",Unfall 205952 (2023) Kat:2, Licht: 0,205952,2,3,5,05,14,6,0,0,0,1,0,1,0,0
"POINT (9.214032526000040 48.783744123000076)",Unfall 205953 (2023) Kat:3, Licht: 0,205953,3,7,6,05,09,6,0,0,0,1,1,0,0,0
"POINT (9.190408536000064 48.780673699000033)",Unfall 205954 (2023) Kat:3, Licht: 0,205954,3,2,0,05,11,6,0,0,0,1,0,1,0,0
"POINT (9.105336543000021 48.734662649000029)",Unfall 206076 (2023) Kat:3, Licht: 0,206076,3,3,5,05,16,4,0,0,0,1,0,1,0,0
"POINT (9.098911739000073 48.735237541000060)",Unfall 206077 (2023) Kat:3, Licht: 0,206077,3,2,5,05,18,4,0,0,0,1,0,1,0,0
"POINT (9.217684503000044 48.798217978000025)",Unfall 206079 (2023) Kat:3, Licht: 0,206079,3,6,4,05,18,4,0,0,0,1,0,0,1,0
"POINT (9.229443984000056 48.742461669000079)",Unfall 206080 (2023) Kat:3, Licht: 0,206080,3,4,6,05,12,4,0,0,0,1,1,0,0,0
"POINT (9.223545658000035 48.806028869000045)",Unfall 206129 (2023) Kat:3, Licht: 0,206129,3,3,0,05,07,3,0,0,1,1,0,0,0,0
"POINT (9.158718991000057 48.727199761000065)",Unfall 206131 (2023) Kat:2, Licht: 0,206131,2,7,5,05,08,3,1,0,1,1,0,0,0,0
"POINT (9.137976819000073 48.719097756000053)",Unfall 206132 (2023) Kat:3, Licht: 0,206132,3,6,2,05,12,3,0,0,0,1,0,0,0,0
"POINT (9.169437169000048 48.784082970000043)",Unfall 206160 (2023) Kat:3, Licht: 0,206160,3,7,0,05,13,2,0,0,0,0,0,0,0,1
"POINT (9.147049131000074 48.773867409000047)",Unfall 206219 (2023) Kat:3, Licht: 0,206219,3,6,4,04,15,7,0,0,1,1,0,0,0,0
"POINT (9.234767089000059 48.828015273000062)",Unfall 206220 (2023) Kat:3, Licht: 0,206220,3,6,6,04,10,7,0,0,0,1,1,0,0,0
"POINT (9.262924161000058 48.770114201000069)",Unfall 206221 (2023) Kat:3, Licht: 0,206221,3,3,5,05,08,2,0,0,1,1,0,0,0,0
"POINT (9.233272512000042 48.783195560000081)",Unfall 206222 (2023) Kat:3, Licht: 2,206222,3,1,8,04,23,7,0,2,0,1,0,0,0,0
"POINT (9.178386368000076 48.777955367000061)",Unfall 206223 (2023) Kat:3, Licht: 0,206223,3,1,0,04,19,7,0,0,0,0,0,0,0,1
"POINT (9.228504920000034 48.781133876000069)",Unfall 206265 (2023) Kat:3, Licht: 2,206265,3,7,0,06,00,6,0,2,1,0,0,0,0,0
"POINT (9.273352373000023 48.759223552000037)",Unfall 206308 (2023) Kat:3, Licht: 0,206308,3,7,0,06,18,5,0,0,1,0,0,0,0,0
"POINT (9.246909731000073 48.756673731000035)",Unfall 206309 (2023) Kat:3, Licht: 0,206309,3,6,4,06,17,5,0,0,1,1,0,0,0,0
"POINT (9.171519635000038 48.778499987000032)",Unfall 206310 (2023) Kat:3, Licht: 0,206310,3,3,5,06,10,5,0,0,0,1,0,0,0,0
"POINT (9.256000454000059 48.777172761000031)",Unfall 206368 (2023) Kat:3, Licht: 0,206368,3,6,4,06,07,4,0,0,1,1,0,0,0,0
"POINT (9.209281675000057 48.780913878000035)",Unfall 206369 (2023) Kat:3, Licht: 0,206369,3,3,5,06,08,4,0,0,1,1,0,0,0,0
"POINT (9.155820931000051 48.777380801000049)",Unfall 206370 (2023) Kat:3, Licht: 2,206370,3,3,0,06,00,4,0,2,0,0,0,1,0,1
"POINT (9.174093426000070 48.799421073000076)",Unfall 206371 (2023) Kat:3, Licht: 0,206371,3,6,2,06,15,4,0,0,0,1,0,1,0,0
"POINT (9.173712569000031 48.775886728000046)",Unfall 206372 (2023) Kat:3, Licht: 0,206372,3,3,5,06,16,4,0,0,0,1,0,0,0,1
"POINT (9.174217178000049 48.831682067000031)",Unfall 206427 (2023) Kat:3, Licht: 0,206427,3,2,6,06,17,3,0,0,0,1,1,0,0,0
"POINT (9.196017983000047 48.833355689000030)",Unfall 206428 (2023) Kat:3, Licht: 0,206428,3,5,1,06,18,3,0,0,0,1,0,0,0,1
"POINT (9.168791347000024 48.763714355000047)",Unfall 206429 (2023) Kat:3, Licht: 0,206429,3,4,0,06,16,3,0,0,0,0,1,1,0,0
"POINT (9.192025602000058 48.787146713000027)",Unfall 206488 (2023) Kat:3, Licht: 0,206488,3,5,1,06,17,2,0,0,1,1,0,0,0,0
"POINT (9.106649672000060 48.738419735000036)",Unfall 206489 (2023) Kat:3, Licht: 0,206489,3,2,5,06,19,2,0,0,1,1,0,0,0,0
"POINT (9.190299258000039 48.839753362000067)",Unfall 206490 (2023) Kat:3, Licht: 0,206490,3,3,5,06,14,2,0,0,1,1,0,0,0,0
"POINT (9.190169624000021 48.799359124000034)",Unfall 206517 (2023) Kat:3, Licht: 0,206517,3,2,5,06,14,1,0,0,0,1,0,0,0,1
"POINT (9.227526717000046 48.804299027000070)",Unfall 206518 (2023) Kat:3, Licht: 0,206518,3,3,5,06,19,1,0,0,0,1,0,0,0,1
"POINT (9.172351927000022 48.769890334000081)",Unfall 206519 (2023) Kat:3, Licht: 0,206519,3,7,0,06,17,1,0,0,1,0,0,0,0,0
"POINT (9.245285718000048 48.771847586000035)",Unfall 206566 (2023) Kat:3, Licht: 0,206566,3,4,0,06,18,7,0,0,0,0,1,0,0,1
"POINT (9.182470730000034 48.782589749000067)",Unfall 206567 (2023) Kat:3, Licht: 0,206567,3,6,2,06,15,7,0,0,0,1,0,1,0,0
"POINT (9.211334942000065 48.815240155000026)",Unfall 206609 (2023) Kat:3, Licht: 0,206609,3,5,1,06,13,6,0,0,0,1,0,0,0,0
"POINT (9.156964071000061 48.835878620000074)",Unfall 206610 (2023) Kat:2, Licht: 0,206610,2,1,0,06,14,6,0,0,1,0,0,0,0,0
"POINT (9.223793250000028 48.813535104000039)",Unfall 206611 (2023) Kat:3, Licht: 0,206611,3,7,3,06,12,6,0,0,0,1,0,0,0,1
"POINT (9.206584431000067 48.784041385000080)",Unfall 206612 (2023) Kat:3, Licht: 0,206612,3,5,1,06,14,6,0,0,1,1,0,0,0,0
"POINT (9.211295481000036 48.761746329000061)",Unfall 206646 (2023) Kat:2, Licht: 2,206646,2,7,9,06,01,5,0,2,0,1,0,0,0,0
"POINT (9.189418564000050 48.791769359000057)",Unfall 206687 (2023) Kat:3, Licht: 0,206687,3,7,2,06,11,4,0,0,0,0,0,0,0,1
"POINT (9.197691247000023 48.776316871000063)",Unfall 206688 (2023) Kat:3, Licht: 0,206688,3,7,0,06,11,4,0,0,0,0,0,1,0,0
"POINT (9.259034922000069 48.775074060000065)",Unfall 206689 (2023) Kat:3, Licht: 0,206689,3,4,6,06,19,4,0,0,0,1,1,0,0,0
"POINT (9.170699477000028 48.780115647000059)",Unfall 206690 (2023) Kat:3, Licht: 0,206690,3,5,1,06,08,4,0,0,1,1,0,0,0,0
"POINT (9.194798776000027 48.801865557000042)",Unfall 206694 (2023) Kat:3, Licht: 0,206694,3,7,0,06,18,5,1,0,0,0,0,1,0,1
"POINT (9.182261783000058 48.787685203000080)",Unfall 206737 (2023) Kat:3, Licht: 2,206737,3,7,0,06,00,3,0,2,1,1,0,0,0,0
"POINT (9.219609707000075 48.823401973000045)",Unfall 206738 (2023) Kat:3, Licht: 0,206738,3,2,2,06,15,3,0,0,0,1,0,1,0,0
"POINT (9.163699936000057 48.783783913000036)",Unfall 206739 (2023) Kat:3, Licht: 0,206739,3,6,2,06,12,3,0,0,0,1,0,0,0,0
"POINT (9.221414455000058 48.811656043000028)",Unfall 206780 (2023) Kat:3, Licht: 0,206780,3,3,5,06,19,2,0,0,0,1,0,0,0,1
"POINT (9.159468182000069 48.844476184000030)",Unfall 206781 (2023) Kat:2, Licht: 0,206781,2,7,0,06,15,2,0,0,0,0,0,1,0,0
"POINT (9.178854588000036 48.791026674000079)",Unfall 206782 (2023) Kat:3, Licht: 0,206782,3,2,5,06,08,2,0,0,0,1,0,0,0,0
"POINT (9.090892279000059 48.804339844000026)",Unfall 206784 (2023) Kat:3, Licht: 0,206784,3,1,1,06,15,2,0,0,0,1,0,0,0,1
"POINT (9.179672188000040 48.843736099000068)",Unfall 206785 (2023) Kat:3, Licht: 0,206785,3,3,5,06,10,2,0,0,0,1,0,0,1,0
"POINT (9.159330054000066 48.714525233000074)",Unfall 206786 (2023) Kat:3, Licht: 0,206786,3,3,5,06,16,2,0,0,1,1,0,0,0,0
"POINT (9.150707459000046 48.730711155000051)",Unfall 206787 (2023) Kat:3, Licht: 0,206787,3,2,0,06,12,2,0,0,1,1,0,0,0,0
"POINT (9.212843804000045 48.820873516000063)",Unfall 206818 (2023) Kat:3, Licht: 2,206818,3,1,0,06,22,1,0,2,0,0,0,0,0,1
"POINT (9.212867670000037 48.820863334000080)",Unfall 206819 (2023) Kat:3, Licht: 2,206819,3,1,0,06,22,1,0,2,0,0,0,0,0,1
"POINT (9.214052796000033 48.788728487000071)",Unfall 206854 (2023) Kat:2, Licht: 2,206854,2,7,9,06,01,7,0,2,1,0,0,0,0,0
"POINT (9.194438804000072 48.807128666000040)",Unfall 206855 (2023) Kat:3, Licht: 0,206855,3,3,5,06,09,7,0,0,0,1,0,0,0,1
"POINT (9.243906234000065 48.775995510000030)",Unfall 206856 (2023) Kat:3, Licht: 0,206856,3,4,6,06,08,7,0,0,0,0,1,0,0,1
"POINT (9.131551285000057 48.826059235000059)",Unfall 206857 (2023) Kat:3, Licht: 0,206857,3,7,0,06,11,7,1,0,1,0,0,0,0,0
"POINT (9.158846117000053 48.828986915000030)",Unfall 206910 (2023) Kat:3, Licht: 0,206910,3,6,0,06,10,6,0,0,1,0,0,0,0,1
"POINT (9.152731318000065 48.779514206000044)",Unfall 206911 (2023) Kat:3, Licht: 2,206911,3,7,0,06,20,6,1,2,0,0,0,1,0,0
"POINT (9.170723741000074 48.778982563000056)",Unfall 206958 (2023) Kat:3, Licht: 0,206958,3,6,2,06,16,5,0,0,0,1,0,0,0,0
"POINT (9.209442873000057 48.816552550000040)",Unfall 206960 (2023) Kat:3, Licht: 1,206960,3,1,0,06,20,5,0,1,0,0,0,0,0,1
"POINT (9.195380370000066 48.810616683000035)",Unfall 206961 (2023) Kat:3, Licht: 2,206961,3,1,0,06,01,5,0,2,0,0,0,0,0,1
"POINT (9.209895121000045 48.809542691000047)",Unfall 206962 (2023) Kat:3, Licht: 0,206962,3,2,5,06,15,5,0,0,0,1,0,0,0,1
"POINT (9.179011001000049 48.770348793000039)",Unfall 206963 (2023) Kat:2, Licht: 2,206963,2,7,0,06,23,5,0,2,1,0,0,0,0,0
"POINT (9.217223423000064 48.798755412000048)",Unfall 206984 (2023) Kat:3, Licht: 0,206984,3,3,0,06,06,3,0,0,1,1,0,0,0,0
"POINT (9.159096963000025 48.836277477000067)",Unfall 207021 (2023) Kat:3, Licht: 0,207021,3,3,5,05,07,4,0,0,0,1,0,0,0,0
"POINT (9.210427531000050 48.808263033000060)",Unfall 207022 (2023) Kat:3, Licht: 0,207022,3,3,5,05,06,4,0,0,1,1,0,0,0,0
"POINT (9.203580868000074 48.817910942000026)",Unfall 207023 (2023) Kat:3, Licht: 0,207023,3,7,0,05,09,4,0,0,0,0,0,1,0,0
"POINT (9.168059657000072 48.778148498000064)",Unfall 207061 (2023) Kat:2, Licht: 0,207061,2,1,0,05,19,3,0,0,0,0,0,1,0,0
"POINT (9.208658703000026 48.813251471000058)",Unfall 207088 (2023) Kat:3, Licht: 0,207088,3,4,6,05,17,2,0,0,0,1,1,0,0,0
"POINT (9.234839752000028 48.840768457000081)",Unfall 207089 (2023) Kat:3, Licht: 0,207089,3,6,3,05,20,2,0,0,1,0,0,0,0,0