WKT,Name,OBJECTID,UKATEGORIE,UTYP1,UART,UMONAT,USTUNDE,UWOCHENTAG,STRZUSTAND,ULICHTVERH,ISTRAD,ISTPKW,ISTFUSS,ISTKRAD,ISTGKFZ,ISTSONSTIG
"POINT (9.180391689000032 48.780786120000073)",Unfall 207134 (2023) Kat:3, Licht: 1,207134,3,4,6,05,19,1,0,1,0,0,1,0,0,1
"POINT (9.110653319000050 48.812649787000055)",Unfall 207135 (2023) Kat:3, Licht: 0,207135,3,2,5,05,13,1,0,0,1,1,0,0,0,0
"POINT (9.210951645000023 48.812039863000052)",Unfall 207136 (2023) Kat:3, Licht: 0,207136,3,7,6,05,15,1,0,0,0,1,1,0,0,0
"POINT (9.220711050000034 48.796509439000033)",Unfall 207182 (2023) Kat:3, Licht: 0,207182,3,4,6,05,13,7,0,0,0,1,1,0,0,0
"POINT (9.219993463000037 48.801358562000075)",Unfall 207183 (2023) Kat:3, Licht: 0,207183,3,6,2,05,17,7,0,0,0,1,0,0,0,0
"POINT (9.220815355000070 48.703320896000037)",Unfall 207250 (2023) Kat:3, Licht: 0,207250,3,7,6,05,08,6,0,0,0,1,1,0,0,0
"POINT (9.172951726000065 48.755100128000038)",Unfall 207251 (2023) Kat:3, Licht: 2,207251,3,5,1,05,22,6,0,2,0,1,0,0,0,1
"POINT (9.164578284000072 48.832319235000057)",Unfall 207252 (2023) Kat:2, Licht: 2,207252,2,6,2,05,21,6,0,2,0,1,0,1,0,0
"POINT (9.238740984000060 48.746234786000059)",Unfall 207253 (2023) Kat:3, Licht: 0,207253,3,4,6,05,15,6,0,0,0,1,1,0,0,0
"POINT (9.175519467000072 48.811018865000051)",Unfall 207254 (2023) Kat:3, Licht: 1,207254,3,1,8,05,21,6,0,1,0,0,0,1,0,0
"POINT (9.232139373000052 48.781055456000047)",Unfall 207255 (2023) Kat:3, Licht: 0,207255,3,2,4,06,15,3,0,0,0,1,0,1,0,0
"POINT (9.270861634000028 48.761321497000040)",Unfall 207256 (2023) Kat:3, Licht: 0,207256,3,7,9,05,10,6,0,0,0,1,0,0,0,0
"POINT (9.121471499000052 48.717613824000068)",Unfall 207257 (2023) Kat:2, Licht: 0,207257,2,1,8,05,17,6,0,0,0,0,0,1,0,1
"POINT (9.210173960000077 48.746467351000035)",Unfall 207258 (2023) Kat:3, Licht: 0,207258,3,7,1,05,16,6,0,0,0,1,0,0,0,0
"POINT (9.107654929000034 48.813403314000027)",Unfall 207314 (2023) Kat:3, Licht: 0,207314,3,3,0,05,13,5,0,0,1,1,0,0,0,0
"POINT (9.167976552000027 48.763634589000048)",Unfall 207316 (2023) Kat:3, Licht: 0,207316,3,2,5,05,14,5,0,0,1,1,0,0,0,0
"POINT (9.232570970000040 48.798700514000075)",Unfall 207317 (2023) Kat:3, Licht: 0,207317,3,3,5,06,12,4,0,0,1,1,0,0,0,0
"POINT (9.165086849000033 48.776057224000056)",Unfall 207318 (2023) Kat:3, Licht: 2,207318,3,6,3,05,21,5,0,2,1,1,0,0,0,0
"POINT (9.225951533000057 48.840259116000027)",Unfall 207319 (2023) Kat:3, Licht: 0,207319,3,5,1,05,19,5,0,0,1,1,0,0,0,0
"POINT (9.158586826000032 48.761390158000040)",Unfall 207320 (2023) Kat:3, Licht: 0,207320,3,7,5,05,15,5,0,0,1,0,1,0,0,0
"POINT (9.252455405000035 48.751624546000073)",Unfall 207346 (2023) Kat:3, Licht: 0,207346,3,3,5,07,06,5,0,0,1,1,0,0,0,0
"POINT (9.168093505000058 48.743601443000045)",Unfall 207347 (2023) Kat:3, Licht: 0,207347,3,7,2,07,10,5,0,0,0,1,0,0,0,1
"POINT (9.119724622000035 48.780433553000080)",Unfall 207348 (2023) Kat:3, Licht: 0,207348,3,1,9,07,14,5,0,0,0,1,1,0,0,0
"POINT (9.119743891000041 48.721631773000070)",Unfall 207349 (2023) Kat:3, Licht: 0,207349,3,3,5,07,16,5,0,0,0,1,0,0,0,0
"POINT (9.145127570000056 48.841811082000049)",Unfall 207393 (2023) Kat:3, Licht: 0,207393,3,2,5,07,18,4,0,0,0,1,0,0,0,0
"POINT (9.218242797000073 48.804710054000054)",Unfall 207394 (2023) Kat:3, Licht: 0,207394,3,7,0,07,10,4,1,0,0,0,0,1,0,0
"POINT (9.190358253000056 48.777768396000056)",Unfall 207395 (2023) Kat:3, Licht: 0,207395,3,7,0,07,14,4,0,0,1,0,0,0,0,0
"POINT (9.130429130000039 48.730670085000042)",Unfall 207396 (2023) Kat:3, Licht: 0,207396,3,6,2,07,18,4,0,0,0,1,0,1,0,0
"POINT (9.159245710000050 48.757813067000029)",Unfall 207439 (2023) Kat:3, Licht: 0,207439,3,7,1,07,16,3,0,0,0,1,0,0,0,0
"POINT (9.178412419000040 48.797355570000036)",Unfall 207440 (2023) Kat:3, Licht: 0,207440,3,1,6,07,14,3,0,0,0,1,1,0,0,0
"POINT (9.189646191000065 48.803633199000046)",Unfall 207441 (2023) Kat:3, Licht: 0,207441,3,3,5,07,08,3,0,0,1,1,0,0,0,0
"POINT (9.161454003000074 48.850250524000046)",Unfall 207442 (2023) Kat:3, Licht: 0,207442,3,3,5,07,07,3,0,0,1,1,0,0,0,0
"POINT (9.251648480000028 48.780034296000053)",Unfall 207443 (2023) Kat:3, Licht: 0,207443,3,3,5,07,11,3,0,0,0,1,0,0,0,1
"POINT (9.131581856000025 48.719984031000081)",Unfall 207471 (2023) Kat:1, Licht: 0,207471,1,1,8,07,15,5,0,0,0,0,0,1,0,0
"POINT (9.175484749000077 48.799363641000070)",Unfall 207495 (2023) Kat:3, Licht: 0,207495,3,6,3,07,13,2,0,0,0,1,0,1,0,0
"POINT (9.167497375000039 48.832502717000068)",Unfall 207496 (2023) Kat:3, Licht: 0,207496,3,6,2,07,10,2,0,0,0,1,0,0,0,0
"POINT (9.158111985000062 48.732349410000040)",Unfall 207497 (2023) Kat:3, Licht: 0,207497,3,3,5,07,07,2,0,0,0,1,0,0,0,1
"POINT (9.222550103000060 48.801820328000076)",Unfall 207498 (2023) Kat:3, Licht: 0,207498,3,2,0,07,09,2,0,0,0,1,0,1,0,0
"POINT (9.233045105000031 48.820147704000078)",Unfall 207499 (2023) Kat:3, Licht: 2,207499,3,7,9,07,23,2,0,2,0,1,0,0,0,0
"POINT (9.237691135000034 48.775612975000058)",Unfall 207500 (2023) Kat:3, Licht: 0,207500,3,2,0,07,17,2,0,0,0,1,1,0,0,0
"POINT (9.201273651000065 48.811927740000044)",Unfall 207501 (2023) Kat:3, Licht: 0,207501,3,7,0,07,17,2,0,0,1,0,1,0,0,0
"POINT (9.118639593000069 48.814189994000060)",Unfall 207532 (2023) Kat:3, Licht: 0,207532,3,1,0,07,15,1,0,0,1,0,0,0,0,0
"POINT (9.090488792000031 48.716027500000052)",Unfall 207533 (2023) Kat:3, Licht: 0,207533,3,3,5,07,16,1,0,0,1,0,0,0,0,1
"POINT (9.156982557000049 48.743855499000063)",Unfall 207567 (2023) Kat:3, Licht: 0,207567,3,3,5,07,10,7,0,0,0,1,0,1,0,0
"POINT (9.215326693000065 48.802242799000055)",Unfall 207568 (2023) Kat:3, Licht: 0,207568,3,2,5,07,14,7,0,0,1,1,0,0,0,0
"POINT (9.168604128000027 48.782635745000050)",Unfall 207614 (2023) Kat:3, Licht: 0,207614,3,6,0,06,11,6,1,0,0,1,0,0,0,1
"POINT (9.218214624000041 48.802840080000067)",Unfall 207615 (2023) Kat:3, Licht: 0,207615,3,4,6,06,17,6,0,0,0,1,1,0,0,0
"POINT (9.205760991000034 48.841374816000041)",Unfall 207676 (2023) Kat:3, Licht: 0,207676,3,1,4,06,17,5,0,0,0,1,0,1,0,0
"POINT (9.180399307000073 48.774298519000070)",Unfall 207677 (2023) Kat:3, Licht: 0,207677,3,2,5,06,19,5,0,0,1,0,0,0,0,1
"POINT (9.224433275000024 48.802875462000031)",Unfall 207678 (2023) Kat:3, Licht: 0,207678,3,3,5,06,09,5,0,0,0,1,0,1,0,0
"POINT (9.210256181000034 48.785364562000041)",Unfall 207679 (2023) Kat:3, Licht: 0,207679,3,3,5,06,16,5,0,0,1,1,0,0,0,0
"POINT (9.144125368000061 48.719843474000072)",Unfall 207680 (2023) Kat:3, Licht: 0,207680,3,2,5,06,14,5,0,0,0,1,0,0,0,0
"POINT (9.173332422000044 48.771029446000057)",Unfall 207681 (2023) Kat:3, Licht: 0,207681,3,4,6,06,14,5,0,0,1,0,1,0,0,0
"POINT (9.160488116000067 48.778948331000038)",Unfall 207737 (2023) Kat:3, Licht: 0,207737,3,3,0,06,09,4,0,0,0,0,0,1,0,1
"POINT (9.179926055000067 48.817755795000039)",Unfall 207738 (2023) Kat:3, Licht: 0,207738,3,6,4,06,09,4,0,0,1,1,0,0,0,0
"POINT (9.258238360000064 48.784802822000074)",Unfall 207739 (2023) Kat:3, Licht: 0,207739,3,6,4,06,08,4,0,0,1,1,0,0,0,0
"POINT (9.116235369000037 48.736413556000059)",Unfall 207740 (2023) Kat:2, Licht: 2,207740,2,1,0,06,01,4,0,2,1,0,0,0,0,0
"POINT (9.217749369000046 48.783370489000049)",Unfall 207747 (2023) Kat:3, Licht: 0,207747,3,7,0,07,12,4,0,0,1,0,0,0,0,0
"POINT (9.222685244000047 48.782505931000060)",Unfall 207797 (2023) Kat:3, Licht: 0,207797,3,1,5,06,15,3,0,0,0,0,0,0,0,1
"POINT (9.147931377000077 48.756870802000037)",Unfall 207798 (2023) Kat:3, Licht: 0,207798,3,4,6,06,16,3,0,0,1,0,1,0,0,0
"POINT (9.178459357000065 48.812851116000047)",Unfall 207799 (2023) Kat:3, Licht: 0,207799,3,3,5,06,14,3,0,0,0,1,0,1,0,0
"POINT (9.164188067000055 48.783672048000028)",Unfall 207800 (2023) Kat:3, Licht: 0,207800,3,3,5,06,19,3,0,0,0,1,0,0,0,0
"POINT (9.161500619000037 48.717314527000042)",Unfall 207801 (2023) Kat:3, Licht: 0,207801,3,1,0,06,09,3,0,0,1,0,0,0,0,0
"POINT (9.180012969000074 48.768749981000042)",Unfall 207849 (2023) Kat:3, Licht: 0,207849,3,4,6,06,18,2,0,0,0,1,1,0,0,0
"POINT (9.190074739000067 48.784426244000031)",Unfall 207850 (2023) Kat:3, Licht: 0,207850,3,7,0,06,14,2,0,0,1,0,0,0,0,0
"POINT (9.265120168000067 48.767282451000028)",Unfall 207851 (2023) Kat:3, Licht: 0,207851,3,4,6,06,19,2,0,0,1,0,1,0,0,0
"POINT (9.082144228000061 48.747292120000054)",Unfall 207895 (2023) Kat:3, Licht: 0,207895,3,5,1,06,18,1,0,0,1,1,0,0,0,0
"POINT (9.207608250000021 48.779740244000038)",Unfall 207896 (2023) Kat:3, Licht: 0,207896,3,2,5,06,18,1,0,0,0,1,0,1,0,0
"POINT (9.101794528000028 48.727475306000031)",Unfall 207897 (2023) Kat:3, Licht: 0,207897,3,2,5,06,11,1,0,0,1,1,0,0,0,0
"POINT (9.156444922000048 48.811862521000080)",Unfall 207933 (2023) Kat:3, Licht: 0,207933,3,3,5,06,16,7,0,0,1,0,0,0,0,1
"POINT (9.178833347000023 48.791031722000071)",Unfall 207934 (2023) Kat:3, Licht: 0,207934,3,2,5,06,10,7,0,0,1,1,0,0,0,0
"POINT (9.213513340000077 48.802577105000069)",Unfall 207998 (2023) Kat:3, Licht: 0,207998,3,7,6,06,10,6,0,0,0,1,1,0,0,0
"POINT (9.207681827000044 48.780356542000050)",Unfall 208050 (2023) Kat:3, Licht: 0,208050,3,5,1,06,08,5,0,0,0,1,0,0,0,0
"POINT (9.124906870000075 48.778686216000040)",Unfall 208113 (2023) Kat:3, Licht: 0,208113,3,7,9,06,12,4,0,0,0,1,0,0,0,0
"POINT (9.164370590000033 48.781200717000047)",Unfall 208114 (2023) Kat:3, Licht: 0,208114,3,6,3,06,07,4,1,0,0,1,0,1,0,0
"POINT (9.182170879000068 48.782685545000049)",Unfall 208157 (2023) Kat:3, Licht: 1,208157,3,7,0,06,19,3,0,1,0,0,0,1,0,1
"POINT (9.172649469000021 48.817831937000051)",Unfall 208158 (2023) Kat:3, Licht: 0,208158,3,3,6,06,17,3,0,0,1,0,1,0,0,0
"POINT (9.153318555000055 48.810896331000038)",Unfall 208159 (2023) Kat:3, Licht: 0,208159,3,3,5,06,19,3,0,0,0,0,1,0,0,1
"POINT (9.261254281000049 48.772954034000065)",Unfall 208160 (2023) Kat:3, Licht: 0,208160,3,7,0,06,19,3,1,0,0,0,0,1,0,1
"POINT (9.115574370000047 48.730808212000056)",Unfall 208162 (2023) Kat:3, Licht: 0,208162,3,3,5,06,11,3,0,0,1,1,0,0,0,0
"POINT (9.215543124000021 48.806537983000055)",Unfall 208211 (2023) Kat:3, Licht: 0,208211,3,7,0,06,14,2,0,0,1,1,0,0,0,0
"POINT (9.157909270000061 48.783296384000039)",Unfall 208212 (2023) Kat:3, Licht: 0,208212,3,6,2,06,07,2,0,0,0,1,0,0,0,0
"POINT (9.147826084000030 48.775522447000071)",Unfall 208243 (2023) Kat:2, Licht: 0,208243,2,3,5,06,18,1,0,0,1,1,0,0,0,0
"POINT (9.122167393000041 48.823015875000067)",Unfall 208244 (2023) Kat:2, Licht: 0,208244,2,1,0,06,10,1,0,0,1,0,0,0,0,0
"POINT (9.161358331000031 48.793772141000034)",Unfall 208245 (2023) Kat:2, Licht: 0,208245,2,6,0,06,20,1,0,0,1,0,0,0,0,1
"POINT (9.212446418000070 48.784593132000055)",Unfall 208246 (2023) Kat:3, Licht: 0,208246,3,7,0,06,18,1,0,0,1,0,0,0,0,0
"POINT (9.209910987000058 48.718678151000063)",Unfall 208247 (2023) Kat:3, Licht: 0,208247,3,3,5,06,10,1,0,0,1,1,0,0,0,0
"POINT (9.165890274000049 48.763543847000051)",Unfall 208248 (2023) Kat:3, Licht: 0,208248,3,7,0,06,20,1,0,0,1,0,0,0,0,0
"POINT (9.156302522000033 48.761789716000067)",Unfall 208249 (2023) Kat:3, Licht: 2,208249,3,5,1,06,22,1,0,2,1,1,0,0,0,0
"POINT (9.180568516000051 48.833737006000035)",Unfall 208288 (2023) Kat:3, Licht: 0,208288,3,3,5,06,15,2,0,0,0,1,0,1,0,0
"POINT (9.153132031000041 48.771057467000048)",Unfall 208290 (2023) Kat:3, Licht: 0,208290,3,4,6,06,17,7,0,0,0,1,1,0,0,0
"POINT (9.174303975000043 48.831662020000067)",Unfall 208291 (2023) Kat:3, Licht: 0,208291,3,4,6,06,14,7,0,0,0,1,1,0,0,0
"POINT (9.153557110000065 48.769423818000064)",Unfall 208292 (2023) Kat:3, Licht: 0,208292,3,6,1,06,16,7,0,0,0,1,0,0,0,0
"POINT (9.158155875000034 48.809254362000047)",Unfall 208360 (2023) Kat:3, Licht: 0,208360,3,5,3,07,14,5,1,0,1,1,0,0,0,0
"POINT (9.220625440000049 48.830889811000077)",Unfall 208361 (2023) Kat:3, Licht: 0,208361,3,7,0,07,06,5,0,0,1,0,0,0,0,0
"POINT (9.191387891000034 48.779830967000066)",Unfall 208400 (2023) Kat:3, Licht: 0,208400,3,3,5,07,06,4,0,0,1,1,0,0,0,0
"POINT (9.258095563000040 48.784374486000047)",Unfall 208401 (2023) Kat:3, Licht: 0,208401,3,6,0,07,16,4,0,0,1,0,0,0,0,0
"POINT (9.168065425000066 48.764817946000051)",Unfall 208402 (2023) Kat:3, Licht: 0,208402,3,3,5,07,08,4,1,0,1,0,0,0,0,0
"POINT (9.180498168000042 48.833733025000072)",Unfall 208433 (2023) Kat:2, Licht: 0,208433,2,3,5,07,13,3,1,0,0,1,0,1,0,0
"POINT (9.185637236000048 48.830657312000028)",Unfall 208434 (2023) Kat:3, Licht: 0,208434,3,2,5,07,07,3,1,0,0,0,1,0,1,0
"POINT (9.198680440000032 48.836015015000044)",Unfall 208435 (2023) Kat:3, Licht: 0,208435,3,6,2,07,15,3,1,0,0,1,0,1,0,0
"POINT (9.176006722000068 48.764693674000057)",Unfall 208436 (2023) Kat:3, Licht: 0,208436,3,7,2,07,13,3,1,0,0,1,0,0,0,0
"POINT (9.252721592000057 48.779063649000079)",Unfall 208438 (2023) Kat:3, Licht: 0,208438,3,4,6,07,09,4,1,0,0,0,1,0,0,1
"POINT (9.131138454000052 48.739230189000068)",Unfall 208538 (2023) Kat:3, Licht: 0,208538,3,3,5,07,08,7,0,0,0,1,0,1,0,0
"POINT (9.175750573000073 48.792339367000068)",Unfall 208539 (2023) Kat:3, Licht: 2,208539,3,1,4,07,00,7,0,2,0,1,0,1,0,0
"POINT (9.117978017000041 48.719463679000057)",Unfall 208598 (2023) Kat:3, Licht: 0,208598,3,4,6,07,16,6,1,0,0,1,1,0,0,0
"POINT (9.170366051000030 48.825995235000050)",Unfall 208599 (2023) Kat:3, Licht: 0,208599,3,7,6,07,13,6,0,0,1,0,1,0,0,0
"POINT (9.231371966000040 48.807779105000066)",Unfall 208600 (2023) Kat:3, Licht: 0,208600,3,3,5,07,12,6,0,0,0,1,0,0,1,0
"POINT (9.206223102000024 48.777591030000053)",Unfall 208601 (2023) Kat:3, Licht: 0,208601,3,2,5,07,09,6,0,0,1,1,0,0,0,0
"POINT (9.159559223000031 48.775396797000042)",Unfall 208602 (2023) Kat:3, Licht: 0,208602,3,3,5,07,07,6,0,0,1,1,0,0,0,0
"POINT (9.147777318000067 48.775468142000079)",Unfall 208651 (2023) Kat:3, Licht: 0,208651,3,4,6,07,20,5,0,0,1,0,1,0,0,0
"POINT (9.174052248000066 48.773958186000073)",Unfall 208652 (2023) Kat:3, Licht: 0,208652,3,4,6,07,14,5,0,0,1,0,1,0,0,0
"POINT (9.181168844000069 48.835683996000057)",Unfall 208653 (2023) Kat:3, Licht: 0,208653,3,2,5,07,16,5,0,0,1,1,0,0,0,0
"POINT (9.234791832000042 48.814781588000073)",Unfall 208654 (2023) Kat:3, Licht: 2,208654,3,7,0,07,01,5,0,2,0,0,0,0,0,1
"POINT (9.204952168000034 48.784535471000027)",Unfall 208655 (2023) Kat:3, Licht: 0,208655,3,5,1,07,18,5,0,0,1,1,0,0,0,0
"POINT (9.216032780000035 48.806645991000039)",Unfall 208700 (2023) Kat:2, Licht: 0,208700,2,2,6,07,16,4,0,0,0,1,1,0,0,0
"POINT (9.211035336000066 48.821631773000036)",Unfall 208701 (2023) Kat:2, Licht: 0,208701,2,6,2,07,10,4,0,0,0,1,0,1,0,0
"POINT (9.143798052000022 48.834633964000034)",Unfall 208702 (2023) Kat:3, Licht: 0,208702,3,2,5,07,09,4,0,0,1,0,0,0,0,1
"POINT (9.219292723000024 48.800535316000037)",Unfall 208703 (2023) Kat:3, Licht: 0,208703,3,7,0,07,11,4,1,0,1,0,0,0,0,0
"POINT (9.228909179000027 48.799458418000029)",Unfall 208704 (2023) Kat:3, Licht: 0,208704,3,7,0,07,18,4,0,0,1,0,0,0,0,0
"POINT (9.212749100000053 48.779629955000075)",Unfall 208705 (2023) Kat:3, Licht: 0,208705,3,1,4,07,18,4,0,0,1,1,0,0,0,0
"POINT (9.105614705000050 48.732503611000027)",Unfall 208752 (2023) Kat:3, Licht: 0,208752,3,3,5,07,17,3,0,0,0,1,0,0,0,0
"POINT (9.175328860000036 48.835140729000045)",Unfall 208753 (2023) Kat:3, Licht: 0,208753,3,6,2,07,12,3,0,0,0,1,0,0,0,0
"POINT (9.207146573000045 48.778739791000078)",Unfall 208754 (2023) Kat:3, Licht: 2,208754,3,5,1,07,22,3,0,2,0,1,0,0,0,0
"POINT (9.139433136000036 48.731020034000039)",Unfall 208755 (2023) Kat:3, Licht: 0,208755,3,7,0,07,13,3,0,0,1,1,0,0,0,0
"POINT (9.160468925000032 48.760908310000048)",Unfall 208756 (2023) Kat:3, Licht: 1,208756,3,5,1,07,22,3,1,1,0,1,0,0,0,0
"POINT (9.134991213000035 48.745496082000045)",Unfall 208757 (2023) Kat:3, Licht: 0,208757,3,2,0,07,12,3,0,0,1,1,0,0,0,0
"POINT (9.205639435000023 48.775444631000028)",Unfall 208758 (2023) Kat:3, Licht: 0,208758,3,7,2,07,08,3,0,0,0,1,0,1,0,0
"POINT (9.204319234000025 48.841234332000056)",Unfall 208814 (2023) Kat:3, Licht: 1,208814,3,3,5,07,05,2,0,1,0,1,0,0,0,0
"POINT (9.178622399000062 48.795733954000070)",Unfall 208815 (2023) Kat:3, Licht: 0,208815,3,3,5,07,06,2,0,0,0,1,0,1,0,0
"POINT (9.165060997000069 48.833496544000070)",Unfall 208816 (2023) Kat:2, Licht: 0,208816,2,1,9,07,08,2,0,0,0,0,0,1,0,0
"POINT (9.221808409000062 48.839025793000076)",Unfall 208817 (2023) Kat:3, Licht: 0,208817,3,1,0,07,09,2,0,0,1,0,0,0,0,0
"POINT (9.270375970000032 48.761683114000050)",Unfall 208846 (2023) Kat:2, Licht: 0,208846,2,3,5,07,15,1,0,0,1,1,0,0,0,0
"POINT (9.209869426000068 48.703769821000037)",Unfall 208848 (2023) Kat:3, Licht: 0,208848,3,1,0,07,14,1,0,0,0,1,0,0,0,0
"POINT (9.159198359000072 48.764900526000076)",Unfall 208849 (2023) Kat:2, Licht: 0,208849,2,1,0,07,10,1,1,0,0,0,0,1,0,0
"POINT (9.146973535000029 48.773845465000079)",Unfall 208850 (2023) Kat:2, Licht: 0,208850,2,2,5,07,11,1,0,0,1,1,0,0,0,0
"POINT (9.192227971000023 48.834745963000046)",Unfall 208903 (2023) Kat:3, Licht: 0,208903,3,3,5,07,13,2,1,0,1,1,0,0,0,0
"POINT (9.220834330000059 48.702350422000052)",Unfall 208962 (2023) Kat:3, Licht: 0,208962,3,6,4,07,12,6,0,0,0,1,0,0,0,0
"POINT (9.165076249000037 48.762494222000043)",Unfall 208963 (2023) Kat:3, Licht: 0,208963,3,6,2,07,16,6,0,0,0,1,0,0,0,0
"POINT (9.238875585000073 48.805890890000057)",Unfall 208964 (2023) Kat:3, Licht: 0,208964,3,5,1,07,15,6,0,0,0,1,0,0,0,0
"POINT (9.158640059000049 48.761379945000044)",Unfall 208965 (2023) Kat:3, Licht: 2,208965,3,2,5,07,22,6,0,2,1,1,0,0,0,0
"POINT (9.113901812000051 48.813746450000053)",Unfall 209040 (2023) Kat:2, Licht: 0,209040,2,5,1,07,14,5,0,0,1,1,0,0,0,0
"POINT (9.173981590000039 48.773994589000040)",Unfall 209041 (2023) Kat:3, Licht: 0,209041,3,3,3,07,13,5,0,0,1,0,0,0,0,0
"POINT (9.233008151000035 48.839958005000028)",Unfall 209042 (2023) Kat:3, Licht: 0,209042,3,3,5,07,10,5,0,0,1,0,0,0,0,1
"POINT (9.174508532000061 48.831345625000040)",Unfall 209088 (2023) Kat:3, Licht: 0,209088,3,7,0,07,15,4,0,0,1,0,0,0,0,1
"POINT (9.159132170000021 48.836179161000075)",Unfall 209089 (2023) Kat:3, Licht: 0,209089,3,2,5,07,09,4,0,0,0,1,0,1,0,0
"POINT (9.191484130000049 48.784220423000079)",Unfall 209140 (2023) Kat:2, Licht: 0,209140,2,7,0,07,17,3,0,0,0,1,0,1,0,0
"POINT (9.237752005000061 48.801474053000049)",Unfall 209141 (2023) Kat:3, Licht: 0,209141,3,7,2,07,14,3,0,0,0,1,0,1,0,0
"POINT (9.216986574000032 48.803770400000076)",Unfall 209142 (2023) Kat:2, Licht: 2,209142,2,6,2,07,01,3,0,2,0,1,0,1,0,0
"POINT (9.171818082000073 48.769209503000070)",Unfall 209197 (2023) Kat:3, Licht: 0,209197,3,7,0,07,15,2,0,0,1,0,0,0,0,0
"POINT (9.118690836000042 48.722511154000074)",Unfall 209198 (2023) Kat:2, Licht: 0,209198,2,3,5,07,19,2,0,0,1,1,0,0,0,0
"POINT (9.155887662000055 48.776441980000072)",Unfall 209199 (2023) Kat:3, Licht: 0,209199,3,6,0,07,08,2,0,0,0,1,0,0,1,0
"POINT (9.243115519000071 48.771888317000048)",Unfall 209240 (2023) Kat:3, Licht: 0,209240,3,4,6,07,17,1,1,0,0,1,1,0,0,0
"POINT (9.194658017000052 48.773545673000058)",Unfall 209283 (2023) Kat:3, Licht: 0,209283,3,3,5,07,19,7,0,0,1,1,0,0,0,0
"POINT (9.158301871000049 48.812468159000048)",Unfall 209284 (2023) Kat:3, Licht: 2,209284,3,3,5,07,21,7,0,2,0,1,0,0,0,0
"POINT (9.186985409000044 48.835180773000047)",Unfall 209285 (2023) Kat:3, Licht: 0,209285,3,1,0,07,13,7,0,0,1,0,0,0,0,0
"POINT (9.170712186000060 48.782028462000028)",Unfall 209286 (2023) Kat:3, Licht: 0,209286,3,7,0,07,14,7,0,0,0,0,0,0,0,1
"POINT (9.242450545000054 48.772873354000069)",Unfall 209339 (2023) Kat:3, Licht: 0,209339,3,7,0,07,09,6,0,0,0,1,0,1,0,0
"POINT (9.179436183000064 48.833702590000030)",Unfall 209340 (2023) Kat:3, Licht: 0,209340,3,6,2,07,15,6,0,0,0,1,0,0,0,1
"POINT (9.243171322000023 48.775075707000042)",Unfall 209341 (2023) Kat:2, Licht: 0,209341,2,3,5,07,15,6,0,0,1,1,0,0,0,0
"POINT (9.270110538000040 48.761862151000059)",Unfall 209445 (2023) Kat:3, Licht: 0,209445,3,6,2,08,16,4,0,0,0,1,0,0,0,1
"POINT (9.158972735000077 48.833110228000066)",Unfall 209446 (2023) Kat:3, Licht: 0,209446,3,3,5,08,17,4,0,0,1,1,0,0,0,0
"POINT (9.178915351000057 48.791001416000029)",Unfall 209447 (2023) Kat:3, Licht: 0,209447,3,2,5,08,09,4,0,0,1,1,0,0,0,0
"POINT (9.207918972000073 48.784912444000042)",Unfall 209458 (2023) Kat:3, Licht: 0,209458,3,7,2,08,09,3,1,0,0,1,0,1,0,0
"POINT (9.151959986000065 48.766036151000037)",Unfall 209459 (2023) Kat:3, Licht: 0,209459,3,7,4,08,15,3,1,0,1,1,0,0,0,0
"POINT (9.116613370000039 48.810344093000026)",Unfall 209476 (2023) Kat:3, Licht: 0,209476,3,7,0,08,12,2,0,0,0,0,0,0,0,1
"POINT (9.179259675000026 48.774889282000061)",Unfall 209477 (2023) Kat:2, Licht: 0,209477,2,3,5,08,16,2,0,0,1,0,0,0,0,0
"POINT (9.167499826000039 48.764508711000076)",Unfall 209478 (2023) Kat:3, Licht: 0,209478,3,7,2,08,15,2,0,0,1,1,0,0,0,0
"POINT (9.163020827000025 48.769303145000038)",Unfall 209504 (2023) Kat:3, Licht: 0,209504,3,7,0,08,17,7,1,0,1,1,0,0,0,0
"POINT (9.179865084000028 48.793397033000076)",Unfall 209505 (2023) Kat:3, Licht: 2,209505,3,3,5,08,22,7,0,2,0,1,0,0,0,0
"POINT (9.181926383000075 48.782768777000058)",Unfall 209533 (2023) Kat:3, Licht: 2,209533,3,7,0,08,20,6,1,2,0,1,0,0,0,1
"POINT (9.174714955000070 48.773496379000051)",Unfall 209534 (2023) Kat:3, Licht: 0,209534,3,2,5,08,08,6,1,0,1,1,0,0,0,0
"POINT (9.210329999000066 48.810131710000064)",Unfall 209570 (2023) Kat:3, Licht: 0,209570,3,7,0,08,14,5,0,0,1,0,0,0,0,1
"POINT (9.157999640000071 48.758739548000051)",Unfall 209605 (2023) Kat:3, Licht: 0,209605,3,7,0,08,12,5,0,0,1,0,0,0,0,0
"POINT (9.155455147000055 48.749399533000030)",Unfall 209637 (2023) Kat:3, Licht: 0,209637,3,2,5,08,07,3,0,0,0,1,0,1,0,0
"POINT (9.207945148000022 48.785883820000038)",Unfall 209638 (2023) Kat:3, Licht: 0,209638,3,3,5,08,13,3,0,0,1,1,0,0,0,0
"POINT (9.152503945000035 48.773412448000045)",Unfall 209664 (2023) Kat:2, Licht: 2,209664,2,7,0,08,22,2,0,2,0,0,0,0,0,1