WKT,Name,OBJECTID,UKATEGORIE,UTYP1,UART,UMONAT,USTUNDE,UWOCHENTAG,STRZUSTAND,ULICHTVERH,ISTRAD,ISTPKW,ISTFUSS,ISTKRAD,ISTGKFZ,ISTSONSTIG
"POINT (9.219297383000026 48.805511209000031)",Unfall 209665 (2023) Kat:3, Licht: 0,209665,3,3,5,08,13,2,0,0,1,0,0,0,0,1
"POINT (9.209483532000036 48.787551640000061)",Unfall 209666 (2023) Kat:3, Licht: 0,209666,3,7,1,08,09,2,0,0,1,1,0,0,0,0
"POINT (9.157415088000050 48.714748350000036)",Unfall 209685 (2023) Kat:3, Licht: 0,209685,3,4,6,08,19,1,0,0,0,1,1,0,0,0
"POINT (9.168628490000060 48.782630014000063)",Unfall 209686 (2023) Kat:3, Licht: 0,209686,3,2,5,08,18,1,0,0,0,1,0,0,0,0
"POINT (9.192627707000042 48.787488201000031)",Unfall 209687 (2023) Kat:3, Licht: 2,209687,3,7,0,08,23,1,0,2,0,0,0,0,0,1
"POINT (9.217833615000075 48.738771999000051)",Unfall 209747 (2023) Kat:3, Licht: 0,209747,3,5,1,08,18,6,0,0,0,1,0,0,0,0
"POINT (9.175317514000028 48.770739267000067)",Unfall 209748 (2023) Kat:3, Licht: 0,209748,3,3,5,08,14,6,0,0,0,1,0,0,0,1
"POINT (9.207076931000074 48.841285836000054)",Unfall 209749 (2023) Kat:3, Licht: 0,209749,3,6,2,08,16,6,0,0,0,1,0,0,0,0
"POINT (9.207882083000072 48.729487415000051)",Unfall 209750 (2023) Kat:3, Licht: 2,209750,3,7,0,08,21,6,0,2,1,0,0,0,0,0
"POINT (9.178539439000076 48.779736943000046)",Unfall 209775 (2023) Kat:3, Licht: 0,209775,3,7,0,08,09,5,0,0,1,0,0,0,0,0
"POINT (9.158677052000030 48.843926503000034)",Unfall 209813 (2023) Kat:3, Licht: 0,209813,3,3,5,08,06,4,0,0,1,1,0,0,0,0
"POINT (9.182603642000061 48.789574008000045)",Unfall 209814 (2023) Kat:3, Licht: 0,209814,3,7,7,08,06,4,0,0,1,0,0,0,0,0
"POINT (9.222334852000074 48.820335574000069)",Unfall 209845 (2023) Kat:3, Licht: 0,209845,3,3,5,08,19,3,0,0,0,1,0,0,0,0
"POINT (9.172960730000057 48.824871974000075)",Unfall 209846 (2023) Kat:2, Licht: 0,209846,2,5,1,08,08,3,0,0,0,1,0,0,1,0
"POINT (9.111476713000059 48.729842742000073)",Unfall 209878 (2023) Kat:3, Licht: 2,209878,3,4,6,08,21,2,0,2,0,1,1,0,0,0
"POINT (9.161865531000046 48.777129479000052)",Unfall 209933 (2023) Kat:3, Licht: 0,209933,3,7,0,08,09,7,0,0,1,1,0,0,0,0
"POINT (9.236081645000070 48.798494794000078)",Unfall 209934 (2023) Kat:3, Licht: 0,209934,3,1,4,08,19,7,0,0,0,1,0,0,0,0
"POINT (9.175732351000022 48.741647773000068)",Unfall 209935 (2023) Kat:3, Licht: 2,209935,3,5,1,08,00,7,0,2,0,1,0,0,0,0
"POINT (9.202373827000031 48.807942080000032)",Unfall 209979 (2023) Kat:3, Licht: 0,209979,3,3,5,08,18,6,0,0,1,1,0,0,0,0
"POINT (9.149922507000042 48.808866208000040)",Unfall 209980 (2023) Kat:3, Licht: 0,209980,3,3,5,08,15,6,0,0,0,1,0,0,0,1
"POINT (9.184273038000072 48.791672270000049)",Unfall 209981 (2023) Kat:3, Licht: 0,209981,3,7,0,08,09,6,0,0,0,0,0,0,0,1
"POINT (9.167471006000028 48.807782295000038)",Unfall 209982 (2023) Kat:3, Licht: 0,209982,3,6,2,08,13,6,0,0,0,1,0,0,0,0
"POINT (9.170381656000075 48.825828631000036)",Unfall 209984 (2023) Kat:3, Licht: 0,209984,3,6,3,08,15,6,0,0,0,0,0,1,0,0
"POINT (9.209863781000024 48.811023131000070)",Unfall 209985 (2023) Kat:3, Licht: 0,209985,3,7,0,08,08,6,0,0,1,0,0,0,0,0
"POINT (9.195702863000065 48.789323217000060)",Unfall 210041 (2023) Kat:2, Licht: 0,210041,2,4,6,08,16,5,0,0,0,1,1,0,0,0
"POINT (9.106701778000058 48.738435430000038)",Unfall 210042 (2023) Kat:3, Licht: 0,210042,3,3,5,08,17,5,0,0,0,1,0,1,0,0
"POINT (9.111677190000023 48.813698397000053)",Unfall 210043 (2023) Kat:3, Licht: 2,210043,3,2,5,08,21,5,0,2,1,1,0,0,0,0
"POINT (9.168686607000041 48.825345244000061)",Unfall 210044 (2023) Kat:3, Licht: 0,210044,3,2,5,08,10,5,0,0,1,1,0,0,0,0
"POINT (9.237474966000036 48.746868751000079)",Unfall 210045 (2023) Kat:3, Licht: 0,210045,3,3,5,08,19,5,0,0,0,1,0,0,0,0
"POINT (9.256114870000033 48.777134670000066)",Unfall 210070 (2023) Kat:3, Licht: 0,210070,3,2,0,08,16,4,0,0,1,1,0,0,0,0
"POINT (9.107908312000063 48.805356951000078)",Unfall 210072 (2023) Kat:3, Licht: 0,210072,3,7,0,08,16,4,0,0,1,0,0,0,0,0
"POINT (9.122463815000060 48.724098759000071)",Unfall 210073 (2023) Kat:3, Licht: 0,210073,3,3,5,08,16,4,0,0,0,1,0,1,0,0
"POINT (9.105144922000022 48.739914489000057)",Unfall 210074 (2023) Kat:2, Licht: 0,210074,2,7,0,08,17,4,0,0,1,0,0,0,0,0
"POINT (9.267104115000052 48.763963725000053)",Unfall 210085 (2023) Kat:3, Licht: 0,210085,3,6,3,08,14,3,0,0,0,0,0,1,0,1
"POINT (9.182435366000050 48.792265979000035)",Unfall 210105 (2023) Kat:3, Licht: 0,210105,3,3,6,08,19,3,0,0,0,1,1,0,0,0
"POINT (9.188499692000050 48.838428259000068)",Unfall 210106 (2023) Kat:3, Licht: 0,210106,3,4,6,08,08,3,0,0,0,1,1,0,0,0
"POINT (9.169130275000043 48.828462664000028)",Unfall 210141 (2023) Kat:3, Licht: 0,210141,3,2,5,08,19,1,1,0,0,1,0,0,0,0
"POINT (9.190636823000034 48.778328109000029)",Unfall 210142 (2023) Kat:3, Licht: 0,210142,3,1,0,08,13,1,1,0,0,0,0,1,0,0
"POINT (9.178450194000050 48.772021172000052)",Unfall 210171 (2023) Kat:3, Licht: 0,210171,3,2,2,08,18,7,0,0,0,1,0,0,0,0
"POINT (9.140198167000051 48.743027340000026)",Unfall 210234 (2023) Kat:3, Licht: 0,210234,3,1,0,08,14,5,0,0,1,0,0,0,0,0
"POINT (9.197670583000047 48.778950116000033)",Unfall 210247 (2023) Kat:3, Licht: 0,210247,3,7,6,08,16,5,0,0,0,1,1,0,0,0
"POINT (9.178493791000051 48.781431247000057)",Unfall 210248 (2023) Kat:3, Licht: 0,210248,3,2,5,08,08,5,0,0,1,1,0,0,0,0
"POINT (9.165897132000055 48.778597899000033)",Unfall 210249 (2023) Kat:3, Licht: 0,210249,3,3,5,08,16,5,0,0,1,1,0,0,0,0
"POINT (9.173194766000051 48.825691531000075)",Unfall 210250 (2023) Kat:3, Licht: 0,210250,3,2,2,08,19,5,0,0,0,1,0,0,0,0
"POINT (9.203706563000026 48.818030579000038)",Unfall 210279 (2023) Kat:3, Licht: 0,210279,3,6,2,08,09,4,1,0,0,1,0,0,0,0
"POINT (9.172095853000030 48.764155103000064)",Unfall 210280 (2023) Kat:3, Licht: 1,210280,3,7,0,08,18,4,1,1,1,0,0,0,0,0
"POINT (9.182144340000036 48.787546666000026)",Unfall 210281 (2023) Kat:2, Licht: 0,210281,2,7,0,08,20,4,1,0,0,0,0,0,0,1
"POINT (9.179238086000055 48.782309721000047)",Unfall 210304 (2023) Kat:3, Licht: 0,210304,3,2,5,08,11,3,1,0,0,1,0,0,0,1
"POINT (9.159060592000060 48.833083549000037)",Unfall 210334 (2023) Kat:3, Licht: 0,210334,3,3,4,08,17,2,0,0,1,1,0,0,0,0
"POINT (9.149778088000062 48.726879688000054)",Unfall 210347 (2023) Kat:3, Licht: 0,210347,3,7,6,07,11,2,0,0,0,1,1,0,0,0
"POINT (9.187958827000045 48.816006686000037)",Unfall 210386 (2023) Kat:3, Licht: 0,210386,3,3,5,08,07,6,0,0,0,1,0,1,0,0
"POINT (9.159774985000070 48.779711292000059)",Unfall 210406 (2023) Kat:3, Licht: 0,210406,3,6,2,07,17,7,0,0,0,1,0,0,0,0
"POINT (9.172419603000037 48.774647425000069)",Unfall 210414 (2023) Kat:3, Licht: 0,210414,3,7,6,07,17,7,0,0,0,0,1,0,0,1
"POINT (9.163155334000066 48.810267552000028)",Unfall 210454 (2023) Kat:3, Licht: 0,210454,3,2,5,07,16,6,0,0,1,1,0,0,0,0
"POINT (9.237519654000039 48.746779304000029)",Unfall 210480 (2023) Kat:3, Licht: 0,210480,3,6,4,09,09,7,0,0,1,0,0,0,0,0
"POINT (9.103532125000072 48.781320144000063)",Unfall 210481 (2023) Kat:3, Licht: 0,210481,3,1,4,09,14,7,0,0,0,1,0,0,0,0
"POINT (9.189201996000065 48.749751785000058)",Unfall 210482 (2023) Kat:3, Licht: 0,210482,3,7,6,09,16,7,0,0,0,1,1,0,0,0
"POINT (9.161861561000023 48.776235191000069)",Unfall 210483 (2023) Kat:3, Licht: 0,210483,3,7,6,09,18,7,0,0,0,1,1,0,0,0
"POINT (9.221515016000069 48.779313758000058)",Unfall 210533 (2023) Kat:3, Licht: 0,210533,3,7,6,09,15,6,0,0,0,0,1,1,0,0
"POINT (9.224885287000063 48.801038223000035)",Unfall 210534 (2023) Kat:3, Licht: 0,210534,3,7,6,09,07,6,1,0,0,1,1,0,0,0
"POINT (9.207422885000028 48.785945807000076)",Unfall 210535 (2023) Kat:3, Licht: 0,210535,3,1,0,09,10,6,0,0,1,0,0,0,0,0
"POINT (9.150409991000060 48.749655906000044)",Unfall 210536 (2023) Kat:2, Licht: 0,210536,2,1,0,09,15,6,0,0,1,0,0,0,0,0
"POINT (9.152941987000077 48.766028805000076)",Unfall 210537 (2023) Kat:3, Licht: 0,210537,3,4,6,09,17,6,0,0,1,0,1,0,0,0
"POINT (9.181824116000030 48.782804163000037)",Unfall 210555 (2023) Kat:3, Licht: 0,210555,3,6,2,09,14,6,0,0,0,1,0,0,0,0
"POINT (9.241469498000072 48.746124989000066)",Unfall 210584 (2023) Kat:3, Licht: 0,210584,3,1,0,09,16,5,0,0,1,0,0,0,0,0
"POINT (9.223184919000062 48.803533730000026)",Unfall 210585 (2023) Kat:3, Licht: 2,210585,3,3,5,09,22,5,1,2,0,1,0,0,0,0
"POINT (9.189519778000033 48.803955953000070)",Unfall 210663 (2023) Kat:3, Licht: 0,210663,3,3,5,09,15,3,0,0,1,0,0,0,0,1
"POINT (9.159295250000071 48.763818884000045)",Unfall 210664 (2023) Kat:3, Licht: 0,210664,3,2,2,09,16,3,0,0,0,1,0,0,0,0
"POINT (9.194878390000042 48.784702243000027)",Unfall 210665 (2023) Kat:3, Licht: 0,210665,3,5,1,09,14,3,0,0,1,1,0,0,0,0
"POINT (9.197321286000033 48.785801790000050)",Unfall 210708 (2023) Kat:3, Licht: 0,210708,3,7,0,09,16,2,0,0,0,0,0,0,0,1
"POINT (9.224362420000034 48.811160814000061)",Unfall 210709 (2023) Kat:2, Licht: 0,210709,2,7,0,09,08,2,1,0,1,0,0,0,0,0
"POINT (9.170562397000026 48.767627036000079)",Unfall 210746 (2023) Kat:3, Licht: 0,210746,3,2,5,09,18,1,0,0,1,1,0,0,0,0
"POINT (9.218324474000042 48.750295782000080)",Unfall 210747 (2023) Kat:3, Licht: 0,210747,3,5,1,09,13,1,0,0,1,1,0,0,0,0
"POINT (9.163797316000057 48.762023536000072)",Unfall 210748 (2023) Kat:3, Licht: 0,210748,3,6,2,09,14,1,0,0,0,1,0,1,0,0
"POINT (9.174023868000063 48.783123411000076)",Unfall 210749 (2023) Kat:3, Licht: 0,210749,3,6,0,09,15,1,0,0,0,1,0,0,0,1
"POINT (9.181283776000043 48.783122750000075)",Unfall 210788 (2023) Kat:3, Licht: 0,210788,3,6,3,09,18,7,0,0,0,1,0,0,0,1
"POINT (9.186261270000045 48.835082663000037)",Unfall 210789 (2023) Kat:3, Licht: 2,210789,3,7,0,09,00,7,0,2,1,0,0,0,0,1
"POINT (9.159803776000047 48.810203959000035)",Unfall 210838 (2023) Kat:3, Licht: 0,210838,3,5,1,09,10,6,0,0,0,1,0,0,0,0
"POINT (9.190763934000074 48.838831189000075)",Unfall 210839 (2023) Kat:3, Licht: 0,210839,3,3,5,09,17,6,0,0,0,1,0,0,0,1
"POINT (9.181210458000066 48.770070655000040)",Unfall 210840 (2023) Kat:3, Licht: 0,210840,3,2,3,09,17,6,0,0,1,1,0,0,0,0
"POINT (9.250580626000044 48.764632251000080)",Unfall 210887 (2023) Kat:3, Licht: 0,210887,3,2,5,09,07,5,0,0,1,1,0,0,0,0
"POINT (9.221252411000023 48.810176594000040)",Unfall 210888 (2023) Kat:3, Licht: 0,210888,3,7,5,09,07,5,0,0,1,1,0,0,0,0
"POINT (9.137284493000038 48.842691032000062)",Unfall 210920 (2023) Kat:3, Licht: 0,210920,3,6,2,09,11,4,0,0,0,1,0,1,0,0
"POINT (9.149385951000056 48.779896198000074)",Unfall 210921 (2023) Kat:3, Licht: 0,210921,3,2,5,09,08,4,0,0,0,1,0,1,0,0
"POINT (9.174675520000051 48.773525402000075)",Unfall 210969 (2023) Kat:3, Licht: 0,210969,3,4,6,09,18,3,0,0,1,0,1,0,0,0
"POINT (9.151973993000070 48.776030389000027)",Unfall 210970 (2023) Kat:3, Licht: 0,210970,3,5,1,09,16,3,0,0,0,1,0,0,0,1
"POINT (9.174924444000055 48.776057203000050)",Unfall 210971 (2023) Kat:3, Licht: 0,210971,3,7,0,09,13,3,0,0,1,0,0,0,0,0
"POINT (9.145062611000071 48.810448129000065)",Unfall 211014 (2023) Kat:3, Licht: 0,211014,3,3,5,09,16,2,0,0,1,1,0,0,0,0
"POINT (9.252162768000062 48.778698023000061)",Unfall 211015 (2023) Kat:3, Licht: 0,211015,3,2,4,09,17,2,0,0,1,1,0,0,0,0
"POINT (9.162567487000047 48.799874347000070)",Unfall 211016 (2023) Kat:3, Licht: 0,211016,3,3,5,09,17,2,0,0,1,1,0,0,0,0
"POINT (9.203616406000037 48.765918383000042)",Unfall 211017 (2023) Kat:3, Licht: 0,211017,3,6,4,09,14,2,0,0,1,1,0,0,0,0
"POINT (9.180801718000055 48.779824654000038)",Unfall 211018 (2023) Kat:3, Licht: 0,211018,3,1,0,09,15,2,0,0,1,0,0,0,0,0
"POINT (9.202144343000043 48.811999535000041)",Unfall 211040 (2023) Kat:3, Licht: 0,211040,3,7,0,09,13,2,0,0,0,0,0,0,0,1
"POINT (9.231959695000057 48.800006857000028)",Unfall 211053 (2023) Kat:2, Licht: 2,211053,2,5,0,09,20,1,0,2,1,1,0,0,0,0
"POINT (9.224436127000047 48.814009497000029)",Unfall 211054 (2023) Kat:3, Licht: 0,211054,3,6,4,09,18,1,0,0,1,0,0,0,0,0
"POINT (9.145658081000022 48.814469433000056)",Unfall 211055 (2023) Kat:3, Licht: 0,211055,3,2,2,09,12,1,0,0,0,1,0,0,0,0
"POINT (9.093153556000061 48.738748290000046)",Unfall 211056 (2023) Kat:3, Licht: 0,211056,3,3,5,09,18,1,0,0,0,1,0,0,0,0
"POINT (9.092476475000069 48.804961105000075)",Unfall 211118 (2023) Kat:3, Licht: 0,211118,3,6,3,09,17,7,0,0,1,1,0,0,0,0
"POINT (9.191151361000038 48.779373612000029)",Unfall 211119 (2023) Kat:3, Licht: 0,211119,3,1,0,09,14,7,0,0,1,0,0,0,0,0
"POINT (9.143943090000050 48.729027785000028)",Unfall 211120 (2023) Kat:3, Licht: 2,211120,3,3,5,09,20,7,0,2,0,1,0,0,0,0
"POINT (9.157331806000059 48.771444830000064)",Unfall 211160 (2023) Kat:3, Licht: 0,211160,3,2,5,09,07,6,0,0,0,1,0,1,0,0
"POINT (9.169394986000043 48.763807983000049)",Unfall 211161 (2023) Kat:3, Licht: 0,211161,3,6,2,09,13,6,0,0,0,1,0,0,0,0
"POINT (9.109909262000031 48.723963145000027)",Unfall 211162 (2023) Kat:3, Licht: 2,211162,3,6,6,09,05,6,0,2,0,1,1,0,0,0
"POINT (9.215943127000060 48.806791055000076)",Unfall 211193 (2023) Kat:3, Licht: 0,211193,3,2,2,09,13,3,0,0,0,1,0,1,0,0
"POINT (9.109679857000060 48.737032377000048)",Unfall 211226 (2023) Kat:3, Licht: 0,211226,3,2,5,09,08,5,0,0,0,1,0,1,0,0
"POINT (9.220268330000067 48.801125896000030)",Unfall 211227 (2023) Kat:3, Licht: 1,211227,3,3,5,09,06,5,0,1,1,1,0,0,0,0
"POINT (9.231271631000027 48.779422435000072)",Unfall 211228 (2023) Kat:3, Licht: 0,211228,3,3,5,09,06,5,0,0,1,1,0,0,0,0
"POINT (9.087367204000032 48.715864754000052)",Unfall 211229 (2023) Kat:3, Licht: 2,211229,3,1,0,09,04,5,0,2,0,0,0,0,0,1
"POINT (9.115573923000056 48.730818029000034)",Unfall 211230 (2023) Kat:3, Licht: 0,211230,3,2,5,09,08,5,0,0,1,1,0,0,0,0
"POINT (9.227654407000045 48.815677326000070)",Unfall 211276 (2023) Kat:3, Licht: 0,211276,3,6,2,09,18,5,0,0,1,0,0,0,0,0
"POINT (9.116624804000026 48.724920315000077)",Unfall 211285 (2023) Kat:3, Licht: 2,211285,3,3,5,09,03,4,0,2,0,0,0,1,0,1
"POINT (9.165700084000036 48.780915196000080)",Unfall 211286 (2023) Kat:3, Licht: 0,211286,3,7,1,09,11,4,0,0,0,1,0,0,0,1
"POINT (9.166345106000051 48.785361208000040)",Unfall 211287 (2023) Kat:3, Licht: 0,211287,3,7,0,09,17,4,0,0,0,1,0,1,0,0
"POINT (9.207852119000052 48.841145183000037)",Unfall 211288 (2023) Kat:3, Licht: 0,211288,3,2,5,09,12,4,0,0,0,1,0,0,0,0
"POINT (9.177668507000021 48.815813523000031)",Unfall 211289 (2023) Kat:3, Licht: 0,211289,3,2,5,09,12,4,0,0,1,1,0,0,0,0
"POINT (9.160395052000069 48.846730320000063)",Unfall 211383 (2023) Kat:3, Licht: 2,211383,3,7,0,09,23,2,0,2,0,0,0,0,0,1
"POINT (9.158742927000048 48.748876083000027)",Unfall 211384 (2023) Kat:3, Licht: 2,211384,3,6,0,09,00,5,0,2,1,0,0,0,0,1
"POINT (9.092234598000061 48.738979816000040)",Unfall 211443 (2023) Kat:2, Licht: 0,211443,2,2,6,09,14,7,0,0,0,1,1,0,0,0
"POINT (9.169779304000031 48.766712137000070)",Unfall 211444 (2023) Kat:3, Licht: 0,211444,3,5,1,09,13,7,0,0,0,1,0,0,0,1
"POINT (9.169415747000073 48.769795411000075)",Unfall 211473 (2023) Kat:2, Licht: 0,211473,2,7,1,09,15,6,0,0,1,1,0,0,0,0
"POINT (9.179147590000071 48.779400073000033)",Unfall 211480 (2023) Kat:3, Licht: 0,211480,3,7,6,09,16,7,0,0,0,0,1,0,0,1
"POINT (9.213919552000050 48.748984800000073)",Unfall 211491 (2023) Kat:3, Licht: 0,211491,3,7,2,10,08,2,0,0,0,1,0,0,0,0
"POINT (9.197167311000044 48.824417594000067)",Unfall 211511 (2023) Kat:3, Licht: 0,211511,3,2,2,10,11,1,0,0,0,1,0,0,0,0
"POINT (9.196080392000056 48.833357476000060)",Unfall 211527 (2023) Kat:3, Licht: 0,211527,3,3,5,10,08,7,0,0,1,1,0,0,0,0
"POINT (9.207031515000040 48.841185298000028)",Unfall 211528 (2023) Kat:3, Licht: 0,211528,3,2,5,10,09,7,1,0,0,1,0,0,0,0
"POINT (9.160567794000031 48.754364293000037)",Unfall 211529 (2023) Kat:3, Licht: 0,211529,3,1,8,10,12,7,1,0,0,0,0,1,0,0
"POINT (9.200719848000062 48.792812256000047)",Unfall 211586 (2023) Kat:2, Licht: 2,211586,2,7,0,10,21,6,0,2,0,1,1,0,0,0
"POINT (9.128221376000056 48.778321649000077)",Unfall 211587 (2023) Kat:2, Licht: 1,211587,2,4,6,10,18,6,0,1,0,1,1,0,0,0
"POINT (9.209781652000061 48.809579697000061)",Unfall 211588 (2023) Kat:3, Licht: 2,211588,3,2,5,10,23,6,0,2,1,1,0,0,0,0
"POINT (9.174856508000062 48.768865780000056)",Unfall 211589 (2023) Kat:3, Licht: 2,211589,3,7,9,10,04,6,0,2,0,0,0,1,0,0
"POINT (9.103559745000041 48.824829259000069)",Unfall 211590 (2023) Kat:3, Licht: 0,211590,3,3,5,10,16,6,0,0,1,1,0,0,0,0
"POINT (9.136994293000043 48.775454372000070)",Unfall 211591 (2023) Kat:3, Licht: 0,211591,3,6,3,10,16,6,0,0,1,0,0,1,0,0
"POINT (9.191541486000062 48.779883339000037)",Unfall 211592 (2023) Kat:3, Licht: 1,211592,3,3,5,10,18,6,1,1,1,1,0,0,0,0
"POINT (9.152812111000060 48.773914194000042)",Unfall 211629 (2023) Kat:3, Licht: 2,211629,3,4,6,10,18,5,0,2,1,0,1,0,0,0
"POINT (9.180453398000054 48.780848293000076)",Unfall 211630 (2023) Kat:3, Licht: 0,211630,3,7,6,10,13,5,0,0,0,0,1,0,0,1
"POINT (9.207325190000063 48.787909980000052)",Unfall 211631 (2023) Kat:3, Licht: 0,211631,3,3,5,10,17,5,0,0,1,1,0,0,0,0
"POINT (9.178369686000053 48.780180644000041)",Unfall 211632 (2023) Kat:3, Licht: 0,211632,3,7,6,10,13,5,0,0,0,1,1,0,0,0
"POINT (9.124495930000023 48.823726857000054)",Unfall 211690 (2023) Kat:3, Licht: 0,211690,3,5,1,10,14,4,0,0,0,1,0,0,0,0
"POINT (9.149601050000058 48.757557216000066)",Unfall 211691 (2023) Kat:3, Licht: 0,211691,3,3,5,10,13,4,0,0,1,1,0,0,0,0
"POINT (9.196253019000039 48.777486961000079)",Unfall 211692 (2023) Kat:3, Licht: 0,211692,3,2,5,10,08,4,0,0,1,1,0,0,0,0
"POINT (9.164263187000074 48.813134090000062)",Unfall 211693 (2023) Kat:3, Licht: 2,211693,3,7,0,10,22,4,0,2,1,0,0,0,0,0
"POINT (9.248935401000040 48.810265025000035)",Unfall 211694 (2023) Kat:3, Licht: 0,211694,3,3,5,10,17,4,0,0,0,1,0,1,0,0
"POINT (9.251704391000033 48.769769652000036)",Unfall 211695 (2023) Kat:3, Licht: 0,211695,3,6,2,10,17,4,0,0,0,1,0,0,0,0
"POINT (9.273746678000066 48.757771603000037)",Unfall 211745 (2023) Kat:2, Licht: 2,211745,2,7,3,10,05,3,0,2,0,1,0,1,0,0
"POINT (9.176159721000033 48.765043948000027)",Unfall 211746 (2023) Kat:3, Licht: 0,211746,3,6,1,10,17,3,0,0,0,1,0,0,0,0
"POINT (9.190356213000030 48.831845396000062)",Unfall 211786 (2023) Kat:3, Licht: 0,211786,3,3,5,10,16,2,0,0,0,1,0,0,0,1
"POINT (9.175256399000034 48.746948936000081)",Unfall 211787 (2023) Kat:3, Licht: 0,211787,3,3,5,10,07,2,0,0,0,1,0,1,0,0
"POINT (9.221520948000034 48.810214737000081)",Unfall 211818 (2023) Kat:3, Licht: 0,211818,3,6,3,10,15,1,0,0,1,0,0,0,0,0
"POINT (9.165977541000075 48.721581399000058)",Unfall 211853 (2023) Kat:3, Licht: 0,211853,3,7,0,10,16,7,0,0,1,0,0,0,0,0
"POINT (9.174250544000074 48.771916926000074)",Unfall 211854 (2023) Kat:3, Licht: 0,211854,3,6,6,10,17,7,0,0,1,1,1,0,0,0
"POINT (9.175938369000050 48.838471298000059)",Unfall 211855 (2023) Kat:1, Licht: 2,211855,1,1,9,10,04,7,0,2,1,0,0,0,0,0
"POINT (9.205452323000031 48.836323269000047)",Unfall 211856 (2023) Kat:3, Licht: 2,211856,3,7,0,10,21,7,0,2,1,0,0,0,0,0
"POINT (9.238858707000077 48.829425932000049)",Unfall 211857 (2023) Kat:2, Licht: 0,211857,2,1,0,10,18,7,0,0,1,0,0,0,0,0
"POINT (9.105093821000025 48.806881981000060)",Unfall 211862 (2023) Kat:3, Licht: 0,211862,3,2,6,10,16,7,0,0,0,1,1,0,0,0
"POINT (9.101233640000032 48.725394416000029)",Unfall 211905 (2023) Kat:3, Licht: 0,211905,3,3,5,10,12,6,0,0,1,1,0,0,0,0
"POINT (9.220307359000060 48.796737347000033)",Unfall 211906 (2023) Kat:3, Licht: 1,211906,3,4,6,10,18,6,0,1,0,1,1,0,0,0
"POINT (9.113862262000055 48.736159762000057)",Unfall 211907 (2023) Kat:3, Licht: 0,211907,3,3,5,10,14,6,0,0,1,0,0,0,0,0
"POINT (9.175855282000043 48.830140586000027)",Unfall 211998 (2023) Kat:3, Licht: 0,211998,3,7,0,10,15,4,0,0,0,1,1,0,0,0
"POINT (9.167693976000066 48.814203286000065)",Unfall 211999 (2023) Kat:3, Licht: 0,211999,3,4,6,10,13,4,0,0,0,0,1,0,0,1
"POINT (9.110774340000034 48.729847702000029)",Unfall 212000 (2023) Kat:3, Licht: 0,212000,3,6,3,10,16,4,0,0,0,1,0,1,0,0
"POINT (9.167905526000027 48.777998836000052)",Unfall 212001 (2023) Kat:3, Licht: 0,212001,3,6,1,10,10,4,0,0,0,1,0,0,0,0
"POINT (9.118736684000055 48.820742857000027)",Unfall 212026 (2023) Kat:3, Licht: 0,212026,3,7,0,10,14,3,0,0,0,1,0,0,0,1
"POINT (9.224643120000053 48.822233907000054)",Unfall 212027 (2023) Kat:3, Licht: 0,212027,3,3,5,10,11,3,0,0,0,1,0,0,0,0
"POINT (9.190514168000050 48.808586319000028)",Unfall 212028 (2023) Kat:3, Licht: 0,212028,3,6,0,10,15,3,0,0,1,0,0,0,0,0
"POINT (9.178876919000061 48.829169777000061)",Unfall 212080 (2023) Kat:3, Licht: 2,212080,3,1,9,10,02,2,0,2,0,1,0,0,0,0
"POINT (9.230545462000066 48.779832266000028)",Unfall 212081 (2023) Kat:3, Licht: 0,212081,3,6,2,10,18,2,0,0,0,1,0,0,0,1
"POINT (9.164634520000050 48.811685375000081)",Unfall 212082 (2023) Kat:3, Licht: 0,212082,3,7,0,10,17,2,0,0,0,1,0,0,0,0
"POINT (9.182289988000036 48.810558912000033)",Unfall 212122 (2023) Kat:3, Licht: 0,212122,3,7,4,10,17,1,0,0,0,1,0,0,0,0
"POINT (9.165224338000030 48.744329840000034)",Unfall 212123 (2023) Kat:3, Licht: 0,212123,3,3,0,10,09,1,0,0,0,1,0,0,0,0
"POINT (9.170504514000072 48.810984626000050)",Unfall 212145 (2023) Kat:3, Licht: 0,212145,3,7,3,10,16,4,0,0,1,1,0,0,0,0
"POINT (9.152941656000053 48.810951492000072)",Unfall 212159 (2023) Kat:3, Licht: 1,212159,3,5,1,09,19,7,0,1,0,1,0,0,0,0
"POINT (9.153944481000053 48.841536005000080)",Unfall 212228 (2023) Kat:3, Licht: 0,212228,3,3,5,09,13,6,0,0,1,1,0,0,0,0
"POINT (9.210598634000064 48.816083939000066)",Unfall 212229 (2023) Kat:3, Licht: 0,212229,3,1,0,09,21,6,1,0,0,0,0,1,0,0
"POINT (9.190899210000055 48.831926427000042)",Unfall 212289 (2023) Kat:3, Licht: 0,212289,3,3,5,09,12,5,0,0,0,1,0,0,0,0
"POINT (9.173997353000061 48.793426192000027)",Unfall 212290 (2023) Kat:3, Licht: 0,212290,3,7,0,09,08,5,0,0,1,1,0,0,0,0
"POINT (9.178785744000038 48.833767451000028)",Unfall 212358 (2023) Kat:3, Licht: 0,212358,3,6,2,09,08,4,0,0,0,1,0,0,0,0