WKT,Name,OBJECTID,UKATEGORIE,UTYP1,UART,UMONAT,USTUNDE,UWOCHENTAG,STRZUSTAND,ULICHTVERH,ISTRAD,ISTPKW,ISTFUSS,ISTKRAD,ISTGKFZ,ISTSONSTIG
"POINT (9.212998448000064 48.788962486000059)",Unfall 212359 (2023) Kat:3, Licht: 0,212359,3,6,2,09,17,4,0,0,0,1,0,0,0,0
"POINT (9.171581968000055 48.763127740000073)",Unfall 212360 (2023) Kat:3, Licht: 0,212360,3,3,5,09,13,4,0,0,0,1,0,1,0,0
"POINT (9.191986112000052 48.782865421000054)",Unfall 212361 (2023) Kat:3, Licht: 1,212361,3,6,2,09,18,4,0,1,1,0,0,1,0,0
"POINT (9.182317299000033 48.782753665000030)",Unfall 212416 (2023) Kat:3, Licht: 0,212416,3,6,2,09,09,5,0,0,0,1,0,0,0,0
"POINT (9.229384788000061 48.845867145000057)",Unfall 212426 (2023) Kat:3, Licht: 0,212426,3,6,2,09,08,3,0,0,0,1,0,0,0,0
"POINT (9.220948268000029 48.787685421000049)",Unfall 212427 (2023) Kat:3, Licht: 0,212427,3,6,2,09,15,3,0,0,0,1,0,0,0,1
"POINT (9.164963300000068 48.782179626000072)",Unfall 212428 (2023) Kat:3, Licht: 2,212428,3,7,0,09,00,3,0,2,1,0,0,0,0,0
"POINT (9.151364883000042 48.725189944000078)",Unfall 212479 (2023) Kat:2, Licht: 0,212479,2,7,0,09,14,2,0,0,1,0,0,0,0,0
"POINT (9.170869341000071 48.781696767000028)",Unfall 212560 (2023) Kat:3, Licht: 0,212560,3,3,5,11,13,5,0,0,1,1,0,0,0,0
"POINT (9.184797926000044 48.791584347000025)",Unfall 212561 (2023) Kat:3, Licht: 0,212561,3,2,4,11,15,5,1,0,0,1,0,1,0,0
"POINT (9.228655955000022 48.814889972000060)",Unfall 212562 (2023) Kat:3, Licht: 0,212562,3,2,5,11,06,5,0,0,1,1,0,0,0,0
"POINT (9.250430395000024 48.785782728000072)",Unfall 212593 (2023) Kat:3, Licht: 0,212593,3,3,5,11,15,4,0,0,0,1,0,0,0,0
"POINT (9.173140394000029 48.782857044000082)",Unfall 212625 (2023) Kat:3, Licht: 0,212625,3,5,1,11,10,3,0,0,1,1,0,0,0,0
"POINT (9.250540069000067 48.780593877000058)",Unfall 212626 (2023) Kat:3, Licht: 0,212626,3,7,1,11,16,3,0,0,0,1,0,0,0,0
"POINT (9.166439121000053 48.781874024000047)",Unfall 212627 (2023) Kat:3, Licht: 0,212627,3,4,0,11,13,3,0,0,0,0,1,0,0,1
"POINT (9.165934207000021 48.774168770000074)",Unfall 212628 (2023) Kat:3, Licht: 2,212628,3,6,1,11,17,3,1,2,1,1,0,0,0,0
"POINT (9.155350289000069 48.838394694000044)",Unfall 212669 (2023) Kat:3, Licht: 2,212669,3,4,6,11,05,2,1,2,0,0,1,1,0,0
"POINT (9.102530284000068 48.744708237000054)",Unfall 212670 (2023) Kat:3, Licht: 0,212670,3,3,5,11,12,2,1,0,1,1,0,0,0,0
"POINT (9.183096530000057 48.771986591000029)",Unfall 212671 (2023) Kat:3, Licht: 0,212671,3,6,1,11,08,2,1,0,1,1,0,0,0,0
"POINT (9.177281685000025 48.829823997000062)",Unfall 212704 (2023) Kat:2, Licht: 0,212704,2,7,0,11,15,7,1,0,1,0,0,0,0,0
"POINT (9.220231045000048 48.756135199000028)",Unfall 212705 (2023) Kat:2, Licht: 0,212705,2,2,6,11,11,7,0,0,0,1,1,0,0,0
"POINT (9.266012456000055 48.767798216000074)",Unfall 212706 (2023) Kat:3, Licht: 2,212706,3,7,0,11,19,7,0,2,1,0,0,0,0,0
"POINT (9.158585946000073 48.761391466000077)",Unfall 212724 (2023) Kat:3, Licht: 0,212724,3,3,5,11,15,5,1,0,1,1,0,0,0,0
"POINT (9.246843528000056 48.778167310000072)",Unfall 212755 (2023) Kat:3, Licht: 2,212755,3,3,5,11,17,6,0,2,0,1,0,0,0,1
"POINT (9.210424117000059 48.808268639000062)",Unfall 212756 (2023) Kat:3, Licht: 2,212756,3,3,5,11,16,6,0,2,0,1,0,0,0,0
"POINT (9.165619720000052 48.775323750000041)",Unfall 212757 (2023) Kat:3, Licht: 0,212757,3,3,5,11,08,6,0,0,0,1,0,1,0,0
"POINT (9.167929413000024 48.778105312000037)",Unfall 212758 (2023) Kat:3, Licht: 0,212758,3,1,0,11,10,6,1,0,0,0,0,1,0,0
"POINT (9.128664882000066 48.779109950000077)",Unfall 212784 (2023) Kat:3, Licht: 0,212784,3,7,5,11,16,5,0,0,1,1,0,0,0,0
"POINT (9.100678114000061 48.730258151000044)",Unfall 212785 (2023) Kat:1, Licht: 0,212785,1,7,6,11,08,5,0,0,0,0,1,0,0,1
"POINT (9.170095862000039 48.832286509000028)",Unfall 212786 (2023) Kat:2, Licht: 0,212786,2,4,6,11,14,5,0,0,0,1,1,0,0,0
"POINT (9.210812691000058 48.821477721000065)",Unfall 212787 (2023) Kat:3, Licht: 2,212787,3,6,2,11,17,5,0,2,0,1,0,0,0,0
"POINT (9.151562008000042 48.731462801000077)",Unfall 212788 (2023) Kat:3, Licht: 0,212788,3,1,0,11,13,5,0,0,1,0,0,0,0,0
"POINT (9.176408134000042 48.746536043000049)",Unfall 212818 (2023) Kat:3, Licht: 0,212818,3,3,5,11,11,4,0,0,0,1,0,0,0,0
"POINT (9.154690232000064 48.847280069000078)",Unfall 212854 (2023) Kat:3, Licht: 0,212854,3,7,5,11,14,3,0,0,1,1,0,0,0,0
"POINT (9.245430627000076 48.773111301000029)",Unfall 212855 (2023) Kat:3, Licht: 2,212855,3,6,2,11,19,3,0,2,1,1,0,0,0,0
"POINT (9.229409732000022 48.833513597000035)",Unfall 212896 (2023) Kat:3, Licht: 2,212896,3,3,5,11,18,2,1,2,1,1,0,0,0,0
"POINT (9.127612060000047 48.775991234000060)",Unfall 212897 (2023) Kat:3, Licht: 0,212897,3,6,0,11,08,2,1,0,1,0,0,0,0,0
"POINT (9.211480819000030 48.726894285000071)",Unfall 212912 (2023) Kat:3, Licht: 0,212912,3,6,2,11,15,1,1,0,0,1,0,0,0,0
"POINT (9.151208935000056 48.759626665000042)",Unfall 212913 (2023) Kat:3, Licht: 0,212913,3,3,5,11,10,3,1,0,1,1,0,0,0,0
"POINT (9.173039831000040 48.824425196000050)",Unfall 212936 (2023) Kat:3, Licht: 2,212936,3,7,2,11,23,7,1,2,0,1,0,0,0,0
"POINT (9.243813641000031 48.815548272000058)",Unfall 212937 (2023) Kat:3, Licht: 2,212937,3,5,1,11,04,7,0,2,0,1,0,0,0,0
"POINT (9.227151750000075 48.793011585000045)",Unfall 212999 (2023) Kat:3, Licht: 0,212999,3,2,2,11,13,5,1,0,1,1,0,0,0,0
"POINT (9.179043163000074 48.800263187000041)",Unfall 213018 (2023) Kat:3, Licht: 2,213018,3,5,1,11,18,4,0,2,0,1,0,0,0,1
"POINT (9.211614076000046 48.788790622000079)",Unfall 213045 (2023) Kat:3, Licht: 2,213045,3,2,5,10,17,3,0,2,0,1,0,0,0,1
"POINT (9.195706697000048 48.833298591000073)",Unfall 213046 (2023) Kat:3, Licht: 0,213046,3,6,2,10,13,3,1,0,0,1,0,0,0,0
"POINT (9.228978296000037 48.799480406000043)",Unfall 213047 (2023) Kat:3, Licht: 0,213047,3,1,0,10,09,3,1,0,0,0,0,1,0,0
"POINT (9.185001430000057 48.781843048000042)",Unfall 213048 (2023) Kat:3, Licht: 0,213048,3,6,2,10,13,3,0,0,0,1,0,0,0,0
"POINT (9.174523259000068 48.772460396000042)",Unfall 213099 (2023) Kat:3, Licht: 2,213099,3,7,0,10,03,1,0,2,0,0,0,0,0,1
"POINT (9.232089979000023 48.790316986000050)",Unfall 213125 (2023) Kat:3, Licht: 2,213125,3,3,5,10,19,7,0,2,1,1,0,0,0,0
"POINT (9.128880522000031 48.778952774000061)",Unfall 213126 (2023) Kat:3, Licht: 2,213126,3,6,2,10,00,7,1,2,0,1,0,1,0,0
"POINT (9.149289353000029 48.726513582000052)",Unfall 213182 (2023) Kat:3, Licht: 0,213182,3,3,5,10,10,6,0,0,1,0,0,1,0,0
"POINT (9.203514057000064 48.817970528000046)",Unfall 213183 (2023) Kat:3, Licht: 2,213183,3,3,5,10,06,6,1,2,0,1,0,0,0,0
"POINT (9.219828889000041 48.781611578000081)",Unfall 213184 (2023) Kat:3, Licht: 2,213184,3,2,6,10,07,6,1,2,0,1,1,0,0,0
"POINT (9.108746418000067 48.732602308000025)",Unfall 213185 (2023) Kat:3, Licht: 2,213185,3,3,5,10,21,6,0,2,0,1,0,0,0,0
"POINT (9.159898673000043 48.761609108000073)",Unfall 213215 (2023) Kat:3, Licht: 0,213215,3,7,3,10,16,5,1,0,0,1,0,0,0,1
"POINT (9.203620564000062 48.813740983000059)",Unfall 213216 (2023) Kat:3, Licht: 2,213216,3,6,4,10,22,5,1,2,0,1,0,0,0,0
"POINT (9.187656142000037 48.790942606000044)",Unfall 213253 (2023) Kat:3, Licht: 0,213253,3,6,6,10,17,4,1,0,0,0,1,0,0,1
"POINT (9.167566510000029 48.764065234000043)",Unfall 213254 (2023) Kat:3, Licht: 0,213254,3,1,6,10,11,4,1,0,1,0,1,0,0,0
"POINT (9.252377233000061 48.778556398000035)",Unfall 213287 (2023) Kat:3, Licht: 2,213287,3,3,5,10,21,3,1,2,0,1,0,0,0,1
"POINT (9.184516438000060 48.773468344000037)",Unfall 213297 (2023) Kat:3, Licht: 0,213297,3,5,1,11,11,6,0,0,1,1,0,0,0,0
"POINT (9.170518675000039 48.763950502000057)",Unfall 213329 (2023) Kat:3, Licht: 2,213329,3,6,3,10,18,2,0,2,1,1,0,0,0,0
"POINT (9.223471216000064 48.810906201000080)",Unfall 213375 (2023) Kat:3, Licht: 0,213375,3,3,5,10,12,7,0,0,0,1,0,0,0,1
"POINT (9.147583448000034 48.772863286000074)",Unfall 213376 (2023) Kat:3, Licht: 2,213376,3,1,8,10,20,7,0,2,0,0,0,1,0,0
"POINT (9.192208745000073 48.787944869000057)",Unfall 213427 (2023) Kat:3, Licht: 1,213427,3,6,3,10,07,6,1,1,0,1,0,0,0,1
"POINT (9.231204022000043 48.841588798000032)",Unfall 213428 (2023) Kat:3, Licht: 0,213428,3,6,2,10,16,6,1,0,0,1,0,0,0,0
"POINT (9.160906332000025 48.809680625000055)",Unfall 213495 (2023) Kat:2, Licht: 0,213495,2,6,3,10,07,5,1,0,1,0,0,0,0,1
"POINT (9.159920106000072 48.767928334000032)",Unfall 213496 (2023) Kat:3, Licht: 0,213496,3,7,0,10,08,5,1,0,1,0,0,0,0,0
"POINT (9.118790172000047 48.724606094000080)",Unfall 213526 (2023) Kat:3, Licht: 0,213526,3,2,5,11,08,2,0,0,1,1,0,0,0,0
"POINT (9.189308233000077 48.807826919000036)",Unfall 213533 (2023) Kat:3, Licht: 0,213533,3,4,6,10,16,4,0,0,0,1,1,0,0,0
"POINT (9.183543360000044 48.833901905000062)",Unfall 213534 (2023) Kat:3, Licht: 2,213534,3,2,6,10,18,4,1,2,0,1,1,0,0,0
"POINT (9.219923062000021 48.801983937000045)",Unfall 213567 (2023) Kat:3, Licht: 0,213567,3,3,5,10,17,3,0,0,1,1,0,0,0,0
"POINT (9.241813540000066 48.776229163000039)",Unfall 213627 (2023) Kat:3, Licht: 0,213627,3,6,2,10,15,2,0,0,0,1,0,0,0,0
"POINT (9.159057268000026 48.774548331000062)",Unfall 213646 (2023) Kat:3, Licht: 0,213646,3,3,5,12,09,3,0,0,1,0,0,0,0,1
"POINT (9.109414000000072 48.731499595000059)",Unfall 213682 (2023) Kat:3, Licht: 2,213682,3,6,6,12,22,2,0,2,0,0,1,0,0,1
"POINT (9.180765231000066 48.770175325000025)",Unfall 213693 (2023) Kat:3, Licht: 2,213693,3,6,2,12,18,1,0,2,0,1,0,0,0,0
"POINT (9.150520832000041 48.730054851000034)",Unfall 213722 (2023) Kat:3, Licht: 0,213722,3,3,5,12,10,7,0,0,0,1,0,0,0,1
"POINT (9.106913844000076 48.742970841000044)",Unfall 213723 (2023) Kat:3, Licht: 2,213723,3,1,8,12,16,7,1,2,0,1,0,0,0,0
"POINT (9.221389331000069 48.810235087000081)",Unfall 213751 (2023) Kat:2, Licht: 2,213751,2,3,5,12,06,6,1,2,1,1,0,0,0,0
"POINT (9.101223937000043 48.725392830000033)",Unfall 213752 (2023) Kat:3, Licht: 0,213752,3,2,5,12,15,6,1,0,0,1,0,0,0,0
"POINT (9.169051849000027 48.747289106000039)",Unfall 213753 (2023) Kat:3, Licht: 2,213753,3,2,5,12,18,6,1,2,1,1,0,0,0,0
"POINT (9.184635393000065 48.833984299000065)",Unfall 213786 (2023) Kat:3, Licht: 2,213786,3,3,5,12,17,5,1,2,0,1,0,0,0,0
"POINT (9.200590683000030 48.820189492000054)",Unfall 213787 (2023) Kat:3, Licht: 2,213787,3,6,2,12,17,5,1,2,0,1,0,0,1,0
"POINT (9.237762438000061 48.801465722000046)",Unfall 213788 (2023) Kat:3, Licht: 2,213788,3,7,6,12,21,5,1,2,0,1,1,0,0,0
"POINT (9.244377859000053 48.775863636000054)",Unfall 213789 (2023) Kat:3, Licht: 0,213789,3,4,6,12,07,5,0,0,0,1,1,0,0,0
"POINT (9.195596362000060 48.833341515000029)",Unfall 213827 (2023) Kat:3, Licht: 0,213827,3,3,5,12,07,4,0,0,0,1,0,0,0,1
"POINT (9.211922167000068 48.811282151000057)",Unfall 213828 (2023) Kat:2, Licht: 2,213828,2,4,6,12,17,4,1,2,0,1,1,0,0,0
"POINT (9.241184182000040 48.790186499000072)",Unfall 213829 (2023) Kat:3, Licht: 0,213829,3,6,2,12,08,4,1,0,0,1,0,0,1,1
"POINT (9.209774668000023 48.809361519000049)",Unfall 213830 (2023) Kat:3, Licht: 2,213830,3,6,2,12,18,4,1,2,0,1,0,0,0,0
"POINT (9.165196031000050 48.821199089000061)",Unfall 213869 (2023) Kat:3, Licht: 2,213869,3,5,1,12,22,3,1,2,0,1,0,0,0,0
"POINT (9.166413652000074 48.774238130000072)",Unfall 213870 (2023) Kat:3, Licht: 0,213870,3,3,5,12,14,3,1,0,0,1,0,0,0,1
"POINT (9.144783560000064 48.720886291000056)",Unfall 213902 (2023) Kat:3, Licht: 0,213902,3,3,5,12,13,2,0,0,1,1,0,0,0,0
"POINT (9.188779731000068 48.751529732000051)",Unfall 213903 (2023) Kat:3, Licht: 2,213903,3,6,4,12,17,2,0,2,1,1,0,0,0,0
"POINT (9.176804665000077 48.763001962000033)",Unfall 213904 (2023) Kat:3, Licht: 0,213904,3,6,2,12,11,2,1,0,0,1,0,1,0,0
"POINT (9.176222001000042 48.809547374000033)",Unfall 213915 (2023) Kat:3, Licht: 0,213915,3,6,4,12,15,1,0,0,0,1,0,0,0,0
"POINT (9.159932107000031 48.761701168000059)",Unfall 213936 (2023) Kat:2, Licht: 0,213936,2,1,0,12,10,6,1,0,0,0,0,0,0,1
"POINT (9.220713404000037 48.738814373000025)",Unfall 213943 (2023) Kat:3, Licht: 2,213943,3,4,6,12,16,7,1,2,0,1,1,0,0,0
"POINT (9.213372286000038 48.813973456000042)",Unfall 213944 (2023) Kat:3, Licht: 2,213944,3,5,1,12,00,7,1,2,0,1,0,0,1,0
"POINT (9.154882661000045 48.835385729000052)",Unfall 213975 (2023) Kat:3, Licht: 2,213975,3,6,2,12,04,6,0,2,0,1,0,1,0,0
"POINT (9.169598193000070 48.766351193000048)",Unfall 214014 (2023) Kat:3, Licht: 0,214014,3,7,6,12,12,5,0,0,0,0,1,0,1,0
"POINT (9.105506040000023 48.806128918000070)",Unfall 214015 (2023) Kat:2, Licht: 0,214015,2,4,6,12,16,5,0,0,1,0,1,0,0,0
"POINT (9.214836698000056 48.844105323000065)",Unfall 214016 (2023) Kat:3, Licht: 2,214016,3,6,2,12,19,5,0,2,0,1,0,0,0,0
"POINT (9.225637287000040 48.801194186000032)",Unfall 214042 (2023) Kat:3, Licht: 2,214042,3,3,5,12,20,4,0,2,0,1,0,0,0,0
"POINT (9.165242582000076 48.785088881000036)",Unfall 214043 (2023) Kat:3, Licht: 1,214043,3,2,6,12,17,4,0,1,0,1,1,0,0,0
"POINT (9.212955566000062 48.819217011000035)",Unfall 214083 (2023) Kat:3, Licht: 0,214083,3,3,5,12,11,3,0,0,0,1,0,1,0,0
"POINT (9.168794400000024 48.771080769000037)",Unfall 214084 (2023) Kat:3, Licht: 0,214084,3,3,5,12,13,3,1,0,0,1,0,0,0,0
"POINT (9.221302761000061 48.810204452000050)",Unfall 214085 (2023) Kat:3, Licht: 2,214085,3,4,6,12,18,3,1,2,0,1,1,0,0,0
"POINT (9.111600375000023 48.813641734000043)",Unfall 214086 (2023) Kat:3, Licht: 0,214086,3,2,6,12,11,3,1,0,0,1,1,0,0,0
"POINT (9.168590468000048 48.744313344000034)",Unfall 214108 (2023) Kat:3, Licht: 0,214108,3,3,5,12,12,2,1,0,0,1,0,0,0,0
"POINT (9.193639665000035 48.785377631000074)",Unfall 214109 (2023) Kat:3, Licht: 0,214109,3,4,6,12,10,2,1,0,0,1,1,0,0,0
"POINT (9.171734053000023 48.818577450000078)",Unfall 214141 (2023) Kat:3, Licht: 0,214141,3,7,5,12,10,7,1,0,0,1,0,0,0,0
"POINT (9.162237618000063 48.761434548000068)",Unfall 214142 (2023) Kat:3, Licht: 0,214142,3,6,2,12,14,7,1,0,0,1,0,0,0,0
"POINT (9.168517605000034 48.777278608000074)",Unfall 214143 (2023) Kat:3, Licht: 2,214143,3,6,2,12,17,7,1,2,0,1,0,0,0,0
"POINT (9.136555089000069 48.843095430000062)",Unfall 214208 (2023) Kat:3, Licht: 0,214208,3,4,6,11,13,5,1,0,0,0,1,0,0,1
"POINT (9.186729889000048 48.830838004000043)",Unfall 214209 (2023) Kat:2, Licht: 2,214209,2,1,0,11,04,5,1,2,0,0,0,0,0,1
"POINT (9.181461196000043 48.783049616000028)",Unfall 214210 (2023) Kat:3, Licht: 2,214210,3,6,3,11,17,5,1,2,0,1,0,0,0,1
"POINT (9.267378776000044 48.786865993000049)",Unfall 214240 (2023) Kat:3, Licht: 2,214240,3,4,6,11,17,4,1,2,0,1,1,0,0,0
"POINT (9.203710852000029 48.789116771000067)",Unfall 214241 (2023) Kat:3, Licht: 0,214241,3,3,5,11,16,4,0,0,1,1,0,0,0,0
"POINT (9.172663868000029 48.759977745000072)",Unfall 214276 (2023) Kat:2, Licht: 0,214276,2,7,8,12,10,4,1,0,0,1,0,0,0,0
"POINT (9.215603749000024 48.742123911000078)",Unfall 214280 (2023) Kat:3, Licht: 0,214280,3,7,6,11,11,3,1,0,0,1,0,0,0,1
"POINT (9.220059723000077 48.807462271000077)",Unfall 214308 (2023) Kat:3, Licht: 0,214308,3,7,0,12,13,4,1,0,0,0,0,0,0,1
"POINT (9.219535046000033 48.739149162000047)",Unfall 214314 (2023) Kat:3, Licht: 1,214314,3,3,5,11,16,2,1,1,1,1,0,0,0,0
"POINT (9.179701717000057 48.811333840000032)",Unfall 214315 (2023) Kat:3, Licht: 1,214315,3,2,5,11,07,2,0,1,1,1,0,0,0,0
"POINT (9.176988394000034 48.783975369000075)",Unfall 214316 (2023) Kat:3, Licht: 0,214316,3,6,2,11,13,2,1,0,0,1,0,0,0,0
"POINT (9.173342367000032 48.748943870000062)",Unfall 214326 (2023) Kat:3, Licht: 0,214326,3,3,5,11,10,1,1,0,1,1,0,0,0,0
"POINT (9.151993361000052 48.753216950000080)",Unfall 214327 (2023) Kat:3, Licht: 0,214327,3,6,4,11,11,1,1,0,0,1,0,0,0,0
"POINT (9.170709778000059 48.826041058000044)",Unfall 214328 (2023) Kat:3, Licht: 0,214328,3,3,5,11,15,1,0,0,0,1,0,0,0,0
"POINT (9.197097269000039 48.840234412000029)",Unfall 214329 (2023) Kat:3, Licht: 0,214329,3,7,0,11,12,1,1,0,0,1,0,1,0,0
"POINT (9.174724581000021 48.776158386000077)",Unfall 214330 (2023) Kat:3, Licht: 0,214330,3,6,6,11,15,1,0,0,1,0,1,0,0,0
"POINT (9.179453713000044 48.750463656000079)",Unfall 214365 (2023) Kat:3, Licht: 2,214365,3,1,1,11,00,7,1,2,0,1,0,0,0,0
"POINT (9.195631147000029 48.835055667000063)",Unfall 214366 (2023) Kat:3, Licht: 2,214366,3,2,5,11,18,7,1,2,0,1,0,0,0,0
"POINT (9.161230666000051 48.765937051000037)",Unfall 214367 (2023) Kat:2, Licht: 2,214367,2,7,9,11,19,7,1,2,0,1,0,0,0,0
"POINT (9.260007214000041 48.762278007000077)",Unfall 214400 (2023) Kat:3, Licht: 0,214400,3,3,5,11,13,6,1,0,0,1,0,0,0,0
"POINT (9.140513180000028 48.835671880000064)",Unfall 214401 (2023) Kat:3, Licht: 2,214401,3,7,6,11,19,6,0,2,0,1,1,0,0,0
"POINT (9.178848017000064 48.766014364000057)",Unfall 214402 (2023) Kat:3, Licht: 0,214402,3,6,2,11,13,6,1,0,0,1,0,0,0,0
"POINT (9.155799631000036 48.778676828000073)",Unfall 214437 (2023) Kat:3, Licht: 0,214437,3,3,5,11,09,5,0,0,0,1,0,1,0,0
"POINT (9.156716092000067 48.772479395000062)",Unfall 214438 (2023) Kat:3, Licht: 2,214438,3,2,5,11,07,5,0,2,1,1,0,0,0,0
"POINT (9.169078795000075 48.828658208000036)",Unfall 214447 (2023) Kat:3, Licht: 2,214447,3,3,5,12,18,6,0,2,1,1,0,0,0,0
"POINT (9.165479696000034 48.781431719000068)",Unfall 214473 (2023) Kat:3, Licht: 0,214473,3,6,6,11,11,4,0,0,0,0,1,0,0,1
"POINT (9.185685792000072 48.830672711000034)",Unfall 214506 (2023) Kat:3, Licht: 2,214506,3,3,5,11,22,3,1,2,0,1,0,0,0,0
"POINT (9.228570453000032 48.844998205000081)",Unfall 214507 (2023) Kat:3, Licht: 0,214507,3,3,5,11,13,3,1,0,0,1,0,0,0,0
"POINT (9.177554597000039 48.819643917000064)",Unfall 214508 (2023) Kat:3, Licht: 0,214508,3,3,5,11,10,3,0,0,0,1,0,1,0,0
"POINT (9.165048766000041 48.832112252000059)",Unfall 214509 (2023) Kat:3, Licht: 2,214509,3,2,6,11,06,3,1,2,0,1,1,0,0,0
"POINT (9.231374065000068 48.800572252000052)",Unfall 214546 (2023) Kat:3, Licht: 2,214546,3,3,5,11,06,2,1,2,0,1,0,0,0,0
"POINT (9.110129246000042 48.748294224000063)",Unfall 214547 (2023) Kat:3, Licht: 0,214547,3,5,4,11,08,2,0,0,1,1,0,0,0,0
"POINT (9.209642364000047 48.814220387000034)",Unfall 214562 (2023) Kat:2, Licht: 2,214562,2,1,0,11,22,1,1,2,1,0,0,0,0,0
"POINT (9.207496963000040 48.785955309000030)",Unfall 214583 (2023) Kat:3, Licht: 2,214583,3,4,6,11,21,7,1,2,0,1,1,0,0,0
"POINT (9.200363144000050 48.836687770000026)",Unfall 214612 (2023) Kat:3, Licht: 2,214612,3,6,3,11,17,6,1,2,0,1,0,0,0,0
"POINT (9.191310812000040 48.786851152000054)",Unfall 214613 (2023) Kat:3, Licht: 0,214613,3,4,0,11,11,6,0,0,0,0,1,1,0,0
"POINT (9.233319109000035 48.789641337000035)",Unfall 215462 (2023) Kat:3, Licht: 2,215462,3,3,5,12,18,7,0,2,0,1,0,0,0,0
"POINT (9.148135897000031 48.757568188000050)",Unfall 215503 (2023) Kat:3, Licht: 2,215503,3,3,5,12,21,5,0,2,0,1,0,0,0,0
"POINT (9.127188316000058 48.814318764000063)",Unfall 215517 (2023) Kat:3, Licht: 0,215517,3,1,0,12,15,4,1,0,1,0,0,0,0,0
"POINT (9.205002788000058 48.784268280000049)",Unfall 215544 (2023) Kat:3, Licht: 0,215544,3,3,5,12,15,2,0,0,0,1,0,0,0,0
"POINT (9.159539807000044 48.842206890000057)",Unfall 215545 (2023) Kat:3, Licht: 0,215545,3,1,8,12,12,2,0,0,0,1,0,0,0,0
"POINT (9.177062081000031 48.777168016000076)",Unfall 215554 (2023) Kat:2, Licht: 2,215554,2,7,0,12,22,1,0,2,0,0,0,0,0,1
"POINT (9.151442388000021 48.761443915000029)",Unfall 215555 (2023) Kat:3, Licht: 2,215555,3,7,0,12,00,1,0,2,1,0,0,0,0,0
"POINT (9.164511950000076 48.776854888000059)",Unfall 215556 (2023) Kat:3, Licht: 0,215556,3,6,2,12,12,1,0,0,0,1,0,0,0,0
"POINT (9.204980542000044 48.784239767000031)",Unfall 215565 (2023) Kat:3, Licht: 0,215565,3,3,5,12,13,7,0,0,1,1,0,0,0,0
"POINT (9.170470050000063 48.817757307000079)",Unfall 215593 (2023) Kat:3, Licht: 1,215593,3,3,5,12,16,6,0,1,0,1,0,0,0,1
"POINT (9.153379347000055 48.741865480000058)",Unfall 215624 (2023) Kat:3, Licht: 2,215624,3,4,6,12,18,5,1,2,0,0,1,1,0,0
"POINT (9.150739352000073 48.731002487000069)",Unfall 215654 (2023) Kat:3, Licht: 2,215654,3,2,6,12,17,4,0,2,0,1,1,0,0,0
"POINT (9.287408471000049 48.786549716000081)",Unfall 265509 (2023) Kat:2, Licht: 0,265509,2,7,9,01,14,7,0,0,1,0,0,0,0,0
"POINT (9.185043298000039 48.782287716000042)",Unfall 265520 (2023) Kat:2, Licht: 0,265520,2,7,0,01,10,3,2,0,1,0,0,0,0,0
"POINT (9.185110721000058 48.782324879000043)",Unfall 265521 (2023) Kat:3, Licht: 0,265521,3,7,0,01,10,3,2,0,1,0,0,0,0,0
"POINT (9.184268957000029 48.778740681000045)",Unfall 265536 (2023) Kat:3, Licht: 0,265536,3,1,0,01,07,3,1,0,1,0,0,0,0,0
"POINT (9.085545961000037 48.724734390000037)",Unfall 265564 (2023) Kat:3, Licht: 2,265564,3,6,6,02,19,3,0,2,1,0,1,0,0,0
"POINT (9.263085609000029 48.770037976000026)",Unfall 265585 (2023) Kat:2, Licht: 0,265585,2,6,0,03,08,2,1,0,1,0,0,0,0,0
"POINT (9.189563077000059 48.806583299000067)",Unfall 265590 (2023) Kat:3, Licht: 0,265590,3,1,0,03,08,4,1,0,1,0,0,0,0,0
"POINT (9.189675324000063 48.789745109000080)",Unfall 265596 (2023) Kat:3, Licht: 0,265596,3,1,0,03,09,1,1,0,1,0,0,0,0,0
"POINT (9.186595475000047 48.784174944000029)",Unfall 265608 (2023) Kat:2, Licht: 0,265608,2,6,4,03,19,2,1,0,1,0,0,0,0,0
"POINT (9.227705173000061 48.799157279000042)",Unfall 265650 (2023) Kat:3, Licht: 0,265650,3,6,4,04,13,7,0,0,1,0,0,0,0,0
"POINT (9.202164203000052 48.797659161000070)",Unfall 265663 (2023) Kat:3, Licht: 0,265663,3,4,6,04,15,7,0,0,1,0,1,0,0,0
"POINT (9.188310811000065 48.784039792000044)",Unfall 265676 (2023) Kat:3, Licht: 0,265676,3,2,6,05,15,4,0,0,1,0,1,0,0,0
"POINT (9.164712703000021 48.850679713000034)",Unfall 265796 (2023) Kat:3, Licht: 0,265796,3,6,4,05,19,2,0,0,1,0,0,0,0,0
"POINT (9.227390035000042 48.838026266000043)",Unfall 265835 (2023) Kat:3, Licht: 0,265835,3,6,4,06,10,1,0,0,1,0,0,0,0,0
"POINT (9.173262137000052 48.803030679000074)",Unfall 265856 (2023) Kat:3, Licht: 0,265856,3,7,8,06,09,2,1,0,1,0,0,0,0,0
"POINT (9.141942574000041 48.716599118000033)",Unfall 265864 (2023) Kat:2, Licht: 0,265864,2,1,8,06,15,3,0,0,1,0,0,0,0,0
"POINT (9.208290764000026 48.834397093000064)",Unfall 265871 (2023) Kat:2, Licht: 0,265871,2,1,0,06,14,5,0,0,1,0,0,0,0,0