WKT,Name,OBJECTID,UKATEGORIE,UTYP1,UART,UMONAT,USTUNDE,UWOCHENTAG,STRZUSTAND,ULICHTVERH,ISTRAD,ISTPKW,ISTFUSS,ISTKRAD,ISTGKFZ,ISTSONSTIG
"POINT (9.232141765000051 48.815869259000067)",Unfall 265907 (2023) Kat:3, Licht: 0,265907,3,7,0,06,08,2,0,0,1,0,0,0,0,0
"POINT (9.192182167000055 48.804264136000029)",Unfall 265933 (2023) Kat:3, Licht: 0,265933,3,1,0,06,07,4,0,0,1,0,0,0,0,0
"POINT (9.192266838000023 48.847906083000055)",Unfall 265957 (2023) Kat:3, Licht: 0,265957,3,6,2,06,15,7,0,0,1,0,0,0,0,0
"POINT (9.205074596000031 48.795685205000041)",Unfall 265980 (2023) Kat:3, Licht: 0,265980,3,2,5,06,07,3,0,0,1,0,0,0,0,0
"POINT (9.191023164000057 48.789311333000057)",Unfall 266001 (2023) Kat:3, Licht: 0,266001,3,6,0,06,15,5,0,0,1,0,1,0,0,0
"POINT (9.211192770000025 48.801261523000051)",Unfall 266016 (2023) Kat:3, Licht: 0,266016,3,6,2,06,14,1,0,0,1,0,0,0,0,0
"POINT (9.119047179000063 48.710905887000081)",Unfall 266036 (2023) Kat:3, Licht: 1,266036,3,7,0,06,19,3,0,1,1,0,0,0,0,1
"POINT (9.241510522000056 48.789627826000071)",Unfall 266037 (2023) Kat:2, Licht: 0,266037,2,6,4,06,16,3,0,0,1,0,0,1,0,0
"POINT (9.147259543000075 48.715980730000069)",Unfall 266047 (2023) Kat:3, Licht: 0,266047,3,6,4,06,19,5,0,0,1,0,0,1,0,0
"POINT (9.190498079000065 48.788491025000042)",Unfall 266077 (2023) Kat:3, Licht: 0,266077,3,6,4,07,18,3,0,0,1,0,0,0,0,0
"POINT (9.209387911000022 48.750668470000051)",Unfall 266109 (2023) Kat:3, Licht: 0,266109,3,7,0,07,21,1,0,0,1,0,0,0,0,0
"POINT (9.111195548000069 48.727917522000041)",Unfall 266139 (2023) Kat:3, Licht: 0,266139,3,6,6,07,17,5,0,0,1,0,1,0,0,0
"POINT (9.190015345000063 48.789930814000058)",Unfall 266207 (2023) Kat:3, Licht: 0,266207,3,1,0,07,07,6,0,0,1,0,0,0,0,0
"POINT (9.185464810000042 48.782564748000027)",Unfall 266264 (2023) Kat:3, Licht: 0,266264,3,7,0,07,11,2,0,0,1,0,0,0,0,0
"POINT (9.181068097000036 48.778952835000041)",Unfall 266284 (2023) Kat:3, Licht: 0,266284,3,7,0,08,17,7,0,0,1,0,0,0,0,0
"POINT (9.231572279000034 48.829996424000058)",Unfall 266296 (2023) Kat:3, Licht: 0,266296,3,6,6,08,09,2,0,0,1,0,1,0,0,0
"POINT (9.111559909000050 48.775343409000072)",Unfall 266339 (2023) Kat:2, Licht: 2,266339,2,1,0,08,21,3,0,2,1,0,0,0,0,0
"POINT (9.204035760000068 48.696863999000072)",Unfall 266359 (2023) Kat:3, Licht: 0,266359,3,7,7,08,10,7,0,0,1,0,0,0,0,1
"POINT (9.121982927000033 48.777810911000074)",Unfall 266367 (2023) Kat:2, Licht: 0,266367,2,7,9,08,14,1,0,0,1,0,0,0,0,0
"POINT (9.093621295000048 48.822186297000030)",Unfall 266368 (2023) Kat:3, Licht: 0,266368,3,3,6,08,19,1,0,0,1,0,1,0,0,0
"POINT (9.096497713000076 48.745920787000045)",Unfall 266377 (2023) Kat:2, Licht: 2,266377,2,1,0,08,22,3,0,2,1,0,0,0,0,0
"POINT (9.181502720000026 48.846025637000025)",Unfall 266378 (2023) Kat:3, Licht: 0,266378,3,3,5,08,08,3,0,0,1,0,0,0,0,0
"POINT (9.129408377000061 48.821183105000046)",Unfall 266400 (2023) Kat:2, Licht: 0,266400,2,6,6,08,15,1,1,0,1,0,1,0,0,0
"POINT (9.196696388000021 48.807069373000047)",Unfall 266411 (2023) Kat:2, Licht: 0,266411,2,7,0,08,06,5,0,0,1,0,0,0,0,0
"POINT (9.190039718000037 48.806488433000027)",Unfall 266451 (2023) Kat:3, Licht: 0,266451,3,6,6,09,10,5,0,0,1,0,1,0,0,0
"POINT (9.109060411000030 48.792690455000070)",Unfall 266466 (2023) Kat:2, Licht: 0,266466,2,1,0,09,19,7,0,0,1,0,0,0,0,0
"POINT (9.208951978000073 48.828908092000063)",Unfall 266467 (2023) Kat:2, Licht: 0,266467,2,6,4,09,18,7,0,0,1,0,0,0,0,0
"POINT (9.102164066000057 48.786646638000036)",Unfall 266478 (2023) Kat:2, Licht: 0,266478,2,6,4,09,08,1,0,0,1,0,0,0,0,0
"POINT (9.194937864000053 48.792333939000059)",Unfall 266502 (2023) Kat:3, Licht: 2,266502,3,7,0,09,20,4,0,2,1,0,0,0,0,0
"POINT (9.185558946000072 48.782493317000046)",Unfall 266506 (2023) Kat:3, Licht: 0,266506,3,7,0,09,17,5,0,0,1,0,0,0,0,0
"POINT (9.236520320000068 48.814545390000035)",Unfall 266536 (2023) Kat:2, Licht: 0,266536,2,6,4,09,17,4,0,0,1,0,0,0,0,0
"POINT (9.142712281000058 48.844274477000056)",Unfall 266543 (2023) Kat:2, Licht: 2,266543,2,7,0,09,05,5,0,2,1,0,0,0,0,0
"POINT (9.208288100000061 48.844135742000049)",Unfall 266594 (2023) Kat:3, Licht: 0,266594,3,7,6,10,18,1,0,0,1,0,1,0,0,0
"POINT (9.197675817000061 48.793404785000064)",Unfall 266606 (2023) Kat:3, Licht: 1,266606,3,4,6,10,19,2,0,1,1,0,1,0,0,0
"POINT (9.182774833000053 48.809140452000065)",Unfall 266612 (2023) Kat:3, Licht: 0,266612,3,6,4,10,13,3,0,0,1,0,0,0,0,0
"POINT (9.206604633000040 48.802527107000060)",Unfall 266625 (2023) Kat:2, Licht: 2,266625,2,1,0,10,23,5,0,2,1,0,0,0,0,0
"POINT (9.171241757000075 48.716702632000079)",Unfall 266626 (2023) Kat:2, Licht: 0,266626,2,7,0,10,13,7,0,0,1,0,0,0,0,0
"POINT (9.131894435000049 48.718982200000028)",Unfall 266669 (2023) Kat:2, Licht: 2,266669,2,1,0,10,22,7,0,2,1,0,0,0,0,0
"POINT (9.167427173000021 48.749914321000063)",Unfall 266678 (2023) Kat:2, Licht: 1,266678,2,7,0,10,19,3,0,1,1,0,0,0,0,0
"POINT (9.131067078000058 48.768197118000046)",Unfall 266685 (2023) Kat:3, Licht: 2,266685,3,1,0,10,05,5,1,2,1,0,0,0,0,0
"POINT (9.150937030000023 48.738995075000048)",Unfall 266690 (2023) Kat:3, Licht: 0,266690,3,7,0,10,11,1,0,0,1,0,0,0,0,0
"POINT (9.180733536000048 48.789540950000060)",Unfall 266708 (2023) Kat:3, Licht: 2,266708,3,1,0,10,20,2,1,2,1,0,0,0,0,0
"POINT (9.148161039000058 48.850652903000025)",Unfall 266709 (2023) Kat:3, Licht: 1,266709,3,1,8,10,18,2,1,1,1,0,0,0,0,0
"POINT (9.250489897000023 48.788801658000068)",Unfall 266733 (2023) Kat:3, Licht: 0,266733,3,1,0,11,14,4,1,0,1,0,0,0,0,0
"POINT (9.216670360000023 48.798689865000028)",Unfall 266752 (2023) Kat:2, Licht: 1,266752,2,7,0,11,07,2,0,1,1,0,0,0,0,0
"POINT (9.181735524000032 48.846379658000046)",Unfall 266764 (2023) Kat:3, Licht: 0,266764,3,7,0,12,15,5,0,0,1,0,0,0,0,0
"POINT (9.141801650000048 48.810163019000072)",Unfall 266768 (2023) Kat:3, Licht: 2,266768,3,6,6,12,18,2,0,2,1,0,1,0,0,0
"POINT (9.125680020000061 48.744384229000048)",Unfall 266771 (2023) Kat:3, Licht: 0,266771,3,1,0,12,14,3,1,0,1,0,0,0,0,0
"POINT (9.157235885000034 48.734426338000048)",Unfall 266774 (2023) Kat:3, Licht: 0,266774,3,7,0,12,07,6,1,0,1,0,1,0,0,0
"POINT (9.142679995000037 48.828594488000078)",Unfall 266781 (2023) Kat:3, Licht: 2,266781,3,7,0,12,05,7,1,2,1,0,0,0,0,0
"POINT (9.070920091000062 48.725515256000051)",Unfall 78294 (2024) Kat:3, Licht: 2,78294,3,1,9,01,20,1,1,2,0,1,0,0,0,0
"POINT (9.181210233000058 48.791046698000059)",Unfall 78300 (2024) Kat:3, Licht: 2,78300,3,7,0,01,02,1,0,2,1,1,0,0,0,0
"POINT (9.231857574000060 48.829780939000045)",Unfall 78301 (2024) Kat:3, Licht: 0,78301,3,1,0,01,12,1,2,0,0,0,0,1,0,0
"POINT (9.220003539000061 48.740514282000049)",Unfall 78378 (2024) Kat:3, Licht: 0,78378,3,6,2,01,07,6,2,0,0,1,0,0,0,0
"POINT (9.206864094000025 48.702559095000026)",Unfall 78379 (2024) Kat:3, Licht: 0,78379,3,6,2,01,15,6,1,0,0,1,0,0,0,0
"POINT (9.140651074000061 48.790368389000037)",Unfall 78409 (2024) Kat:3, Licht: 2,78409,3,1,9,01,21,5,2,2,0,1,0,0,0,0
"POINT (9.226631326000074 48.805115148000027)",Unfall 78437 (2024) Kat:3, Licht: 0,78437,3,6,2,01,14,4,0,0,0,1,0,0,0,0
"POINT (9.206156091000025 48.797079440000061)",Unfall 78454 (2024) Kat:3, Licht: 1,78454,3,6,2,01,17,7,0,1,0,1,0,0,0,0
"POINT (9.134007239000027 48.764138475000038)",Unfall 78569 (2024) Kat:3, Licht: 0,78569,3,6,2,01,14,4,0,0,0,1,0,0,0,0
"POINT (9.219362414000045 48.787456306000081)",Unfall 78593 (2024) Kat:3, Licht: 2,78593,3,6,5,01,05,3,1,2,0,1,0,1,0,0
"POINT (9.175343122000072 48.819939275000081)",Unfall 78656 (2024) Kat:3, Licht: 0,78656,3,6,2,01,15,5,0,0,0,1,0,0,0,0
"POINT (9.191348875000074 48.788522158000035)",Unfall 79148 (2024) Kat:3, Licht: 0,79148,3,6,2,01,10,5,0,0,0,1,0,0,0,1
"POINT (9.209554534000063 48.798042782000039)",Unfall 79340 (2024) Kat:3, Licht: 2,79340,3,6,2,01,18,4,0,2,0,1,0,0,0,0
"POINT (9.157546640000021 48.832380047000072)",Unfall 79589 (2024) Kat:3, Licht: 2,79589,3,3,5,01,21,2,1,2,0,1,0,0,0,0
"POINT (9.200160167000035 48.694782509000049)",Unfall 80067 (2024) Kat:2, Licht: 2,80067,2,3,5,01,21,6,0,2,0,1,0,0,0,0
"POINT (9.169589496000071 48.820647747000066)",Unfall 81075 (2024) Kat:2, Licht: 1,81075,2,7,0,01,07,4,1,1,0,0,0,1,0,0
"POINT (9.074841703000061 48.722694961000059)",Unfall 81466 (2024) Kat:3, Licht: 2,81466,3,6,2,02,18,5,0,2,0,1,0,0,0,0
"POINT (9.190397339000071 48.696463089000076)",Unfall 81467 (2024) Kat:3, Licht: 2,81467,3,7,2,02,23,5,0,2,0,1,0,0,0,0
"POINT (9.079971942000043 48.719697380000071)",Unfall 81490 (2024) Kat:3, Licht: 0,81490,3,6,3,02,07,4,0,0,0,1,0,0,1,0
"POINT (9.092629081000041 48.730976986000030)",Unfall 81522 (2024) Kat:3, Licht: 1,81522,3,2,3,02,07,3,0,1,0,1,0,1,0,0
"POINT (9.091560496000056 48.820342807000031)",Unfall 81523 (2024) Kat:3, Licht: 0,81523,3,6,2,02,16,3,0,0,0,1,0,0,0,0
"POINT (9.182556068000054 48.776199819000055)",Unfall 81543 (2024) Kat:3, Licht: 2,81543,3,6,2,02,21,2,0,2,0,1,0,0,0,0
"POINT (9.173256510000044 48.811250547000043)",Unfall 81563 (2024) Kat:3, Licht: 0,81563,3,1,8,02,15,1,1,0,1,1,0,0,0,0
"POINT (9.183087694000051 48.767400667000061)",Unfall 81584 (2024) Kat:3, Licht: 2,81584,3,1,8,02,04,7,1,2,0,1,0,0,0,0
"POINT (9.186211702000037 48.780837228000053)",Unfall 81585 (2024) Kat:3, Licht: 0,81585,3,6,2,02,15,7,0,0,0,1,0,0,0,0
"POINT (9.084289216000059 48.822035000000028)",Unfall 81618 (2024) Kat:3, Licht: 2,81618,3,6,2,02,21,6,1,2,0,1,0,0,0,0
"POINT (9.091588875000070 48.755762537000066)",Unfall 81619 (2024) Kat:3, Licht: 0,81619,3,6,2,02,08,6,1,0,1,1,0,0,0,0
"POINT (9.124985420000030 48.729602803000034)",Unfall 81659 (2024) Kat:3, Licht: 2,81659,3,7,0,02,06,5,1,2,0,0,0,1,0,0
"POINT (9.174938482000073 48.777898768000057)",Unfall 81660 (2024) Kat:3, Licht: 0,81660,3,2,5,02,13,5,0,0,1,1,0,0,0,0
"POINT (9.222457009000038 48.836373755000068)",Unfall 81695 (2024) Kat:3, Licht: 2,81695,3,3,5,02,17,4,1,2,1,1,0,0,0,0
"POINT (9.171480794000047 48.771930448000035)",Unfall 81696 (2024) Kat:3, Licht: 0,81696,3,6,2,02,09,4,0,0,0,1,0,0,0,0
"POINT (9.088546006000058 48.832586882000044)",Unfall 81726 (2024) Kat:3, Licht: 2,81726,3,6,2,02,03,3,0,2,0,1,0,0,0,1
"POINT (9.181836118000035 48.810441551000054)",Unfall 81729 (2024) Kat:2, Licht: 0,81729,2,4,6,02,15,3,0,0,0,1,1,0,0,0
"POINT (9.092486208000025 48.802736935000041)",Unfall 81730 (2024) Kat:3, Licht: 0,81730,3,4,6,02,07,3,0,0,0,1,1,0,0,0
"POINT (9.177024833000075 48.811004511000078)",Unfall 81731 (2024) Kat:3, Licht: 0,81731,3,6,2,02,15,3,0,0,0,1,0,0,0,0
"POINT (9.200947810000059 48.766099036000071)",Unfall 81732 (2024) Kat:3, Licht: 1,81732,3,7,9,02,07,3,0,1,0,0,0,1,0,0
"POINT (9.203981965000025 48.780832834000080)",Unfall 81857 (2024) Kat:3, Licht: 0,81857,3,2,5,02,08,6,0,0,0,1,0,0,0,0
"POINT (9.242544633000023 48.808204217000082)",Unfall 81858 (2024) Kat:3, Licht: 0,81858,3,6,2,02,14,6,0,0,1,0,0,0,0,1
"POINT (9.184752572000036 48.805877806000069)",Unfall 81859 (2024) Kat:3, Licht: 2,81859,3,6,2,02,07,6,1,2,0,1,0,0,0,0
"POINT (9.178241218000039 48.771820330000025)",Unfall 81894 (2024) Kat:3, Licht: 0,81894,3,3,5,02,14,5,0,0,0,1,0,0,0,1
"POINT (9.214280215000031 48.801482427000053)",Unfall 81900 (2024) Kat:2, Licht: 0,81900,2,3,5,02,09,4,0,0,1,0,0,0,1,0
"POINT (9.233379802000059 48.787080672000059)",Unfall 81907 (2024) Kat:3, Licht: 0,81907,3,6,2,02,07,5,1,0,0,1,0,0,0,0
"POINT (9.217661767000038 48.814538769000080)",Unfall 81908 (2024) Kat:3, Licht: 0,81908,3,3,5,02,13,5,1,0,0,1,0,0,0,1
"POINT (9.254751790000057 48.759702460000028)",Unfall 81939 (2024) Kat:3, Licht: 1,81939,3,2,6,01,07,4,0,1,0,0,1,0,0,1
"POINT (9.163988890000041 48.722381195000025)",Unfall 81974 (2024) Kat:3, Licht: 0,81974,3,7,0,01,10,3,0,0,0,1,1,0,0,0
"POINT (9.200837885000055 48.805033290000040)",Unfall 82014 (2024) Kat:3, Licht: 2,82014,3,6,2,01,17,2,0,2,0,1,0,0,0,0
"POINT (9.112912855000047 48.730048504000081)",Unfall 82041 (2024) Kat:3, Licht: 1,82041,3,7,0,01,07,1,0,1,0,0,0,0,0,1
"POINT (9.173381633000076 48.801913533000061)",Unfall 82042 (2024) Kat:3, Licht: 0,82042,3,6,2,01,13,1,0,0,0,1,0,0,0,0
"POINT (9.212331462000066 48.829598040000064)",Unfall 82089 (2024) Kat:3, Licht: 0,82089,3,4,0,01,15,7,0,0,0,0,1,0,0,1
"POINT (9.179878233000068 48.761278428000026)",Unfall 82132 (2024) Kat:3, Licht: 0,82132,3,6,2,01,10,6,1,0,0,1,0,0,0,0
"POINT (9.254682785000057 48.763996347000045)",Unfall 82133 (2024) Kat:3, Licht: 0,82133,3,6,3,01,15,6,1,0,0,1,0,0,0,0
"POINT (9.216118698000059 48.794247525000060)",Unfall 82134 (2024) Kat:3, Licht: 2,82134,3,3,5,01,22,6,0,2,0,1,0,0,0,0
"POINT (9.243720250000024 48.777246236000053)",Unfall 82180 (2024) Kat:3, Licht: 2,82180,3,6,2,01,17,5,1,2,0,1,0,0,0,0
"POINT (9.180965219000029 48.811851371000046)",Unfall 82216 (2024) Kat:2, Licht: 2,82216,2,3,5,01,18,4,0,2,1,1,0,0,0,0
"POINT (9.126178706000076 48.764235040000074)",Unfall 82217 (2024) Kat:3, Licht: 0,82217,3,6,2,01,09,4,0,0,0,1,0,0,0,0
"POINT (9.220855384000060 48.830801609000048)",Unfall 82305 (2024) Kat:3, Licht: 0,82305,3,6,2,01,16,3,0,0,0,1,0,0,0,0
"POINT (9.213358519000053 48.796974247000037)",Unfall 82306 (2024) Kat:3, Licht: 0,82306,3,6,2,01,06,3,1,0,0,1,0,0,0,0
"POINT (9.227524077000055 48.815660636000075)",Unfall 82343 (2024) Kat:3, Licht: 0,82343,3,6,2,01,10,2,0,0,0,1,0,0,0,0
"POINT (9.073281930000064 48.749654051000050)",Unfall 82344 (2024) Kat:2, Licht: 0,82344,2,1,0,01,15,2,1,0,1,0,0,0,0,0
"POINT (9.202746197000067 48.779688257000032)",Unfall 82357 (2024) Kat:3, Licht: 0,82357,3,1,0,02,12,7,1,0,1,0,0,0,0,0
"POINT (9.181022605000067 48.790708230000064)",Unfall 82360 (2024) Kat:3, Licht: 2,82360,3,6,2,01,21,1,0,2,0,1,0,0,0,0
"POINT (9.244158320000054 48.753916510000067)",Unfall 82386 (2024) Kat:1, Licht: 0,82386,1,1,4,01,15,7,2,0,0,1,0,0,0,0
"POINT (9.245803868000053 48.788837845000046)",Unfall 82427 (2024) Kat:3, Licht: 0,82427,3,2,4,01,12,6,0,0,0,1,0,0,0,0
"POINT (9.174004052000043 48.754699119000065)",Unfall 82428 (2024) Kat:3, Licht: 2,82428,3,4,6,01,07,6,1,2,0,1,0,0,0,1
"POINT (9.171910103000073 48.823067417000061)",Unfall 82475 (2024) Kat:3, Licht: 0,82475,3,6,2,01,13,5,1,0,0,1,0,0,0,1
"POINT (9.174293240000054 48.769525537000050)",Unfall 82476 (2024) Kat:3, Licht: 0,82476,3,2,6,01,11,5,1,0,0,1,1,0,0,0
"POINT (9.130033440000034 48.709112871000059)",Unfall 82583 (2024) Kat:3, Licht: 0,82583,3,7,2,01,08,3,0,0,0,1,0,0,1,0
"POINT (9.265420487000029 48.763905007000062)",Unfall 82586 (2024) Kat:3, Licht: 0,82586,3,7,4,01,09,3,0,0,0,1,0,0,0,1
"POINT (9.106705134000038 48.721698945000071)",Unfall 82587 (2024) Kat:3, Licht: 2,82587,3,7,0,01,18,3,1,2,0,0,0,0,0,1
"POINT (9.209147570000027 48.799787825000067)",Unfall 82598 (2024) Kat:3, Licht: 0,82598,3,6,3,02,14,3,0,0,0,1,0,0,1,0
"POINT (9.175020962000076 48.721578672000078)",Unfall 82671 (2024) Kat:2, Licht: 2,82671,2,6,2,02,19,1,0,2,1,0,0,0,0,1
"POINT (9.092395319000047 48.834660732000032)",Unfall 82683 (2024) Kat:3, Licht: 2,82683,3,6,3,01,06,2,0,2,0,1,0,0,1,0
"POINT (9.151491989000021 48.708262018000028)",Unfall 82691 (2024) Kat:2, Licht: 1,82691,2,6,2,03,19,6,0,1,0,1,0,0,0,0
"POINT (9.173582602000067 48.822258130000080)",Unfall 82695 (2024) Kat:3, Licht: 0,82695,3,6,2,03,09,6,1,0,0,1,0,0,0,0
"POINT (9.177087176000043 48.781719736000070)",Unfall 82696 (2024) Kat:3, Licht: 2,82696,3,1,0,03,21,6,0,2,0,0,0,0,0,1
"POINT (9.103990209000074 48.806027810000046)",Unfall 82758 (2024) Kat:2, Licht: 0,82758,2,2,5,03,16,4,1,0,0,1,0,0,0,1
"POINT (9.230510084000059 48.806339392000041)",Unfall 82759 (2024) Kat:3, Licht: 0,82759,3,6,3,03,08,4,0,0,0,1,0,0,0,0
"POINT (9.170265533000077 48.765696805000061)",Unfall 82760 (2024) Kat:3, Licht: 0,82760,3,6,2,03,12,4,0,0,0,1,0,0,0,1
"POINT (9.210888234000038 48.726206841000078)",Unfall 82813 (2024) Kat:3, Licht: 0,82813,3,6,2,03,14,3,0,0,1,0,0,0,0,0
"POINT (9.109947523000073 48.729845714000078)",Unfall 82955 (2024) Kat:3, Licht: 0,82955,3,6,3,03,18,6,0,0,0,1,0,0,0,0
"POINT (9.130875455000023 48.782081074000075)",Unfall 82956 (2024) Kat:3, Licht: 0,82956,3,2,2,03,07,6,0,0,0,1,0,0,0,0
"POINT (9.180999891000056 48.765500384000063)",Unfall 82996 (2024) Kat:2, Licht: 2,82996,2,6,3,03,18,5,0,2,0,1,0,1,0,0
"POINT (9.243079029000057 48.819256972000062)",Unfall 82997 (2024) Kat:3, Licht: 0,82997,3,6,2,03,15,5,0,0,0,1,0,0,0,1
"POINT (9.205416357000047 48.796712446000072)",Unfall 83098 (2024) Kat:3, Licht: 0,83098,3,6,3,03,13,3,0,0,0,0,0,1,0,1
"POINT (9.183099569000035 48.776435676000062)",Unfall 83099 (2024) Kat:3, Licht: 0,83099,3,6,2,03,10,3,0,0,0,1,0,0,0,0
"POINT (9.095785043000035 48.712991061000025)",Unfall 83127 (2024) Kat:3, Licht: 0,83127,3,6,3,03,16,2,0,0,0,1,0,0,1,0
"POINT (9.152688511000065 48.725301622000075)",Unfall 83134 (2024) Kat:3, Licht: 2,83134,3,7,0,03,18,2,0,2,0,0,0,1,0,0
"POINT (9.226781401000039 48.819419807000031)",Unfall 83160 (2024) Kat:3, Licht: 0,83160,3,3,5,03,17,1,0,0,1,1,0,0,0,0
"POINT (9.208335131000069 48.798160441000050)",Unfall 83201 (2024) Kat:3, Licht: 0,83201,3,6,2,03,15,7,0,0,0,1,0,0,0,0
"POINT (9.170540060000064 48.750074939000058)",Unfall 83237 (2024) Kat:3, Licht: 2,83237,3,6,2,03,18,6,0,2,0,1,0,0,0,0
"POINT (9.173994553000057 48.754690062000066)",Unfall 83296 (2024) Kat:2, Licht: 0,83296,2,1,0,03,14,5,0,0,1,0,0,0,0,0
"POINT (9.184860682000021 48.778422502000069)",Unfall 83297 (2024) Kat:3, Licht: 0,83297,3,6,2,03,07,5,0,0,0,1,0,0,0,0
"POINT (9.144338547000075 48.754327981000074)",Unfall 83356 (2024) Kat:3, Licht: 1,83356,3,6,2,03,18,4,0,1,0,1,0,0,0,0
"POINT (9.090055171000074 48.833657024000047)",Unfall 83396 (2024) Kat:3, Licht: 0,83396,3,6,2,03,06,3,0,0,0,1,0,0,0,1
"POINT (9.171762759000046 48.771894895000059)",Unfall 83399 (2024) Kat:3, Licht: 2,83399,3,6,3,03,19,3,1,2,0,1,0,0,0,1
"POINT (9.195680623000044 48.769523251000066)",Unfall 83447 (2024) Kat:3, Licht: 0,83447,3,6,2,03,08,2,0,0,0,1,0,0,0,0
"POINT (9.244657706000055 48.790242760000069)",Unfall 83448 (2024) Kat:3, Licht: 2,83448,3,2,5,03,18,2,0,2,0,1,0,0,0,1
"POINT (9.248043140000050 48.785973475000048)",Unfall 83519 (2024) Kat:3, Licht: 0,83519,3,7,8,03,06,7,0,0,0,1,0,0,0,0
"POINT (9.177516820000051 48.816039251000063)",Unfall 83520 (2024) Kat:2, Licht: 0,83520,2,6,3,03,12,7,0,0,0,1,0,0,1,0
"POINT (9.172087183000031 48.753139181000051)",Unfall 83522 (2024) Kat:3, Licht: 0,83522,3,7,0,03,16,7,0,0,0,0,0,1,0,0
"POINT (9.192101639000043 48.789319301000035)",Unfall 83573 (2024) Kat:3, Licht: 0,83573,3,6,3,03,13,7,0,0,0,0,0,0,0,1
"POINT (9.166035048000026 48.850681745000031)",Unfall 83581 (2024) Kat:3, Licht: 0,83581,3,3,5,03,16,6,0,0,0,1,0,0,0,1
"POINT (9.178592249000076 48.843831838000028)",Unfall 83582 (2024) Kat:3, Licht: 0,83582,3,6,3,03,12,6,0,0,0,1,0,0,1,0
"POINT (9.256621750000022 48.775293207000061)",Unfall 83615 (2024) Kat:3, Licht: 0,83615,3,3,5,03,07,5,0,0,0,1,0,0,0,0
"POINT (9.179065901000058 48.813992032000044)",Unfall 83616 (2024) Kat:3, Licht: 0,83616,3,6,3,03,09,2,0,0,0,1,0,0,1,0
"POINT (9.211988738000059 48.806501125000068)",Unfall 83617 (2024) Kat:3, Licht: 2,83617,3,7,0,03,23,5,0,2,1,0,0,0,0,0
"POINT (9.154220111000029 48.708042180000064)",Unfall 83658 (2024) Kat:3, Licht: 0,83658,3,6,2,03,14,4,1,0,0,1,0,0,0,0
"POINT (9.168916784000032 48.827747806000048)",Unfall 83665 (2024) Kat:2, Licht: 0,83665,2,6,3,03,07,4,1,0,0,1,0,1,0,0
"POINT (9.205781680000030 48.736616217000062)",Unfall 83666 (2024) Kat:3, Licht: 0,83666,3,7,9,03,11,4,1,0,0,1,0,0,0,0
"POINT (9.219819893000022 48.740550332000055)",Unfall 83710 (2024) Kat:3, Licht: 0,83710,3,6,6,03,15,3,0,0,1,0,1,0,0,0
"POINT (9.134235011000044 48.778535882000028)",Unfall 83712 (2024) Kat:3, Licht: 2,83712,3,1,0,03,23,3,0,2,1,0,0,0,0,0
"POINT (9.106128457000068 48.820261289000030)",Unfall 83740 (2024) Kat:3, Licht: 2,83740,3,3,0,03,20,2,0,2,0,1,0,1,0,0
"POINT (9.164446455000075 48.849563422000074)",Unfall 83741 (2024) Kat:3, Licht: 0,83741,3,6,3,03,07,2,0,0,1,1,0,0,0,0
"POINT (9.188787749000028 48.784163960000058)",Unfall 83859 (2024) Kat:3, Licht: 0,83859,3,6,3,03,10,2,1,0,0,1,0,0,1,0
"POINT (9.090863780000063 48.784283034000055)",Unfall 83890 (2024) Kat:3, Licht: 2,83890,3,7,8,03,20,6,0,2,0,0,0,1,0,0
"POINT (9.183222638000075 48.775461221000057)",Unfall 83891 (2024) Kat:3, Licht: 0,83891,3,6,3,03,15,6,0,0,0,1,0,0,0,1
"POINT (9.170231325000032 48.705621504000078)",Unfall 83947 (2024) Kat:3, Licht: 0,83947,3,6,1,03,10,6,0,0,0,1,0,0,0,0
"POINT (9.108980680000059 48.740823624000029)",Unfall 83949 (2024) Kat:3, Licht: 0,83949,3,6,2,02,07,5,0,0,0,1,0,0,0,0
"POINT (9.209220492000043 48.806099403000076)",Unfall 83988 (2024) Kat:3, Licht: 0,83988,3,7,5,02,09,4,0,0,0,1,0,0,0,1
"POINT (9.227151026000058 48.739786559000038)",Unfall 83989 (2024) Kat:3, Licht: 2,83989,3,4,6,02,19,4,0,2,0,0,1,0,0,1
"POINT (9.219493335000038 48.803646365000077)",Unfall 83990 (2024) Kat:3, Licht: 2,83990,3,3,5,02,05,4,0,2,0,1,0,0,0,1
"POINT (9.208096427000044 48.747860772000081)",Unfall 83991 (2024) Kat:3, Licht: 0,83991,3,6,2,02,07,4,0,0,0,1,0,0,0,0
"POINT (9.169450086000040 48.749217780000038)",Unfall 84022 (2024) Kat:3, Licht: 0,84022,3,3,5,02,08,3,0,0,0,1,0,0,0,0
"POINT (9.177114873000050 48.816636711000058)",Unfall 84023 (2024) Kat:3, Licht: 0,84023,3,6,2,02,10,3,0,0,0,1,0,0,1,0
"POINT (9.210097190000056 48.701271203000033)",Unfall 84024 (2024) Kat:3, Licht: 0,84024,3,3,5,02,08,3,0,0,0,1,0,0,0,0
"POINT (9.135518952000041 48.773465760000079)",Unfall 84025 (2024) Kat:3, Licht: 0,84025,3,6,3,02,12,3,0,0,0,1,0,1,0,0
"POINT (9.157048598000074 48.811009561000049)",Unfall 84065 (2024) Kat:3, Licht: 2,84065,3,3,5,02,19,2,0,2,0,1,0,1,0,0
"POINT (9.145267520000061 48.754454083000041)",Unfall 84094 (2024) Kat:3, Licht: 0,84094,3,6,3,02,08,1,0,0,0,1,0,0,0,0