WKT,Name,OBJECTID,UKATEGORIE,UTYP1,UART,UMONAT,USTUNDE,UWOCHENTAG,STRZUSTAND,ULICHTVERH,ISTRAD,ISTPKW,ISTFUSS,ISTKRAD,ISTGKFZ,ISTSONSTIG
"POINT (9.174885460000041 48.777854019000074)",Unfall 84173 (2024) Kat:3, Licht: 1,84173,3,7,0,02,17,6,0,1,1,0,0,0,0,0
"POINT (9.092341581000028 48.802737507000074)",Unfall 84174 (2024) Kat:3, Licht: 0,84174,3,6,2,02,09,6,0,0,0,1,0,0,0,0
"POINT (9.123431254000025 48.708477943000048)",Unfall 84210 (2024) Kat:3, Licht: 2,84210,3,6,2,02,06,5,1,2,0,1,0,0,0,1
"POINT (9.138302121000038 48.727983558000062)",Unfall 84216 (2024) Kat:3, Licht: 0,84216,3,3,5,02,08,5,1,0,1,1,0,0,0,0
"POINT (9.179174944000067 48.813658748000080)",Unfall 84218 (2024) Kat:3, Licht: 0,84218,3,2,5,02,08,5,1,0,1,0,0,0,0,1
"POINT (9.187714373000063 48.782764480000026)",Unfall 84220 (2024) Kat:3, Licht: 0,84220,3,6,2,02,08,5,1,0,0,1,0,0,0,0
"POINT (9.155059228000027 48.810411566000028)",Unfall 84254 (2024) Kat:3, Licht: 2,84254,3,6,6,02,19,4,0,2,1,0,1,0,0,0
"POINT (9.223174599000060 48.709936327000037)",Unfall 84255 (2024) Kat:3, Licht: 0,84255,3,6,2,02,09,4,0,0,0,1,0,0,0,0
"POINT (9.186901475000070 48.781377829000064)",Unfall 84367 (2024) Kat:3, Licht: 2,84367,3,3,5,02,20,1,1,2,0,1,0,0,0,0
"POINT (9.173303779000037 48.750291373000039)",Unfall 84390 (2024) Kat:3, Licht: 2,84390,3,6,2,02,19,7,0,2,0,1,0,0,0,0
"POINT (9.192661745000066 48.806978094000044)",Unfall 84444 (2024) Kat:3, Licht: 0,84444,3,7,0,02,11,6,0,0,0,1,0,0,0,0
"POINT (9.129321387000061 48.728667074000043)",Unfall 84445 (2024) Kat:3, Licht: 2,84445,3,6,1,02,22,6,1,2,0,1,0,0,0,0
"POINT (9.181345582000063 48.792124164000029)",Unfall 84446 (2024) Kat:3, Licht: 2,84446,3,6,2,02,23,6,0,2,0,1,0,0,0,0
"POINT (9.229057914000066 48.795585966000033)",Unfall 84475 (2024) Kat:3, Licht: 2,84475,3,3,5,05,22,5,1,2,0,0,0,1,0,1
"POINT (9.166458253000030 48.707137717000080)",Unfall 84498 (2024) Kat:3, Licht: 0,84498,3,6,2,05,16,4,0,0,0,1,0,0,0,0
"POINT (9.096471904000055 48.712994958000081)",Unfall 84499 (2024) Kat:3, Licht: 0,84499,3,6,2,05,13,4,1,0,0,0,0,0,1,0
"POINT (9.136704088000045 48.842079980000051)",Unfall 84507 (2024) Kat:3, Licht: 1,84507,3,5,0,05,05,4,0,1,0,1,0,0,1,0
"POINT (9.182498654000028 48.810914627000045)",Unfall 84508 (2024) Kat:3, Licht: 0,84508,3,3,5,05,19,4,1,0,0,1,0,0,0,0
"POINT (9.219487243000060 48.803757349000080)",Unfall 84558 (2024) Kat:3, Licht: 0,84558,3,3,5,05,18,3,0,0,0,1,0,1,0,0
"POINT (9.218209302000048 48.786917678000066)",Unfall 84559 (2024) Kat:3, Licht: 0,84559,3,3,5,05,13,3,0,0,0,1,1,0,0,1
"POINT (9.222222141000032 48.824065071000064)",Unfall 84647 (2024) Kat:3, Licht: 0,84647,3,6,2,05,18,1,0,0,0,1,0,0,0,0
"POINT (9.167708741000069 48.706217623000043)",Unfall 84736 (2024) Kat:2, Licht: 1,84736,2,7,0,05,20,6,0,1,0,0,0,1,0,0
"POINT (9.172408413000028 48.768266869000058)",Unfall 84745 (2024) Kat:3, Licht: 0,84745,3,6,2,05,16,6,0,0,0,1,0,1,0,0
"POINT (9.172079998000072 48.775459800000078)",Unfall 84792 (2024) Kat:3, Licht: 0,84792,3,1,0,05,18,5,0,0,1,0,0,0,0,0
"POINT (9.253560922000077 48.758005143000048)",Unfall 84815 (2024) Kat:3, Licht: 1,84815,3,7,6,05,19,4,1,1,0,1,1,0,0,0
"POINT (9.137170799000046 48.777779744000043)",Unfall 84853 (2024) Kat:3, Licht: 0,84853,3,6,4,05,18,3,0,0,0,1,0,0,0,0
"POINT (9.244047342000044 48.787601915000039)",Unfall 84891 (2024) Kat:3, Licht: 0,84891,3,2,5,05,08,2,0,0,1,0,0,0,0,1
"POINT (9.184469490000026 48.754318040000044)",Unfall 84892 (2024) Kat:3, Licht: 0,84892,3,6,2,05,15,2,1,0,0,1,0,0,0,0
"POINT (9.100846270000034 48.738223431000051)",Unfall 84893 (2024) Kat:2, Licht: 0,84893,2,7,8,05,15,2,1,0,0,1,0,0,0,0
"POINT (9.211364971000023 48.783274996000046)",Unfall 84923 (2024) Kat:3, Licht: 2,84923,3,6,2,05,21,1,0,2,0,1,0,0,0,0
"POINT (9.226860466000062 48.786811354000065)",Unfall 84976 (2024) Kat:3, Licht: 0,84976,3,6,2,05,18,7,0,0,0,1,0,0,0,0
"POINT (9.124986919000037 48.729538038000044)",Unfall 84977 (2024) Kat:3, Licht: 0,84977,3,3,5,05,11,7,0,0,1,1,0,0,0,0
"POINT (9.170431213000029 48.749864766000030)",Unfall 85014 (2024) Kat:3, Licht: 0,85014,3,7,2,05,16,6,0,0,0,1,0,0,0,0
"POINT (9.114278176000028 48.731704755000067)",Unfall 85060 (2024) Kat:3, Licht: 0,85060,3,3,5,05,10,5,0,0,1,1,0,0,0,0
"POINT (9.162498793000054 48.830296939000050)",Unfall 85119 (2024) Kat:3, Licht: 0,85119,3,2,2,05,14,4,0,0,1,1,0,0,0,0
"POINT (9.090067661000035 48.833663687000069)",Unfall 85178 (2024) Kat:3, Licht: 0,85178,3,6,2,04,14,3,0,0,0,1,0,0,1,0
"POINT (9.163416018000021 48.829903616000081)",Unfall 85187 (2024) Kat:3, Licht: 0,85187,3,1,0,04,14,3,0,0,0,0,0,0,0,1
"POINT (9.167335964000074 48.773061155000050)",Unfall 85188 (2024) Kat:2, Licht: 0,85188,2,4,6,04,15,3,0,0,1,0,1,0,0,0
"POINT (9.174485704000062 48.820760096000072)",Unfall 85189 (2024) Kat:3, Licht: 0,85189,3,2,5,04,08,3,0,0,1,0,0,0,1,0
"POINT (9.216709777000062 48.803019536000079)",Unfall 85190 (2024) Kat:3, Licht: 0,85190,3,6,2,04,15,3,0,0,0,1,0,0,1,0
"POINT (9.156200437000052 48.832981094000047)",Unfall 85195 (2024) Kat:3, Licht: 0,85195,3,6,2,05,18,2,0,0,0,1,0,0,0,0
"POINT (9.147601018000046 48.772616935000030)",Unfall 85235 (2024) Kat:3, Licht: 0,85235,3,6,3,04,16,2,0,0,0,1,0,0,0,1
"POINT (9.148547304000033 48.728481460000069)",Unfall 85236 (2024) Kat:3, Licht: 0,85236,3,7,6,04,11,2,0,0,1,0,1,0,0,0
"POINT (9.112714447000030 48.746810984000035)",Unfall 85237 (2024) Kat:3, Licht: 2,85237,3,6,2,04,23,2,0,2,0,1,0,0,0,0
"POINT (9.187007441000048 48.781336693000071)",Unfall 85238 (2024) Kat:3, Licht: 0,85238,3,1,0,04,15,2,0,0,0,0,0,0,0,1
"POINT (9.184775352000031 48.778663081000047)",Unfall 85239 (2024) Kat:3, Licht: 0,85239,3,6,3,04,14,2,0,0,0,1,0,0,0,0
"POINT (9.215850754000030 48.794518181000058)",Unfall 85270 (2024) Kat:3, Licht: 0,85270,3,6,2,04,17,1,0,0,0,1,0,0,0,0
"POINT (9.112345817000062 48.823704894000059)",Unfall 85323 (2024) Kat:3, Licht: 0,85323,3,2,5,04,07,7,0,0,0,1,0,1,0,0
"POINT (9.214342782000074 48.801534190000041)",Unfall 85324 (2024) Kat:3, Licht: 0,85324,3,6,2,04,18,7,0,0,0,1,0,0,0,0
"POINT (9.211424383000065 48.801381090000064)",Unfall 85369 (2024) Kat:3, Licht: 0,85369,3,6,6,04,19,6,0,0,1,0,1,0,0,0
"POINT (9.094064181000022 48.802730458000042)",Unfall 85371 (2024) Kat:1, Licht: 0,85371,1,4,6,04,16,6,0,0,0,0,1,0,0,1
"POINT (9.195504599000060 48.696186624000063)",Unfall 85403 (2024) Kat:3, Licht: 0,85403,3,6,2,04,20,5,0,0,0,1,0,0,0,0
"POINT (9.083834404000072 48.717249585000047)",Unfall 85432 (2024) Kat:3, Licht: 0,85432,3,6,2,04,08,4,0,0,0,1,0,0,0,0
"POINT (9.240014822000035 48.791237034000062)",Unfall 85437 (2024) Kat:2, Licht: 0,85437,2,3,5,04,19,4,0,0,0,1,0,0,0,0
"POINT (9.174270068000055 48.821230368000045)",Unfall 85438 (2024) Kat:3, Licht: 0,85438,3,6,2,04,09,4,0,0,0,1,0,0,1,0
"POINT (9.191451569000037 48.779918603000056)",Unfall 85473 (2024) Kat:3, Licht: 0,85473,3,3,5,04,17,3,0,0,1,1,0,0,0,0
"POINT (9.244621491000032 48.790285419000043)",Unfall 85474 (2024) Kat:3, Licht: 0,85474,3,3,5,04,16,3,0,0,1,1,0,0,0,0
"POINT (9.144179983000072 48.754302670000072)",Unfall 85475 (2024) Kat:3, Licht: 0,85475,3,6,2,04,08,3,0,0,0,1,0,0,0,0
"POINT (9.181474637000065 48.700588913000047)",Unfall 85476 (2024) Kat:3, Licht: 0,85476,3,6,2,05,09,7,0,0,0,1,0,0,0,0
"POINT (9.169070131000069 48.737574222000035)",Unfall 85477 (2024) Kat:3, Licht: 0,85477,3,7,6,04,15,3,1,0,1,0,1,0,0,0
"POINT (9.208561132000057 48.798549619000028)",Unfall 85499 (2024) Kat:3, Licht: 0,85499,3,3,5,04,14,2,0,0,0,1,0,0,0,0
"POINT (9.130567216000031 48.728499556000031)",Unfall 85501 (2024) Kat:3, Licht: 0,85501,3,3,5,04,15,2,0,0,0,1,0,0,0,0
"POINT (9.152790282000069 48.791698796000048)",Unfall 85532 (2024) Kat:2, Licht: 2,85532,2,1,8,04,02,1,0,2,0,1,0,0,0,0
"POINT (9.217585913000050 48.814378618000035)",Unfall 85620 (2024) Kat:2, Licht: 0,85620,2,4,6,04,06,6,0,0,0,1,1,0,0,0
"POINT (9.222151390000022 48.789178334000042)",Unfall 85621 (2024) Kat:3, Licht: 0,85621,3,6,2,04,07,6,1,0,0,1,0,0,1,0
"POINT (9.211269968000067 48.799942485000031)",Unfall 85622 (2024) Kat:3, Licht: 0,85622,3,6,3,04,08,6,1,0,0,1,0,0,1,0
"POINT (9.218450087000065 48.692862846000025)",Unfall 85623 (2024) Kat:3, Licht: 0,85623,3,1,0,04,18,6,1,0,0,1,0,0,0,0
"POINT (9.163140984000052 48.715338477000046)",Unfall 85690 (2024) Kat:3, Licht: 2,85690,3,7,8,04,04,5,1,2,0,1,0,0,0,0
"POINT (9.177482538000049 48.783058633000053)",Unfall 85691 (2024) Kat:3, Licht: 0,85691,3,6,3,04,16,5,1,0,1,1,0,0,0,0
"POINT (9.171357916000034 48.774979378000069)",Unfall 85692 (2024) Kat:3, Licht: 0,85692,3,7,5,04,13,5,1,0,0,1,0,0,0,1
"POINT (9.188224492000074 48.780818950000025)",Unfall 85693 (2024) Kat:3, Licht: 0,85693,3,6,2,04,14,5,0,0,0,1,0,0,0,0
"POINT (9.090188621000038 48.790116442000055)",Unfall 85751 (2024) Kat:3, Licht: 0,85751,3,7,8,04,14,4,1,0,0,1,0,0,0,0
"POINT (9.249000622000040 48.784372459000053)",Unfall 85781 (2024) Kat:3, Licht: 0,85781,3,3,5,05,15,6,0,0,1,1,0,0,0,0
"POINT (9.180142705000037 48.786162046000072)",Unfall 85785 (2024) Kat:3, Licht: 0,85785,3,2,5,04,17,3,0,0,0,1,0,0,0,1
"POINT (9.224415001000068 48.839383247000058)",Unfall 85786 (2024) Kat:2, Licht: 0,85786,2,6,2,04,08,3,0,0,0,1,0,1,0,0
"POINT (9.200979827000026 48.712276491000068)",Unfall 85787 (2024) Kat:3, Licht: 0,85787,3,2,2,04,16,3,0,0,0,1,0,0,0,0
"POINT (9.184438724000074 48.805358511000065)",Unfall 85838 (2024) Kat:3, Licht: 0,85838,3,6,2,04,12,2,0,0,0,1,0,0,0,0
"POINT (9.177402239000060 48.815911335000067)",Unfall 85839 (2024) Kat:3, Licht: 0,85839,3,6,2,04,18,2,0,0,0,1,0,1,0,0
"POINT (9.106369376000032 48.721728480000081)",Unfall 85840 (2024) Kat:3, Licht: 0,85840,3,4,6,04,08,2,0,0,0,1,1,0,0,0
"POINT (9.190423133000024 48.807260603000032)",Unfall 85915 (2024) Kat:3, Licht: 2,85915,3,6,2,04,23,1,0,2,0,1,0,1,0,0
"POINT (9.082951506000029 48.717798256000037)",Unfall 85995 (2024) Kat:3, Licht: 0,85995,3,6,2,04,08,5,0,0,0,1,0,0,0,0
"POINT (9.244012722000036 48.787645749000035)",Unfall 86000 (2024) Kat:3, Licht: 0,86000,3,7,0,05,17,7,0,0,0,1,0,0,0,0
"POINT (9.246883081000021 48.787486534000038)",Unfall 86007 (2024) Kat:2, Licht: 0,86007,2,3,5,04,17,7,0,0,1,1,0,0,0,0
"POINT (9.234888250000040 48.799184708000041)",Unfall 86025 (2024) Kat:3, Licht: 2,86025,3,7,9,04,22,7,0,2,0,1,0,0,0,1
"POINT (9.156312112000023 48.849184798000067)",Unfall 86072 (2024) Kat:3, Licht: 0,86072,3,4,6,04,17,6,0,0,0,1,1,0,0,0
"POINT (9.226742958000045 48.805260349000037)",Unfall 86073 (2024) Kat:3, Licht: 0,86073,3,6,2,04,08,6,0,0,1,0,0,0,1,0
"POINT (9.169768142000066 48.763413032000074)",Unfall 86074 (2024) Kat:3, Licht: 0,86074,3,6,3,04,14,6,0,0,0,1,0,0,0,0
"POINT (9.174015555000040 48.754710090000060)",Unfall 86075 (2024) Kat:3, Licht: 0,86075,3,7,7,04,15,6,0,0,0,0,0,0,0,1
"POINT (9.097470786000031 48.802878833000079)",Unfall 86158 (2024) Kat:3, Licht: 2,86158,3,1,9,04,02,5,0,2,0,1,0,0,0,0
"POINT (9.167248007000069 48.818892689000052)",Unfall 86160 (2024) Kat:3, Licht: 0,86160,3,1,8,04,11,5,0,0,0,1,0,0,0,0
"POINT (9.191364345000068 48.788598471000057)",Unfall 86162 (2024) Kat:2, Licht: 0,86162,2,2,5,04,11,5,0,0,0,1,0,0,0,0
"POINT (9.242504199000052 48.792920417000062)",Unfall 86220 (2024) Kat:3, Licht: 0,86220,3,5,1,04,16,4,0,0,0,1,0,0,0,0
"POINT (9.203378503000067 48.793792270000040)",Unfall 86221 (2024) Kat:3, Licht: 0,86221,3,6,2,04,08,4,0,0,0,1,0,0,0,0
"POINT (9.174644062000027 48.769819755000071)",Unfall 86223 (2024) Kat:3, Licht: 2,86223,3,6,3,04,23,4,0,2,0,1,0,0,0,1
"POINT (9.150198982000063 48.708624137000072)",Unfall 86269 (2024) Kat:3, Licht: 0,86269,3,6,2,04,08,3,0,0,0,1,0,0,0,0
"POINT (9.090747664000048 48.714228289000062)",Unfall 86326 (2024) Kat:3, Licht: 0,86326,3,6,3,04,13,2,0,0,0,1,0,0,1,0
"POINT (9.156549131000077 48.770193930000062)",Unfall 86330 (2024) Kat:3, Licht: 2,86330,3,3,5,04,21,6,1,2,0,1,0,1,0,0
"POINT (9.201323409000054 48.780345963000059)",Unfall 86335 (2024) Kat:3, Licht: 0,86335,3,1,0,04,15,2,0,0,0,0,0,1,0,0
"POINT (9.226674628000069 48.805125984000028)",Unfall 86356 (2024) Kat:3, Licht: 0,86356,3,6,2,05,11,3,0,0,0,1,0,0,0,0
"POINT (9.204423112000029 48.796428545000026)",Unfall 86360 (2024) Kat:2, Licht: 1,86360,2,6,3,04,19,1,0,1,0,0,0,1,0,0
"POINT (9.211170525000057 48.797399572000074)",Unfall 86471 (2024) Kat:3, Licht: 2,86471,3,1,0,04,01,7,0,2,0,1,0,1,0,0
"POINT (9.249312728000064 48.756267182000045)",Unfall 86473 (2024) Kat:3, Licht: 0,86473,3,2,2,04,12,7,0,0,0,1,0,1,0,0
"POINT (9.212779210000065 48.797345690000043)",Unfall 86474 (2024) Kat:3, Licht: 0,86474,3,6,2,04,12,7,0,0,0,1,0,0,0,0
"POINT (9.198339749000070 48.748505978000026)",Unfall 86475 (2024) Kat:3, Licht: 2,86475,3,7,0,04,21,7,0,2,1,0,0,0,0,0
"POINT (9.226162664000071 48.786922256000025)",Unfall 86542 (2024) Kat:3, Licht: 2,86542,3,6,2,04,23,7,0,2,0,1,0,0,0,0
"POINT (9.182588815000031 48.776384246000077)",Unfall 86568 (2024) Kat:3, Licht: 0,86568,3,7,0,04,11,6,0,0,0,1,0,1,0,0
"POINT (9.220542515000034 48.788143097000045)",Unfall 86569 (2024) Kat:3, Licht: 0,86569,3,6,2,04,14,6,0,0,0,1,0,0,0,0
"POINT (9.226940651000064 48.741382982000061)",Unfall 86589 (2024) Kat:3, Licht: 2,86589,3,1,8,04,01,7,0,2,0,1,0,0,0,0
"POINT (9.181913557000030 48.793384259000049)",Unfall 86627 (2024) Kat:2, Licht: 0,86627,2,7,0,04,13,5,1,0,1,0,0,0,0,0
"POINT (9.182476538000060 48.798563581000053)",Unfall 86628 (2024) Kat:3, Licht: 0,86628,3,6,3,04,08,5,0,0,0,1,0,1,0,0
"POINT (9.116111680000074 48.807923213000038)",Unfall 86689 (2024) Kat:2, Licht: 0,86689,2,6,4,04,13,4,0,0,0,1,0,0,0,0
"POINT (9.216723673000047 48.810955348000050)",Unfall 86691 (2024) Kat:2, Licht: 0,86691,2,7,0,04,07,4,0,0,0,1,0,0,0,1
"POINT (9.225397851000025 48.791873852000037)",Unfall 86692 (2024) Kat:3, Licht: 0,86692,3,2,0,04,13,2,0,0,1,0,0,0,0,1
"POINT (9.110706490000041 48.709825224000042)",Unfall 86730 (2024) Kat:3, Licht: 0,86730,3,6,2,04,18,3,0,0,0,1,0,0,0,1
"POINT (9.188951252000038 48.726274732000036)",Unfall 86732 (2024) Kat:2, Licht: 0,86732,2,1,9,04,11,3,1,0,0,1,0,0,0,0
"POINT (9.171453665000058 48.774842944000056)",Unfall 86765 (2024) Kat:3, Licht: 0,86765,3,7,0,04,19,2,0,0,0,0,0,0,0,1
"POINT (9.181290283000067 48.721270131000040)",Unfall 86802 (2024) Kat:2, Licht: 0,86802,2,6,6,05,18,4,1,0,1,0,1,0,0,0
"POINT (9.174126250000029 48.803481017000081)",Unfall 86804 (2024) Kat:2, Licht: 0,86804,2,6,2,04,14,7,0,0,0,1,0,1,0,0
"POINT (9.214274953000029 48.801478073000055)",Unfall 86807 (2024) Kat:3, Licht: 0,86807,3,3,5,03,19,1,0,0,1,1,0,0,0,0
"POINT (9.150058832000070 48.726997293000068)",Unfall 86808 (2024) Kat:2, Licht: 0,86808,2,1,0,03,14,1,0,0,0,0,0,1,0,0
"POINT (9.173143925000034 48.799343279000027)",Unfall 86810 (2024) Kat:3, Licht: 0,86810,3,2,2,03,18,1,0,0,0,1,0,0,0,0
"POINT (9.187721641000053 48.781038788000046)",Unfall 86812 (2024) Kat:3, Licht: 0,86812,3,6,2,03,12,1,0,0,0,1,0,0,0,0
"POINT (9.241407937000076 48.808105479000062)",Unfall 86850 (2024) Kat:3, Licht: 0,86850,3,1,0,03,09,7,0,0,1,0,0,0,0,0
"POINT (9.176965306000056 48.780931078000037)",Unfall 86851 (2024) Kat:2, Licht: 0,86851,2,6,3,03,13,7,0,0,0,1,0,1,0,0
"POINT (9.145989571000030 48.728021066000053)",Unfall 86891 (2024) Kat:3, Licht: 0,86891,3,2,5,06,15,3,0,0,0,1,0,1,0,0
"POINT (9.181496809000066 48.811480292000056)",Unfall 86892 (2024) Kat:3, Licht: 0,86892,3,6,3,06,17,3,0,0,0,1,0,1,0,0
"POINT (9.251046561000067 48.757258370000045)",Unfall 86948 (2024) Kat:3, Licht: 0,86948,3,2,3,06,19,2,0,0,1,1,0,0,0,0
"POINT (9.105982828000037 48.717067766000071)",Unfall 86949 (2024) Kat:3, Licht: 0,86949,3,3,5,06,10,2,0,0,1,1,0,0,0,0
"POINT (9.184759340000028 48.805887497000072)",Unfall 87022 (2024) Kat:3, Licht: 0,87022,3,6,2,06,15,7,0,0,0,1,0,0,0,0
"POINT (9.084907037000050 48.716620518000070)",Unfall 87086 (2024) Kat:3, Licht: 0,87086,3,6,2,06,13,6,0,0,0,1,0,0,0,1
"POINT (9.130403487000024 48.709247989000062)",Unfall 87087 (2024) Kat:2, Licht: 0,87087,2,6,2,06,07,6,0,0,0,1,0,0,0,0
"POINT (9.212766503000068 48.800595523000027)",Unfall 87098 (2024) Kat:3, Licht: 2,87098,3,2,0,06,22,6,0,2,0,1,0,1,0,0
"POINT (9.219674455000074 48.693240349000064)",Unfall 87152 (2024) Kat:3, Licht: 2,87152,3,6,2,06,01,5,1,2,0,1,0,0,0,1
"POINT (9.182392752000055 48.795656345000054)",Unfall 87155 (2024) Kat:3, Licht: 0,87155,3,6,4,06,18,5,0,0,1,0,0,0,0,0
"POINT (9.248758502000044 48.780246214000044)",Unfall 87156 (2024) Kat:3, Licht: 0,87156,3,6,3,06,10,5,0,0,0,1,0,0,1,0
"POINT (9.202112584000076 48.693234525000037)",Unfall 87248 (2024) Kat:3, Licht: 0,87248,3,6,2,06,17,3,0,0,0,1,0,0,0,0
"POINT (9.177092470000048 48.810996321000061)",Unfall 87258 (2024) Kat:3, Licht: 0,87258,3,6,3,06,17,3,0,0,0,1,0,1,0,1
"POINT (9.229390115000058 48.785257404000049)",Unfall 87259 (2024) Kat:3, Licht: 0,87259,3,1,8,06,12,3,0,0,0,1,0,0,0,0
"POINT (9.185206732000040 48.774441755000055)",Unfall 87304 (2024) Kat:3, Licht: 0,87304,3,6,2,06,15,2,0,0,0,1,0,0,0,0
"POINT (9.185877310000023 48.780298316000028)",Unfall 87305 (2024) Kat:3, Licht: 0,87305,3,6,2,06,08,2,1,0,0,1,0,0,0,0
"POINT (9.173381924000068 48.799464824000040)",Unfall 87333 (2024) Kat:3, Licht: 0,87333,3,2,4,06,14,2,0,0,1,0,0,0,0,1
"POINT (9.239685256000030 48.790089509000040)",Unfall 87336 (2024) Kat:3, Licht: 0,87336,3,6,3,06,15,4,0,0,0,1,0,0,0,0
"POINT (9.184666643000071 48.805776792000074)",Unfall 87381 (2024) Kat:3, Licht: 0,87381,3,6,2,06,11,7,1,0,0,1,0,0,1,0
"POINT (9.169081246000076 48.825598269000068)",Unfall 87382 (2024) Kat:3, Licht: 0,87382,3,6,1,06,15,7,1,0,0,1,0,0,0,0
"POINT (9.229414071000065 48.809116599000049)",Unfall 87383 (2024) Kat:2, Licht: 0,87383,2,7,0,06,18,7,1,0,0,0,0,1,0,0
"POINT (9.191088656000034 48.788326817000041)",Unfall 87474 (2024) Kat:3, Licht: 0,87474,3,6,2,06,17,2,0,0,0,1,0,0,0,0
"POINT (9.237471079000045 48.816248007000070)",Unfall 87478 (2024) Kat:3, Licht: 1,87478,3,2,5,06,21,6,0,1,1,1,0,0,0,0
"POINT (9.200176176000070 48.694779160000053)",Unfall 87509 (2024) Kat:3, Licht: 0,87509,3,3,5,05,07,4,0,0,0,1,0,0,1,0
"POINT (9.219290895000029 48.815374495000071)",Unfall 87510 (2024) Kat:3, Licht: 0,87510,3,6,2,05,14,4,1,0,0,1,0,0,0,0
"POINT (9.242135825000048 48.818748245000052)",Unfall 87511 (2024) Kat:3, Licht: 0,87511,3,3,0,05,14,4,1,0,0,1,0,1,0,0
"POINT (9.130662382000025 48.728492377000066)",Unfall 87593 (2024) Kat:3, Licht: 2,87593,3,3,5,05,22,2,1,2,0,1,0,0,0,0
"POINT (9.229264396000076 48.812537563000035)",Unfall 87594 (2024) Kat:3, Licht: 0,87594,3,6,2,05,12,2,0,0,0,1,0,1,0,0
"POINT (9.173364037000056 48.799624374000075)",Unfall 87622 (2024) Kat:3, Licht: 0,87622,3,6,2,06,12,3,0,0,0,1,0,0,0,1
"POINT (9.209342694000043 48.730327177000049)",Unfall 87666 (2024) Kat:2, Licht: 1,87666,2,1,8,05,20,7,1,1,0,1,0,0,0,0
"POINT (9.175448962000075 48.778561964000062)",Unfall 87667 (2024) Kat:3, Licht: 2,87667,3,6,2,05,21,7,0,2,0,1,0,0,0,0
"POINT (9.181176761000074 48.792068606000043)",Unfall 87681 (2024) Kat:3, Licht: 0,87681,3,6,2,06,13,6,0,0,0,1,0,0,0,0
"POINT (9.224949292000076 48.818070374000058)",Unfall 87701 (2024) Kat:3, Licht: 0,87701,3,2,5,05,15,6,0,0,0,1,0,0,0,0
"POINT (9.207180761000075 48.797587781000061)",Unfall 87702 (2024) Kat:3, Licht: 0,87702,3,6,2,05,15,6,0,0,0,1,0,0,0,0
"POINT (9.166162775000032 48.748014483000077)",Unfall 87704 (2024) Kat:3, Licht: 0,87704,3,6,3,05,11,6,0,0,0,1,0,0,1,0
"POINT (9.158130785000026 48.770604896000066)",Unfall 87736 (2024) Kat:3, Licht: 0,87736,3,6,0,05,18,5,1,0,0,1,0,0,0,1
"POINT (9.256591923000030 48.760608726000044)",Unfall 87737 (2024) Kat:3, Licht: 0,87737,3,6,3,05,14,5,0,0,0,1,0,1,0,0
"POINT (9.163168136000024 48.771911587000034)",Unfall 87818 (2024) Kat:3, Licht: 0,87818,3,4,6,05,08,3,1,0,0,1,1,0,0,0
"POINT (9.193953309000051 48.753953948000060)",Unfall 87819 (2024) Kat:3, Licht: 0,87819,3,2,5,05,15,3,1,0,0,1,0,0,0,0
"POINT (9.131334507000076 48.812473599000043)",Unfall 87820 (2024) Kat:3, Licht: 0,87820,3,1,0,05,16,3,1,0,0,0,0,1,0,0
"POINT (9.100204567000048 48.802454887000067)",Unfall 87821 (2024) Kat:3, Licht: 0,87821,3,3,5,05,10,3,1,0,1,1,0,0,0,0
"POINT (9.155693152000026 48.812851790000082)",Unfall 87822 (2024) Kat:3, Licht: 0,87822,3,6,2,05,08,3,1,0,0,1,0,0,0,0
"POINT (9.199975984000048 48.761633253000070)",Unfall 87895 (2024) Kat:3, Licht: 0,87895,3,2,6,05,12,2,0,0,0,0,1,0,0,1
"POINT (9.216007661000049 48.692723026000067)",Unfall 87896 (2024) Kat:3, Licht: 0,87896,3,6,2,05,15,2,0,0,0,1,0,0,0,0
"POINT (9.177325878000033 48.807521821000080)",Unfall 87935 (2024) Kat:3, Licht: 0,87935,3,1,0,05,17,1,0,0,0,0,0,1,0,0
"POINT (9.185261000000025 48.774406905000035)",Unfall 87944 (2024) Kat:3, Licht: 0,87944,3,6,2,05,14,3,1,0,0,1,0,0,0,0
"POINT (9.222510877000047 48.836403075000078)",Unfall 87959 (2024) Kat:3, Licht: 0,87959,3,3,5,05,16,7,0,0,1,1,0,0,0,0
"POINT (9.178666585000030 48.784122166000031)",Unfall 88007 (2024) Kat:3, Licht: 2,88007,3,1,1,05,21,7,1,2,0,1,0,0,0,1
"POINT (9.156545648000076 48.810861367000030)",Unfall 88008 (2024) Kat:3, Licht: 0,88008,3,6,2,05,12,7,0,0,0,1,0,0,0,0
"POINT (9.173199267000030 48.801236151000069)",Unfall 88060 (2024) Kat:3, Licht: 2,88060,3,6,0,05,21,6,1,2,0,1,0,0,0,1
"POINT (9.105699510000022 48.755637317000037)",Unfall 88168 (2024) Kat:3, Licht: 0,88168,3,3,5,07,17,5,0,0,0,1,0,0,0,0
"POINT (9.109658506000073 48.710030332000031)",Unfall 88203 (2024) Kat:3, Licht: 2,88203,3,1,9,07,22,4,1,2,0,1,0,0,0,0
"POINT (9.203378800000053 48.792140907000032)",Unfall 88214 (2024) Kat:3, Licht: 1,88214,3,5,1,07,20,4,1,1,0,1,0,1,0,0
"POINT (9.256658599000048 48.761264561000075)",Unfall 88215 (2024) Kat:3, Licht: 0,88215,3,1,2,07,07,4,1,0,0,1,0,1,0,0
"POINT (9.181891234000034 48.775175682000054)",Unfall 88216 (2024) Kat:3, Licht: 0,88216,3,2,5,07,19,4,0,0,1,1,0,0,0,0
"POINT (9.083439358000021 48.752958079000052)",Unfall 88217 (2024) Kat:3, Licht: 2,88217,3,2,5,07,22,5,0,2,0,1,0,0,0,0