WKT,Name,OBJECTID,UKATEGORIE,UTYP1,UART,UMONAT,USTUNDE,UWOCHENTAG,STRZUSTAND,ULICHTVERH,ISTRAD,ISTPKW,ISTFUSS,ISTKRAD,ISTGKFZ,ISTSONSTIG
"POINT (9.130581371000062 48.728498369000079)",Unfall 88280 (2024) Kat:2, Licht: 0,88280,2,3,5,07,17,3,0,0,0,1,0,0,0,0
"POINT (9.106175315000030 48.722843031000082)",Unfall 88281 (2024) Kat:3, Licht: 0,88281,3,4,6,07,15,3,0,0,0,1,1,0,0,0
"POINT (9.227421003000075 48.815573418000042)",Unfall 88282 (2024) Kat:3, Licht: 0,88282,3,3,5,07,08,3,0,0,0,1,0,1,0,0
"POINT (9.174296910000066 48.769527779000043)",Unfall 88283 (2024) Kat:3, Licht: 0,88283,3,2,0,07,10,3,0,0,1,0,0,0,0,1
"POINT (9.224129785000059 48.839149918000032)",Unfall 88345 (2024) Kat:3, Licht: 0,88345,3,7,0,07,15,2,0,0,1,0,0,0,0,1
"POINT (9.191395472000067 48.788502929000060)",Unfall 88346 (2024) Kat:3, Licht: 0,88346,3,6,2,07,15,2,0,0,0,1,0,0,0,1
"POINT (9.215537100000063 48.692697598000052)",Unfall 88347 (2024) Kat:3, Licht: 0,88347,3,2,5,07,15,2,0,0,0,1,0,0,0,1
"POINT (9.227292917000057 48.786344157000030)",Unfall 88391 (2024) Kat:3, Licht: 0,88391,3,6,2,07,17,1,0,0,0,1,0,0,0,0
"POINT (9.201819156000056 48.795066215000077)",Unfall 88392 (2024) Kat:3, Licht: 0,88392,3,6,2,07,15,1,0,0,0,1,0,0,0,0
"POINT (9.125141929000051 48.729653793000068)",Unfall 88393 (2024) Kat:3, Licht: 0,88393,3,6,2,07,17,1,0,0,0,1,0,1,0,0
"POINT (9.184581887000036 48.778328165000062)",Unfall 88394 (2024) Kat:3, Licht: 0,88394,3,6,2,07,12,1,0,0,0,1,0,0,0,1
"POINT (9.124977056000034 48.729563886000051)",Unfall 88395 (2024) Kat:3, Licht: 0,88395,3,3,5,07,07,3,0,0,1,1,0,0,0,0
"POINT (9.186696354000048 48.781445277000046)",Unfall 88396 (2024) Kat:3, Licht: 0,88396,3,3,5,07,10,1,0,0,0,1,0,0,0,0
"POINT (9.170086629000025 48.746492008000075)",Unfall 88397 (2024) Kat:3, Licht: 0,88397,3,6,2,07,13,2,0,0,0,1,0,1,0,0
"POINT (9.185343718000070 48.779112419000057)",Unfall 88491 (2024) Kat:3, Licht: 0,88491,3,6,3,07,15,6,0,0,0,1,0,1,0,0
"POINT (9.234902325000064 48.806364768000037)",Unfall 88536 (2024) Kat:3, Licht: 0,88536,3,7,0,07,08,5,0,0,0,0,1,0,0,1
"POINT (9.207679421000023 48.797835159000044)",Unfall 88590 (2024) Kat:3, Licht: 0,88590,3,6,2,07,17,4,1,0,0,1,0,0,0,1
"POINT (9.167278666000072 48.811512439000069)",Unfall 88632 (2024) Kat:3, Licht: 0,88632,3,6,2,07,17,3,1,0,0,1,0,0,0,0
"POINT (9.203251133000037 48.792605163000076)",Unfall 88723 (2024) Kat:3, Licht: 0,88723,3,2,5,06,16,1,0,0,1,1,0,0,0,0
"POINT (9.186190945000021 48.780315135000080)",Unfall 88779 (2024) Kat:3, Licht: 2,88779,3,6,2,06,23,7,0,2,0,1,0,0,0,0
"POINT (9.151798039000028 48.835041971000066)",Unfall 88898 (2024) Kat:3, Licht: 0,88898,3,6,0,06,13,5,0,0,0,1,0,1,0,0
"POINT (9.164847424000072 48.849799103000066)",Unfall 88899 (2024) Kat:3, Licht: 2,88899,3,5,3,06,22,5,0,2,1,1,0,0,0,0
"POINT (9.195465006000063 48.806970676000049)",Unfall 88900 (2024) Kat:3, Licht: 0,88900,3,6,2,06,16,5,0,0,0,1,0,0,0,0
"POINT (9.211517176000029 48.825476114000026)",Unfall 88933 (2024) Kat:3, Licht: 2,88933,3,2,5,06,02,1,1,2,0,1,0,0,0,0
"POINT (9.177855435000026 48.815229117000058)",Unfall 88959 (2024) Kat:3, Licht: 0,88959,3,3,5,06,16,4,1,0,1,1,0,0,0,0
"POINT (9.210764131000076 48.745980746000043)",Unfall 88960 (2024) Kat:3, Licht: 0,88960,3,4,6,06,07,4,0,0,1,0,1,0,0,0
"POINT (9.160608154000045 48.831089623000025)",Unfall 89000 (2024) Kat:3, Licht: 0,89000,3,6,2,06,09,6,1,0,0,1,0,0,0,0
"POINT (9.182725043000062 48.810808969000050)",Unfall 89049 (2024) Kat:3, Licht: 0,89049,3,7,0,06,13,3,0,0,1,0,0,0,0,0
"POINT (9.251010461000021 48.757078566000075)",Unfall 89052 (2024) Kat:3, Licht: 0,89052,3,2,2,07,11,6,0,0,0,1,0,1,0,0
"POINT (9.212393304000045 48.800783548000027)",Unfall 89080 (2024) Kat:3, Licht: 0,89080,3,6,3,06,08,3,0,0,0,1,0,0,0,0
"POINT (9.128919576000044 48.779387503000066)",Unfall 89123 (2024) Kat:3, Licht: 0,89123,3,6,3,06,19,2,0,0,1,1,0,0,0,0
"POINT (9.104053253000075 48.806088448000025)",Unfall 89184 (2024) Kat:3, Licht: 0,89184,3,4,6,06,17,1,0,0,0,0,1,0,0,1
"POINT (9.219475526000053 48.803643292000061)",Unfall 89185 (2024) Kat:3, Licht: 0,89185,3,2,5,06,16,1,0,0,0,1,0,0,0,1
"POINT (9.184592829000053 48.809266385000058)",Unfall 89186 (2024) Kat:3, Licht: 0,89186,3,6,2,06,15,1,0,0,0,1,0,0,0,0
"POINT (9.215784257000053 48.742888198000060)",Unfall 89187 (2024) Kat:3, Licht: 0,89187,3,1,0,06,18,1,0,0,1,0,0,0,0,0
"POINT (9.090889537000066 48.714366168000026)",Unfall 89210 (2024) Kat:3, Licht: 0,89210,3,6,2,07,17,4,0,0,0,1,0,0,0,1
"POINT (9.186447124000040 48.770196715000054)",Unfall 89236 (2024) Kat:3, Licht: 0,89236,3,7,0,06,11,7,0,0,1,1,0,0,0,0
"POINT (9.147831020000069 48.708958161000055)",Unfall 89285 (2024) Kat:3, Licht: 0,89285,3,6,2,06,14,6,0,0,0,1,0,0,1,0
"POINT (9.185374284000034 48.806974540000056)",Unfall 89295 (2024) Kat:3, Licht: 0,89295,3,1,9,06,14,7,1,0,0,1,0,0,0,0
"POINT (9.125553487000047 48.806853639000053)",Unfall 89296 (2024) Kat:2, Licht: 0,89296,2,6,4,06,06,6,0,0,0,1,0,0,0,1
"POINT (9.219646073000035 48.831391713000073)",Unfall 89297 (2024) Kat:3, Licht: 0,89297,3,6,2,06,19,6,0,0,0,1,0,0,0,0
"POINT (9.174956615000042 48.755672792000041)",Unfall 89298 (2024) Kat:3, Licht: 0,89298,3,1,8,06,16,6,0,0,1,0,0,0,0,0
"POINT (9.176821382000071 48.703140373000053)",Unfall 89353 (2024) Kat:3, Licht: 0,89353,3,6,2,06,16,5,0,0,0,1,0,0,0,1
"POINT (9.186424281000029 48.781479873000080)",Unfall 89358 (2024) Kat:3, Licht: 0,89358,3,3,5,06,16,5,0,0,0,1,0,0,0,0
"POINT (9.183559890000026 48.803714069000080)",Unfall 89359 (2024) Kat:2, Licht: 0,89359,2,6,0,06,14,5,0,0,0,1,0,0,0,0
"POINT (9.135255451000035 48.745990745000029)",Unfall 89360 (2024) Kat:3, Licht: 0,89360,3,2,3,06,16,5,0,0,1,1,0,0,0,0
"POINT (9.189900498000043 48.786129281000058)",Unfall 89361 (2024) Kat:3, Licht: 0,89361,3,2,5,06,10,5,0,0,1,1,0,0,0,0
"POINT (9.209558505000075 48.782058625000047)",Unfall 89362 (2024) Kat:3, Licht: 0,89362,3,6,2,06,20,5,0,0,0,1,0,0,0,0
"POINT (9.189442175000067 48.785316608000073)",Unfall 89363 (2024) Kat:3, Licht: 2,89363,3,7,6,06,00,5,0,2,0,1,1,0,0,0
"POINT (9.186020014000064 48.780056748000050)",Unfall 89428 (2024) Kat:3, Licht: 0,89428,3,1,1,06,18,4,0,0,0,1,0,1,0,0
"POINT (9.191855180000061 48.807090648000042)",Unfall 89495 (2024) Kat:3, Licht: 0,89495,3,7,0,06,17,3,0,0,0,1,0,0,0,0
"POINT (9.167579659000069 48.748606868000081)",Unfall 89549 (2024) Kat:1, Licht: 0,89549,1,3,5,06,11,2,0,0,0,1,0,1,0,0
"POINT (9.184666643000071 48.805776792000074)",Unfall 89559 (2024) Kat:3, Licht: 0,89559,3,6,2,06,16,2,0,0,0,1,0,0,0,0
"POINT (9.134962931000075 48.745473132000029)",Unfall 89560 (2024) Kat:3, Licht: 0,89560,3,2,5,06,15,2,1,0,1,1,0,0,0,0
"POINT (9.174356480000029 48.811327527000060)",Unfall 89561 (2024) Kat:3, Licht: 0,89561,3,6,2,06,07,2,0,0,0,1,0,0,0,1
"POINT (9.240104354000039 48.791081323000071)",Unfall 89596 (2024) Kat:3, Licht: 0,89596,3,3,5,07,13,2,0,0,0,1,0,0,0,0
"POINT (9.136069407000036 48.747398825000062)",Unfall 89612 (2024) Kat:3, Licht: 0,89612,3,1,4,06,13,1,0,0,1,0,0,0,0,0
"POINT (9.176888258000076 48.816973549000068)",Unfall 89613 (2024) Kat:3, Licht: 0,89613,3,3,5,06,18,1,0,0,1,0,0,0,0,0
"POINT (9.180701803000034 48.774256131000072)",Unfall 89660 (2024) Kat:3, Licht: 0,89660,3,6,2,06,17,7,0,0,0,1,0,1,0,0
"POINT (9.156975539000030 48.832635003000064)",Unfall 89661 (2024) Kat:3, Licht: 0,89661,3,6,2,06,11,7,0,0,0,1,0,0,0,0
"POINT (9.222478235000040 48.836385309000036)",Unfall 89696 (2024) Kat:3, Licht: 0,89696,3,3,5,06,10,2,0,0,1,1,0,0,0,0
"POINT (9.116773196000054 48.708696003000057)",Unfall 89731 (2024) Kat:3, Licht: 0,89731,3,6,2,06,15,6,0,0,0,1,0,0,0,0
"POINT (9.109757606000073 48.729845256000033)",Unfall 89739 (2024) Kat:3, Licht: 0,89739,3,3,5,06,13,6,0,0,0,1,0,1,0,0
"POINT (9.257194909000077 48.760681679000072)",Unfall 89786 (2024) Kat:3, Licht: 0,89786,3,6,2,06,07,2,0,0,0,1,0,0,0,0
"POINT (9.106451512000035 48.717970394000076)",Unfall 89806 (2024) Kat:3, Licht: 0,89806,3,3,5,06,20,5,0,0,1,1,0,0,0,0
"POINT (9.171043078000025 48.811769286000072)",Unfall 89807 (2024) Kat:3, Licht: 0,89807,3,3,5,06,13,5,0,0,1,1,0,0,0,0
"POINT (9.219321420000028 48.787437412000031)",Unfall 89867 (2024) Kat:3, Licht: 0,89867,3,2,5,06,07,4,0,0,0,1,0,1,0,0
"POINT (9.136231048000070 48.764978060000033)",Unfall 89925 (2024) Kat:2, Licht: 0,89925,2,7,0,08,17,2,0,0,1,0,0,0,0,0
"POINT (9.187967304000040 48.756018394000080)",Unfall 90007 (2024) Kat:3, Licht: 0,90007,3,6,2,08,16,7,0,0,0,1,0,0,0,0
"POINT (9.180784954000046 48.788744715000064)",Unfall 90008 (2024) Kat:3, Licht: 2,90008,3,1,3,08,04,7,0,2,0,0,0,0,0,1
"POINT (9.182967216000065 48.776224977000027)",Unfall 90044 (2024) Kat:3, Licht: 0,90044,3,6,2,08,18,6,0,0,0,1,0,1,0,0
"POINT (9.215309304000073 48.802310537000039)",Unfall 90045 (2024) Kat:3, Licht: 0,90045,3,6,0,08,14,6,0,0,1,1,0,0,0,0
"POINT (9.189583000000027 48.785336478000033)",Unfall 90046 (2024) Kat:3, Licht: 0,90046,3,6,2,08,11,6,0,0,0,1,0,0,0,0
"POINT (9.182586766000043 48.776583409000068)",Unfall 90047 (2024) Kat:3, Licht: 0,90047,3,6,2,08,08,6,0,0,0,1,0,1,0,0
"POINT (9.226122685000064 48.787155476000066)",Unfall 90088 (2024) Kat:3, Licht: 0,90088,3,6,3,08,06,5,0,0,1,0,0,0,0,0
"POINT (9.243209577000073 48.808330320000039)",Unfall 90089 (2024) Kat:3, Licht: 2,90089,3,5,1,08,23,5,0,2,1,1,0,0,0,0
"POINT (9.098753899000030 48.801024600000062)",Unfall 90090 (2024) Kat:3, Licht: 0,90090,3,3,5,08,20,5,0,0,0,0,0,1,0,1
"POINT (9.139521506000051 48.709884500000044)",Unfall 90121 (2024) Kat:2, Licht: 0,90121,2,1,9,08,12,4,0,0,0,0,0,1,0,0
"POINT (9.106896528000050 48.729898982000066)",Unfall 90128 (2024) Kat:3, Licht: 0,90128,3,2,2,08,09,4,0,0,0,1,0,0,0,0
"POINT (9.242512376000036 48.789150790000065)",Unfall 90129 (2024) Kat:3, Licht: 0,90129,3,6,2,08,14,4,0,0,0,1,0,0,0,0
"POINT (9.156098127000064 48.848162707000029)",Unfall 90166 (2024) Kat:2, Licht: 0,90166,2,7,0,08,19,3,0,0,1,0,0,0,0,0
"POINT (9.221648636000054 48.788996872000041)",Unfall 90167 (2024) Kat:3, Licht: 2,90167,3,6,2,08,22,3,0,2,0,1,0,0,0,0
"POINT (9.175579776000063 48.819287413000040)",Unfall 90266 (2024) Kat:3, Licht: 1,90266,3,1,9,08,06,7,0,1,0,1,0,0,0,0
"POINT (9.182297457000061 48.775480553000079)",Unfall 90267 (2024) Kat:3, Licht: 2,90267,3,2,5,08,22,7,1,2,1,0,0,0,0,0
"POINT (9.250131425000063 48.780772836000040)",Unfall 90312 (2024) Kat:3, Licht: 0,90312,3,3,5,08,16,6,0,0,1,1,0,0,0,0
"POINT (9.206240295000043 48.692884025000069)",Unfall 90355 (2024) Kat:3, Licht: 1,90355,3,6,2,08,06,5,0,1,0,1,0,0,1,0
"POINT (9.249371610000026 48.809484226000052)",Unfall 90361 (2024) Kat:3, Licht: 0,90361,3,3,5,08,17,5,0,0,1,1,0,0,0,0
"POINT (9.235440049000033 48.798303123000039)",Unfall 90362 (2024) Kat:3, Licht: 0,90362,3,6,6,08,20,5,0,0,1,0,1,0,0,0
"POINT (9.245431369000073 48.785729034000042)",Unfall 90363 (2024) Kat:3, Licht: 0,90363,3,6,4,08,09,5,0,0,0,0,0,0,1,1
"POINT (9.216163309000024 48.802761996000072)",Unfall 90441 (2024) Kat:3, Licht: 0,90441,3,4,6,08,16,3,0,0,0,1,1,0,0,0
"POINT (9.133125120000045 48.786412823000035)",Unfall 90484 (2024) Kat:3, Licht: 0,90484,3,7,0,08,17,2,0,0,1,1,0,0,0,0
"POINT (9.177665727000033 48.844914000000074)",Unfall 90563 (2024) Kat:3, Licht: 2,90563,3,2,5,08,00,7,0,2,0,1,0,0,0,0
"POINT (9.157306678000054 48.846339780000051)",Unfall 90564 (2024) Kat:3, Licht: 0,90564,3,2,2,08,18,7,0,0,0,1,0,0,0,0
"POINT (9.176548429000036 48.811062196000080)",Unfall 90570 (2024) Kat:2, Licht: 2,90570,2,4,6,08,21,1,0,2,0,1,1,0,0,0
"POINT (9.077839067000070 48.729179401000067)",Unfall 90616 (2024) Kat:2, Licht: 0,90616,2,2,3,08,17,3,0,0,0,1,0,1,0,0
"POINT (9.141693630000077 48.754205938000041)",Unfall 90692 (2024) Kat:3, Licht: 0,90692,3,6,3,08,17,4,0,0,0,1,0,1,0,0
"POINT (9.169966234000071 48.749533260000078)",Unfall 90693 (2024) Kat:3, Licht: 0,90693,3,1,0,08,16,4,1,0,0,0,0,1,0,0
"POINT (9.240658447000044 48.696715830000073)",Unfall 90744 (2024) Kat:3, Licht: 2,90744,3,1,8,08,23,3,0,2,0,1,0,0,0,0
"POINT (9.170520587000055 48.766021601000034)",Unfall 90745 (2024) Kat:2, Licht: 0,90745,2,3,5,08,17,3,0,0,1,0,0,0,0,1
"POINT (9.152822567000044 48.725202873000057)",Unfall 90746 (2024) Kat:2, Licht: 0,90746,2,3,0,08,19,3,0,0,1,1,0,0,0,0
"POINT (9.219450839000046 48.803750495000031)",Unfall 90789 (2024) Kat:3, Licht: 0,90789,3,2,5,08,11,2,0,0,0,1,0,0,0,1
"POINT (9.184639861000051 48.778409057000033)",Unfall 90790 (2024) Kat:3, Licht: 0,90790,3,6,2,08,11,2,0,0,0,1,0,0,1,0
"POINT (9.189378972000043 48.785033067000029)",Unfall 90801 (2024) Kat:3, Licht: 0,90801,3,6,3,08,09,2,0,0,0,1,0,0,0,0
"POINT (9.210979005000070 48.701082937000081)",Unfall 90835 (2024) Kat:3, Licht: 0,90835,3,6,0,08,15,1,0,0,1,1,0,0,0,0
"POINT (9.180997848000061 48.811829932000080)",Unfall 90872 (2024) Kat:2, Licht: 0,90872,2,1,9,08,05,7,0,0,0,1,0,0,0,0
"POINT (9.221499221000045 48.694815249000044)",Unfall 90942 (2024) Kat:3, Licht: 1,90942,3,2,5,08,21,6,1,1,0,1,0,0,0,0
"POINT (9.191359260000070 48.788594168000031)",Unfall 90943 (2024) Kat:3, Licht: 0,90943,3,3,5,08,13,6,0,0,0,1,0,0,0,0
"POINT (9.153929793000032 48.834020238000051)",Unfall 90944 (2024) Kat:3, Licht: 0,90944,3,6,2,08,14,6,0,0,0,1,0,0,0,0
"POINT (9.264865217000022 48.749169146000042)",Unfall 90945 (2024) Kat:3, Licht: 0,90945,3,6,3,08,18,6,0,0,0,1,0,1,0,0
"POINT (9.244128499000055 48.787499160000039)",Unfall 90990 (2024) Kat:3, Licht: 0,90990,3,7,0,08,11,5,0,0,0,0,0,1,0,0
"POINT (9.191589600000043 48.788789078000036)",Unfall 90991 (2024) Kat:3, Licht: 0,90991,3,6,2,08,16,5,0,0,0,1,0,0,0,1
"POINT (9.214304480000067 48.785019059000035)",Unfall 91044 (2024) Kat:2, Licht: 2,91044,2,7,1,07,04,4,0,2,1,1,0,0,0,0
"POINT (9.184951708000028 48.699187950000066)",Unfall 91148 (2024) Kat:3, Licht: 0,91148,3,6,3,07,14,2,0,0,0,1,0,0,1,1
"POINT (9.188622011000064 48.784112030000074)",Unfall 91155 (2024) Kat:3, Licht: 0,91155,3,7,0,07,12,2,0,0,0,0,0,0,0,1
"POINT (9.210175136000032 48.799420892000057)",Unfall 91156 (2024) Kat:3, Licht: 0,91156,3,6,2,07,07,2,0,0,0,1,0,0,0,0
"POINT (9.101708912000049 48.755825505000075)",Unfall 91211 (2024) Kat:3, Licht: 0,91211,3,7,5,07,15,1,0,0,0,1,0,1,0,0
"POINT (9.101921723000032 48.804245096000045)",Unfall 91212 (2024) Kat:3, Licht: 0,91212,3,7,0,07,15,1,0,0,0,0,0,0,0,1
"POINT (9.226405172000057 48.840013848000069)",Unfall 91263 (2024) Kat:3, Licht: 0,91263,3,7,8,07,16,7,1,0,0,1,0,0,0,1
"POINT (9.209660221000036 48.729277834000072)",Unfall 91264 (2024) Kat:3, Licht: 0,91264,3,1,8,07,16,7,0,0,0,0,0,1,0,0
"POINT (9.206235645000049 48.797118908000073)",Unfall 91265 (2024) Kat:3, Licht: 0,91265,3,6,2,07,18,7,0,0,0,1,0,0,0,0
"POINT (9.176698538000039 48.817255127000067)",Unfall 91322 (2024) Kat:3, Licht: 0,91322,3,6,3,07,14,6,0,0,0,1,0,0,1,0
"POINT (9.204051178000043 48.780733368000028)",Unfall 91323 (2024) Kat:2, Licht: 0,91323,2,3,5,07,17,6,0,0,1,1,0,0,0,0
"POINT (9.181127242000059 48.791818175000060)",Unfall 91324 (2024) Kat:3, Licht: 0,91324,3,6,0,07,14,6,0,0,0,1,0,1,0,1
"POINT (9.114129775000038 48.748167647000059)",Unfall 91397 (2024) Kat:3, Licht: 2,91397,3,1,0,07,00,5,0,2,0,1,0,0,0,0
"POINT (9.219262165000032 48.803606468000055)",Unfall 91458 (2024) Kat:3, Licht: 2,91458,3,2,5,07,23,4,0,2,1,1,0,0,0,0
"POINT (9.182740975000058 48.800011286000029)",Unfall 91459 (2024) Kat:3, Licht: 0,91459,3,6,2,07,11,4,0,0,0,1,0,1,0,0
"POINT (9.175475131000042 48.778373629000043)",Unfall 91522 (2024) Kat:3, Licht: 0,91522,3,7,6,07,14,3,0,0,0,0,1,0,0,1
"POINT (9.162230096000030 48.740251957000055)",Unfall 91523 (2024) Kat:3, Licht: 0,91523,3,6,1,07,17,3,0,0,0,1,0,0,0,0
"POINT (9.191133834000027 48.697969472000068)",Unfall 91586 (2024) Kat:3, Licht: 0,91586,3,6,2,07,17,2,0,0,0,1,0,0,0,0
"POINT (9.208570353000027 48.781407533000049)",Unfall 91589 (2024) Kat:2, Licht: 0,91589,2,7,0,07,10,2,0,0,0,1,0,0,0,1
"POINT (9.197992817000056 48.806696215000045)",Unfall 91590 (2024) Kat:3, Licht: 0,91590,3,6,2,07,17,2,0,0,0,1,0,0,0,0
"POINT (9.160761917000059 48.755850674000044)",Unfall 91591 (2024) Kat:3, Licht: 0,91591,3,6,2,07,14,2,0,0,0,1,0,0,0,0
"POINT (9.249031921000039 48.771888051000076)",Unfall 91656 (2024) Kat:3, Licht: 0,91656,3,7,8,07,06,1,0,0,0,1,0,0,0,0
"POINT (9.206227334000062 48.692884566000032)",Unfall 91723 (2024) Kat:3, Licht: 0,91723,3,7,7,07,15,7,0,0,0,1,0,0,0,1
"POINT (9.226781663000054 48.819420039000079)",Unfall 91739 (2024) Kat:3, Licht: 0,91739,3,3,5,07,15,7,0,0,1,1,0,0,0,0
"POINT (9.109752049000065 48.729504760000054)",Unfall 91740 (2024) Kat:3, Licht: 0,91740,3,7,0,07,17,7,0,0,1,0,0,0,0,0
"POINT (9.085774429000026 48.756470255000067)",Unfall 91741 (2024) Kat:3, Licht: 0,91741,3,7,0,07,20,7,0,0,0,0,0,1,0,0
"POINT (9.205395330000044 48.703455826000038)",Unfall 91831 (2024) Kat:2, Licht: 1,91831,2,2,6,07,20,6,1,1,0,1,1,0,0,0
"POINT (9.224775363000049 48.794268537000050)",Unfall 91832 (2024) Kat:3, Licht: 0,91832,3,6,2,07,15,6,0,0,0,1,0,0,0,0
"POINT (9.218522168000050 48.791745368000079)",Unfall 91833 (2024) Kat:3, Licht: 0,91833,3,6,2,07,14,6,0,0,0,1,0,0,0,0
"POINT (9.104959249000046 48.739234798000041)",Unfall 91910 (2024) Kat:3, Licht: 0,91910,3,6,3,07,18,5,0,0,0,1,0,0,0,0
"POINT (9.174079257000074 48.821216299000071)",Unfall 91911 (2024) Kat:3, Licht: 0,91911,3,3,5,07,13,5,0,0,1,1,0,0,0,0
"POINT (9.231197113000064 48.841587465000032)",Unfall 91912 (2024) Kat:3, Licht: 0,91912,3,2,2,07,08,5,0,0,0,1,0,0,0,0
"POINT (9.201582978000033 48.794965929000057)",Unfall 91913 (2024) Kat:3, Licht: 0,91913,3,6,2,07,16,5,0,0,0,1,0,0,0,1
"POINT (9.273723789000030 48.756891417000077)",Unfall 91915 (2024) Kat:3, Licht: 0,91915,3,5,1,07,13,5,0,0,1,1,0,0,0,0
"POINT (9.211344086000054 48.745599376000030)",Unfall 91922 (2024) Kat:3, Licht: 0,91922,3,5,1,08,14,3,0,0,0,1,0,0,0,0
"POINT (9.225681255000040 48.795832385000040)",Unfall 91955 (2024) Kat:3, Licht: 0,91955,3,7,0,07,11,1,0,0,1,0,0,0,0,0
"POINT (9.155266881000045 48.833411692000027)",Unfall 91993 (2024) Kat:3, Licht: 0,91993,3,7,5,07,14,5,0,0,0,1,0,0,1,0
"POINT (9.208902049000073 48.692972415000042)",Unfall 91998 (2024) Kat:3, Licht: 0,91998,3,6,2,07,08,4,0,0,0,1,0,0,0,0
"POINT (9.202063198000076 48.795168700000033)",Unfall 91999 (2024) Kat:3, Licht: 0,91999,3,6,3,08,07,4,0,0,0,1,0,0,0,1
"POINT (9.150689640000053 48.835703844000079)",Unfall 92003 (2024) Kat:3, Licht: 0,92003,3,7,0,07,06,4,0,0,1,0,0,0,0,0
"POINT (9.101282150000031 48.803513017000057)",Unfall 92069 (2024) Kat:3, Licht: 0,92069,3,6,2,07,15,3,0,0,0,1,0,0,0,0
"POINT (9.185322571000029 48.806596824000053)",Unfall 92071 (2024) Kat:3, Licht: 0,92071,3,6,2,07,17,3,0,0,0,1,0,0,0,0
"POINT (9.185986403000072 48.780474133000041)",Unfall 92073 (2024) Kat:3, Licht: 0,92073,3,6,2,07,19,3,0,0,0,1,0,1,0,0
"POINT (9.181650625000032 48.776993277000031)",Unfall 92074 (2024) Kat:3, Licht: 0,92074,3,3,5,07,11,3,0,0,1,1,0,0,0,0
"POINT (9.161886180000067 48.740784238000060)",Unfall 92155 (2024) Kat:3, Licht: 2,92155,3,1,9,07,00,2,0,2,0,1,0,0,0,0
"POINT (9.156205567000029 48.832978803000060)",Unfall 92182 (2024) Kat:3, Licht: 0,92182,3,6,2,07,18,5,0,0,0,1,0,0,0,0
"POINT (9.172880653000050 48.776151397000035)",Unfall 92201 (2024) Kat:3, Licht: 0,92201,3,2,5,08,18,2,0,0,1,1,0,0,0,0
"POINT (9.200119945000040 48.761661769000057)",Unfall 92243 (2024) Kat:3, Licht: 0,92243,3,2,5,07,09,7,0,0,0,1,0,0,0,1
"POINT (9.160448580000036 48.814337305000038)",Unfall 92314 (2024) Kat:3, Licht: 0,92314,3,3,5,07,09,7,0,0,0,1,0,0,0,0
"POINT (9.207055198000035 48.797525489000066)",Unfall 92315 (2024) Kat:3, Licht: 0,92315,3,6,2,07,18,7,0,0,0,1,0,1,0,0
"POINT (9.183382892000054 48.753989183000044)",Unfall 92316 (2024) Kat:2, Licht: 2,92316,2,1,8,07,21,7,0,2,0,0,0,1,0,0
"POINT (9.108538026000076 48.726418538000075)",Unfall 92375 (2024) Kat:3, Licht: 0,92375,3,3,5,07,13,4,0,0,0,1,0,0,0,0
"POINT (9.165533650000043 48.747755114000029)",Unfall 92392 (2024) Kat:3, Licht: 0,92392,3,6,2,08,19,4,0,0,0,1,0,0,0,0
"POINT (9.130382447000045 48.708925973000078)",Unfall 92396 (2024) Kat:3, Licht: 0,92396,3,7,3,07,09,6,0,0,0,1,0,0,1,0
"POINT (9.233384727000043 48.814116732000059)",Unfall 92406 (2024) Kat:2, Licht: 1,92406,2,5,1,07,20,6,0,1,0,1,0,0,0,0
"POINT (9.202014437000059 48.776393330000076)",Unfall 92407 (2024) Kat:3, Licht: 0,92407,3,3,5,07,17,6,1,0,0,1,0,0,0,0
"POINT (9.174888218000035 48.805011128000046)",Unfall 92409 (2024) Kat:3, Licht: 0,92409,3,6,2,07,10,6,0,0,0,1,0,0,0,0
"POINT (9.244332164000070 48.790620576000038)",Unfall 92459 (2024) Kat:3, Licht: 0,92459,3,3,5,09,08,5,1,0,1,1,0,0,0,0
"POINT (9.128106319000040 48.737371826000071)",Unfall 92460 (2024) Kat:3, Licht: 0,92460,3,2,5,09,17,5,0,0,1,1,0,0,0,0
"POINT (9.107381499000041 48.710475945000042)",Unfall 92503 (2024) Kat:3, Licht: 0,92503,3,6,2,09,16,4,0,0,0,1,0,1,0,0
"POINT (9.154834659000073 48.769747538000047)",Unfall 92505 (2024) Kat:3, Licht: 0,92505,3,2,5,09,12,4,0,0,0,1,0,1,0,0
"POINT (9.249726007000049 48.779005492000067)",Unfall 92506 (2024) Kat:3, Licht: 0,92506,3,6,2,09,11,4,0,0,1,1,0,0,0,0
"POINT (9.209329317000027 48.701505839000049)",Unfall 92543 (2024) Kat:2, Licht: 0,92543,2,7,0,09,15,3,0,0,1,0,0,0,0,0
"POINT (9.265807797000036 48.762082321000037)",Unfall 92545 (2024) Kat:3, Licht: 0,92545,3,4,6,09,08,3,0,0,0,1,1,0,0,0
"POINT (9.229334179000034 48.812417422000067)",Unfall 92583 (2024) Kat:3, Licht: 0,92583,3,4,6,09,07,2,0,0,0,1,1,0,0,0
"POINT (9.106380302000048 48.717926424000041)",Unfall 92584 (2024) Kat:3, Licht: 0,92584,3,3,5,09,07,2,1,0,1,1,0,0,0,0
"POINT (9.180643299000053 48.787477514000045)",Unfall 92651 (2024) Kat:3, Licht: 2,92651,3,6,2,09,20,7,0,2,0,1,0,0,0,0
"POINT (9.089794062000067 48.802745624000067)",Unfall 92652 (2024) Kat:3, Licht: 2,92652,3,1,0,09,03,7,0,2,0,0,0,0,0,1