WKT,Name,OBJECTID,UKATEGORIE,UTYP1,UART,UMONAT,USTUNDE,UWOCHENTAG,STRZUSTAND,ULICHTVERH,ISTRAD,ISTPKW,ISTFUSS,ISTKRAD,ISTGKFZ,ISTSONSTIG
"POINT (9.192316957000060 48.789207745000056)",Unfall 92653 (2024) Kat:3, Licht: 1,92653,3,1,9,09,18,7,0,1,0,0,0,1,0,0
"POINT (9.128736000000060 48.779139581000038)",Unfall 92659 (2024) Kat:3, Licht: 2,92659,3,2,5,09,19,2,1,2,0,1,0,0,0,1
"POINT (9.214276443000074 48.801479307000079)",Unfall 92710 (2024) Kat:3, Licht: 0,92710,3,3,5,09,08,6,0,0,1,1,0,0,0,0
"POINT (9.248649645000057 48.784972954000068)",Unfall 92711 (2024) Kat:3, Licht: 0,92711,3,2,2,09,15,6,1,0,0,1,0,1,0,0
"POINT (9.156511960000046 48.755050454000070)",Unfall 92761 (2024) Kat:3, Licht: 0,92761,3,6,2,09,14,5,0,0,0,1,0,0,0,0
"POINT (9.168428392000067 48.826444504000051)",Unfall 92816 (2024) Kat:3, Licht: 0,92816,3,2,5,09,13,4,0,0,1,1,0,0,0,0
"POINT (9.134394284000052 48.728315630000054)",Unfall 92817 (2024) Kat:3, Licht: 0,92817,3,3,5,09,17,4,0,0,0,1,0,1,0,0
"POINT (9.216194022000025 48.794169171000078)",Unfall 92853 (2024) Kat:3, Licht: 0,92853,3,6,2,09,09,3,1,0,0,1,0,0,0,0
"POINT (9.226259059000029 48.787085431000037)",Unfall 92854 (2024) Kat:3, Licht: 1,92854,3,6,3,09,06,3,0,1,0,1,0,0,0,0
"POINT (9.208948110000051 48.800213383000028)",Unfall 92904 (2024) Kat:3, Licht: 0,92904,3,6,3,09,09,2,0,0,0,1,0,0,1,0
"POINT (9.222440115000040 48.789615861000073)",Unfall 92905 (2024) Kat:3, Licht: 0,92905,3,6,2,09,12,2,0,0,0,1,0,0,0,0
"POINT (9.209845332000043 48.701358846000062)",Unfall 93074 (2024) Kat:3, Licht: 0,93074,3,2,5,09,15,6,0,0,1,1,0,0,0,0
"POINT (9.211884996000038 48.806594964000055)",Unfall 93075 (2024) Kat:3, Licht: 0,93075,3,7,3,09,07,6,0,0,0,1,0,0,0,1
"POINT (9.107171006000044 48.725237005000054)",Unfall 93076 (2024) Kat:3, Licht: 0,93076,3,1,8,09,16,6,0,0,0,0,0,1,0,0
"POINT (9.102006587000062 48.804224511000029)",Unfall 93150 (2024) Kat:3, Licht: 0,93150,3,3,5,09,15,5,0,0,0,0,0,1,0,1
"POINT (9.097956628000077 48.818276720000028)",Unfall 93152 (2024) Kat:3, Licht: 2,93152,3,1,9,09,22,5,1,2,0,1,0,0,0,0
"POINT (9.090237924000064 48.785403855000027)",Unfall 93199 (2024) Kat:2, Licht: 0,93199,2,1,9,09,19,4,0,0,0,0,0,1,0,0
"POINT (9.216073907000066 48.803132981000033)",Unfall 93255 (2024) Kat:3, Licht: 2,93255,3,3,5,09,21,3,0,2,0,0,0,0,0,1
"POINT (9.150342020000039 48.728699837000079)",Unfall 93302 (2024) Kat:3, Licht: 0,93302,3,3,2,09,11,2,0,0,0,1,0,0,0,0
"POINT (9.202994843000056 48.777178817000049)",Unfall 93332 (2024) Kat:3, Licht: 0,93332,3,6,2,09,18,4,1,0,0,1,0,1,0,0
"POINT (9.249681241000076 48.782218089000025)",Unfall 93415 (2024) Kat:3, Licht: 0,93415,3,7,8,08,20,7,0,0,1,0,0,0,0,0
"POINT (9.191348875000074 48.788522158000035)",Unfall 93416 (2024) Kat:3, Licht: 2,93416,3,6,2,08,21,7,0,2,0,1,0,0,0,0
"POINT (9.199845204000042 48.693360363000068)",Unfall 93417 (2024) Kat:3, Licht: 0,93417,3,3,5,08,07,7,0,0,0,1,0,0,0,0
"POINT (9.126324659000034 48.735260085000050)",Unfall 93473 (2024) Kat:3, Licht: 0,93473,3,2,5,08,08,6,0,0,1,0,0,0,0,1
"POINT (9.157342725000035 48.846268282000040)",Unfall 93474 (2024) Kat:3, Licht: 2,93474,3,1,0,08,23,6,0,2,1,0,0,0,0,0
"POINT (9.153058144000056 48.725051791000055)",Unfall 93476 (2024) Kat:3, Licht: 0,93476,3,6,2,08,07,6,0,0,0,1,0,1,0,0
"POINT (9.175728295000056 48.818446778000066)",Unfall 93477 (2024) Kat:3, Licht: 2,93477,3,6,3,08,21,6,0,2,0,1,0,1,0,1
"POINT (9.113793442000031 48.767244585000071)",Unfall 93478 (2024) Kat:3, Licht: 1,93478,3,3,5,08,16,6,0,1,1,0,0,0,0,1
"POINT (9.147557858000027 48.772601013000042)",Unfall 93548 (2024) Kat:3, Licht: 0,93548,3,1,1,08,06,5,0,0,0,1,0,0,0,0
"POINT (9.163127209000038 48.840982521000058)",Unfall 93576 (2024) Kat:3, Licht: 0,93576,3,6,2,09,15,4,0,0,0,1,0,0,0,0
"POINT (9.130345016000035 48.739994527000079)",Unfall 93629 (2024) Kat:3, Licht: 0,93629,3,2,5,08,14,4,0,0,1,1,0,0,0,0
"POINT (9.169141416000059 48.749173926000026)",Unfall 93686 (2024) Kat:3, Licht: 0,93686,3,6,3,08,11,3,0,0,1,0,0,0,0,1
"POINT (9.128830302000040 48.779247469000040)",Unfall 93729 (2024) Kat:3, Licht: 1,93729,3,6,2,10,16,3,0,1,1,0,0,0,0,1
"POINT (9.205808431000037 48.802711026000054)",Unfall 93730 (2024) Kat:3, Licht: 0,93730,3,6,2,10,14,3,0,0,0,1,0,0,0,0
"POINT (9.234350042000074 48.787506471000029)",Unfall 93796 (2024) Kat:2, Licht: 1,93796,2,1,9,10,18,2,0,1,0,0,0,1,0,0
"POINT (9.149777478000033 48.770099523000056)",Unfall 93825 (2024) Kat:3, Licht: 0,93825,3,3,5,10,09,1,0,0,0,1,0,0,0,0
"POINT (9.247987907000038 48.782359104000079)",Unfall 93826 (2024) Kat:3, Licht: 2,93826,3,6,2,10,00,1,0,2,0,1,0,0,0,0
"POINT (9.195111335000036 48.806990311000050)",Unfall 93866 (2024) Kat:3, Licht: 0,93866,3,6,2,10,17,7,0,0,0,1,0,0,0,0
"POINT (9.186071525000045 48.781365516000051)",Unfall 93867 (2024) Kat:3, Licht: 0,93867,3,6,1,10,09,7,0,0,0,1,0,0,0,1
"POINT (9.173012452000023 48.811170592000053)",Unfall 93910 (2024) Kat:3, Licht: 0,93910,3,1,8,10,14,6,1,0,0,0,0,0,0,1
"POINT (9.221781476000046 48.789097554000080)",Unfall 93911 (2024) Kat:3, Licht: 1,93911,3,2,5,10,17,6,1,1,0,1,0,0,0,0
"POINT (9.155924699000025 48.848435039000037)",Unfall 93965 (2024) Kat:3, Licht: 1,93965,3,4,6,10,07,5,0,1,0,1,1,0,0,0
"POINT (9.102053035000040 48.804270128000041)",Unfall 93966 (2024) Kat:3, Licht: 0,93966,3,3,5,10,07,5,0,0,0,1,0,1,0,0
"POINT (9.154828316000021 48.769745886000067)",Unfall 93967 (2024) Kat:3, Licht: 2,93967,3,1,0,10,21,5,0,2,1,0,0,0,0,0
"POINT (9.090837622000038 48.714378918000079)",Unfall 93996 (2024) Kat:3, Licht: 0,93996,3,6,3,10,10,4,0,0,0,1,0,0,1,1
"POINT (9.129020196000056 48.779227370000058)",Unfall 94106 (2024) Kat:3, Licht: 0,94106,3,3,5,10,16,1,0,0,0,1,0,1,0,0
"POINT (9.185430300000064 48.774528632000056)",Unfall 94107 (2024) Kat:3, Licht: 0,94107,3,2,6,10,11,1,0,0,0,1,1,0,0,0
"POINT (9.148262810000062 48.794844358000034)",Unfall 94147 (2024) Kat:2, Licht: 0,94147,2,6,4,10,14,7,0,0,0,1,0,0,0,0
"POINT (9.267635884000072 48.759107978000031)",Unfall 94148 (2024) Kat:3, Licht: 0,94148,3,3,5,10,16,7,0,0,0,1,0,0,0,0
"POINT (9.220992903000024 48.789725642000064)",Unfall 94192 (2024) Kat:3, Licht: 0,94192,3,6,3,10,13,6,0,0,0,1,0,1,0,0
"POINT (9.169476140000029 48.820552263000081)",Unfall 94193 (2024) Kat:3, Licht: 0,94193,3,3,5,10,13,6,0,0,1,1,0,0,0,0
"POINT (9.177810821000037 48.815596485000071)",Unfall 94194 (2024) Kat:3, Licht: 0,94194,3,6,1,10,17,6,0,0,0,1,0,0,0,0
"POINT (9.170722333000072 48.825412476000054)",Unfall 94195 (2024) Kat:3, Licht: 0,94195,3,6,3,10,14,6,0,0,0,1,0,1,0,0
"POINT (9.239496695000071 48.817325898000036)",Unfall 94196 (2024) Kat:3, Licht: 0,94196,3,5,1,10,16,6,0,0,0,1,0,0,0,1
"POINT (9.162215612000068 48.739411162000067)",Unfall 94198 (2024) Kat:3, Licht: 1,94198,3,6,2,10,07,6,1,1,0,1,0,0,0,0
"POINT (9.170293665000031 48.821487185000080)",Unfall 94295 (2024) Kat:3, Licht: 0,94295,3,1,9,10,12,4,0,0,0,1,0,0,0,0
"POINT (9.167167148000033 48.818755373000045)",Unfall 94296 (2024) Kat:3, Licht: 0,94296,3,7,0,10,16,4,0,0,0,1,0,1,0,0
"POINT (9.157916194000052 48.832224491000034)",Unfall 94297 (2024) Kat:3, Licht: 2,94297,3,1,0,10,20,4,0,2,1,0,0,0,0,0
"POINT (9.219902105000074 48.787716126000078)",Unfall 94347 (2024) Kat:3, Licht: 2,94347,3,1,4,10,20,3,1,2,1,0,0,0,0,1
"POINT (9.230894586000034 48.841502747000050)",Unfall 94348 (2024) Kat:3, Licht: 0,94348,3,3,5,10,14,3,0,0,0,1,0,0,0,0
"POINT (9.144437853000056 48.754560187000038)",Unfall 94351 (2024) Kat:3, Licht: 2,94351,3,6,8,10,01,3,0,2,0,1,0,0,0,1
"POINT (9.164864632000047 48.814967445000036)",Unfall 94352 (2024) Kat:3, Licht: 0,94352,3,6,2,10,15,3,1,0,0,1,0,0,0,0
"POINT (9.215744974000074 48.794419188000063)",Unfall 94353 (2024) Kat:3, Licht: 0,94353,3,6,3,10,14,3,1,0,0,1,0,0,1,0
"POINT (9.258025104000069 48.758964558000059)",Unfall 94407 (2024) Kat:3, Licht: 1,94407,3,6,2,10,18,2,1,1,0,1,0,0,0,1
"POINT (9.169843873000048 48.765158638000059)",Unfall 94408 (2024) Kat:3, Licht: 0,94408,3,6,2,10,12,2,0,0,0,1,0,0,0,0
"POINT (9.219613904000028 48.790924144000030)",Unfall 94481 (2024) Kat:3, Licht: 0,94481,3,6,2,10,13,7,0,0,0,1,0,0,0,0
"POINT (9.130643378000059 48.779281281000067)",Unfall 94482 (2024) Kat:3, Licht: 0,94482,3,7,1,10,13,7,0,0,0,1,0,1,0,0
"POINT (9.181938138000021 48.766244442000072)",Unfall 94521 (2024) Kat:3, Licht: 0,94521,3,6,2,10,12,5,0,0,0,1,0,0,0,0
"POINT (9.208605493000050 48.781430686000078)",Unfall 94547 (2024) Kat:3, Licht: 0,94547,3,6,2,10,17,5,0,0,0,1,0,0,0,0
"POINT (9.177653762000034 48.815835672000048)",Unfall 94663 (2024) Kat:3, Licht: 0,94663,3,3,5,10,11,3,0,0,0,1,0,0,0,1
"POINT (9.096382271000039 48.818928343000039)",Unfall 94664 (2024) Kat:3, Licht: 0,94664,3,6,2,10,16,3,0,0,0,1,0,0,0,0
"POINT (9.236537853000073 48.815747250000072)",Unfall 94665 (2024) Kat:3, Licht: 0,94665,3,3,5,10,16,3,0,0,0,1,0,1,0,0
"POINT (9.248869923000029 48.779378851000047)",Unfall 94666 (2024) Kat:3, Licht: 0,94666,3,6,2,10,15,3,0,0,0,1,0,0,0,0
"POINT (9.180669959000056 48.764374672000031)",Unfall 94667 (2024) Kat:3, Licht: 2,94667,3,1,0,10,21,3,1,2,1,0,0,0,0,0
"POINT (9.183312583000031 48.775566149000042)",Unfall 94668 (2024) Kat:3, Licht: 2,94668,3,6,2,10,20,3,1,2,0,1,0,0,0,0
"POINT (9.176865056000054 48.750833178000050)",Unfall 94708 (2024) Kat:3, Licht: 0,94708,3,6,4,10,12,6,1,0,1,0,0,0,0,1
"POINT (9.209344689000034 48.727753690000043)",Unfall 94770 (2024) Kat:3, Licht: 2,94770,3,2,2,09,00,1,0,2,0,1,0,0,0,1
"POINT (9.178879881000057 48.784291860000053)",Unfall 94771 (2024) Kat:3, Licht: 0,94771,3,3,5,09,09,1,0,0,0,1,0,0,0,0
"POINT (9.109710520000021 48.728016233000062)",Unfall 94799 (2024) Kat:3, Licht: 0,94799,3,7,6,10,17,4,0,0,1,0,1,0,0,0
"POINT (9.254144899000039 48.758665669000038)",Unfall 94824 (2024) Kat:3, Licht: 0,94824,3,6,2,09,13,7,1,0,0,1,0,0,0,0
"POINT (9.150320673000067 48.728697791000059)",Unfall 94870 (2024) Kat:3, Licht: 2,94870,3,3,5,09,05,6,1,2,0,1,0,0,0,0
"POINT (9.111185142000068 48.755536642000038)",Unfall 94924 (2024) Kat:3, Licht: 0,94924,3,7,4,09,16,5,1,0,0,1,0,0,0,0
"POINT (9.175930411000024 48.770311823000043)",Unfall 94925 (2024) Kat:3, Licht: 2,94925,3,3,0,09,22,5,1,2,0,1,0,1,0,0
"POINT (9.162374636000038 48.739195132000077)",Unfall 94993 (2024) Kat:3, Licht: 1,94993,3,6,2,10,07,2,0,1,0,1,0,0,0,0
"POINT (9.170531104000077 48.765908604000060)",Unfall 95094 (2024) Kat:3, Licht: 2,95094,3,4,6,09,21,2,1,2,0,1,1,0,0,0
"POINT (9.152383909000037 48.835006672000077)",Unfall 95095 (2024) Kat:3, Licht: 0,95095,3,6,3,09,18,2,1,0,0,1,0,0,1,0
"POINT (9.207092402000058 48.797543946000076)",Unfall 95096 (2024) Kat:3, Licht: 0,95096,3,6,1,09,18,2,1,0,0,1,0,0,0,0
"POINT (9.185527689000025 48.779526772000054)",Unfall 95097 (2024) Kat:3, Licht: 1,95097,3,6,2,09,18,2,1,1,0,1,0,0,1,0
"POINT (9.182060566000075 48.810647588000052)",Unfall 95180 (2024) Kat:3, Licht: 0,95180,3,6,2,09,09,1,0,0,0,1,0,0,0,0
"POINT (9.224313196000026 48.794526806000079)",Unfall 95219 (2024) Kat:3, Licht: 0,95219,3,6,6,10,18,6,1,0,0,0,1,0,0,1
"POINT (9.233541484000057 48.806051628000034)",Unfall 95364 (2024) Kat:3, Licht: 2,95364,3,3,5,09,02,6,0,2,0,0,0,0,0,1
"POINT (9.186980356000049 48.782403388000034)",Unfall 95365 (2024) Kat:3, Licht: 0,95365,3,6,0,09,13,6,0,0,0,1,0,1,0,0
"POINT (9.232858994000026 48.813875733000032)",Unfall 95403 (2024) Kat:3, Licht: 0,95403,3,2,0,12,10,5,1,0,0,1,0,0,0,1
"POINT (9.185282568000048 48.774393054000029)",Unfall 95430 (2024) Kat:3, Licht: 0,95430,3,2,0,12,16,4,0,0,0,1,0,0,0,1
"POINT (9.219611157000031 48.790926154000033)",Unfall 95431 (2024) Kat:3, Licht: 2,95431,3,6,2,12,06,4,1,2,0,1,0,0,1,1
"POINT (9.088400584000055 48.832666708000033)",Unfall 95457 (2024) Kat:2, Licht: 2,95457,2,1,8,12,19,3,0,2,0,1,0,0,0,0
"POINT (9.240903241000069 48.790018354000040)",Unfall 95463 (2024) Kat:3, Licht: 0,95463,3,6,2,12,07,3,0,0,0,1,0,0,0,0
"POINT (9.194380757000033 48.753147186000035)",Unfall 95464 (2024) Kat:2, Licht: 0,95464,2,3,5,12,10,3,1,0,0,0,0,1,0,1
"POINT (9.148534505000043 48.766108004000046)",Unfall 95484 (2024) Kat:3, Licht: 2,95484,3,6,4,12,17,3,1,2,0,1,0,0,0,1
"POINT (9.205070094000064 48.796540655000058)",Unfall 95511 (2024) Kat:3, Licht: 2,95511,3,6,2,12,18,2,0,2,0,1,0,0,0,0
"POINT (9.238352545000055 48.796058762000030)",Unfall 95512 (2024) Kat:3, Licht: 1,95512,3,7,8,12,16,2,0,1,0,1,0,0,0,0
"POINT (9.180316533000052 48.774024193000059)",Unfall 95513 (2024) Kat:3, Licht: 0,95513,3,6,2,12,11,2,0,0,0,1,0,0,0,1
"POINT (9.204161107000061 48.780864458000053)",Unfall 95552 (2024) Kat:3, Licht: 2,95552,3,3,5,12,20,7,0,2,0,1,0,1,0,0
"POINT (9.159273651000035 48.831653185000050)",Unfall 95590 (2024) Kat:3, Licht: 0,95590,3,3,5,12,15,6,0,0,0,1,0,0,0,1
"POINT (9.229980432000048 48.750015376000079)",Unfall 95591 (2024) Kat:3, Licht: 2,95591,3,6,2,12,17,6,0,2,0,1,0,0,0,0
"POINT (9.181837949000055 48.775135531000046)",Unfall 95592 (2024) Kat:3, Licht: 2,95592,3,6,0,12,17,6,0,2,0,1,0,0,0,1
"POINT (9.181308573000024 48.753352785000061)",Unfall 95616 (2024) Kat:3, Licht: 2,95616,3,6,5,12,18,5,0,2,0,1,0,0,0,0
"POINT (9.150074060000065 48.754723947000059)",Unfall 95617 (2024) Kat:2, Licht: 0,95617,2,6,2,12,11,5,0,0,0,1,0,0,0,0
"POINT (9.202784781000048 48.789180500000043)",Unfall 95689 (2024) Kat:3, Licht: 2,95689,3,7,0,12,16,3,1,2,1,1,0,0,0,0
"POINT (9.158212524000021 48.770626133000064)",Unfall 95694 (2024) Kat:3, Licht: 2,95694,3,2,6,12,17,5,1,2,0,1,1,0,0,0
"POINT (9.219465234000040 48.803752979000080)",Unfall 95735 (2024) Kat:3, Licht: 2,95735,3,2,5,12,00,2,0,2,0,1,0,0,0,1
"POINT (9.173601379000047 48.822203057000081)",Unfall 95760 (2024) Kat:3, Licht: 2,95760,3,1,0,12,21,1,1,2,0,0,0,1,0,0
"POINT (9.236648672000058 48.788509260000069)",Unfall 95852 (2024) Kat:3, Licht: 2,95852,3,6,2,12,20,6,0,2,0,1,0,0,0,1
"POINT (9.180224818000056 48.773773416000040)",Unfall 95853 (2024) Kat:3, Licht: 1,95853,3,6,2,12,16,6,0,1,0,1,0,0,0,0
"POINT (9.204159603000051 48.780752495000058)",Unfall 95902 (2024) Kat:3, Licht: 2,95902,3,6,1,12,16,5,0,2,0,1,0,0,0,0
"POINT (9.205307828000059 48.703509455000074)",Unfall 95931 (2024) Kat:3, Licht: 0,95931,3,7,0,12,10,4,0,0,0,1,0,0,0,1
"POINT (9.221025251000071 48.788526592000039)",Unfall 95932 (2024) Kat:3, Licht: 2,95932,3,6,4,12,17,4,0,2,1,0,0,0,0,0
"POINT (9.162146205000056 48.739770767000039)",Unfall 95933 (2024) Kat:3, Licht: 0,95933,3,6,2,12,12,4,0,0,0,1,0,0,0,0
"POINT (9.242623599000069 48.790564599000049)",Unfall 95980 (2024) Kat:3, Licht: 2,95980,3,6,2,12,17,3,0,2,0,1,0,0,0,0
"POINT (9.221401397000022 48.788810710000064)",Unfall 96025 (2024) Kat:3, Licht: 2,96025,3,6,2,12,17,2,0,2,0,1,0,0,0,0
"POINT (9.193843364000031 48.696861896000030)",Unfall 96065 (2024) Kat:3, Licht: 0,96065,3,3,5,11,09,7,1,0,0,1,0,0,0,1
"POINT (9.092335872000035 48.802737530000059)",Unfall 96066 (2024) Kat:3, Licht: 2,96066,3,2,6,11,23,7,0,2,0,1,1,0,0,0
"POINT (9.239211466000029 48.807545259000051)",Unfall 96067 (2024) Kat:2, Licht: 0,96067,2,7,7,11,15,7,0,0,1,0,0,0,0,0
"POINT (9.133476856000073 48.772584623000057)",Unfall 96068 (2024) Kat:3, Licht: 2,96068,3,1,0,11,20,7,2,2,1,0,0,0,0,0
"POINT (9.200305762000028 48.805446675000042)",Unfall 96116 (2024) Kat:3, Licht: 2,96116,3,6,2,11,18,6,0,2,0,1,0,0,0,0
"POINT (9.218101597000043 48.692836123000063)",Unfall 96117 (2024) Kat:2, Licht: 2,96117,2,3,5,11,05,6,0,2,0,1,0,0,0,1
"POINT (9.199271503000034 48.693848383000045)",Unfall 96194 (2024) Kat:3, Licht: 0,96194,3,6,2,11,08,4,0,0,0,1,0,0,0,0
"POINT (9.182765923000034 48.798610000000053)",Unfall 96204 (2024) Kat:3, Licht: 0,96204,3,4,6,11,14,4,0,0,0,1,1,0,0,0
"POINT (9.175771190000034 48.818747816000041)",Unfall 96253 (2024) Kat:3, Licht: 0,96253,3,6,2,11,07,3,1,0,0,1,0,0,0,0
"POINT (9.169643640000061 48.824927066000043)",Unfall 96254 (2024) Kat:3, Licht: 0,96254,3,6,3,11,16,3,0,0,1,0,0,0,1,0
"POINT (9.201760315000058 48.804316671000038)",Unfall 96297 (2024) Kat:3, Licht: 0,96297,3,6,1,11,13,2,0,0,0,1,0,0,0,0
"POINT (9.250980008000056 48.769385861000046)",Unfall 96298 (2024) Kat:3, Licht: 2,96298,3,6,2,11,17,2,1,2,0,1,0,0,0,0
"POINT (9.171765146000041 48.848159585000076)",Unfall 96341 (2024) Kat:3, Licht: 0,96341,3,7,2,11,12,7,0,0,0,1,0,0,0,1
"POINT (9.102175642000077 48.804369859000076)",Unfall 96342 (2024) Kat:3, Licht: 0,96342,3,3,5,11,13,7,0,0,0,1,0,0,0,0
"POINT (9.210668181000074 48.701108302000080)",Unfall 96396 (2024) Kat:3, Licht: 0,96396,3,6,0,11,10,6,0,0,0,0,0,0,0,1
"POINT (9.194949833000067 48.806829000000050)",Unfall 96450 (2024) Kat:3, Licht: 0,96450,3,6,2,11,17,5,0,0,0,1,0,0,0,0
"POINT (9.216989089000037 48.786284943000055)",Unfall 96451 (2024) Kat:3, Licht: 2,96451,3,2,6,11,19,5,0,2,0,1,1,0,0,0
"POINT (9.076999856000043 48.721336905000044)",Unfall 96493 (2024) Kat:3, Licht: 0,96493,3,6,3,11,11,4,0,0,0,1,0,0,0,0
"POINT (9.094517954000025 48.713302284000065)",Unfall 96494 (2024) Kat:3, Licht: 0,96494,3,6,3,11,07,4,1,0,0,1,0,0,1,0
"POINT (9.235911279000049 48.788228650000065)",Unfall 96555 (2024) Kat:3, Licht: 0,96555,3,6,2,11,15,6,0,0,0,1,0,0,0,1
"POINT (9.136563381000030 48.774758132000045)",Unfall 96591 (2024) Kat:3, Licht: 2,96591,3,6,2,11,17,3,0,2,0,1,0,0,0,0
"POINT (9.166143532000035 48.722338214000047)",Unfall 96592 (2024) Kat:3, Licht: 2,96592,3,3,5,11,23,2,1,2,0,1,0,0,0,0
"POINT (9.220236044000046 48.835189358000036)",Unfall 96593 (2024) Kat:2, Licht: 0,96593,2,3,5,11,15,2,1,0,0,0,0,0,0,1
"POINT (9.155305540000029 48.856690219000029)",Unfall 96594 (2024) Kat:3, Licht: 0,96594,3,7,0,11,09,2,1,0,0,0,0,0,1,0
"POINT (9.164163025000050 48.712061777000031)",Unfall 96595 (2024) Kat:3, Licht: 1,96595,3,6,2,11,07,2,0,1,0,1,0,0,0,0
"POINT (9.170989578000047 48.811774520000029)",Unfall 96641 (2024) Kat:3, Licht: 1,96641,3,6,2,11,18,7,0,1,0,1,0,0,0,0
"POINT (9.115535463000072 48.755857138000067)",Unfall 96642 (2024) Kat:3, Licht: 2,96642,3,5,1,11,23,7,0,2,0,1,0,0,0,0
"POINT (9.125041403000068 48.729645806000065)",Unfall 96688 (2024) Kat:3, Licht: 0,96688,3,3,5,11,07,6,0,0,1,1,0,0,0,0
"POINT (9.232524269000066 48.829815383000039)",Unfall 96742 (2024) Kat:3, Licht: 0,96742,3,6,2,11,12,5,0,0,0,1,0,1,0,0
"POINT (9.222394786000052 48.789580318000048)",Unfall 96743 (2024) Kat:3, Licht: 2,96743,3,6,3,11,07,5,1,2,0,1,0,0,0,0
"POINT (9.142278341000065 48.727437386000076)",Unfall 96744 (2024) Kat:3, Licht: 2,96744,3,6,2,11,17,5,0,2,0,1,0,0,0,1
"POINT (9.226756332000036 48.739800467000066)",Unfall 96793 (2024) Kat:3, Licht: 2,96793,3,1,4,11,19,4,1,2,0,1,0,1,0,0
"POINT (9.160670096000047 48.814417699000046)",Unfall 96794 (2024) Kat:3, Licht: 0,96794,3,1,0,11,11,4,0,0,0,0,0,1,0,0
"POINT (9.172138335000056 48.775510589000078)",Unfall 96796 (2024) Kat:2, Licht: 0,96796,2,7,8,11,08,4,0,0,1,0,0,0,0,0
"POINT (9.200226891000057 48.694768551000038)",Unfall 96797 (2024) Kat:3, Licht: 2,96797,3,2,5,11,22,4,1,2,0,1,0,0,0,0
"POINT (9.217931096000029 48.786762583000041)",Unfall 96851 (2024) Kat:3, Licht: 0,96851,3,3,5,11,07,3,1,0,0,1,0,0,0,0
"POINT (9.154679712000075 48.810296063000067)",Unfall 96852 (2024) Kat:3, Licht: 2,96852,3,6,2,11,17,3,0,2,0,1,0,0,0,0
"POINT (9.136673079000047 48.775256709000075)",Unfall 96853 (2024) Kat:3, Licht: 0,96853,3,6,2,11,07,3,1,0,0,1,0,0,0,0
"POINT (9.263057080000067 48.762835232000043)",Unfall 96915 (2024) Kat:3, Licht: 0,96915,3,2,4,11,09,2,0,0,0,1,0,0,0,0
"POINT (9.224075630000073 48.817780928000047)",Unfall 96939 (2024) Kat:3, Licht: 2,96939,3,6,2,11,18,1,0,2,0,1,0,0,0,0
"POINT (9.176452940000047 48.845797848000075)",Unfall 96974 (2024) Kat:3, Licht: 0,96974,3,7,3,11,10,7,0,0,0,1,0,0,0,0
"POINT (9.171924194000042 48.823682723000047)",Unfall 96975 (2024) Kat:3, Licht: 1,96975,3,6,2,11,16,7,0,1,0,1,0,0,0,0
"POINT (9.172015832000056 48.771601121000060)",Unfall 96976 (2024) Kat:3, Licht: 1,96976,3,6,2,11,16,7,0,1,0,1,0,0,0,1
"POINT (9.175650600000040 48.770322041000043)",Unfall 96978 (2024) Kat:3, Licht: 1,96978,3,6,2,11,17,7,0,1,0,1,0,1,0,0
"POINT (9.190281587000072 48.787733518000039)",Unfall 97031 (2024) Kat:3, Licht: 2,97031,3,6,2,11,18,6,0,2,0,1,0,0,0,0
"POINT (9.168157725000071 48.733124409000027)",Unfall 97032 (2024) Kat:3, Licht: 0,97032,3,3,0,11,07,6,0,0,0,1,0,0,0,1
"POINT (9.144902477000073 48.754598184000031)",Unfall 97089 (2024) Kat:3, Licht: 1,97089,3,3,5,11,17,5,0,1,0,1,0,0,0,0
"POINT (9.090404713000055 48.784171196000045)",Unfall 97090 (2024) Kat:3, Licht: 2,97090,3,1,4,11,05,5,1,2,0,1,0,0,0,0
"POINT (9.110767571000054 48.823208119000071)",Unfall 97092 (2024) Kat:3, Licht: 0,97092,3,2,5,11,07,5,0,0,1,0,0,0,1,0
"POINT (9.164896571000043 48.814701338000077)",Unfall 97147 (2024) Kat:3, Licht: 0,97147,3,6,2,11,14,4,0,0,0,1,0,0,0,0
"POINT (9.234641558000021 48.782888904000060)",Unfall 97148 (2024) Kat:3, Licht: 2,97148,3,6,2,11,18,4,0,2,0,1,0,0,0,0
"POINT (9.216377900000055 48.793966687000079)",Unfall 97150 (2024) Kat:3, Licht: 0,97150,3,6,2,11,06,4,0,0,0,0,0,0,0,1
"POINT (9.252739168000062 48.810069320000082)",Unfall 97214 (2024) Kat:3, Licht: 2,97214,3,6,3,11,20,3,0,2,1,1,0,0,0,0
"POINT (9.215826390000075 48.698114464000071)",Unfall 97270 (2024) Kat:2, Licht: 0,97270,2,2,3,11,11,2,0,0,0,0,0,0,0,1
"POINT (9.242457008000031 48.778137202000039)",Unfall 97271 (2024) Kat:3, Licht: 2,97271,3,6,2,11,17,2,0,2,0,1,0,0,0,0
"POINT (9.273724368000046 48.757300821000058)",Unfall 97309 (2024) Kat:3, Licht: 2,97309,3,6,3,11,17,1,0,2,0,1,0,0,0,0
"POINT (9.147826715000065 48.837136194000038)",Unfall 97326 (2024) Kat:3, Licht: 2,97326,3,3,5,12,17,3,0,2,0,1,0,0,0,0
"POINT (9.161929360000045 48.740660324000032)",Unfall 97341 (2024) Kat:3, Licht: 2,97341,3,6,1,11,22,7,0,2,0,1,0,0,0,0
"POINT (9.200693236000063 48.766516539000065)",Unfall 97424 (2024) Kat:3, Licht: 0,97424,3,6,2,10,15,5,0,0,0,1,0,0,0,0
"POINT (9.139900291000060 48.754235486000027)",Unfall 97425 (2024) Kat:3, Licht: 0,97425,3,6,1,10,14,5,0,0,0,1,0,0,0,1