WKT,Name,OBJECTID,UKATEGORIE,UTYP1,UART,UMONAT,USTUNDE,UWOCHENTAG,STRZUSTAND,ULICHTVERH,ISTRAD,ISTPKW,ISTFUSS,ISTKRAD,ISTGKFZ,ISTSONSTIG
"POINT (9.090560056000072 48.755106396000031)",Unfall 97462 (2024) Kat:3, Licht: 0,97462,3,1,4,10,07,4,0,0,0,1,0,0,0,1
"POINT (9.185325172000034 48.774365695000029)",Unfall 97511 (2024) Kat:3, Licht: 1,97511,3,4,6,11,17,1,0,1,0,0,1,0,0,1
"POINT (9.184442208000064 48.768455235000033)",Unfall 97515 (2024) Kat:3, Licht: 0,97515,3,3,5,10,17,3,0,0,1,1,0,0,0,0
"POINT (9.181797118000077 48.774946205000049)",Unfall 97516 (2024) Kat:3, Licht: 0,97516,3,6,0,10,10,3,0,0,0,1,0,1,0,0
"POINT (9.186560522000036 48.781764498000030)",Unfall 97575 (2024) Kat:3, Licht: 1,97575,3,6,1,10,17,2,0,1,0,1,0,0,1,0
"POINT (9.180312306000076 48.786055916000066)",Unfall 97576 (2024) Kat:3, Licht: 0,97576,3,6,2,10,12,2,0,0,0,1,0,0,0,0
"POINT (9.183258732000070 48.801821340000060)",Unfall 97579 (2024) Kat:3, Licht: 2,97579,3,6,3,11,07,5,0,2,1,0,0,0,0,1
"POINT (9.107367122000028 48.820914899000059)",Unfall 97621 (2024) Kat:3, Licht: 2,97621,3,5,1,12,20,5,0,2,0,1,0,0,1,0
"POINT (9.212093318000029 48.800017149000041)",Unfall 97685 (2024) Kat:3, Licht: 2,97685,3,6,4,11,23,4,0,2,1,0,0,0,0,1
"POINT (9.230746897000074 48.785495156000081)",Unfall 97812 (2024) Kat:3, Licht: 0,97812,3,6,1,10,09,6,0,0,0,1,0,0,0,0
"POINT (9.204514398000072 48.705989063000061)",Unfall 97813 (2024) Kat:3, Licht: 0,97813,3,2,2,10,16,6,0,0,0,1,0,1,0,0
"POINT (9.181700433000060 48.811025682000036)",Unfall 97814 (2024) Kat:3, Licht: 0,97814,3,6,1,10,10,6,0,0,0,1,0,0,0,0
"POINT (9.163461891000054 48.714581845000055)",Unfall 97816 (2024) Kat:3, Licht: 2,97816,3,6,2,10,21,6,0,2,0,1,0,0,0,0
"POINT (9.113276351000025 48.746349437000049)",Unfall 97852 (2024) Kat:3, Licht: 0,97852,3,6,2,11,16,2,0,0,0,1,0,0,0,0
"POINT (9.224309916000038 48.794528638000031)",Unfall 97961 (2024) Kat:3, Licht: 2,97961,3,7,0,10,19,4,0,2,0,1,0,1,0,0
"POINT (9.130041103000053 48.709113662000050)",Unfall 97966 (2024) Kat:2, Licht: 2,97966,2,5,1,10,23,2,0,2,0,0,0,0,1,1
"POINT (9.165878569000029 48.772623274000068)",Unfall 97980 (2024) Kat:3, Licht: 2,97980,3,5,1,12,20,1,1,2,0,1,0,0,0,0
"POINT (9.085835700000075 48.830740755000079)",Unfall 98770 (2024) Kat:3, Licht: 0,98770,3,6,3,12,12,2,1,0,0,1,0,0,0,0
"POINT (9.187447417000044 48.781165888000032)",Unfall 98776 (2024) Kat:3, Licht: 2,98776,3,7,2,12,23,2,0,2,0,1,0,0,0,0
"POINT (9.158109001000071 48.849079557000039)",Unfall 98777 (2024) Kat:3, Licht: 2,98777,3,7,6,12,07,2,0,2,0,1,1,0,0,0
"POINT (9.160740217000068 48.743300350000027)",Unfall 98795 (2024) Kat:3, Licht: 0,98795,3,6,2,12,13,1,0,0,0,1,0,0,0,0
"POINT (9.178127976000042 48.814832327000033)",Unfall 98831 (2024) Kat:3, Licht: 2,98831,3,6,0,12,18,7,0,2,0,1,0,1,0,0
"POINT (9.175643469000022 48.728844020000054)",Unfall 98864 (2024) Kat:3, Licht: 0,98864,3,7,8,12,16,6,1,0,0,1,0,0,0,0
"POINT (9.223162017000050 48.830116596000039)",Unfall 98904 (2024) Kat:3, Licht: 0,98904,3,6,2,12,11,4,2,0,0,1,0,0,0,0
"POINT (9.186161133000041 48.781045425000059)",Unfall 98977 (2024) Kat:3, Licht: 0,98977,3,6,2,12,12,2,1,0,0,1,0,0,0,0
"POINT (9.135988036000072 48.772321771000065)",Unfall 99055 (2024) Kat:3, Licht: 0,99055,3,3,5,12,11,7,0,0,0,1,0,0,0,0
"POINT (9.177180294000038 48.782486975000040)",Unfall 99056 (2024) Kat:3, Licht: 1,99056,3,3,5,12,16,7,0,1,0,1,0,0,0,0
"POINT (9.202904159000070 48.795491451000032)",Unfall 99113 (2024) Kat:3, Licht: 0,99113,3,6,3,12,11,6,0,0,0,0,0,0,1,1
"POINT (9.176583740000069 48.817425458000059)",Unfall 99114 (2024) Kat:3, Licht: 0,99114,3,6,2,12,10,6,0,0,0,1,0,0,1,0
"POINT (9.204905274000055 48.803124371000081)",Unfall 99115 (2024) Kat:3, Licht: 0,99115,3,6,2,12,13,6,0,0,0,1,0,0,0,0
"POINT (9.129805253000029 48.721313761000033)",Unfall 199923 (2024) Kat:3, Licht: 2,199923,3,3,5,01,20,2,1,2,0,1,0,0,0,0
"POINT (9.158774112000060 48.714527618000034)",Unfall 199924 (2024) Kat:3, Licht: 0,199924,3,4,6,01,18,2,0,0,0,1,1,0,0,0
"POINT (9.157656781000071 48.832440331000043)",Unfall 199949 (2024) Kat:3, Licht: 2,199949,3,1,8,01,18,7,0,2,0,1,0,0,0,0
"POINT (9.211783994000029 48.844232982000051)",Unfall 199966 (2024) Kat:2, Licht: 0,199966,2,4,6,01,15,6,0,0,0,0,1,0,0,1
"POINT (9.168971399000043 48.828720709000038)",Unfall 199967 (2024) Kat:3, Licht: 2,199967,3,2,6,01,17,6,0,2,0,1,1,0,0,0
"POINT (9.177707365000060 48.780051056000048)",Unfall 199968 (2024) Kat:3, Licht: 2,199968,3,4,6,01,23,6,0,2,0,1,1,0,0,0
"POINT (9.201940796000031 48.710058615000037)",Unfall 199999 (2024) Kat:3, Licht: 2,199999,3,2,6,01,16,5,2,2,0,1,1,0,0,0
"POINT (9.173548536000055 48.798442502000057)",Unfall 200000 (2024) Kat:3, Licht: 0,200000,3,4,6,01,16,5,2,0,0,1,1,0,0,0
"POINT (9.214150870000026 48.844092523000029)",Unfall 200001 (2024) Kat:3, Licht: 2,200001,3,6,2,01,21,5,1,2,0,1,0,0,0,0
"POINT (9.240689302000021 48.814078385000073)",Unfall 200002 (2024) Kat:3, Licht: 1,200002,3,7,5,01,07,5,1,1,1,1,0,0,0,0
"POINT (9.256626092000033 48.775260294000077)",Unfall 200003 (2024) Kat:3, Licht: 0,200003,3,3,5,01,13,5,1,0,0,1,0,0,0,0
"POINT (9.178711348000036 48.784162166000044)",Unfall 200023 (2024) Kat:3, Licht: 0,200023,3,6,3,01,15,4,1,0,0,1,0,0,0,0
"POINT (9.160614138000028 48.782208461000039)",Unfall 200050 (2024) Kat:3, Licht: 0,200050,3,3,5,01,09,3,0,0,0,1,0,0,0,0
"POINT (9.148104988000057 48.776041259000067)",Unfall 200051 (2024) Kat:2, Licht: 0,200051,2,2,6,01,12,3,0,0,0,1,1,0,0,0
"POINT (9.162465399000041 48.779643736000025)",Unfall 200083 (2024) Kat:3, Licht: 2,200083,3,2,5,01,18,2,1,2,0,1,0,0,0,1
"POINT (9.236105554000062 48.815733076000072)",Unfall 200084 (2024) Kat:3, Licht: 2,200084,3,6,2,01,06,2,0,2,0,1,0,0,0,0
"POINT (9.227487294000071 48.833125942000038)",Unfall 200155 (2024) Kat:3, Licht: 1,200155,3,4,6,01,07,5,0,1,0,1,1,0,0,0
"POINT (9.147669351000047 48.730511354000043)",Unfall 200178 (2024) Kat:3, Licht: 0,200178,3,4,6,01,07,4,0,0,0,0,1,0,0,1
"POINT (9.123477228000070 48.814493275000075)",Unfall 200179 (2024) Kat:3, Licht: 1,200179,3,2,4,01,07,4,0,1,1,1,0,0,0,0
"POINT (9.186317068000051 48.775356191000071)",Unfall 200232 (2024) Kat:3, Licht: 0,200232,3,4,6,01,08,2,0,0,0,1,1,0,0,0
"POINT (9.203372836000028 48.770732465000037)",Unfall 200237 (2024) Kat:3, Licht: 0,200237,3,5,1,01,14,1,0,0,0,1,0,0,0,0
"POINT (9.183882109000024 48.766701573000034)",Unfall 200238 (2024) Kat:2, Licht: 2,200238,2,1,0,01,21,1,1,2,1,0,0,0,0,0
"POINT (9.179940065000039 48.790808543000026)",Unfall 200260 (2024) Kat:3, Licht: 2,200260,3,6,2,01,18,6,0,2,0,1,0,0,0,0
"POINT (9.095911873000034 48.825294140000040)",Unfall 200261 (2024) Kat:3, Licht: 0,200261,3,6,2,01,14,6,0,0,0,1,0,0,1,0
"POINT (9.195671698000069 48.810646438000049)",Unfall 200276 (2024) Kat:3, Licht: 2,200276,3,4,6,01,19,5,0,2,0,1,1,0,0,0
"POINT (9.171669698000073 48.790505969000037)",Unfall 200292 (2024) Kat:3, Licht: 0,200292,3,7,8,01,08,4,1,0,0,0,0,1,0,0
"POINT (9.269214574000046 48.762369798000066)",Unfall 200293 (2024) Kat:3, Licht: 2,200293,3,4,6,01,18,4,1,2,0,1,1,0,0,0
"POINT (9.163232381000057 48.737154769000028)",Unfall 200294 (2024) Kat:3, Licht: 1,200294,3,7,0,01,16,4,1,1,0,0,0,1,0,0
"POINT (9.163556823000022 48.774703484000042)",Unfall 200304 (2024) Kat:3, Licht: 2,200304,3,3,5,01,20,3,1,2,1,1,0,0,0,0
"POINT (9.195428643000071 48.832746076000035)",Unfall 200421 (2024) Kat:3, Licht: 2,200421,3,2,6,01,18,7,0,2,0,1,1,0,0,0
"POINT (9.167686953000043 48.764423474000068)",Unfall 200523 (2024) Kat:3, Licht: 2,200523,3,5,1,01,21,4,0,2,0,0,0,0,0,1
"POINT (9.178395443000056 48.814749830000039)",Unfall 200658 (2024) Kat:3, Licht: 2,200658,3,6,2,01,01,1,0,2,0,1,0,0,0,0
"POINT (9.205927022000026 48.845836530000042)",Unfall 200958 (2024) Kat:3, Licht: 0,200958,3,7,0,03,16,7,0,0,0,1,0,0,0,0
"POINT (9.228808665000031 48.780819434000080)",Unfall 200959 (2024) Kat:2, Licht: 0,200959,2,6,2,03,17,7,0,0,0,1,0,1,0,0
"POINT (9.107499353000037 48.740020308000055)",Unfall 200960 (2024) Kat:3, Licht: 0,200960,3,7,0,03,09,7,0,0,0,0,0,0,0,1
"POINT (9.158338399000058 48.770658839000077)",Unfall 200961 (2024) Kat:3, Licht: 2,200961,3,7,0,03,19,7,0,2,0,0,0,0,0,1
"POINT (9.176914798000041 48.810019595000028)",Unfall 200983 (2024) Kat:3, Licht: 0,200983,3,2,5,03,13,6,0,0,0,1,0,0,0,0
"POINT (9.160237750000022 48.836499004000075)",Unfall 200984 (2024) Kat:3, Licht: 2,200984,3,7,1,03,20,6,0,2,1,1,0,0,0,0
"POINT (9.158254165000073 48.732449638000048)",Unfall 200985 (2024) Kat:3, Licht: 0,200985,3,7,0,03,07,6,0,0,1,0,0,0,0,0
"POINT (9.184664908000059 48.781953569000052)",Unfall 201027 (2024) Kat:2, Licht: 0,201027,2,1,0,02,07,5,2,0,1,0,0,0,0,0
"POINT (9.170234858000072 48.829152526000030)",Unfall 201028 (2024) Kat:3, Licht: 0,201028,3,3,5,02,16,5,0,0,0,0,0,0,0,1
"POINT (9.153049112000076 48.835148016000062)",Unfall 201029 (2024) Kat:3, Licht: 2,201029,3,7,5,02,05,5,0,2,0,1,0,1,0,0
"POINT (9.203487310000071 48.753504527000075)",Unfall 201030 (2024) Kat:3, Licht: 2,201030,3,7,0,02,18,5,0,2,1,0,0,0,0,0
"POINT (9.209871710000073 48.722983942000042)",Unfall 201031 (2024) Kat:3, Licht: 0,201031,3,7,0,02,07,5,0,0,1,0,0,0,0,0
"POINT (9.219122901000048 48.747121546000074)",Unfall 201052 (2024) Kat:2, Licht: 0,201052,2,7,6,02,15,4,0,0,0,1,1,0,0,0
"POINT (9.160811674000058 48.836610448000044)",Unfall 201053 (2024) Kat:3, Licht: 1,201053,3,3,5,02,18,4,0,1,0,1,0,0,0,1
"POINT (9.166393982000045 48.785463685000082)",Unfall 201054 (2024) Kat:3, Licht: 0,201054,3,7,2,02,14,4,0,0,0,1,0,1,0,0
"POINT (9.207196485000054 48.788968902000079)",Unfall 201075 (2024) Kat:3, Licht: 1,201075,3,2,5,02,18,3,0,1,0,1,0,0,0,0
"POINT (9.124934445000065 48.721000408000066)",Unfall 201076 (2024) Kat:3, Licht: 0,201076,3,6,2,02,15,3,0,0,0,1,0,1,0,0
"POINT (9.101629184000046 48.725459007000040)",Unfall 201103 (2024) Kat:3, Licht: 0,201103,3,6,3,02,08,2,1,0,1,1,0,0,0,1
"POINT (9.172742589000052 48.780789689000073)",Unfall 201104 (2024) Kat:2, Licht: 0,201104,2,1,0,02,07,2,1,0,1,0,0,0,0,0
"POINT (9.251608918000045 48.816264101000058)",Unfall 201114 (2024) Kat:3, Licht: 0,201114,3,3,5,02,13,1,0,0,1,1,0,0,0,0
"POINT (9.241064883000035 48.776316776000044)",Unfall 201164 (2024) Kat:2, Licht: 0,201164,2,6,2,02,09,6,0,0,0,1,0,0,0,1
"POINT (9.249877982000044 48.783734363000065)",Unfall 201189 (2024) Kat:3, Licht: 1,201189,3,3,5,02,18,5,1,1,0,1,0,0,0,0
"POINT (9.193438183000069 48.832410451000044)",Unfall 201190 (2024) Kat:3, Licht: 0,201190,3,3,5,02,16,5,1,0,0,1,0,0,0,0
"POINT (9.220603032000042 48.799047433000055)",Unfall 201191 (2024) Kat:3, Licht: 2,201191,3,3,5,02,17,5,1,2,1,1,0,0,0,0
"POINT (9.113395035000053 48.737813228000050)",Unfall 201192 (2024) Kat:3, Licht: 0,201192,3,7,0,02,15,5,1,0,0,0,0,1,0,0
"POINT (9.160595903000058 48.782202553000047)",Unfall 201193 (2024) Kat:3, Licht: 2,201193,3,3,5,02,20,5,1,2,0,1,0,0,0,0
"POINT (9.210765382000034 48.797058425000046)",Unfall 201222 (2024) Kat:3, Licht: 0,201222,3,7,0,02,18,4,1,0,1,0,0,0,0,1
"POINT (9.207872192000025 48.786082465000050)",Unfall 201223 (2024) Kat:3, Licht: 0,201223,3,3,6,02,09,4,0,0,0,1,1,0,0,0
"POINT (9.169787983000049 48.810779636000063)",Unfall 201224 (2024) Kat:3, Licht: 0,201224,3,3,5,02,14,4,0,0,0,1,0,0,0,0
"POINT (9.202368550000074 48.837846275000061)",Unfall 201251 (2024) Kat:3, Licht: 0,201251,3,3,5,02,10,3,0,0,0,1,0,0,0,1
"POINT (9.221502620000024 48.807441564000044)",Unfall 201252 (2024) Kat:3, Licht: 0,201252,3,7,0,02,12,3,0,0,1,0,0,0,0,0
"POINT (9.215937862000033 48.806766962000040)",Unfall 201283 (2024) Kat:3, Licht: 0,201283,3,6,2,02,08,2,0,0,0,1,0,0,0,0
"POINT (9.199070683000059 48.716812032000064)",Unfall 201291 (2024) Kat:3, Licht: 0,201291,3,7,0,02,10,1,0,0,1,0,0,0,0,0
"POINT (9.153602261000060 48.761001959000055)",Unfall 201292 (2024) Kat:2, Licht: 2,201292,2,1,8,02,18,1,0,2,0,0,0,1,0,0
"POINT (9.204625639000028 48.838641080000059)",Unfall 201312 (2024) Kat:2, Licht: 0,201312,2,4,6,02,16,7,0,0,0,1,1,0,0,0
"POINT (9.217651237000041 48.803121015000045)",Unfall 201313 (2024) Kat:3, Licht: 0,201313,3,5,1,02,10,7,0,0,1,1,0,0,0,0
"POINT (9.166799746000038 48.745058170000050)",Unfall 201314 (2024) Kat:3, Licht: 2,201314,3,5,1,02,03,7,1,2,1,1,0,0,0,0
"POINT (9.156953368000075 48.788950923000073)",Unfall 201315 (2024) Kat:3, Licht: 1,201315,3,6,4,02,18,7,0,1,0,1,0,0,0,1
"POINT (9.165225832000033 48.714424239000039)",Unfall 201338 (2024) Kat:3, Licht: 0,201338,3,2,0,02,13,6,0,0,0,1,0,1,0,0
"POINT (9.231824488000029 48.829199390000042)",Unfall 201339 (2024) Kat:3, Licht: 2,201339,3,2,5,02,18,6,1,2,0,1,0,0,0,0
"POINT (9.175042928000039 48.776061745000050)",Unfall 201340 (2024) Kat:3, Licht: 0,201340,3,3,5,02,10,6,0,0,0,1,0,0,0,1
"POINT (9.260605907000070 48.773733228000026)",Unfall 201354 (2024) Kat:3, Licht: 0,201354,3,5,1,02,14,5,0,0,0,1,0,0,0,0
"POINT (9.215196159000072 48.788040811000030)",Unfall 201373 (2024) Kat:3, Licht: 2,201373,3,6,2,02,17,4,0,2,0,1,0,0,0,0
"POINT (9.186294804000056 48.790707673000043)",Unfall 201374 (2024) Kat:3, Licht: 0,201374,3,6,2,02,15,4,0,0,0,1,0,0,0,0
"POINT (9.155283528000041 48.730537860000027)",Unfall 201399 (2024) Kat:3, Licht: 0,201399,3,3,5,02,17,3,0,0,1,1,0,0,0,0
"POINT (9.191388047000032 48.827791913000056)",Unfall 201400 (2024) Kat:3, Licht: 0,201400,3,2,8,02,16,3,0,0,0,1,0,0,0,0
"POINT (9.207704965000062 48.787325277000036)",Unfall 201401 (2024) Kat:3, Licht: 1,201401,3,7,0,02,18,3,0,1,0,0,0,0,0,1
"POINT (9.262980816000038 48.769946929000071)",Unfall 201425 (2024) Kat:3, Licht: 2,201425,3,5,1,02,06,2,0,2,1,1,0,0,0,0
"POINT (9.176191597000070 48.817719727000053)",Unfall 201426 (2024) Kat:3, Licht: 0,201426,3,6,3,02,09,2,1,0,0,1,0,0,1,0
"POINT (9.196160122000038 48.769637036000063)",Unfall 201427 (2024) Kat:3, Licht: 2,201427,3,6,2,02,21,2,0,2,0,1,0,1,0,0
"POINT (9.178661230000046 48.774315423000075)",Unfall 201438 (2024) Kat:3, Licht: 2,201438,3,7,6,02,02,1,0,2,0,1,1,0,0,0
"POINT (9.231680129000040 48.839294049000046)",Unfall 201439 (2024) Kat:3, Licht: 0,201439,3,7,0,02,12,1,1,0,1,0,0,0,0,0
"POINT (9.160044131000063 48.772516668000037)",Unfall 201441 (2024) Kat:3, Licht: 0,201441,3,7,0,02,15,1,0,0,1,0,0,0,0,0
"POINT (9.190252569000052 48.831911752000053)",Unfall 201490 (2024) Kat:3, Licht: 0,201490,3,3,0,02,10,6,0,0,0,0,0,0,0,1
"POINT (9.110911703000056 48.727143817000069)",Unfall 201517 (2024) Kat:3, Licht: 0,201517,3,3,5,02,15,5,0,0,0,1,0,0,0,1
"POINT (9.166004334000036 48.780489349000050)",Unfall 201518 (2024) Kat:3, Licht: 0,201518,3,1,6,02,12,5,1,0,0,0,0,1,0,1
"POINT (9.201829594000060 48.835708713000031)",Unfall 201520 (2024) Kat:3, Licht: 0,201520,3,7,5,02,13,5,0,0,1,1,0,0,0,0
"POINT (9.172064682000041 48.748688057000038)",Unfall 201521 (2024) Kat:3, Licht: 0,201521,3,5,1,02,16,5,0,0,0,1,0,0,0,0
"POINT (9.123846304000040 48.811549012000057)",Unfall 201556 (2024) Kat:3, Licht: 0,201556,3,7,9,02,16,4,1,0,0,1,0,0,0,0
"POINT (9.172813637000047 48.764253518000032)",Unfall 201557 (2024) Kat:3, Licht: 2,201557,3,3,5,02,18,4,1,2,1,1,0,0,0,0
"POINT (9.107167707000031 48.735646045000067)",Unfall 201572 (2024) Kat:3, Licht: 0,201572,3,6,2,02,11,3,0,0,0,1,0,0,0,0
"POINT (9.226645043000076 48.805176222000057)",Unfall 201615 (2024) Kat:3, Licht: 2,201615,3,2,0,02,18,1,0,2,0,1,0,0,0,1
"POINT (9.245301111000060 48.767958204000081)",Unfall 201616 (2024) Kat:3, Licht: 0,201616,3,6,6,02,14,1,0,0,0,1,1,0,0,0
"POINT (9.174454812000022 48.830835958000080)",Unfall 201636 (2024) Kat:3, Licht: 2,201636,3,4,6,02,17,7,0,2,0,1,1,0,0,0
"POINT (9.193773887000077 48.809813723000048)",Unfall 201638 (2024) Kat:3, Licht: 0,201638,3,6,2,02,12,7,0,0,0,1,0,0,0,0
"POINT (9.163228444000026 48.745225392000066)",Unfall 201640 (2024) Kat:3, Licht: 2,201640,3,5,1,02,17,7,0,2,1,1,0,0,0,0
"POINT (9.156462710000028 48.835784762000060)",Unfall 201674 (2024) Kat:3, Licht: 0,201674,3,4,6,02,14,6,0,0,0,1,1,0,0,0
"POINT (9.185976100000062 48.817802662000076)",Unfall 201675 (2024) Kat:3, Licht: 0,201675,3,7,0,02,13,6,0,0,0,0,0,0,0,1
"POINT (9.208569782000041 48.728222661000075)",Unfall 201676 (2024) Kat:2, Licht: 0,201676,2,7,0,02,09,6,1,0,1,0,0,0,0,0
"POINT (9.208481630000051 48.818877139000051)",Unfall 201714 (2024) Kat:3, Licht: 0,201714,3,7,5,02,13,5,0,0,0,1,0,0,0,0
"POINT (9.104030197000043 48.743172063000031)",Unfall 201715 (2024) Kat:3, Licht: 0,201715,3,2,5,02,17,5,0,0,1,1,0,0,0,0
"POINT (9.158397828000034 48.770088436000037)",Unfall 201717 (2024) Kat:3, Licht: 1,201717,3,1,0,02,17,5,0,1,0,0,0,0,0,1
"POINT (9.143918253000038 48.756620166000062)",Unfall 201718 (2024) Kat:3, Licht: 0,201718,3,7,0,02,13,5,1,0,0,0,0,1,1,0
"POINT (9.167823434000070 48.764718193000078)",Unfall 201719 (2024) Kat:3, Licht: 2,201719,3,7,0,02,01,5,0,2,1,0,0,0,0,0
"POINT (9.159899279000058 48.839096954000070)",Unfall 201742 (2024) Kat:2, Licht: 0,201742,2,7,9,01,16,4,0,0,0,1,0,0,0,0
"POINT (9.158930473000055 48.786868875000039)",Unfall 201743 (2024) Kat:2, Licht: 2,201743,2,6,6,01,23,4,0,2,0,1,1,0,0,0
"POINT (9.176239314000043 48.815242270000056)",Unfall 201770 (2024) Kat:3, Licht: 0,201770,3,6,2,01,15,3,0,0,0,1,0,0,0,0
"POINT (9.211480463000044 48.784873409000056)",Unfall 201771 (2024) Kat:3, Licht: 0,201771,3,7,0,01,14,3,0,0,1,0,0,0,0,0
"POINT (9.168237566000073 48.784644697000033)",Unfall 201772 (2024) Kat:3, Licht: 2,201772,3,7,0,01,21,3,0,2,0,0,0,0,0,1
"POINT (9.150874311000052 48.725510769000039)",Unfall 201789 (2024) Kat:3, Licht: 0,201789,3,3,5,01,08,2,0,0,0,1,0,0,0,0
"POINT (9.198019092000038 48.790664779000053)",Unfall 201790 (2024) Kat:3, Licht: 0,201790,3,7,6,01,07,2,0,0,0,1,1,0,0,0
"POINT (9.186473578000061 48.772890253000071)",Unfall 201791 (2024) Kat:3, Licht: 0,201791,3,7,6,01,11,2,0,0,0,1,1,0,0,0
"POINT (9.170651866000071 48.767744491000030)",Unfall 201792 (2024) Kat:3, Licht: 0,201792,3,5,3,01,10,2,0,0,1,0,0,0,0,1
"POINT (9.225709007000034 48.846302224000056)",Unfall 201799 (2024) Kat:2, Licht: 0,201799,2,7,0,01,12,4,0,0,1,0,0,0,0,0
"POINT (9.237613595000028 48.775692770000035)",Unfall 201841 (2024) Kat:3, Licht: 0,201841,3,3,0,01,18,7,0,0,0,1,0,0,0,1
"POINT (9.174458683000069 48.828911167000058)",Unfall 201842 (2024) Kat:3, Licht: 0,201842,3,6,0,01,14,7,0,0,1,1,0,0,0,0
"POINT (9.191307629000050 48.832014251000032)",Unfall 201887 (2024) Kat:2, Licht: 0,201887,2,4,6,01,12,5,0,0,0,1,1,0,0,0
"POINT (9.276380346000053 48.774425344000065)",Unfall 201888 (2024) Kat:3, Licht: 2,201888,3,3,0,01,19,5,1,2,0,1,0,1,0,0
"POINT (9.213931112000068 48.815373635000071)",Unfall 201957 (2024) Kat:3, Licht: 0,201957,3,7,1,01,15,3,0,0,0,1,0,0,0,0
"POINT (9.170173321000050 48.789735632000031)",Unfall 201958 (2024) Kat:3, Licht: 1,201958,3,3,5,01,07,3,0,1,1,1,0,0,0,0
"POINT (9.252831758000070 48.785348683000052)",Unfall 201971 (2024) Kat:3, Licht: 2,201971,3,6,2,02,23,5,1,2,0,1,0,0,0,0
"POINT (9.168946659000028 48.832659974000080)",Unfall 202014 (2024) Kat:3, Licht: 0,202014,3,7,2,04,11,7,0,0,0,1,1,0,0,0
"POINT (9.181053605000045 48.783094923000078)",Unfall 202050 (2024) Kat:3, Licht: 0,202050,3,7,0,04,18,6,0,0,0,0,0,1,0,1
"POINT (9.095843518000038 48.724182653000071)",Unfall 202051 (2024) Kat:3, Licht: 0,202051,3,4,6,04,14,6,0,0,1,0,1,0,0,0
"POINT (9.165935663000027 48.763561360000040)",Unfall 202052 (2024) Kat:3, Licht: 0,202052,3,3,5,04,14,6,0,0,1,1,0,0,0,0
"POINT (9.162392798000042 48.811483929000076)",Unfall 202078 (2024) Kat:3, Licht: 0,202078,3,3,5,04,10,5,1,0,0,1,0,0,0,0
"POINT (9.117070345000059 48.736716299000079)",Unfall 202079 (2024) Kat:3, Licht: 0,202079,3,6,2,04,14,5,0,0,0,1,0,0,0,0
"POINT (9.176847784000074 48.762842378000073)",Unfall 202080 (2024) Kat:3, Licht: 0,202080,3,3,5,04,17,5,0,0,0,1,0,0,0,0
"POINT (9.157682292000061 48.835909263000076)",Unfall 202081 (2024) Kat:3, Licht: 1,202081,3,6,2,04,19,5,1,1,0,1,0,0,0,0
"POINT (9.220227293000050 48.782814033000079)",Unfall 202121 (2024) Kat:3, Licht: 1,202121,3,3,5,04,18,3,0,1,0,1,0,0,0,1
"POINT (9.195983678000061 48.810671531000025)",Unfall 202136 (2024) Kat:3, Licht: 0,202136,3,7,0,04,14,2,0,0,0,1,0,0,0,0
"POINT (9.217253066000069 48.847951142000056)",Unfall 202155 (2024) Kat:2, Licht: 0,202155,2,1,8,03,18,1,0,0,0,0,0,0,0,1
"POINT (9.116631076000033 48.724919411000030)",Unfall 202156 (2024) Kat:3, Licht: 0,202156,3,3,5,03,10,1,0,0,0,1,0,0,0,0
"POINT (9.129579423000052 48.726824603000068)",Unfall 202157 (2024) Kat:3, Licht: 0,202157,3,1,8,03,19,1,0,0,0,0,0,1,0,0
"POINT (9.195248727000035 48.789051684000071)",Unfall 202178 (2024) Kat:2, Licht: 0,202178,2,7,6,03,13,7,0,0,0,0,1,0,0,1
"POINT (9.120037634000028 48.721996092000040)",Unfall 202227 (2024) Kat:3, Licht: 0,202227,3,3,5,03,10,4,0,0,0,0,0,0,0,1
"POINT (9.255519644000060 48.758004636000067)",Unfall 202228 (2024) Kat:3, Licht: 0,202228,3,4,6,03,17,4,0,0,0,1,1,0,0,0
"POINT (9.164881663000074 48.776368279000053)",Unfall 202317 (2024) Kat:3, Licht: 2,202317,3,7,0,03,21,2,0,2,0,1,0,1,0,0
"POINT (9.170233808000035 48.769016696000051)",Unfall 202324 (2024) Kat:3, Licht: 2,202324,3,1,0,03,23,6,0,2,1,0,0,0,0,0
"POINT (9.159072552000055 48.809249034000061)",Unfall 202351 (2024) Kat:3, Licht: 0,202351,3,2,5,03,14,7,0,0,1,1,0,0,0,0
"POINT (9.123385770000027 48.723866971000064)",Unfall 202355 (2024) Kat:3, Licht: 0,202355,3,2,2,04,09,3,0,0,0,1,0,0,0,0
"POINT (9.177504273000068 48.829630105000035)",Unfall 202403 (2024) Kat:3, Licht: 0,202403,3,3,0,03,17,6,0,0,0,1,0,0,0,1
"POINT (9.212972189000027 48.818551849000073)",Unfall 202404 (2024) Kat:3, Licht: 0,202404,3,6,3,03,17,6,0,0,1,0,1,0,0,0
"POINT (9.177166393000050 48.767124833000025)",Unfall 202405 (2024) Kat:3, Licht: 0,202405,3,7,1,03,14,6,0,0,0,1,0,1,0,0
"POINT (9.164436698000031 48.776974492000079)",Unfall 202438 (2024) Kat:3, Licht: 0,202438,3,2,5,03,16,5,0,0,0,1,0,0,0,1