WKT,Name,OBJECTID,UKATEGORIE,UTYP1,UART,UMONAT,USTUNDE,UWOCHENTAG,STRZUSTAND,ULICHTVERH,ISTRAD,ISTPKW,ISTFUSS,ISTKRAD,ISTGKFZ,ISTSONSTIG
"POINT (9.131930595000028 48.719672232000050)",Unfall 202439 (2024) Kat:2, Licht: 0,202439,2,7,8,03,16,5,0,0,0,1,0,0,0,0
"POINT (9.176390790000028 48.764373744000068)",Unfall 202440 (2024) Kat:3, Licht: 0,202440,3,7,1,03,12,5,0,0,1,0,0,1,0,0
"POINT (9.180274069000063 48.779193560000067)",Unfall 202441 (2024) Kat:3, Licht: 1,202441,3,3,5,03,18,5,0,1,1,0,0,0,0,1
"POINT (9.157880775000024 48.782523086000026)",Unfall 202483 (2024) Kat:3, Licht: 0,202483,3,6,3,03,17,4,0,0,0,1,0,1,0,0
"POINT (9.215807901000062 48.800631070000065)",Unfall 202519 (2024) Kat:3, Licht: 0,202519,3,7,5,03,17,3,0,0,0,1,0,0,0,0
"POINT (9.093831725000030 48.723319217000039)",Unfall 202520 (2024) Kat:3, Licht: 0,202520,3,7,5,03,08,3,0,0,1,1,0,0,0,0
"POINT (9.151188282000021 48.773973527000066)",Unfall 202521 (2024) Kat:3, Licht: 0,202521,3,7,0,03,18,3,0,0,1,1,0,0,0,0
"POINT (9.154236014000048 48.777944112000057)",Unfall 202522 (2024) Kat:3, Licht: 2,202522,3,7,0,03,21,3,0,2,0,0,0,0,0,1
"POINT (9.191957927000033 48.782835618000036)",Unfall 202523 (2024) Kat:3, Licht: 0,202523,3,6,2,03,15,3,0,0,0,1,0,0,0,0
"POINT (9.182860802000050 48.782580064000058)",Unfall 202524 (2024) Kat:3, Licht: 0,202524,3,6,3,03,11,3,0,0,0,1,0,0,0,1
"POINT (9.191495415000077 48.776608784000075)",Unfall 202525 (2024) Kat:3, Licht: 0,202525,3,5,1,03,07,3,1,0,1,1,0,0,0,0
"POINT (9.207638604000067 48.787169751000079)",Unfall 202526 (2024) Kat:2, Licht: 0,202526,2,7,0,03,17,3,0,0,1,0,0,0,0,0
"POINT (9.138562083000068 48.718891401000064)",Unfall 202566 (2024) Kat:3, Licht: 0,202566,3,6,4,03,15,2,1,0,0,1,0,0,1,0
"POINT (9.168819663000022 48.763718057000062)",Unfall 202579 (2024) Kat:3, Licht: 0,202579,3,7,6,03,16,1,0,0,1,0,1,0,0,0
"POINT (9.166440144000035 48.774248338000064)",Unfall 202580 (2024) Kat:3, Licht: 0,202580,3,3,5,03,13,1,0,0,0,0,0,1,0,1
"POINT (9.176660540000057 48.772982441000067)",Unfall 202581 (2024) Kat:3, Licht: 2,202581,3,7,0,03,20,1,0,2,0,1,0,0,0,0
"POINT (9.157468019000021 48.846059009000044)",Unfall 202601 (2024) Kat:3, Licht: 1,202601,3,6,2,03,17,7,1,1,0,1,0,0,0,0
"POINT (9.203755976000025 48.770955570000069)",Unfall 202602 (2024) Kat:2, Licht: 0,202602,2,7,0,03,13,7,0,0,0,0,0,1,0,0
"POINT (9.222480975000053 48.782350286000053)",Unfall 202633 (2024) Kat:2, Licht: 0,202633,2,7,6,03,15,6,0,0,1,0,1,0,0,0
"POINT (9.146910014000071 48.726523300000053)",Unfall 202634 (2024) Kat:3, Licht: 0,202634,3,2,5,03,15,6,0,0,1,1,0,0,0,0
"POINT (9.148734126000022 48.728459012000030)",Unfall 202635 (2024) Kat:3, Licht: 2,202635,3,7,0,03,01,6,0,2,1,0,0,0,0,0
"POINT (9.241449560000035 48.747074462000057)",Unfall 202636 (2024) Kat:3, Licht: 2,202636,3,6,0,03,21,6,1,2,0,1,0,0,0,1
"POINT (9.190223085000071 48.781449385000030)",Unfall 202637 (2024) Kat:3, Licht: 0,202637,3,5,1,03,12,6,0,0,0,1,0,0,0,0
"POINT (9.178530662000071 48.795364593000045)",Unfall 202638 (2024) Kat:3, Licht: 0,202638,3,7,0,03,08,6,0,0,1,0,0,0,0,0
"POINT (9.180537351000055 48.786081939000042)",Unfall 202683 (2024) Kat:3, Licht: 2,202683,3,5,3,03,20,5,0,2,0,1,0,0,0,1
"POINT (9.145688425000060 48.814477732000057)",Unfall 202692 (2024) Kat:3, Licht: 0,202692,3,3,5,04,16,6,0,0,1,1,0,0,0,0
"POINT (9.177934955000069 48.813585142000079)",Unfall 202721 (2024) Kat:3, Licht: 0,202721,3,7,0,03,08,4,0,0,1,1,0,0,0,0
"POINT (9.127923850000059 48.814263711000081)",Unfall 202722 (2024) Kat:3, Licht: 0,202722,3,6,2,03,07,4,1,0,0,1,0,0,0,1
"POINT (9.217252766000058 48.802737420000028)",Unfall 202723 (2024) Kat:3, Licht: 0,202723,3,7,0,03,12,4,1,0,1,0,0,0,0,0
"POINT (9.173748792000026 48.747819241000059)",Unfall 202729 (2024) Kat:3, Licht: 0,202729,3,7,0,03,11,6,0,0,1,0,0,0,0,0
"POINT (9.249347654000076 48.766592493000076)",Unfall 202750 (2024) Kat:3, Licht: 0,202750,3,7,0,03,13,3,0,0,0,0,0,0,0,1
"POINT (9.200506031000032 48.836749829000041)",Unfall 202752 (2024) Kat:3, Licht: 2,202752,3,1,9,03,22,3,1,2,0,1,0,0,0,0
"POINT (9.174393468000062 48.775450812000031)",Unfall 202753 (2024) Kat:3, Licht: 2,202753,3,7,7,03,23,3,1,2,1,0,0,0,0,0
"POINT (9.146780529000068 48.833080531000064)",Unfall 202790 (2024) Kat:3, Licht: 0,202790,3,7,6,03,13,2,0,0,0,1,1,0,0,0
"POINT (9.108019626000043 48.737449769000079)",Unfall 202791 (2024) Kat:3, Licht: 0,202791,3,3,5,03,15,2,0,0,1,1,0,0,0,0
"POINT (9.182493376000025 48.788187844000049)",Unfall 202792 (2024) Kat:3, Licht: 0,202792,3,7,5,03,15,2,0,0,1,0,0,0,0,1
"POINT (9.209351155000036 48.745824826000046)",Unfall 202803 (2024) Kat:3, Licht: 0,202803,3,5,1,03,16,4,0,0,1,1,0,0,0,0
"POINT (9.174069182000039 48.827589897000053)",Unfall 202843 (2024) Kat:3, Licht: 1,202843,3,6,2,03,06,7,0,1,0,1,0,0,0,0
"POINT (9.179694687000051 48.783820046000073)",Unfall 202844 (2024) Kat:3, Licht: 2,202844,3,7,3,03,22,7,0,2,0,1,0,0,0,0
"POINT (9.095872612000051 48.825293114000033)",Unfall 202856 (2024) Kat:3, Licht: 0,202856,3,6,2,03,10,2,0,0,0,1,0,0,1,0
"POINT (9.191224884000064 48.831999078000081)",Unfall 202883 (2024) Kat:2, Licht: 2,202883,2,4,6,03,19,6,0,2,0,1,1,0,0,0
"POINT (9.149498260000030 48.758103572000039)",Unfall 202884 (2024) Kat:3, Licht: 0,202884,3,6,2,03,14,6,0,0,0,1,0,1,0,0
"POINT (9.169239084000026 48.762775605000058)",Unfall 202885 (2024) Kat:3, Licht: 1,202885,3,7,0,03,06,6,0,1,0,0,0,0,0,1
"POINT (9.177052855000056 48.810592945000053)",Unfall 202908 (2024) Kat:3, Licht: 0,202908,3,7,0,03,07,5,0,0,0,0,0,0,0,1
"POINT (9.161995148000074 48.837456625000073)",Unfall 202909 (2024) Kat:3, Licht: 0,202909,3,7,0,03,14,5,0,0,1,0,0,0,0,0
"POINT (9.220266695000021 48.801134137000076)",Unfall 202910 (2024) Kat:3, Licht: 0,202910,3,3,5,03,16,5,0,0,0,1,0,0,0,1
"POINT (9.153903050000054 48.829767775000050)",Unfall 202953 (2024) Kat:2, Licht: 0,202953,2,3,5,03,09,4,1,0,0,1,0,0,0,1
"POINT (9.102038868000022 48.740405000000067)",Unfall 202954 (2024) Kat:3, Licht: 0,202954,3,6,2,03,08,4,1,0,0,1,0,0,0,0
"POINT (9.192794155000058 48.832383372000038)",Unfall 202984 (2024) Kat:2, Licht: 0,202984,2,4,6,03,13,3,1,0,0,0,1,0,0,1
"POINT (9.175355758000023 48.819902874000036)",Unfall 202985 (2024) Kat:3, Licht: 0,202985,3,6,3,03,09,3,1,0,0,1,0,0,1,0
"POINT (9.122106355000028 48.735864207000077)",Unfall 202986 (2024) Kat:2, Licht: 0,202986,2,1,0,03,13,3,1,0,1,0,0,0,0,0
"POINT (9.162875022000037 48.781840605000070)",Unfall 202987 (2024) Kat:3, Licht: 0,202987,3,5,1,03,10,3,1,0,0,1,0,0,0,0
"POINT (9.122335460000045 48.724211202000049)",Unfall 203007 (2024) Kat:3, Licht: 0,203007,3,3,5,04,07,5,0,0,0,1,0,0,0,1
"POINT (9.146227306000071 48.729350735000025)",Unfall 203020 (2024) Kat:3, Licht: 0,203020,3,3,5,03,10,2,1,0,1,1,0,0,0,0
"POINT (9.171640243000070 48.832075814000063)",Unfall 203021 (2024) Kat:3, Licht: 1,203021,3,7,0,03,17,2,0,1,1,1,0,0,0,0
"POINT (9.166283275000069 48.710750485000062)",Unfall 203022 (2024) Kat:3, Licht: 0,203022,3,7,0,03,11,2,0,0,1,0,0,0,0,0
"POINT (9.181524227000068 48.783023635000063)",Unfall 203023 (2024) Kat:3, Licht: 0,203023,3,6,0,03,19,2,0,0,0,1,0,0,0,1
"POINT (9.175826586000028 48.773172916000078)",Unfall 203025 (2024) Kat:2, Licht: 0,203025,2,7,0,03,08,2,0,0,1,0,0,0,0,0
"POINT (9.224764983000057 48.811455372000069)",Unfall 203056 (2024) Kat:3, Licht: 2,203056,3,6,2,03,18,1,0,2,1,0,0,0,0,0
"POINT (9.185595616000057 48.776654511000061)",Unfall 203057 (2024) Kat:3, Licht: 2,203057,3,5,1,03,03,1,0,2,0,1,0,0,0,0
"POINT (9.186622042000067 48.830803926000044)",Unfall 203072 (2024) Kat:3, Licht: 0,203072,3,6,3,05,18,5,1,0,1,0,0,0,0,1
"POINT (9.169346007000058 48.815027106000059)",Unfall 203073 (2024) Kat:3, Licht: 0,203073,3,6,2,05,11,5,0,0,0,1,0,0,0,0
"POINT (9.190383948000033 48.799354202000075)",Unfall 203074 (2024) Kat:3, Licht: 0,203074,3,1,0,05,19,5,1,0,1,0,0,0,0,0
"POINT (9.181270509000058 48.769999842000061)",Unfall 203118 (2024) Kat:3, Licht: 0,203118,3,3,5,05,09,4,0,0,1,1,0,0,0,0
"POINT (9.155830098000024 48.749398762000055)",Unfall 203119 (2024) Kat:2, Licht: 1,203119,2,7,0,05,19,4,0,1,1,0,0,0,0,0
"POINT (9.179527508000035 48.782612798000059)",Unfall 203120 (2024) Kat:3, Licht: 0,203120,3,6,6,05,17,4,0,0,0,0,1,0,0,1
"POINT (9.198391170000036 48.807091573000037)",Unfall 203170 (2024) Kat:3, Licht: 0,203170,3,1,0,04,08,3,0,0,0,0,0,0,0,1
"POINT (9.168405795000069 48.830264247000059)",Unfall 203171 (2024) Kat:3, Licht: 0,203171,3,7,0,04,16,3,0,0,1,1,0,0,0,0
"POINT (9.227248773000042 48.815479971000059)",Unfall 203172 (2024) Kat:3, Licht: 0,203172,3,6,2,04,10,3,0,0,0,1,0,0,0,0
"POINT (9.251560691000066 48.777837822000038)",Unfall 203173 (2024) Kat:2, Licht: 0,203173,2,1,1,04,15,3,0,0,0,1,0,1,0,0
"POINT (9.263695443000074 48.768942595000055)",Unfall 203174 (2024) Kat:3, Licht: 0,203174,3,3,5,04,10,3,0,0,0,1,0,0,0,0
"POINT (9.161298854000052 48.764414930000044)",Unfall 203175 (2024) Kat:3, Licht: 0,203175,3,7,6,04,10,3,0,0,0,0,1,0,0,1
"POINT (9.140386474000024 48.773633040000050)",Unfall 203176 (2024) Kat:3, Licht: 0,203176,3,2,6,04,16,3,0,0,0,1,1,0,0,0
"POINT (9.222903162000023 48.811304639000070)",Unfall 203225 (2024) Kat:3, Licht: 0,203225,3,3,5,04,07,2,0,0,0,1,0,0,0,1
"POINT (9.262911307000024 48.770110048000049)",Unfall 203226 (2024) Kat:3, Licht: 0,203226,3,3,5,04,09,2,0,0,0,1,0,1,0,0
"POINT (9.205547220000028 48.785760173000028)",Unfall 203227 (2024) Kat:3, Licht: 0,203227,3,6,2,04,17,2,0,0,0,0,0,1,0,0
"POINT (9.107262834000039 48.737550923000072)",Unfall 203228 (2024) Kat:3, Licht: 0,203228,3,3,5,04,08,2,0,0,1,0,0,0,0,0
"POINT (9.253055087000064 48.763471556000070)",Unfall 203249 (2024) Kat:3, Licht: 2,203249,3,5,1,04,02,1,0,2,0,1,0,0,0,0
"POINT (9.269568238000033 48.762557190000052)",Unfall 203285 (2024) Kat:3, Licht: 0,203285,3,2,5,04,11,7,0,0,1,1,0,0,0,0
"POINT (9.146730852000076 48.729419995000057)",Unfall 203286 (2024) Kat:3, Licht: 2,203286,3,5,1,04,23,7,0,2,0,1,0,0,0,1
"POINT (9.173265382000068 48.829764278000027)",Unfall 203287 (2024) Kat:3, Licht: 0,203287,3,3,5,04,09,7,0,0,0,1,0,0,0,0
"POINT (9.147003917000063 48.727350647000037)",Unfall 203326 (2024) Kat:3, Licht: 0,203326,3,6,3,04,11,6,0,0,1,0,0,0,0,1
"POINT (9.177714268000045 48.784206820000065)",Unfall 203327 (2024) Kat:3, Licht: 0,203327,3,6,0,04,16,6,0,0,0,1,0,0,0,1
"POINT (9.159728430000030 48.762245581000059)",Unfall 203328 (2024) Kat:3, Licht: 0,203328,3,7,0,04,12,6,0,0,1,0,0,0,0,0
"POINT (9.236816281000074 48.832447662000050)",Unfall 203367 (2024) Kat:3, Licht: 2,203367,3,3,4,04,22,5,0,2,0,1,0,1,0,0
"POINT (9.182133015000034 48.732586216000072)",Unfall 203368 (2024) Kat:3, Licht: 0,203368,3,7,0,04,09,5,0,0,1,1,0,0,0,0
"POINT (9.179502031000027 48.775593730000026)",Unfall 203369 (2024) Kat:3, Licht: 0,203369,3,4,6,04,13,5,0,0,0,0,1,0,0,1
"POINT (9.170346750000022 48.767375096000080)",Unfall 203370 (2024) Kat:3, Licht: 2,203370,3,5,1,04,21,5,0,2,0,1,0,1,0,0
"POINT (9.156004396000071 48.775094927000055)",Unfall 203397 (2024) Kat:3, Licht: 0,203397,3,2,0,04,13,4,0,0,0,1,0,0,0,1
"POINT (9.171198704000062 48.768458743000053)",Unfall 203398 (2024) Kat:3, Licht: 0,203398,3,3,0,04,18,4,1,0,1,1,0,0,0,0
"POINT (9.195625145000065 48.832721354000057)",Unfall 203399 (2024) Kat:3, Licht: 0,203399,3,6,2,04,08,4,0,0,0,1,0,0,0,0
"POINT (9.139930333000052 48.711045627000033)",Unfall 203400 (2024) Kat:3, Licht: 0,203400,3,6,4,04,16,4,0,0,1,0,0,0,0,1
"POINT (9.163068942000052 48.780785058000049)",Unfall 203401 (2024) Kat:3, Licht: 0,203401,3,4,6,04,15,4,1,0,0,1,1,0,0,0
"POINT (9.179548593000050 48.768278262000081)",Unfall 203402 (2024) Kat:2, Licht: 2,203402,2,7,0,04,22,4,0,2,0,1,0,0,0,1
"POINT (9.151505404000034 48.774825226000075)",Unfall 203442 (2024) Kat:3, Licht: 0,203442,3,6,2,04,06,3,0,0,0,1,0,0,0,0
"POINT (9.155380968000031 48.811553730000071)",Unfall 203463 (2024) Kat:3, Licht: 0,203463,3,3,5,04,15,2,0,0,0,1,0,0,0,0
"POINT (9.174296683000023 48.831663704000050)",Unfall 203464 (2024) Kat:3, Licht: 0,203464,3,4,6,04,08,2,0,0,0,0,1,0,0,1
"POINT (9.252462031000050 48.778534466000053)",Unfall 203465 (2024) Kat:3, Licht: 0,203465,3,7,0,04,07,2,0,0,1,0,0,0,0,1
"POINT (9.178664841000057 48.768082443000026)",Unfall 203466 (2024) Kat:3, Licht: 0,203466,3,7,1,04,07,2,0,0,1,1,0,0,0,0
"POINT (9.220909400000039 48.797097846000042)",Unfall 203486 (2024) Kat:3, Licht: 0,203486,3,7,0,04,15,7,0,0,0,1,0,0,0,0
"POINT (9.174008299000036 48.773907366000060)",Unfall 203525 (2024) Kat:3, Licht: 0,203525,3,7,0,04,15,6,1,0,1,0,0,0,0,0
"POINT (9.162155114000029 48.735452759000054)",Unfall 203563 (2024) Kat:3, Licht: 0,203563,3,7,0,04,08,5,1,0,1,1,0,0,0,0
"POINT (9.166180389000033 48.811147865000066)",Unfall 203564 (2024) Kat:3, Licht: 0,203564,3,3,5,04,18,5,0,0,0,1,0,0,0,1
"POINT (9.147026729000061 48.810507250000057)",Unfall 203565 (2024) Kat:3, Licht: 0,203565,3,3,5,04,18,5,1,0,0,1,0,0,0,0
"POINT (9.161684293000064 48.837834699000041)",Unfall 203566 (2024) Kat:3, Licht: 0,203566,3,1,0,04,13,5,1,0,1,0,0,0,0,0
"POINT (9.140700894000076 48.772531082000057)",Unfall 203567 (2024) Kat:3, Licht: 1,203567,3,1,0,04,07,5,0,1,1,0,0,0,0,0
"POINT (9.173855276000040 48.782926657000075)",Unfall 203569 (2024) Kat:3, Licht: 0,203569,3,7,5,04,13,5,1,0,1,1,0,0,0,0
"POINT (9.197363571000039 48.785870722000027)",Unfall 203602 (2024) Kat:3, Licht: 0,203602,3,3,5,04,17,4,0,0,0,1,0,1,0,0
"POINT (9.168360470000039 48.830369867000059)",Unfall 203603 (2024) Kat:3, Licht: 0,203603,3,6,2,04,16,4,1,0,0,1,0,0,0,1
"POINT (9.136781849000045 48.842968520000056)",Unfall 203640 (2024) Kat:3, Licht: 0,203640,3,3,5,04,18,3,0,0,0,1,0,1,0,0
"POINT (9.171935993000034 48.752882968000051)",Unfall 203641 (2024) Kat:2, Licht: 1,203641,2,3,5,04,19,3,1,1,0,1,0,1,0,0
"POINT (9.210464824000042 48.785174402000052)",Unfall 203642 (2024) Kat:3, Licht: 0,203642,3,3,5,04,16,3,0,0,0,1,0,0,0,1
"POINT (9.201984319000076 48.785451221000073)",Unfall 203672 (2024) Kat:3, Licht: 2,203672,3,2,5,04,23,2,0,2,0,1,0,0,0,0
"POINT (9.255277672000034 48.758546441000078)",Unfall 203682 (2024) Kat:2, Licht: 0,203682,2,2,5,04,08,2,0,0,1,1,0,0,0,0
"POINT (9.168006908000052 48.832325513000058)",Unfall 203684 (2024) Kat:3, Licht: 0,203684,3,5,1,04,16,2,0,0,0,1,0,0,0,0
"POINT (9.264010959000075 48.750930129000039)",Unfall 203685 (2024) Kat:3, Licht: 0,203685,3,3,5,04,17,2,0,0,0,1,0,0,0,0
"POINT (9.123791833000041 48.727218047000065)",Unfall 203731 (2024) Kat:3, Licht: 0,203731,3,4,6,04,09,1,0,0,0,0,1,0,0,1
"POINT (9.221599159000050 48.807199801000081)",Unfall 203732 (2024) Kat:2, Licht: 0,203732,2,4,6,04,14,1,0,0,0,1,1,0,0,0
"POINT (9.171244172000058 48.818392533000065)",Unfall 203733 (2024) Kat:3, Licht: 2,203733,3,7,2,04,22,1,0,2,0,1,0,0,0,0
"POINT (9.089413600000057 48.737769516000071)",Unfall 203734 (2024) Kat:3, Licht: 0,203734,3,1,1,04,16,1,0,0,1,1,0,0,0,0
"POINT (9.107561276000069 48.737395186000072)",Unfall 203749 (2024) Kat:3, Licht: 0,203749,3,3,5,04,07,4,1,0,1,1,0,0,0,0
"POINT (9.173340312000050 48.748962543000061)",Unfall 203783 (2024) Kat:3, Licht: 0,203783,3,3,5,04,14,7,0,0,0,1,0,0,0,0
"POINT (9.143139984000072 48.808518402000061)",Unfall 203784 (2024) Kat:3, Licht: 2,203784,3,7,0,04,21,7,0,2,1,0,0,0,0,0
"POINT (9.102781623000055 48.743898111000078)",Unfall 203785 (2024) Kat:3, Licht: 0,203785,3,7,0,04,19,7,0,0,1,0,0,0,0,0
"POINT (9.159734084000036 48.778681205000055)",Unfall 203786 (2024) Kat:2, Licht: 2,203786,2,1,0,04,01,7,0,2,1,0,0,0,0,0
"POINT (9.172813511000072 48.818915818000050)",Unfall 203829 (2024) Kat:2, Licht: 0,203829,2,7,2,04,07,6,0,0,0,1,0,1,0,0
"POINT (9.240480553000054 48.753381535000074)",Unfall 203830 (2024) Kat:3, Licht: 2,203830,3,7,9,04,23,6,0,2,0,1,0,0,0,0
"POINT (9.206955090000065 48.841021103000060)",Unfall 203889 (2024) Kat:3, Licht: 0,203889,3,6,2,04,17,5,0,0,1,1,0,0,0,0
"POINT (9.197349368000062 48.785928654000031)",Unfall 203890 (2024) Kat:3, Licht: 0,203890,3,3,5,04,07,5,0,0,1,1,0,0,0,0
"POINT (9.217407840000021 48.807526666000058)",Unfall 203943 (2024) Kat:3, Licht: 0,203943,3,3,0,04,19,4,0,0,0,1,0,1,0,0
"POINT (9.108953733000021 48.735738126000058)",Unfall 203978 (2024) Kat:3, Licht: 0,203978,3,7,1,04,11,3,0,0,1,1,0,0,0,0
"POINT (9.282672364000064 48.784935936000068)",Unfall 204038 (2024) Kat:3, Licht: 0,204038,3,5,1,04,07,2,0,0,0,0,0,0,1,1
"POINT (9.128170690000047 48.741300592000073)",Unfall 204039 (2024) Kat:2, Licht: 0,204039,2,2,0,04,18,2,0,0,0,0,0,0,0,1
"POINT (9.190043827000068 48.783549686000072)",Unfall 204040 (2024) Kat:3, Licht: 0,204040,3,1,0,04,08,2,0,0,1,0,0,0,0,0
"POINT (9.160942273000046 48.790940834000025)",Unfall 204041 (2024) Kat:3, Licht: 0,204041,3,1,0,04,15,2,0,0,0,0,0,1,0,0
"POINT (9.161249193000060 48.809759762000056)",Unfall 204075 (2024) Kat:3, Licht: 0,204075,3,7,1,04,15,1,0,0,0,1,0,0,0,0
"POINT (9.230652445000032 48.841954706000081)",Unfall 204076 (2024) Kat:3, Licht: 0,204076,3,6,3,04,15,1,0,0,0,1,0,1,0,0
"POINT (9.241342386000042 48.774975354000048)",Unfall 204077 (2024) Kat:3, Licht: 0,204077,3,3,5,04,19,1,0,0,1,1,0,0,0,0
"POINT (9.189447185000063 48.791805495000062)",Unfall 204106 (2024) Kat:3, Licht: 0,204106,3,3,3,05,09,3,0,0,0,0,0,0,0,1
"POINT (9.090295544000071 48.805146594000064)",Unfall 204107 (2024) Kat:3, Licht: 1,204107,3,3,5,05,19,3,0,1,0,1,0,1,0,0
"POINT (9.202441595000039 48.766244852000057)",Unfall 204127 (2024) Kat:3, Licht: 0,204127,3,3,5,05,16,2,1,0,0,1,0,0,0,0
"POINT (9.184096133000025 48.772962657000051)",Unfall 204128 (2024) Kat:3, Licht: 0,204128,3,2,5,05,08,2,0,0,1,0,0,0,1,0
"POINT (9.200731646000065 48.778857203000030)",Unfall 204201 (2024) Kat:3, Licht: 0,204201,3,3,5,05,17,7,1,0,0,0,0,1,0,0
"POINT (9.231552491000059 48.798913827000035)",Unfall 204202 (2024) Kat:3, Licht: 0,204202,3,3,5,05,19,7,1,0,0,1,0,0,0,0
"POINT (9.183016550000048 48.833884741000077)",Unfall 204203 (2024) Kat:3, Licht: 0,204203,3,6,2,05,15,7,0,0,0,1,0,0,0,0
"POINT (9.263165330000049 48.750853751000079)",Unfall 204204 (2024) Kat:3, Licht: 0,204204,3,7,0,05,15,7,0,0,1,0,0,0,0,0
"POINT (9.107521210000073 48.731268847000081)",Unfall 204205 (2024) Kat:3, Licht: 0,204205,3,7,0,05,17,7,0,0,0,0,0,1,0,0
"POINT (9.162204103000022 48.800763470000049)",Unfall 204230 (2024) Kat:3, Licht: 0,204230,3,7,0,05,16,6,0,0,1,0,0,0,0,0
"POINT (9.164330325000037 48.834757504000038)",Unfall 204231 (2024) Kat:3, Licht: 0,204231,3,3,5,05,20,6,0,0,0,1,0,1,0,0
"POINT (9.208635011000069 48.779104243000063)",Unfall 204232 (2024) Kat:3, Licht: 0,204232,3,7,2,05,13,6,0,0,1,1,0,0,0,0
"POINT (9.107040927000071 48.731285721000063)",Unfall 204260 (2024) Kat:3, Licht: 2,204260,3,3,5,05,21,5,1,2,0,1,0,0,0,0
"POINT (9.264942792000056 48.767418709000026)",Unfall 204262 (2024) Kat:3, Licht: 0,204262,3,3,5,05,17,5,1,0,1,1,0,0,0,0
"POINT (9.153584397000031 48.835142876000077)",Unfall 204263 (2024) Kat:3, Licht: 1,204263,3,7,3,05,21,5,1,1,0,1,0,1,0,0
"POINT (9.192594855000038 48.779771304000064)",Unfall 204302 (2024) Kat:3, Licht: 0,204302,3,6,4,05,16,4,1,0,0,0,0,0,0,1
"POINT (9.188152765000041 48.791046476000076)",Unfall 204303 (2024) Kat:3, Licht: 0,204303,3,7,0,05,07,4,0,0,1,0,0,0,0,0
"POINT (9.159034056000053 48.790051754000046)",Unfall 204304 (2024) Kat:3, Licht: 0,204304,3,7,0,05,12,4,0,0,1,0,0,0,0,0
"POINT (9.218726052000022 48.739133378000076)",Unfall 204324 (2024) Kat:2, Licht: 2,204324,2,1,9,05,03,3,1,2,0,1,0,0,0,0
"POINT (9.118947758000047 48.781480841000075)",Unfall 204325 (2024) Kat:3, Licht: 0,204325,3,7,2,05,17,3,0,0,1,1,0,0,0,0
"POINT (9.206167976000074 48.745535123000082)",Unfall 204331 (2024) Kat:3, Licht: 0,204331,3,3,5,05,17,1,0,0,0,1,0,0,0,0
"POINT (9.158425591000025 48.832801745000040)",Unfall 204356 (2024) Kat:2, Licht: 0,204356,2,1,0,05,18,2,0,0,0,0,0,0,0,1
"POINT (9.158470780000073 48.832822415000066)",Unfall 204357 (2024) Kat:3, Licht: 0,204357,3,7,6,05,19,2,0,0,0,1,0,0,0,1
"POINT (9.201062890000060 48.833660257000076)",Unfall 204414 (2024) Kat:3, Licht: 1,204414,3,5,0,05,19,7,1,1,1,1,0,0,0,0
"POINT (9.224017217000039 48.845643559000052)",Unfall 204415 (2024) Kat:3, Licht: 2,204415,3,2,2,05,22,7,1,2,0,1,0,0,0,0
"POINT (9.211011015000054 48.807340517000057)",Unfall 204416 (2024) Kat:3, Licht: 0,204416,3,3,5,05,13,7,0,0,1,1,0,0,0,0
"POINT (9.220898150000039 48.797166616000027)",Unfall 204417 (2024) Kat:2, Licht: 1,204417,2,1,0,05,21,7,1,1,1,0,0,0,0,0
"POINT (9.220885188000068 48.786747694000042)",Unfall 204442 (2024) Kat:3, Licht: 0,204442,3,3,5,05,09,6,0,0,0,1,0,0,0,1
"POINT (9.171310982000023 48.835916912000073)",Unfall 204443 (2024) Kat:2, Licht: 0,204443,2,3,5,05,12,6,1,0,0,1,0,1,0,0
"POINT (9.192644051000059 48.778608600000041)",Unfall 204444 (2024) Kat:3, Licht: 0,204444,3,1,0,05,08,6,1,0,1,0,0,0,0,0
"POINT (9.158409496000047 48.743533315000036)",Unfall 204492 (2024) Kat:2, Licht: 0,204492,2,7,0,05,17,5,0,0,1,0,0,0,0,1
"POINT (9.192520118000061 48.787722159000054)",Unfall 204493 (2024) Kat:3, Licht: 0,204493,3,6,2,05,15,5,0,0,0,1,0,0,0,0
"POINT (9.221519740000076 48.796061217000045)",Unfall 204537 (2024) Kat:3, Licht: 0,204537,3,6,2,05,09,4,0,0,0,1,0,0,0,0
"POINT (9.174040535000074 48.799416674000042)",Unfall 204538 (2024) Kat:3, Licht: 0,204538,3,6,2,05,08,4,1,0,0,1,0,0,0,1
"POINT (9.186584872000026 48.835196424000060)",Unfall 204539 (2024) Kat:3, Licht: 0,204539,3,7,2,05,15,4,1,0,0,1,0,0,1,0
"POINT (9.196563591000029 48.824842712000077)",Unfall 204540 (2024) Kat:3, Licht: 0,204540,3,6,2,05,14,4,0,0,0,0,0,1,0,1
"POINT (9.139739401000043 48.841412385000069)",Unfall 204607 (2024) Kat:3, Licht: 0,204607,3,7,0,05,18,3,0,0,1,0,0,0,0,0
"POINT (9.230317760000048 48.737771382000062)",Unfall 204609 (2024) Kat:3, Licht: 0,204609,3,5,1,05,14,3,0,0,0,1,0,1,0,0