WKT,Name,OBJECTID,UKATEGORIE,UTYP1,UART,UMONAT,USTUNDE,UWOCHENTAG,STRZUSTAND,ULICHTVERH,ISTRAD,ISTPKW,ISTFUSS,ISTKRAD,ISTGKFZ,ISTSONSTIG
"POINT (9.162545074000036 48.790663008000081)",Unfall 204610 (2024) Kat:3, Licht: 0,204610,3,7,0,05,14,3,0,0,0,0,0,1,0,0
"POINT (9.177929757000072 48.773294237000073)",Unfall 204611 (2024) Kat:3, Licht: 0,204611,3,6,4,05,19,3,0,0,1,0,0,0,0,0
"POINT (9.231371966000040 48.807779105000066)",Unfall 204666 (2024) Kat:3, Licht: 0,204666,3,1,0,05,14,2,0,0,0,0,0,1,0,0
"POINT (9.182346963000043 48.782629290000045)",Unfall 204667 (2024) Kat:3, Licht: 0,204667,3,6,0,05,17,2,0,0,0,0,0,1,0,1
"POINT (9.218252984000060 48.786672512000052)",Unfall 204668 (2024) Kat:3, Licht: 0,204668,3,6,2,05,15,2,1,0,0,1,0,0,0,0
"POINT (9.247900090000030 48.768507921000037)",Unfall 204702 (2024) Kat:3, Licht: 0,204702,3,3,5,05,15,1,0,0,0,1,0,0,0,1
"POINT (9.113327228000060 48.813607510000054)",Unfall 204703 (2024) Kat:3, Licht: 2,204703,3,1,8,05,00,1,0,2,0,1,0,0,0,0
"POINT (9.223170563000053 48.782215139000073)",Unfall 204704 (2024) Kat:3, Licht: 1,204704,3,4,6,05,21,1,0,1,0,1,1,0,0,0
"POINT (9.166318418000060 48.780346270000052)",Unfall 204741 (2024) Kat:3, Licht: 0,204741,3,2,5,05,11,7,0,0,0,1,0,1,0,0
"POINT (9.179883713000038 48.833698255000058)",Unfall 204742 (2024) Kat:3, Licht: 0,204742,3,3,5,05,19,7,0,0,1,1,0,0,0,0
"POINT (9.180161086000055 48.777494555000033)",Unfall 204755 (2024) Kat:3, Licht: 0,204755,3,7,0,05,18,7,0,0,1,0,0,0,0,0
"POINT (9.223453300000074 48.813281663000055)",Unfall 204803 (2024) Kat:3, Licht: 0,204803,3,3,2,05,16,6,0,0,1,1,0,0,0,1
"POINT (9.160205740000038 48.839791673000036)",Unfall 204804 (2024) Kat:3, Licht: 0,204804,3,5,1,05,15,6,0,0,1,1,0,0,0,0
"POINT (9.129857964000053 48.729461731000072)",Unfall 204805 (2024) Kat:3, Licht: 0,204805,3,6,3,05,14,6,0,0,0,1,0,0,0,0
"POINT (9.141216731000043 48.769332300000031)",Unfall 204806 (2024) Kat:3, Licht: 0,204806,3,7,3,05,15,6,0,0,0,1,0,1,0,0
"POINT (9.190677155000060 48.778408452000065)",Unfall 204808 (2024) Kat:3, Licht: 0,204808,3,7,0,05,19,1,0,0,1,0,0,0,0,0
"POINT (9.185878013000035 48.780583027000034)",Unfall 204848 (2024) Kat:3, Licht: 0,204848,3,6,2,05,10,5,0,0,0,1,0,0,0,0
"POINT (9.124084700000026 48.811390866000067)",Unfall 204853 (2024) Kat:3, Licht: 0,204853,3,7,6,05,19,5,0,0,0,1,1,0,0,0
"POINT (9.109032932000048 48.745234904000029)",Unfall 204854 (2024) Kat:2, Licht: 0,204854,2,1,8,05,19,5,0,0,0,0,0,1,0,0
"POINT (9.149007327000049 48.720744729000046)",Unfall 204855 (2024) Kat:3, Licht: 0,204855,3,3,5,05,19,5,0,0,1,1,0,0,0,0
"POINT (9.166207112000052 48.764726216000042)",Unfall 204864 (2024) Kat:3, Licht: 0,204864,3,4,6,05,16,2,0,0,0,1,1,0,0,0
"POINT (9.200033279000024 48.820878410000034)",Unfall 204897 (2024) Kat:3, Licht: 0,204897,3,6,4,05,13,4,0,0,0,1,0,0,0,1
"POINT (9.133034893000058 48.777644284000075)",Unfall 204898 (2024) Kat:2, Licht: 0,204898,2,7,0,05,14,4,0,0,1,0,0,0,0,0
"POINT (9.091504988000054 48.804098704000069)",Unfall 204952 (2024) Kat:2, Licht: 0,204952,2,5,1,05,11,3,0,0,0,1,0,1,0,0
"POINT (9.158086697000044 48.843538606000038)",Unfall 204953 (2024) Kat:3, Licht: 0,204953,3,5,8,05,09,3,0,0,0,1,0,0,0,0
"POINT (9.125464265000062 48.779802674000052)",Unfall 204954 (2024) Kat:2, Licht: 0,204954,2,1,0,05,10,7,0,0,1,0,0,0,0,0
"POINT (9.168730091000043 48.829373038000028)",Unfall 204955 (2024) Kat:3, Licht: 0,204955,3,7,6,05,19,3,0,0,0,1,1,0,0,0
"POINT (9.258193868000035 48.776018901000043)",Unfall 204956 (2024) Kat:3, Licht: 0,204956,3,7,0,05,06,3,1,0,1,0,0,0,0,0
"POINT (9.129810796000072 48.721334445000082)",Unfall 204985 (2024) Kat:3, Licht: 0,204985,3,3,5,05,15,2,1,0,0,1,0,0,0,0
"POINT (9.174085286000036 48.821209531000079)",Unfall 204987 (2024) Kat:3, Licht: 2,204987,3,3,5,05,20,2,1,2,1,1,0,0,0,0
"POINT (9.158916473000033 48.774774143000059)",Unfall 204988 (2024) Kat:3, Licht: 0,204988,3,1,0,05,18,2,0,0,0,0,0,0,0,1
"POINT (9.158592690000035 48.762457716000029)",Unfall 205006 (2024) Kat:3, Licht: 2,205006,3,1,0,05,01,1,0,2,0,0,0,0,0,1
"POINT (9.192664084000057 48.787664195000048)",Unfall 205007 (2024) Kat:3, Licht: 0,205007,3,3,5,05,14,1,0,0,1,0,0,0,0,0
"POINT (9.160172429000056 48.809593816000074)",Unfall 205052 (2024) Kat:3, Licht: 0,205052,3,2,6,05,12,7,0,0,0,1,1,0,0,0
"POINT (9.199127911000062 48.815026723000074)",Unfall 205053 (2024) Kat:3, Licht: 0,205053,3,7,1,05,16,7,0,0,0,1,0,0,0,1
"POINT (9.221123767000051 48.834524234000071)",Unfall 205054 (2024) Kat:2, Licht: 0,205054,2,3,5,05,17,7,0,0,1,1,0,0,0,0
"POINT (9.228295821000074 48.803593518000071)",Unfall 205055 (2024) Kat:3, Licht: 2,205055,3,7,0,05,02,7,0,2,0,0,0,0,0,1
"POINT (9.161851950000028 48.777146964000053)",Unfall 205081 (2024) Kat:3, Licht: 0,205081,3,3,5,05,16,6,0,0,0,1,0,0,0,1
"POINT (9.156772792000027 48.835740087000033)",Unfall 205147 (2024) Kat:3, Licht: 0,205147,3,3,5,06,15,7,1,0,0,1,0,0,0,0
"POINT (9.120007815000065 48.814335214000039)",Unfall 205184 (2024) Kat:2, Licht: 0,205184,2,7,3,06,08,6,1,0,1,1,0,0,0,0
"POINT (9.099783239000033 48.826421470000071)",Unfall 205185 (2024) Kat:2, Licht: 2,205185,2,5,1,06,22,6,0,2,1,1,0,0,0,0
"POINT (9.213286066000023 48.781333711000059)",Unfall 205186 (2024) Kat:3, Licht: 0,205186,3,6,3,06,16,6,0,0,0,1,0,1,0,0
"POINT (9.145145453000055 48.724228865000043)",Unfall 205187 (2024) Kat:3, Licht: 1,205187,3,7,2,06,07,6,0,1,0,1,0,0,0,1
"POINT (9.207790066000030 48.783304476000069)",Unfall 205224 (2024) Kat:2, Licht: 2,205224,2,4,6,06,21,5,0,2,0,1,1,0,0,0
"POINT (9.245594980000021 48.773581738000075)",Unfall 205225 (2024) Kat:3, Licht: 0,205225,3,3,5,06,14,5,0,0,1,1,0,0,0,0
"POINT (9.170375264000029 48.749638813000047)",Unfall 205226 (2024) Kat:3, Licht: 0,205226,3,7,0,06,18,5,0,0,1,0,0,0,0,0
"POINT (9.201965621000056 48.785449661000030)",Unfall 205277 (2024) Kat:3, Licht: 0,205277,3,3,5,06,09,4,1,0,0,1,0,0,0,0
"POINT (9.160451918000035 48.725162201000046)",Unfall 205278 (2024) Kat:3, Licht: 0,205278,3,1,0,06,11,4,1,0,0,0,0,1,0,0
"POINT (9.172340329000065 48.769875691000038)",Unfall 205279 (2024) Kat:2, Licht: 2,205279,2,7,0,06,00,4,1,2,1,0,0,0,0,0
"POINT (9.141649483000037 48.773095937000051)",Unfall 205280 (2024) Kat:3, Licht: 0,205280,3,1,8,06,09,4,1,0,1,0,0,0,0,0
"POINT (9.208585785000025 48.813568832000044)",Unfall 205344 (2024) Kat:3, Licht: 0,205344,3,2,5,06,15,3,0,0,1,1,0,0,0,0
"POINT (9.223676917000034 48.810965707000037)",Unfall 205346 (2024) Kat:2, Licht: 0,205346,2,1,0,06,20,3,0,0,1,0,0,0,0,0
"POINT (9.220724640000071 48.819952390000026)",Unfall 205347 (2024) Kat:3, Licht: 0,205347,3,5,1,06,16,3,0,0,0,1,0,0,0,0
"POINT (9.116479289000040 48.719364320000068)",Unfall 205348 (2024) Kat:3, Licht: 0,205348,3,7,0,06,17,3,0,0,0,1,0,0,0,0
"POINT (9.187434064000058 48.776533898000025)",Unfall 205349 (2024) Kat:3, Licht: 0,205349,3,6,2,06,17,3,0,0,1,0,0,0,0,1
"POINT (9.218745550000051 48.806257993000031)",Unfall 205392 (2024) Kat:3, Licht: 0,205392,3,7,2,06,10,2,0,0,0,1,0,1,0,0
"POINT (9.171261818000062 48.776207985000042)",Unfall 205393 (2024) Kat:2, Licht: 0,205393,2,7,6,06,14,2,0,0,1,0,1,0,0,0
"POINT (9.128704856000070 48.737495470000056)",Unfall 205394 (2024) Kat:3, Licht: 0,205394,3,7,6,06,07,2,0,0,0,1,1,0,0,0
"POINT (9.158825731000036 48.833241096000052)",Unfall 205429 (2024) Kat:3, Licht: 0,205429,3,6,3,06,14,4,0,0,1,1,0,0,0,0
"POINT (9.164919035000025 48.803883333000044)",Unfall 205453 (2024) Kat:3, Licht: 0,205453,3,3,5,06,06,7,1,0,1,1,0,0,0,0
"POINT (9.162916244000030 48.808245928000076)",Unfall 205454 (2024) Kat:3, Licht: 0,205454,3,4,6,06,15,7,0,0,0,1,1,0,0,0
"POINT (9.169929566000064 48.766887692000068)",Unfall 205455 (2024) Kat:3, Licht: 0,205455,3,5,1,06,11,7,0,0,1,1,0,0,0,0
"POINT (9.194012250000071 48.801204541000061)",Unfall 205456 (2024) Kat:3, Licht: 0,205456,3,7,0,06,21,7,0,0,1,0,0,0,0,0
"POINT (9.258774974000062 48.789473789000056)",Unfall 205493 (2024) Kat:3, Licht: 0,205493,3,2,5,06,10,6,0,0,0,1,0,1,0,0
"POINT (9.173194127000045 48.785539594000056)",Unfall 205494 (2024) Kat:3, Licht: 0,205494,3,2,5,06,08,6,0,0,1,1,0,0,0,0
"POINT (9.148943606000046 48.710339483000041)",Unfall 205495 (2024) Kat:3, Licht: 0,205495,3,3,5,06,09,6,0,0,0,1,0,0,0,0
"POINT (9.254733590000058 48.778138020000029)",Unfall 205496 (2024) Kat:3, Licht: 0,205496,3,3,5,06,14,6,0,0,1,0,0,0,0,0
"POINT (9.113466961000029 48.813082258000065)",Unfall 205535 (2024) Kat:3, Licht: 0,205535,3,5,0,06,14,5,0,0,1,1,0,0,0,0
"POINT (9.228575228000068 48.812339987000030)",Unfall 205536 (2024) Kat:3, Licht: 0,205536,3,6,2,06,16,5,0,0,0,1,0,0,0,0
"POINT (9.250046104000035 48.788705795000055)",Unfall 205537 (2024) Kat:3, Licht: 0,205537,3,3,5,06,19,5,0,0,1,1,0,0,0,0
"POINT (9.161305246000040 48.781323481000072)",Unfall 205538 (2024) Kat:3, Licht: 0,205538,3,3,5,06,11,5,0,0,1,1,0,0,0,0
"POINT (9.181406295000045 48.773901199000079)",Unfall 205539 (2024) Kat:3, Licht: 2,205539,3,1,0,06,23,5,0,2,1,0,0,0,0,0
"POINT (9.235099204000051 48.777085985000042)",Unfall 205595 (2024) Kat:3, Licht: 0,205595,3,3,5,06,17,5,0,0,0,1,0,0,0,0
"POINT (9.141485607000050 48.732328804000076)",Unfall 205600 (2024) Kat:3, Licht: 0,205600,3,7,0,06,21,3,0,0,1,0,0,0,0,1
"POINT (9.216426379000040 48.806144348000032)",Unfall 205604 (2024) Kat:3, Licht: 2,205604,3,7,0,06,21,4,0,2,0,1,0,1,0,0
"POINT (9.123469101000069 48.814492863000055)",Unfall 205605 (2024) Kat:3, Licht: 0,205605,3,3,6,06,12,4,0,0,0,1,1,0,0,0
"POINT (9.230133982000041 48.804838115000052)",Unfall 205606 (2024) Kat:3, Licht: 0,205606,3,7,6,06,15,4,0,0,0,1,1,0,0,0
"POINT (9.210662395000043 48.825369155000033)",Unfall 205607 (2024) Kat:3, Licht: 0,205607,3,3,5,06,20,4,0,0,1,0,0,0,0,0
"POINT (9.211937766000062 48.788839729000074)",Unfall 205666 (2024) Kat:3, Licht: 0,205666,3,4,6,06,07,3,0,0,0,1,1,0,0,0
"POINT (9.083259924000060 48.730970750000040)",Unfall 205667 (2024) Kat:3, Licht: 0,205667,3,3,5,06,17,3,0,0,1,1,0,0,0,0
"POINT (9.121533213000021 48.776297434000071)",Unfall 205668 (2024) Kat:3, Licht: 0,205668,3,7,4,06,07,3,0,0,1,1,0,0,0,0
"POINT (9.220141332000026 48.801542877000031)",Unfall 205669 (2024) Kat:3, Licht: 0,205669,3,2,6,06,13,3,0,0,0,0,1,0,0,1
"POINT (9.153929923000021 48.835309949000077)",Unfall 205675 (2024) Kat:3, Licht: 0,205675,3,7,2,06,06,3,0,0,0,1,0,1,0,0
"POINT (9.151037519000056 48.750303942000073)",Unfall 205737 (2024) Kat:2, Licht: 0,205737,2,1,0,06,18,2,0,0,1,0,0,0,0,0
"POINT (9.197836807000044 48.825523449000059)",Unfall 205767 (2024) Kat:3, Licht: 0,205767,3,2,4,06,11,1,0,0,0,1,0,0,0,0
"POINT (9.233965857000044 48.810356802000058)",Unfall 205768 (2024) Kat:3, Licht: 0,205768,3,7,6,06,17,1,0,0,0,1,1,0,0,0
"POINT (9.200791077000076 48.810737528000061)",Unfall 205808 (2024) Kat:3, Licht: 0,205808,3,3,5,06,13,7,0,0,0,1,0,1,0,0
"POINT (9.147827628000073 48.775496085000043)",Unfall 205809 (2024) Kat:3, Licht: 1,205809,3,3,5,06,20,7,0,1,0,1,0,0,0,0
"POINT (9.264909237000040 48.767438777000052)",Unfall 205810 (2024) Kat:3, Licht: 0,205810,3,3,3,06,13,7,0,0,1,1,0,0,0,0
"POINT (9.219441807000067 48.801553806000072)",Unfall 205811 (2024) Kat:2, Licht: 0,205811,2,1,0,06,19,7,1,0,1,0,0,0,0,0
"POINT (9.122453322000069 48.724139586000035)",Unfall 205812 (2024) Kat:3, Licht: 0,205812,3,3,5,06,10,7,0,0,1,1,0,0,0,0
"POINT (9.140046885000061 48.711164069000063)",Unfall 205865 (2024) Kat:3, Licht: 0,205865,3,6,4,06,13,6,0,0,0,1,0,0,0,0
"POINT (9.176525658000060 48.840369221000060)",Unfall 205866 (2024) Kat:3, Licht: 0,205866,3,2,2,06,15,2,0,0,0,1,0,0,0,0
"POINT (9.235144670000068 48.777061280000055)",Unfall 205867 (2024) Kat:3, Licht: 0,205867,3,2,5,06,16,6,0,0,0,1,0,0,0,0
"POINT (9.161569494000048 48.809830444000056)",Unfall 205868 (2024) Kat:3, Licht: 0,205868,3,4,6,06,16,6,0,0,0,1,1,0,0,0
"POINT (9.226862399000026 48.801406639000049)",Unfall 205870 (2024) Kat:3, Licht: 0,205870,3,3,5,06,16,6,0,0,0,1,0,0,0,0
"POINT (9.273520430000076 48.758972688000028)",Unfall 205871 (2024) Kat:3, Licht: 0,205871,3,3,5,06,19,6,0,0,0,1,0,0,0,1
"POINT (9.178727595000055 48.816318224000042)",Unfall 205924 (2024) Kat:3, Licht: 0,205924,3,2,5,06,08,5,0,0,1,1,0,0,0,0
"POINT (9.172635345000060 48.829059235000045)",Unfall 205925 (2024) Kat:3, Licht: 0,205925,3,7,6,06,08,5,0,0,0,0,1,0,0,1
"POINT (9.211954014000071 48.720270340000070)",Unfall 205926 (2024) Kat:3, Licht: 0,205926,3,4,6,06,18,5,0,0,1,0,1,0,0,0
"POINT (9.171147232000067 48.787010878000046)",Unfall 205927 (2024) Kat:3, Licht: 0,205927,3,6,1,06,12,5,0,0,1,1,0,0,0,0
"POINT (9.166856487000075 48.728245577000052)",Unfall 205970 (2024) Kat:3, Licht: 0,205970,3,6,2,06,08,4,0,0,0,1,0,0,0,0
"POINT (9.117996309000034 48.814127597000038)",Unfall 205980 (2024) Kat:3, Licht: 0,205980,3,6,6,06,17,6,0,0,1,1,1,0,0,0
"POINT (9.104581183000050 48.732810845000074)",Unfall 206024 (2024) Kat:3, Licht: 0,206024,3,3,5,06,20,3,0,0,0,1,0,1,0,0
"POINT (9.150000415000022 48.713499963000061)",Unfall 206059 (2024) Kat:3, Licht: 0,206059,3,7,0,06,20,2,0,0,0,0,0,1,0,0
"POINT (9.149607432000039 48.757550505000040)",Unfall 206060 (2024) Kat:3, Licht: 0,206060,3,3,0,06,19,2,0,0,1,0,0,1,0,0
"POINT (9.174367351000058 48.835266488000059)",Unfall 206074 (2024) Kat:3, Licht: 2,206074,3,1,1,06,02,1,1,2,0,1,0,0,0,1
"POINT (9.158640037000055 48.836191774000042)",Unfall 206075 (2024) Kat:3, Licht: 2,206075,3,7,0,06,21,1,1,2,1,0,0,0,0,0
"POINT (9.118329843000026 48.810328273000039)",Unfall 206085 (2024) Kat:3, Licht: 0,206085,3,3,5,06,11,5,0,0,0,1,0,0,0,1
"POINT (9.164520345000028 48.777660645000026)",Unfall 206097 (2024) Kat:3, Licht: 0,206097,3,7,0,06,13,6,0,0,1,0,0,0,0,0
"POINT (9.177779364000060 48.797167050000041)",Unfall 206136 (2024) Kat:3, Licht: 0,206136,3,1,0,05,07,6,1,0,0,0,0,1,0,0
"POINT (9.140805459000035 48.772288492000030)",Unfall 206137 (2024) Kat:3, Licht: 0,206137,3,2,6,05,12,6,1,0,0,1,1,0,0,0
"POINT (9.137909964000073 48.773870998000064)",Unfall 206159 (2024) Kat:3, Licht: 0,206159,3,2,5,05,14,5,0,0,0,1,0,1,0,0
"POINT (9.177228665000030 48.829725580000058)",Unfall 206190 (2024) Kat:3, Licht: 0,206190,3,3,5,05,11,4,0,0,0,1,0,0,0,1
"POINT (9.195580877000054 48.832760665000080)",Unfall 206191 (2024) Kat:3, Licht: 2,206191,3,3,5,05,21,4,0,2,0,1,0,0,0,0
"POINT (9.207101790000024 48.778649476000055)",Unfall 206192 (2024) Kat:3, Licht: 0,206192,3,2,5,05,18,4,0,0,0,1,0,1,0,0
"POINT (9.225429550000058 48.846403691000035)",Unfall 206202 (2024) Kat:3, Licht: 0,206202,3,6,4,07,16,7,0,0,1,0,0,0,0,1
"POINT (9.243746043000044 48.776208897000060)",Unfall 206203 (2024) Kat:3, Licht: 0,206203,3,6,2,07,17,7,0,0,0,1,0,1,0,0
"POINT (9.160165867000046 48.779839885000058)",Unfall 206204 (2024) Kat:3, Licht: 0,206204,3,4,6,07,20,7,0,0,0,0,1,0,0,1
"POINT (9.168278905000022 48.764837661000058)",Unfall 206244 (2024) Kat:3, Licht: 0,206244,3,7,0,07,15,6,0,0,0,0,0,0,0,1
"POINT (9.174133108000035 48.771699061000049)",Unfall 206245 (2024) Kat:3, Licht: 0,206245,3,3,5,07,08,6,0,0,1,0,0,0,0,1
"POINT (9.174154091000048 48.771682050000038)",Unfall 206246 (2024) Kat:3, Licht: 0,206246,3,3,5,07,11,6,0,0,1,1,0,0,0,0
"POINT (9.212028407000048 48.809255382000060)",Unfall 206300 (2024) Kat:2, Licht: 0,206300,2,3,5,07,07,5,1,0,0,1,0,0,0,0
"POINT (9.170107075000033 48.757619937000072)",Unfall 206301 (2024) Kat:3, Licht: 0,206301,3,1,1,07,09,5,1,0,1,1,0,0,0,0
"POINT (9.198895606000065 48.789301448000060)",Unfall 206346 (2024) Kat:3, Licht: 0,206346,3,7,0,07,14,4,1,0,0,0,0,1,0,0
"POINT (9.195806939000022 48.785837281000056)",Unfall 206400 (2024) Kat:3, Licht: 0,206400,3,1,9,07,13,3,0,0,1,0,0,0,0,0
"POINT (9.127018388000067 48.779160080000054)",Unfall 206458 (2024) Kat:3, Licht: 0,206458,3,4,2,07,15,2,0,0,0,1,1,0,0,0
"POINT (9.166289243000051 48.780343363000043)",Unfall 206459 (2024) Kat:3, Licht: 0,206459,3,7,0,07,13,2,0,0,1,0,0,0,0,0
"POINT (9.143911722000041 48.806205342000055)",Unfall 206493 (2024) Kat:3, Licht: 0,206493,3,5,1,07,15,1,0,0,1,1,0,0,0,0
"POINT (9.284320263000041 48.785290581000027)",Unfall 206518 (2024) Kat:3, Licht: 0,206518,3,7,0,07,12,7,0,0,1,0,0,0,0,0
"POINT (9.153566961000024 48.781456722000030)",Unfall 206519 (2024) Kat:3, Licht: 2,206519,3,5,1,07,03,7,0,2,0,1,0,0,0,1
"POINT (9.174479070000075 48.830688813000052)",Unfall 206570 (2024) Kat:3, Licht: 0,206570,3,6,1,07,17,6,0,0,1,1,0,0,0,0
"POINT (9.175924189000057 48.834780422000051)",Unfall 206571 (2024) Kat:3, Licht: 0,206571,3,6,2,07,16,6,0,0,0,1,0,0,0,0
"POINT (9.220853550000072 48.811357003000069)",Unfall 206572 (2024) Kat:3, Licht: 0,206572,3,5,1,07,20,6,0,0,1,1,0,0,0,0
"POINT (9.103505479000034 48.718384945000025)",Unfall 206573 (2024) Kat:3, Licht: 0,206573,3,7,0,07,14,6,0,0,1,0,0,0,0,0
"POINT (9.180317407000075 48.783528551000074)",Unfall 206626 (2024) Kat:3, Licht: 0,206626,3,6,0,07,07,5,1,0,0,1,0,0,0,1
"POINT (9.206253555000046 48.794594868000047)",Unfall 206628 (2024) Kat:3, Licht: 0,206628,3,7,0,07,11,5,0,0,0,0,0,1,0,0
"POINT (9.140008077000061 48.718141340000045)",Unfall 206629 (2024) Kat:3, Licht: 0,206629,3,6,2,07,10,5,0,0,0,1,0,1,0,0
"POINT (9.227594174000046 48.799756593000041)",Unfall 206666 (2024) Kat:3, Licht: 0,206666,3,3,5,07,20,4,0,0,0,1,0,0,0,0
"POINT (9.183224475000031 48.768795031000082)",Unfall 206667 (2024) Kat:3, Licht: 0,206667,3,5,1,07,06,4,1,0,0,1,0,0,0,0
"POINT (9.173945093000043 48.819082623000043)",Unfall 206668 (2024) Kat:3, Licht: 0,206668,3,6,2,07,10,4,0,0,0,1,0,0,0,0
"POINT (9.151196219000042 48.728781968000078)",Unfall 206669 (2024) Kat:3, Licht: 0,206669,3,6,2,07,16,4,1,0,0,1,0,0,0,0
"POINT (9.169106346000035 48.776836119000052)",Unfall 206670 (2024) Kat:3, Licht: 0,206670,3,2,3,07,11,4,0,0,0,1,0,0,0,0
"POINT (9.171630086000050 48.753737029000035)",Unfall 206713 (2024) Kat:3, Licht: 0,206713,3,2,5,07,19,3,1,0,1,1,0,0,0,0
"POINT (9.087401289000070 48.804970623000031)",Unfall 206753 (2024) Kat:3, Licht: 0,206753,3,6,4,07,10,2,0,0,0,1,0,0,0,1
"POINT (9.204650224000034 48.794187740000041)",Unfall 206788 (2024) Kat:3, Licht: 0,206788,3,7,0,06,15,1,1,0,1,0,0,0,0,0
"POINT (9.159428387000048 48.777370417000043)",Unfall 206789 (2024) Kat:3, Licht: 0,206789,3,1,0,06,08,1,0,0,0,0,0,0,0,1
"POINT (9.162566883000068 48.770363907000046)",Unfall 206790 (2024) Kat:3, Licht: 2,206790,3,7,0,06,03,1,1,2,0,0,0,0,0,1
"POINT (9.226090084000020 48.803183195000031)",Unfall 206805 (2024) Kat:3, Licht: 0,206805,3,7,0,07,14,7,0,0,0,0,0,1,0,0
"POINT (9.162130090000062 48.761413157000050)",Unfall 206834 (2024) Kat:3, Licht: 0,206834,3,3,5,06,10,7,0,0,0,1,0,0,0,0
"POINT (9.160450227000069 48.838533020000057)",Unfall 206835 (2024) Kat:3, Licht: 0,206835,3,1,0,06,15,7,0,0,1,0,0,0,0,0
"POINT (9.233826893000071 48.746287830000028)",Unfall 206836 (2024) Kat:3, Licht: 0,206836,3,5,1,06,14,7,0,0,1,1,0,0,0,0
"POINT (9.159653722000030 48.768272359000036)",Unfall 206838 (2024) Kat:3, Licht: 0,206838,3,7,0,06,14,7,0,0,0,0,0,1,0,0
"POINT (9.155017532000045 48.788271235000082)",Unfall 206839 (2024) Kat:3, Licht: 0,206839,3,2,3,06,16,7,0,0,1,1,0,0,0,0
"POINT (9.174533628000063 48.774480621000066)",Unfall 206841 (2024) Kat:3, Licht: 1,206841,3,7,0,06,21,7,0,1,0,0,1,0,0,1
"POINT (9.157334238000033 48.782625107000058)",Unfall 206908 (2024) Kat:3, Licht: 0,206908,3,7,6,06,11,6,0,0,0,1,1,0,0,1
"POINT (9.188311433000024 48.789120888000070)",Unfall 206909 (2024) Kat:3, Licht: 0,206909,3,2,5,06,19,6,0,0,0,1,0,0,0,0
"POINT (9.119654848000039 48.811278155000082)",Unfall 206910 (2024) Kat:3, Licht: 0,206910,3,5,1,06,09,6,0,0,0,1,0,0,1,0
"POINT (9.216655049000053 48.798784119000061)",Unfall 206911 (2024) Kat:3, Licht: 0,206911,3,7,5,06,11,6,0,0,1,1,0,0,0,0
"POINT (9.203791499000033 48.788099692000060)",Unfall 206912 (2024) Kat:3, Licht: 0,206912,3,7,6,06,18,6,0,0,1,0,1,0,0,0
"POINT (9.160849790000043 48.784708892000026)",Unfall 206913 (2024) Kat:2, Licht: 2,206913,2,7,0,06,00,6,0,2,1,0,0,0,0,0
"POINT (9.206593468000051 48.796757075000073)",Unfall 206987 (2024) Kat:3, Licht: 0,206987,3,7,6,06,15,5,0,0,0,0,1,0,0,1
"POINT (9.217153801000052 48.803530035000051)",Unfall 207042 (2024) Kat:3, Licht: 0,207042,3,2,0,06,17,4,1,0,0,1,0,1,0,0
"POINT (9.176290795000057 48.817860106000069)",Unfall 207043 (2024) Kat:3, Licht: 0,207043,3,3,5,06,13,4,0,0,1,1,0,0,0,0
"POINT (9.165143650000061 48.832135704000052)",Unfall 207044 (2024) Kat:3, Licht: 0,207044,3,1,0,06,16,4,1,0,1,0,0,0,0,0
"POINT (9.249913757000058 48.788820013000077)",Unfall 207045 (2024) Kat:3, Licht: 0,207045,3,2,0,06,16,4,1,0,1,0,0,1,0,0
"POINT (9.124108343000046 48.779501374000063)",Unfall 207047 (2024) Kat:3, Licht: 0,207047,3,2,5,06,08,4,0,0,1,1,0,0,0,0
"POINT (9.128221717000031 48.742019685000059)",Unfall 207071 (2024) Kat:3, Licht: 0,207071,3,1,0,07,15,3,0,0,1,0,0,0,0,0
"POINT (9.143475293000051 48.729725384000062)",Unfall 207121 (2024) Kat:3, Licht: 0,207121,3,3,5,06,16,3,0,0,0,1,0,0,0,1
"POINT (9.197309567000048 48.824312607000081)",Unfall 207122 (2024) Kat:3, Licht: 0,207122,3,7,0,06,07,3,0,0,0,0,0,1,0,0
"POINT (9.169223503000069 48.829920897000079)",Unfall 207190 (2024) Kat:3, Licht: 0,207190,3,3,5,06,15,2,0,0,1,1,0,0,0,0
"POINT (9.213443751000057 48.769778188000032)",Unfall 207191 (2024) Kat:3, Licht: 2,207191,3,6,2,06,00,2,0,2,1,1,0,0,0,0
"POINT (9.163412701000027 48.835787885000059)",Unfall 207213 (2024) Kat:3, Licht: 0,207213,3,7,0,07,18,4,1,0,0,1,0,1,0,0
"POINT (9.241125397000076 48.747600688000034)",Unfall 207218 (2024) Kat:3, Licht: 0,207218,3,7,1,06,14,1,0,0,0,1,0,0,0,0
"POINT (9.177627333000032 48.774056804000054)",Unfall 207219 (2024) Kat:2, Licht: 0,207219,2,1,0,06,14,1,0,0,1,0,0,0,0,0
"POINT (9.153373319000025 48.742335784000034)",Unfall 207252 (2024) Kat:3, Licht: 0,207252,3,7,0,08,08,7,0,0,1,0,1,0,0,0
"POINT (9.155430523000064 48.830239428000027)",Unfall 207283 (2024) Kat:3, Licht: 0,207283,3,3,5,08,09,6,0,0,1,1,0,0,0,0