WKT,Name,OBJECTID,UKATEGORIE,UTYP1,UART,UMONAT,USTUNDE,UWOCHENTAG,STRZUSTAND,ULICHTVERH,ISTRAD,ISTPKW,ISTFUSS,ISTKRAD,ISTGKFZ,ISTSONSTIG
"POINT (9.157939596000062 48.809650932000068)",Unfall 207284 (2024) Kat:2, Licht: 0,207284,2,7,0,08,06,6,0,0,1,0,0,0,0,0
"POINT (9.175362931000052 48.835704023000062)",Unfall 207285 (2024) Kat:3, Licht: 0,207285,3,6,4,08,08,6,0,0,0,1,0,0,0,0
"POINT (9.230003143000033 48.799232975000052)",Unfall 207286 (2024) Kat:3, Licht: 0,207286,3,5,1,08,15,6,0,0,0,1,0,0,0,0
"POINT (9.232696556000064 48.798674713000025)",Unfall 207287 (2024) Kat:3, Licht: 0,207287,3,3,5,08,14,6,0,0,0,1,0,0,0,0
"POINT (9.171260304000043 48.769611099000031)",Unfall 207288 (2024) Kat:3, Licht: 0,207288,3,7,0,08,15,6,0,0,0,0,0,0,0,1
"POINT (9.158763816000032 48.769561780000060)",Unfall 207313 (2024) Kat:3, Licht: 0,207313,3,5,1,08,16,5,1,0,0,1,0,0,0,0
"POINT (9.262684391000050 48.770689035000032)",Unfall 207314 (2024) Kat:3, Licht: 0,207314,3,7,0,08,08,5,0,0,1,0,0,0,0,0
"POINT (9.209813981000025 48.787600427000029)",Unfall 207352 (2024) Kat:3, Licht: 0,207352,3,3,5,07,10,4,0,0,1,1,0,0,0,0
"POINT (9.172016739000071 48.740926087000048)",Unfall 207354 (2024) Kat:3, Licht: 2,207354,3,3,5,07,22,4,1,2,0,1,0,0,0,0
"POINT (9.179835177000029 48.768569379000041)",Unfall 207355 (2024) Kat:3, Licht: 0,207355,3,6,6,07,17,4,0,0,0,0,1,0,0,1
"POINT (9.224464981000040 48.843701357000043)",Unfall 207438 (2024) Kat:3, Licht: 0,207438,3,7,1,07,18,2,0,0,0,1,0,0,0,0
"POINT (9.246440532000065 48.773705799000027)",Unfall 207475 (2024) Kat:3, Licht: 0,207475,3,7,0,07,17,1,0,0,0,0,0,0,0,1
"POINT (9.180603908000023 48.773086279000040)",Unfall 207476 (2024) Kat:3, Licht: 2,207476,3,6,2,07,01,1,1,2,0,1,0,0,0,1
"POINT (9.177313467000033 48.780202887000030)",Unfall 207507 (2024) Kat:3, Licht: 0,207507,3,3,5,07,17,7,1,0,1,1,0,0,0,0
"POINT (9.237008698000068 48.696846046000076)",Unfall 207508 (2024) Kat:3, Licht: 0,207508,3,6,4,07,13,7,0,0,0,1,0,0,0,0
"POINT (9.223926913000071 48.803667138000037)",Unfall 207544 (2024) Kat:3, Licht: 0,207544,3,5,1,07,14,6,0,0,1,1,0,0,0,0
"POINT (9.228522451000060 48.816075998000031)",Unfall 207545 (2024) Kat:3, Licht: 0,207545,3,7,1,07,20,6,0,0,0,1,0,0,0,0
"POINT (9.253029652000066 48.784544044000029)",Unfall 207587 (2024) Kat:2, Licht: 2,207587,2,4,6,07,04,5,0,2,0,0,1,0,0,1
"POINT (9.115562145000069 48.728963478000026)",Unfall 207588 (2024) Kat:3, Licht: 0,207588,3,3,5,07,16,5,0,0,1,1,0,0,0,0
"POINT (9.115773272000069 48.819244670000046)",Unfall 207589 (2024) Kat:3, Licht: 0,207589,3,3,5,07,08,5,0,0,1,1,0,0,0,0
"POINT (9.190545236000048 48.839109789000076)",Unfall 207590 (2024) Kat:3, Licht: 0,207590,3,7,2,07,18,5,0,0,0,1,0,1,0,0
"POINT (9.247689059000038 48.778767461000029)",Unfall 207591 (2024) Kat:3, Licht: 0,207591,3,6,2,07,12,5,0,0,0,1,0,1,0,0
"POINT (9.179938343000060 48.799690426000041)",Unfall 207592 (2024) Kat:2, Licht: 0,207592,2,1,9,07,18,5,0,0,1,0,0,0,0,0
"POINT (9.168110053000021 48.805107752000026)",Unfall 207593 (2024) Kat:3, Licht: 0,207593,3,6,2,07,09,5,0,0,0,1,0,1,0,0
"POINT (9.146226436000063 48.774744605000080)",Unfall 207639 (2024) Kat:2, Licht: 0,207639,2,4,6,07,08,4,0,0,0,0,1,0,0,1
"POINT (9.117969273000028 48.719419390000041)",Unfall 207640 (2024) Kat:3, Licht: 0,207640,3,7,6,07,08,4,0,0,0,1,1,0,0,0
"POINT (9.180160213000022 48.783471182000028)",Unfall 207641 (2024) Kat:3, Licht: 0,207641,3,7,5,07,15,4,0,0,1,0,0,0,0,1
"POINT (9.174229901000047 48.776362406000032)",Unfall 207642 (2024) Kat:3, Licht: 0,207642,3,7,6,07,06,4,0,0,0,1,0,0,0,1
"POINT (9.274822261000054 48.771441586000037)",Unfall 207650 (2024) Kat:3, Licht: 0,207650,3,5,1,07,12,1,0,0,1,1,0,0,0,0
"POINT (9.182897767000043 48.833877146000077)",Unfall 207703 (2024) Kat:3, Licht: 0,207703,3,3,5,07,14,3,0,0,0,1,0,0,0,1
"POINT (9.194519374000038 48.818878218000066)",Unfall 207704 (2024) Kat:2, Licht: 0,207704,2,3,5,07,16,3,0,0,1,1,0,0,0,0
"POINT (9.194905787000039 48.779378271000041)",Unfall 207705 (2024) Kat:3, Licht: 0,207705,3,5,1,07,08,3,0,0,0,1,0,1,0,0
"POINT (9.250868401000048 48.780873945000053)",Unfall 207706 (2024) Kat:3, Licht: 0,207706,3,4,6,07,18,3,0,0,0,1,1,0,0,0
"POINT (9.110260389000075 48.812305853000055)",Unfall 207707 (2024) Kat:3, Licht: 0,207707,3,2,5,07,07,3,0,0,1,1,0,0,0,0
"POINT (9.214850631000047 48.788177795000081)",Unfall 207755 (2024) Kat:3, Licht: 0,207755,3,7,0,07,14,2,0,0,0,1,0,1,0,0
"POINT (9.195233476000055 48.789201200000036)",Unfall 207756 (2024) Kat:3, Licht: 0,207756,3,3,5,07,13,2,0,0,0,1,0,0,0,1
"POINT (9.116835148000064 48.723062100000050)",Unfall 207757 (2024) Kat:3, Licht: 0,207757,3,4,6,07,20,2,0,0,0,1,1,0,0,0
"POINT (9.261098385000025 48.772772539000073)",Unfall 207758 (2024) Kat:3, Licht: 0,207758,3,3,5,07,13,2,0,0,1,1,0,0,0,0
"POINT (9.170835129000068 48.778876666000031)",Unfall 207765 (2024) Kat:2, Licht: 2,207765,2,3,4,07,02,1,0,2,0,1,0,0,0,0
"POINT (9.212001817000044 48.809237434000067)",Unfall 207784 (2024) Kat:3, Licht: 0,207784,3,3,5,07,18,1,0,0,0,1,0,0,0,0
"POINT (9.170124548000047 48.780213831000026)",Unfall 207785 (2024) Kat:3, Licht: 0,207785,3,3,5,07,20,1,0,0,0,1,0,0,0,0
"POINT (9.251421036000067 48.769548928000063)",Unfall 207786 (2024) Kat:3, Licht: 0,207786,3,7,2,07,10,1,0,0,0,1,0,0,0,1
"POINT (9.121137949000058 48.778294728000049)",Unfall 207787 (2024) Kat:3, Licht: 1,207787,3,1,0,07,20,1,0,1,1,0,0,0,0,0
"POINT (9.163028565000047 48.772271435000050)",Unfall 207788 (2024) Kat:3, Licht: 0,207788,3,1,0,07,16,1,1,0,0,0,0,0,0,1
"POINT (9.192136899000047 48.779943296000056)",Unfall 207797 (2024) Kat:3, Licht: 0,207797,3,7,0,07,10,4,0,0,1,0,0,0,0,0
"POINT (9.159834458000034 48.807535348000044)",Unfall 207841 (2024) Kat:3, Licht: 0,207841,3,6,2,07,14,7,0,0,1,1,0,0,0,0
"POINT (9.159868937000056 48.808394777000046)",Unfall 207842 (2024) Kat:3, Licht: 2,207842,3,1,0,07,01,7,0,2,0,0,0,0,0,1
"POINT (9.157916685000032 48.845301379000034)",Unfall 207843 (2024) Kat:3, Licht: 0,207843,3,7,0,07,19,7,1,0,1,0,0,0,0,0
"POINT (9.195522581000034 48.789376201000039)",Unfall 207905 (2024) Kat:3, Licht: 0,207905,3,4,6,07,08,6,0,0,0,0,1,0,0,1
"POINT (9.245411065000042 48.814914308000027)",Unfall 207906 (2024) Kat:2, Licht: 0,207906,2,1,0,07,16,6,0,0,1,0,0,0,0,0
"POINT (9.258991333000040 48.775048974000072)",Unfall 207908 (2024) Kat:3, Licht: 0,207908,3,7,0,07,18,6,0,0,0,0,0,1,0,0
"POINT (9.190599342000041 48.778253435000067)",Unfall 207909 (2024) Kat:3, Licht: 0,207909,3,1,0,07,16,6,0,0,0,0,0,1,0,0
"POINT (9.165454599000043 48.789261260000046)",Unfall 207917 (2024) Kat:3, Licht: 2,207917,3,1,9,07,00,7,0,2,0,1,0,0,0,0
"POINT (9.101658866000037 48.724165460000052)",Unfall 207970 (2024) Kat:3, Licht: 0,207970,3,5,1,07,08,5,0,0,1,1,0,0,0,0
"POINT (9.152644064000071 48.827778515000034)",Unfall 207971 (2024) Kat:3, Licht: 0,207971,3,2,5,07,15,5,0,0,1,1,0,0,0,0
"POINT (9.209496690000037 48.780865062000032)",Unfall 207972 (2024) Kat:3, Licht: 0,207972,3,4,6,07,17,5,0,0,0,0,1,0,0,1
"POINT (9.248649404000048 48.768772994000074)",Unfall 207973 (2024) Kat:3, Licht: 2,207973,3,1,1,07,22,5,0,2,0,0,0,1,0,0
"POINT (9.187760687000036 48.764588701000037)",Unfall 207974 (2024) Kat:3, Licht: 0,207974,3,7,7,07,08,5,0,0,1,0,0,0,0,0
"POINT (9.110572453000032 48.745878742000059)",Unfall 207975 (2024) Kat:3, Licht: 0,207975,3,1,4,07,12,5,0,0,1,1,0,0,0,0
"POINT (9.087464904000058 48.810145616000057)",Unfall 208029 (2024) Kat:3, Licht: 0,208029,3,7,0,07,13,4,0,0,1,0,0,0,0,0
"POINT (9.233965237000064 48.810339797000040)",Unfall 208031 (2024) Kat:3, Licht: 0,208031,3,5,1,07,07,4,0,0,1,1,0,0,0,0
"POINT (9.207967418000067 48.783464384000069)",Unfall 208032 (2024) Kat:3, Licht: 0,208032,3,6,0,07,18,4,0,0,1,0,0,0,0,0
"POINT (9.103757283000050 48.740800766000064)",Unfall 208033 (2024) Kat:3, Licht: 0,208033,3,3,5,07,14,3,0,0,0,1,0,1,0,0
"POINT (9.161862950000057 48.777132803000029)",Unfall 208034 (2024) Kat:3, Licht: 0,208034,3,3,5,07,07,4,0,0,1,1,0,0,0,0
"POINT (9.164298358000053 48.848245852000048)",Unfall 208096 (2024) Kat:2, Licht: 0,208096,2,7,5,07,08,3,0,0,1,0,0,0,0,0
"POINT (9.197257400000069 48.730003466000028)",Unfall 208097 (2024) Kat:3, Licht: 0,208097,3,6,4,07,16,3,0,0,1,1,0,0,0,0
"POINT (9.119566475000056 48.780505505000065)",Unfall 208098 (2024) Kat:3, Licht: 0,208098,3,7,0,07,07,3,0,0,1,0,0,0,0,0
"POINT (9.165062675000058 48.763332202000072)",Unfall 208099 (2024) Kat:3, Licht: 0,208099,3,7,0,07,11,7,0,0,1,0,0,0,0,0
"POINT (9.222920431000034 48.782254599000055)",Unfall 208140 (2024) Kat:3, Licht: 0,208140,3,4,6,08,09,5,0,0,0,1,1,0,0,0
"POINT (9.120615621000070 48.822565068000074)",Unfall 208171 (2024) Kat:3, Licht: 0,208171,3,2,3,07,18,2,0,0,0,1,0,1,0,0
"POINT (9.187984278000044 48.767503258000033)",Unfall 208172 (2024) Kat:3, Licht: 2,208172,3,7,0,07,22,2,1,2,1,0,0,0,0,0
"POINT (9.166394086000025 48.832187043000033)",Unfall 208174 (2024) Kat:3, Licht: 0,208174,3,7,0,07,12,2,0,0,1,0,0,0,0,0
"POINT (9.107365961000028 48.737562596000032)",Unfall 208175 (2024) Kat:3, Licht: 0,208175,3,7,0,07,20,2,0,0,1,0,0,0,0,0
"POINT (9.162500913000031 48.776287730000035)",Unfall 208213 (2024) Kat:3, Licht: 0,208213,3,4,6,07,16,1,0,0,0,1,1,0,0,0
"POINT (9.159564853000063 48.810599382000078)",Unfall 208236 (2024) Kat:3, Licht: 0,208236,3,3,5,07,16,4,0,0,1,1,0,0,0,0
"POINT (9.200103527000067 48.820758782000041)",Unfall 208264 (2024) Kat:3, Licht: 0,208264,3,6,4,07,11,7,0,0,0,1,0,0,0,1
"POINT (9.156603860000075 48.836166730000059)",Unfall 208265 (2024) Kat:3, Licht: 0,208265,3,1,0,07,20,7,0,0,0,0,0,1,0,0
"POINT (9.171048861000031 48.790886960000080)",Unfall 208292 (2024) Kat:3, Licht: 0,208292,3,4,6,09,15,3,0,0,0,1,1,0,0,0
"POINT (9.180439246000049 48.790708298000027)",Unfall 208293 (2024) Kat:3, Licht: 0,208293,3,2,2,09,08,3,0,0,0,1,0,0,0,0
"POINT (9.173331478000023 48.825611908000042)",Unfall 208321 (2024) Kat:3, Licht: 2,208321,3,3,5,09,05,2,0,2,0,1,0,0,0,1
"POINT (9.132783640000071 48.814016380000055)",Unfall 208322 (2024) Kat:3, Licht: 0,208322,3,5,1,09,14,2,0,0,1,1,0,0,0,0
"POINT (9.253724634000037 48.783452289000081)",Unfall 208346 (2024) Kat:2, Licht: 0,208346,2,6,4,09,13,1,0,0,0,1,0,0,0,0
"POINT (9.214478248000034 48.813037877000056)",Unfall 208347 (2024) Kat:3, Licht: 0,208347,3,6,2,09,18,1,0,0,0,1,0,0,0,0
"POINT (9.162349525000025 48.761476809000044)",Unfall 208348 (2024) Kat:3, Licht: 1,208348,3,1,8,09,19,1,0,1,1,0,0,0,0,0
"POINT (9.182446886000037 48.782712274000062)",Unfall 208410 (2024) Kat:3, Licht: 0,208410,3,6,0,08,09,6,0,0,0,1,0,0,0,1
"POINT (9.181941960000074 48.810773593000079)",Unfall 208411 (2024) Kat:3, Licht: 0,208411,3,6,2,08,18,6,0,0,0,1,0,0,0,0
"POINT (9.177713640000036 48.793463070000030)",Unfall 208412 (2024) Kat:2, Licht: 2,208412,2,1,1,08,01,6,0,2,0,1,0,0,0,1
"POINT (9.191356000000042 48.779775334000078)",Unfall 208413 (2024) Kat:3, Licht: 0,208413,3,1,0,08,14,6,0,0,1,0,0,0,0,0
"POINT (9.198313761000065 48.790830545000063)",Unfall 208440 (2024) Kat:3, Licht: 0,208440,3,6,3,08,16,5,0,0,1,1,0,0,0,0
"POINT (9.212873383000044 48.805939685000055)",Unfall 208441 (2024) Kat:2, Licht: 0,208441,2,7,0,08,16,5,0,0,1,0,0,0,0,0
"POINT (9.109207146000074 48.733706000000041)",Unfall 208488 (2024) Kat:3, Licht: 0,208488,3,3,5,08,15,4,0,0,1,1,0,0,0,0
"POINT (9.153741584000045 48.835171910000042)",Unfall 208489 (2024) Kat:3, Licht: 2,208489,3,7,0,08,21,4,0,2,0,1,0,1,0,0
"POINT (9.107999808000045 48.737456828000063)",Unfall 208490 (2024) Kat:3, Licht: 0,208490,3,2,5,08,09,4,0,0,1,1,0,0,0,0
"POINT (9.191558472000054 48.793593776000080)",Unfall 208491 (2024) Kat:3, Licht: 0,208491,3,3,5,08,16,4,0,0,0,1,0,0,0,1
"POINT (9.255216789000031 48.782341166000037)",Unfall 208538 (2024) Kat:3, Licht: 0,208538,3,3,5,08,17,3,0,0,0,1,0,1,0,0
"POINT (9.229177497000023 48.803771732000030)",Unfall 208539 (2024) Kat:3, Licht: 0,208539,3,3,5,08,16,3,0,0,1,1,0,0,0,0
"POINT (9.208196208000061 48.806842037000081)",Unfall 208540 (2024) Kat:3, Licht: 0,208540,3,3,5,08,17,3,0,0,1,1,0,0,0,0
"POINT (9.238742967000064 48.774893811000027)",Unfall 208541 (2024) Kat:3, Licht: 0,208541,3,7,6,08,14,3,0,0,0,1,1,0,0,0
"POINT (9.127883177000058 48.783429058000081)",Unfall 208566 (2024) Kat:3, Licht: 0,208566,3,3,5,08,08,5,0,0,0,1,0,0,0,0
"POINT (9.181685485000060 48.787050164000050)",Unfall 208571 (2024) Kat:3, Licht: 0,208571,3,5,1,08,18,2,0,0,1,1,0,0,0,0
"POINT (9.200561602000050 48.810654531000068)",Unfall 208572 (2024) Kat:3, Licht: 0,208572,3,7,0,08,18,2,0,0,1,0,0,0,0,0
"POINT (9.235086947000070 48.831486384000073)",Unfall 208586 (2024) Kat:2, Licht: 2,208586,2,7,8,08,05,1,1,2,0,1,0,0,0,0
"POINT (9.164445610000030 48.776958028000081)",Unfall 208587 (2024) Kat:3, Licht: 0,208587,3,2,5,08,13,1,0,0,0,1,0,0,0,1
"POINT (9.232818413000075 48.803867171000036)",Unfall 208588 (2024) Kat:3, Licht: 2,208588,3,6,6,08,02,1,0,2,1,0,1,0,0,0
"POINT (9.175988062000044 48.774004214000058)",Unfall 208614 (2024) Kat:3, Licht: 0,208614,3,7,6,08,18,7,0,0,1,0,1,0,0,0
"POINT (9.219499768000048 48.833409964000055)",Unfall 208615 (2024) Kat:3, Licht: 0,208615,3,3,5,08,17,7,0,0,0,1,0,1,0,0
"POINT (9.159858579000058 48.836425374000044)",Unfall 208616 (2024) Kat:3, Licht: 0,208616,3,3,5,08,18,7,0,0,0,1,0,0,0,0
"POINT (9.196218889000022 48.779727621000063)",Unfall 208617 (2024) Kat:3, Licht: 0,208617,3,7,7,08,09,7,0,0,1,0,0,0,0,1
"POINT (9.154294768000057 48.756103951000057)",Unfall 208618 (2024) Kat:3, Licht: 2,208618,3,7,8,08,21,7,0,2,0,0,0,1,0,0
"POINT (9.122460569000054 48.724078072000054)",Unfall 208661 (2024) Kat:3, Licht: 0,208661,3,3,5,08,16,6,0,0,1,1,0,0,0,0
"POINT (9.150516424000045 48.731447127000081)",Unfall 208663 (2024) Kat:3, Licht: 0,208663,3,3,5,08,19,6,0,0,0,1,0,1,0,0
"POINT (9.190670000000068 48.778394199000047)",Unfall 208664 (2024) Kat:3, Licht: 0,208664,3,7,0,08,10,6,0,0,1,0,0,0,0,0
"POINT (9.218770738000046 48.826793638000026)",Unfall 208697 (2024) Kat:3, Licht: 0,208697,3,6,4,08,15,5,0,0,1,0,0,0,0,0
"POINT (9.162377096000057 48.811448037000048)",Unfall 208698 (2024) Kat:3, Licht: 0,208698,3,3,5,08,12,5,0,0,0,1,0,0,0,0
"POINT (9.158027366000056 48.832619588000057)",Unfall 208699 (2024) Kat:3, Licht: 0,208699,3,6,2,08,13,5,0,0,0,1,0,0,0,0
"POINT (9.206320958000049 48.778365674000042)",Unfall 208700 (2024) Kat:3, Licht: 0,208700,3,3,5,08,19,5,0,0,0,1,0,1,0,0
"POINT (9.174696565000033 48.776810821000026)",Unfall 208726 (2024) Kat:2, Licht: 0,208726,2,7,0,08,07,4,1,0,1,0,0,0,0,0
"POINT (9.179770876000021 48.813034787000049)",Unfall 208754 (2024) Kat:3, Licht: 0,208754,3,2,5,08,08,3,0,0,1,1,0,0,0,0
"POINT (9.218609222000055 48.801821537000080)",Unfall 208755 (2024) Kat:3, Licht: 0,208755,3,3,0,08,08,3,0,0,0,1,0,0,0,1
"POINT (9.178640649000045 48.779699190000031)",Unfall 208756 (2024) Kat:3, Licht: 2,208756,3,1,7,08,21,3,0,2,0,0,0,0,0,1
"POINT (9.128316391000055 48.814182362000054)",Unfall 208794 (2024) Kat:3, Licht: 0,208794,3,2,5,08,14,1,1,0,0,1,0,0,0,1
"POINT (9.160077782000030 48.711215243000026)",Unfall 208821 (2024) Kat:3, Licht: 0,208821,3,3,5,08,18,3,0,0,1,1,0,0,0,0
"POINT (9.139765293000039 48.841435802000035)",Unfall 208825 (2024) Kat:3, Licht: 0,208825,3,7,0,08,08,3,0,0,1,0,0,0,0,0
"POINT (9.214399554000067 48.788455815000077)",Unfall 208827 (2024) Kat:2, Licht: 0,208827,2,7,0,08,18,7,0,0,1,0,0,0,0,0
"POINT (9.177479235000021 48.740048597000055)",Unfall 208828 (2024) Kat:3, Licht: 0,208828,3,6,3,08,10,7,0,0,1,1,0,0,0,0
"POINT (9.153793835000045 48.771167078000076)",Unfall 208829 (2024) Kat:2, Licht: 2,208829,2,1,0,08,01,7,0,2,0,0,0,0,0,1
"POINT (9.173501256000065 48.751639602000068)",Unfall 208858 (2024) Kat:3, Licht: 0,208858,3,3,5,08,16,6,0,0,0,1,0,0,0,1
"POINT (9.189454610000041 48.791814870000053)",Unfall 208859 (2024) Kat:3, Licht: 0,208859,3,3,5,08,17,6,0,0,0,1,0,0,0,0
"POINT (9.182922926000060 48.768008845000054)",Unfall 208860 (2024) Kat:3, Licht: 0,208860,3,7,6,08,11,6,0,0,0,1,1,0,1,0
"POINT (9.084256342000060 48.746927579000044)",Unfall 208896 (2024) Kat:2, Licht: 2,208896,2,7,0,08,00,1,0,2,0,0,0,0,0,1
"POINT (9.170861627000022 48.781674479000060)",Unfall 208902 (2024) Kat:3, Licht: 0,208902,3,3,5,08,13,5,0,0,0,1,0,1,0,0
"POINT (9.257827213000041 48.795118789000071)",Unfall 208934 (2024) Kat:3, Licht: 0,208934,3,7,0,08,16,4,0,0,1,0,0,0,0,0
"POINT (9.189023159000044 48.755641820000051)",Unfall 208935 (2024) Kat:3, Licht: 0,208935,3,6,6,08,15,3,0,0,0,1,1,0,0,0
"POINT (9.178992611000069 48.782019118000051)",Unfall 208974 (2024) Kat:2, Licht: 1,208974,2,5,1,08,06,3,0,1,1,1,0,0,0,0
"POINT (9.171218513000042 48.835919621000073)",Unfall 208975 (2024) Kat:2, Licht: 2,208975,2,3,5,08,20,3,0,2,1,1,0,0,0,0
"POINT (9.157380163000028 48.731853949000026)",Unfall 208976 (2024) Kat:3, Licht: 0,208976,3,6,1,08,07,3,0,0,0,0,0,0,0,1
"POINT (9.171623409000063 48.763133345000028)",Unfall 208978 (2024) Kat:3, Licht: 0,208978,3,3,5,08,09,3,0,0,0,1,0,0,0,1
"POINT (9.166825060000065 48.832110009000075)",Unfall 209007 (2024) Kat:2, Licht: 0,209007,2,3,5,08,08,2,0,0,1,0,0,0,0,1
"POINT (9.214642951000030 48.702240117000031)",Unfall 209008 (2024) Kat:3, Licht: 0,209008,3,2,5,08,20,2,0,0,0,1,0,1,0,0
"POINT (9.165500514000030 48.781192994000037)",Unfall 209010 (2024) Kat:3, Licht: 2,209010,3,7,0,08,23,2,0,2,0,0,0,0,0,1
"POINT (9.160185167000066 48.809572735000074)",Unfall 209042 (2024) Kat:3, Licht: 0,209042,3,2,6,08,20,1,0,0,0,1,1,0,0,0
"POINT (9.169208832000038 48.825600059000067)",Unfall 209044 (2024) Kat:3, Licht: 0,209044,3,6,2,08,20,1,0,0,0,1,0,1,0,0
"POINT (9.205027444000052 48.839043906000029)",Unfall 209073 (2024) Kat:3, Licht: 2,209073,3,6,4,08,21,7,0,2,0,1,0,0,0,1
"POINT (9.194541272000038 48.788627359000031)",Unfall 209075 (2024) Kat:3, Licht: 0,209075,3,3,5,08,18,7,0,0,0,1,0,0,0,1
"POINT (9.242133363000050 48.774436575000038)",Unfall 209076 (2024) Kat:3, Licht: 0,209076,3,3,5,08,11,7,0,0,0,1,0,0,0,0
"POINT (9.116589160000046 48.814003389000050)",Unfall 209129 (2024) Kat:3, Licht: 0,209129,3,4,5,08,14,6,0,0,0,1,1,0,0,0
"POINT (9.122461377000036 48.724119489000032)",Unfall 209130 (2024) Kat:3, Licht: 0,209130,3,3,5,08,07,6,0,0,1,1,0,0,0,0
"POINT (9.180224578000036 48.776197871000079)",Unfall 209179 (2024) Kat:3, Licht: 0,209179,3,4,6,08,08,5,0,0,0,1,1,0,0,0
"POINT (9.176971837000053 48.791630783000073)",Unfall 209180 (2024) Kat:3, Licht: 0,209180,3,5,1,08,09,5,0,0,0,1,0,1,0,0
"POINT (9.190380936000054 48.777814416000069)",Unfall 209181 (2024) Kat:3, Licht: 0,209181,3,7,0,08,09,5,0,0,1,0,0,0,0,0
"POINT (9.199959358000058 48.834605184000054)",Unfall 209224 (2024) Kat:3, Licht: 0,209224,3,3,5,08,08,4,0,0,1,1,0,0,0,0
"POINT (9.179271496000069 48.818111128000055)",Unfall 209225 (2024) Kat:3, Licht: 0,209225,3,1,8,08,08,4,0,0,1,0,0,0,0,0
"POINT (9.107567164000045 48.737403577000066)",Unfall 209226 (2024) Kat:3, Licht: 0,209226,3,3,5,08,09,4,0,0,1,1,0,0,0,0
"POINT (9.223685127000067 48.781524723000075)",Unfall 209269 (2024) Kat:3, Licht: 0,209269,3,4,6,08,17,3,0,0,1,0,1,0,0,0
"POINT (9.250510837000036 48.781361572000037)",Unfall 209270 (2024) Kat:3, Licht: 0,209270,3,7,0,08,09,3,0,0,1,0,0,0,0,0
"POINT (9.146525986000029 48.725639021000063)",Unfall 209273 (2024) Kat:3, Licht: 0,209273,3,3,0,08,16,3,0,0,0,1,0,0,0,1
"POINT (9.173682590000055 48.776665178000030)",Unfall 209274 (2024) Kat:3, Licht: 1,209274,3,1,0,08,20,3,0,1,1,0,0,0,0,0
"POINT (9.096703041000069 48.724392935000026)",Unfall 209281 (2024) Kat:3, Licht: 0,209281,3,3,5,08,17,3,0,0,1,1,0,0,0,0
"POINT (9.193482933000041 48.834897027000068)",Unfall 209311 (2024) Kat:3, Licht: 0,209311,3,3,5,08,14,2,0,0,0,1,0,0,0,0
"POINT (9.175067214000023 48.820099379000055)",Unfall 209313 (2024) Kat:3, Licht: 0,209313,3,6,2,08,11,2,0,0,0,1,0,0,0,0
"POINT (9.143673074000048 48.723362836000035)",Unfall 209314 (2024) Kat:3, Licht: 0,209314,3,5,1,08,13,2,0,0,1,1,0,0,0,0
"POINT (9.220642712000028 48.811180125000078)",Unfall 209319 (2024) Kat:3, Licht: 0,209319,3,2,0,08,09,7,1,0,0,1,0,1,0,0
"POINT (9.166525127000057 48.811290283000062)",Unfall 209341 (2024) Kat:3, Licht: 0,209341,3,6,3,08,12,1,0,0,0,1,0,0,0,0
"POINT (9.138843569000073 48.807994481000037)",Unfall 209342 (2024) Kat:3, Licht: 0,209342,3,5,1,08,17,1,0,0,1,1,0,0,0,0
"POINT (9.150178680000067 48.760750018000067)",Unfall 209377 (2024) Kat:3, Licht: 0,209377,3,3,5,09,08,2,1,0,1,0,0,0,0,1
"POINT (9.101344686000061 48.726526240000055)",Unfall 209404 (2024) Kat:3, Licht: 0,209404,3,5,1,09,10,2,1,0,0,1,0,0,0,0
"POINT (9.220470457000033 48.799857906000057)",Unfall 209428 (2024) Kat:3, Licht: 2,209428,3,6,2,09,22,7,0,2,0,1,0,0,0,0
"POINT (9.217464226000061 48.844362581000041)",Unfall 209429 (2024) Kat:3, Licht: 0,209429,3,6,0,09,18,7,0,0,0,0,0,1,0,0
"POINT (9.228974957000048 48.807283178000034)",Unfall 209430 (2024) Kat:3, Licht: 0,209430,3,4,6,09,16,7,0,0,0,1,1,0,0,0
"POINT (9.149999783000055 48.753781306000064)",Unfall 209431 (2024) Kat:3, Licht: 2,209431,3,7,0,09,20,7,0,2,0,1,0,0,0,0
"POINT (9.182147959000076 48.787550935000070)",Unfall 209462 (2024) Kat:3, Licht: 0,209462,3,7,0,09,15,6,0,0,1,0,0,0,0,0
"POINT (9.215945389000069 48.806757369000081)",Unfall 209463 (2024) Kat:3, Licht: 0,209463,3,6,2,09,07,6,0,0,0,1,0,0,0,0
"POINT (9.263686522000057 48.761963725000044)",Unfall 209488 (2024) Kat:3, Licht: 2,209488,3,4,6,09,06,5,1,2,0,1,1,0,0,0
"POINT (9.203967063000050 48.774465394000060)",Unfall 209489 (2024) Kat:3, Licht: 0,209489,3,3,5,09,08,5,1,0,0,1,0,0,0,0
"POINT (9.174051200000065 48.819182577000049)",Unfall 209490 (2024) Kat:3, Licht: 0,209490,3,6,2,09,15,5,1,0,0,1,0,0,0,0
"POINT (9.172541166000030 48.763300557000036)",Unfall 209491 (2024) Kat:3, Licht: 0,209491,3,1,0,09,13,5,1,0,0,0,0,1,0,0