WKT,Name,OBJECTID,UKATEGORIE,UTYP1,UART,UMONAT,USTUNDE,UWOCHENTAG,STRZUSTAND,ULICHTVERH,ISTRAD,ISTPKW,ISTFUSS,ISTKRAD,ISTGKFZ,ISTSONSTIG
"POINT (9.195222485000045 48.787705705000064)",Unfall 209525 (2024) Kat:3, Licht: 0,209525,3,7,0,09,17,4,0,0,1,0,0,0,0,0
"POINT (9.165483957000049 48.746553539000047)",Unfall 209526 (2024) Kat:3, Licht: 0,209526,3,3,5,09,07,4,0,0,0,1,0,1,0,0
"POINT (9.216991976000031 48.798658485000033)",Unfall 209540 (2024) Kat:3, Licht: 2,209540,3,6,3,09,23,6,0,2,0,1,0,0,0,1
"POINT (9.158671341000058 48.769694851000054)",Unfall 209596 (2024) Kat:3, Licht: 1,209596,3,6,2,09,06,2,0,1,0,1,0,0,0,0
"POINT (9.211229059000061 48.821811912000044)",Unfall 209631 (2024) Kat:3, Licht: 0,209631,3,1,8,09,16,1,0,0,0,1,0,0,0,0
"POINT (9.209026013000027 48.806231379000053)",Unfall 209671 (2024) Kat:3, Licht: 0,209671,3,7,3,09,17,7,0,0,0,1,0,0,0,1
"POINT (9.250641476000055 48.781443235000040)",Unfall 209672 (2024) Kat:3, Licht: 2,209672,3,3,5,09,20,7,0,2,1,1,0,0,0,0
"POINT (9.233862042000055 48.777780856000049)",Unfall 209673 (2024) Kat:3, Licht: 0,209673,3,6,2,09,13,7,0,0,0,1,0,0,0,0
"POINT (9.139642706000075 48.718439128000057)",Unfall 209674 (2024) Kat:3, Licht: 0,209674,3,6,1,09,14,7,0,0,0,1,0,1,0,0
"POINT (9.248081663000050 48.768722597000078)",Unfall 209675 (2024) Kat:3, Licht: 0,209675,3,7,0,09,16,7,0,0,1,0,0,0,0,0
"POINT (9.152783371000055 48.815469104000044)",Unfall 209731 (2024) Kat:3, Licht: 0,209731,3,3,5,09,10,6,0,0,1,1,0,0,0,0
"POINT (9.182787057000041 48.833870067000078)",Unfall 209732 (2024) Kat:3, Licht: 0,209732,3,3,5,09,15,6,0,0,1,1,0,0,0,0
"POINT (9.180936034000069 48.783266088000062)",Unfall 209734 (2024) Kat:3, Licht: 0,209734,3,7,6,09,14,6,0,0,0,1,1,0,0,0
"POINT (9.165335038000023 48.785138978000077)",Unfall 209735 (2024) Kat:3, Licht: 0,209735,3,7,6,09,13,6,0,0,0,0,1,0,0,1
"POINT (9.172729058000073 48.774405822000062)",Unfall 209736 (2024) Kat:3, Licht: 0,209736,3,7,0,09,10,6,0,0,1,1,0,0,0,0
"POINT (9.182937444000061 48.782555583000033)",Unfall 209784 (2024) Kat:3, Licht: 0,209784,3,7,0,09,07,5,0,0,0,1,0,0,0,1
"POINT (9.233292653000035 48.778184261000035)",Unfall 209785 (2024) Kat:3, Licht: 0,209785,3,6,2,09,10,5,0,0,0,0,0,1,0,0
"POINT (9.210398205000047 48.808311196000034)",Unfall 209786 (2024) Kat:3, Licht: 2,209786,3,4,6,09,22,5,0,2,0,1,1,0,0,0
"POINT (9.159799740000039 48.784385013000076)",Unfall 209796 (2024) Kat:3, Licht: 0,209796,3,1,0,09,12,3,1,0,0,0,0,1,0,0
"POINT (9.202840381000044 48.817516322000074)",Unfall 209830 (2024) Kat:3, Licht: 0,209830,3,6,3,09,12,4,0,0,0,1,0,1,0,0
"POINT (9.085782404000042 48.805136016000063)",Unfall 209831 (2024) Kat:3, Licht: 0,209831,3,4,6,09,17,4,0,0,0,1,1,0,0,0
"POINT (9.154276504000052 48.759798369000066)",Unfall 209832 (2024) Kat:3, Licht: 0,209832,3,6,2,09,17,4,0,0,1,0,0,0,0,1
"POINT (9.172206644000028 48.772537676000070)",Unfall 209833 (2024) Kat:3, Licht: 0,209833,3,5,1,09,15,4,0,0,0,1,0,0,0,0
"POINT (9.209190113000034 48.806134046000068)",Unfall 209892 (2024) Kat:3, Licht: 0,209892,3,7,5,09,08,2,1,0,0,1,0,0,0,1
"POINT (9.249865166000063 48.783746009000026)",Unfall 209893 (2024) Kat:3, Licht: 0,209893,3,3,5,09,14,2,1,0,0,1,0,0,0,0
"POINT (9.176379622000070 48.796924350000040)",Unfall 209916 (2024) Kat:3, Licht: 2,209916,3,1,8,09,05,1,0,2,0,1,0,0,0,0
"POINT (9.179450314000064 48.768178428000056)",Unfall 209917 (2024) Kat:2, Licht: 0,209917,2,2,3,09,14,1,0,0,0,1,0,1,0,0
"POINT (9.181005402000039 48.783237494000048)",Unfall 209940 (2024) Kat:3, Licht: 0,209940,3,6,2,09,16,7,0,0,0,1,0,0,0,1
"POINT (9.261419484000044 48.772800398000072)",Unfall 209941 (2024) Kat:3, Licht: 2,209941,3,7,0,09,23,7,0,2,1,0,0,0,0,0
"POINT (9.156686942000022 48.835723992000055)",Unfall 209977 (2024) Kat:3, Licht: 2,209977,3,6,3,09,05,6,0,2,0,1,0,1,0,0
"POINT (9.150256542000022 48.769268176000026)",Unfall 209978 (2024) Kat:3, Licht: 0,209978,3,7,6,09,08,6,0,0,0,0,1,0,0,1
"POINT (9.139786899000057 48.710904530000050)",Unfall 209979 (2024) Kat:3, Licht: 0,209979,3,3,5,09,09,6,0,0,0,1,0,0,1,0
"POINT (9.180160485000044 48.776217309000060)",Unfall 209980 (2024) Kat:3, Licht: 0,209980,3,6,3,09,10,6,0,0,1,0,0,0,0,0
"POINT (9.177512460000059 48.748329078000040)",Unfall 210010 (2024) Kat:3, Licht: 0,210010,3,3,5,09,17,7,0,0,0,0,1,0,0,1
"POINT (9.162788661000036 48.769250147000037)",Unfall 210015 (2024) Kat:3, Licht: 0,210015,3,2,0,09,16,5,0,0,0,0,0,1,0,0
"POINT (9.171458628000039 48.765050762000044)",Unfall 210016 (2024) Kat:3, Licht: 2,210016,3,5,1,09,07,5,0,2,0,1,0,0,0,1
"POINT (9.163812825000036 48.783757600000058)",Unfall 210017 (2024) Kat:3, Licht: 0,210017,3,6,2,09,12,5,1,0,0,1,0,1,0,0
"POINT (9.163819190000027 48.781015998000044)",Unfall 210041 (2024) Kat:3, Licht: 0,210041,3,3,0,09,14,4,1,0,0,1,0,1,0,0
"POINT (9.185154587000056 48.801785807000044)",Unfall 210042 (2024) Kat:3, Licht: 0,210042,3,3,5,09,14,4,1,0,0,1,0,0,0,1
"POINT (9.109265060000041 48.731469596000068)",Unfall 210043 (2024) Kat:3, Licht: 0,210043,3,3,5,09,14,4,1,0,1,1,0,0,0,0
"POINT (9.223814711000045 48.794805472000064)",Unfall 210044 (2024) Kat:3, Licht: 0,210044,3,6,2,09,17,4,1,0,0,1,0,0,0,0
"POINT (9.220697540000060 48.798453251000069)",Unfall 210077 (2024) Kat:2, Licht: 0,210077,2,7,0,09,09,3,1,0,1,0,0,0,0,0
"POINT (9.174735378000037 48.773043435000034)",Unfall 210119 (2024) Kat:3, Licht: 1,210119,3,1,0,09,19,2,1,1,1,0,0,0,0,0
"POINT (9.142704935000040 48.770052483000029)",Unfall 210121 (2024) Kat:3, Licht: 2,210121,3,7,0,09,20,2,0,2,1,0,0,0,0,0
"POINT (9.176229400000068 48.783726084000079)",Unfall 210122 (2024) Kat:3, Licht: 0,210122,3,7,0,09,13,2,0,0,1,0,0,0,0,0
"POINT (9.255005865000044 48.782493269000042)",Unfall 210154 (2024) Kat:3, Licht: 0,210154,3,3,0,09,13,1,0,0,0,1,0,1,0,0
"POINT (9.227890869000021 48.803521042000057)",Unfall 210155 (2024) Kat:2, Licht: 2,210155,2,1,1,09,05,1,0,2,0,1,0,0,0,1
"POINT (9.093192764000037 48.729605342000070)",Unfall 210156 (2024) Kat:3, Licht: 2,210156,3,1,0,09,00,1,0,2,1,0,0,0,0,0
"POINT (9.141881983000076 48.773434120000047)",Unfall 210157 (2024) Kat:3, Licht: 0,210157,3,1,4,09,17,1,1,0,0,1,0,1,0,0
"POINT (9.151220027000022 48.759653526000079)",Unfall 210158 (2024) Kat:3, Licht: 0,210158,3,3,0,09,19,1,1,0,0,1,0,0,0,1
"POINT (9.099728349000031 48.740254399000037)",Unfall 210206 (2024) Kat:3, Licht: 0,210206,3,7,0,09,11,7,0,0,0,1,0,0,0,0
"POINT (9.232449701000064 48.746655516000033)",Unfall 210207 (2024) Kat:3, Licht: 0,210207,3,4,6,09,18,7,0,0,0,0,1,1,0,0
"POINT (9.203306324000039 48.808031944000049)",Unfall 210208 (2024) Kat:3, Licht: 0,210208,3,7,0,09,10,7,0,0,0,1,0,0,0,0
"POINT (9.207399540000040 48.787483611000027)",Unfall 210209 (2024) Kat:3, Licht: 0,210209,3,3,5,09,18,7,0,0,1,0,0,0,0,1
"POINT (9.174537730000054 48.766229888000055)",Unfall 210261 (2024) Kat:2, Licht: 0,210261,2,1,8,09,07,6,1,0,0,1,0,0,0,0
"POINT (9.189803349000044 48.787390872000060)",Unfall 210262 (2024) Kat:3, Licht: 0,210262,3,7,8,09,12,6,0,0,0,1,0,0,0,0
"POINT (9.247882401000027 48.812903452000057)",Unfall 210263 (2024) Kat:3, Licht: 0,210263,3,3,5,09,18,6,0,0,0,1,0,1,0,0
"POINT (9.155425024000067 48.812788877000060)",Unfall 210265 (2024) Kat:2, Licht: 2,210265,2,1,1,09,23,6,0,2,1,1,0,0,0,0
"POINT (9.251725503000046 48.786184833000050)",Unfall 210266 (2024) Kat:3, Licht: 0,210266,3,6,3,09,16,6,0,0,1,0,0,0,0,0
"POINT (9.168827654000040 48.816252500000076)",Unfall 210272 (2024) Kat:3, Licht: 2,210272,3,3,5,09,01,1,1,2,0,1,0,0,0,0
"POINT (9.126943686000061 48.824529649000056)",Unfall 210292 (2024) Kat:3, Licht: 0,210292,3,3,5,09,11,7,1,0,0,1,0,1,0,0
"POINT (9.128172225000071 48.814148010000054)",Unfall 210311 (2024) Kat:2, Licht: 0,210311,2,4,6,09,13,5,0,0,0,1,1,0,0,0
"POINT (9.174118525000040 48.787915840000039)",Unfall 210312 (2024) Kat:3, Licht: 0,210312,3,5,1,09,08,5,0,0,0,1,0,1,0,0
"POINT (9.170298857000034 48.782314085000053)",Unfall 210313 (2024) Kat:2, Licht: 0,210313,2,6,0,09,11,5,0,0,0,1,0,0,0,1
"POINT (9.206898109000065 48.803315008000027)",Unfall 210314 (2024) Kat:3, Licht: 2,210314,3,7,0,09,22,5,0,2,0,0,0,0,0,1
"POINT (9.213487717000021 48.810063270000057)",Unfall 210315 (2024) Kat:3, Licht: 0,210315,3,7,1,09,08,5,0,0,0,1,0,0,0,0
"POINT (9.225020422000057 48.836612521000063)",Unfall 210316 (2024) Kat:3, Licht: 0,210316,3,6,0,09,11,5,0,0,0,1,1,0,0,0
"POINT (9.250485508000054 48.769422822000081)",Unfall 210355 (2024) Kat:3, Licht: 0,210355,3,5,2,09,11,4,0,0,0,1,0,0,0,0
"POINT (9.205581893000044 48.786541432000035)",Unfall 210356 (2024) Kat:2, Licht: 0,210356,2,5,1,09,07,4,0,0,1,1,0,0,0,0
"POINT (9.150372889000039 48.728817389000028)",Unfall 210357 (2024) Kat:3, Licht: 0,210357,3,6,2,09,10,4,1,0,0,1,0,0,0,0
"POINT (9.184796274000064 48.778030557000079)",Unfall 210358 (2024) Kat:3, Licht: 0,210358,3,1,0,09,09,4,1,0,1,0,0,0,0,0
"POINT (9.171231055000021 48.764054663000081)",Unfall 210409 (2024) Kat:3, Licht: 1,210409,3,2,5,10,17,3,0,1,1,1,0,0,0,0
"POINT (9.221554444000049 48.804018458000030)",Unfall 210410 (2024) Kat:3, Licht: 0,210410,3,2,6,10,09,3,0,0,0,1,1,0,0,0
"POINT (9.188371094000047 48.789143602000081)",Unfall 210411 (2024) Kat:3, Licht: 2,210411,3,6,1,10,18,3,0,2,0,1,0,0,0,0
"POINT (9.158874099000059 48.807603718000053)",Unfall 210442 (2024) Kat:3, Licht: 0,210442,3,7,0,10,14,2,0,0,0,1,0,0,0,0
"POINT (9.106928270000026 48.738681722000081)",Unfall 210443 (2024) Kat:3, Licht: 0,210443,3,6,1,10,08,2,0,0,1,1,0,0,0,0
"POINT (9.217744180000068 48.803074669000068)",Unfall 210462 (2024) Kat:3, Licht: 2,210462,3,1,0,10,01,1,0,2,0,0,0,0,0,1
"POINT (9.210457621000046 48.808213612000031)",Unfall 210531 (2024) Kat:3, Licht: 0,210531,3,3,5,10,12,4,0,0,0,1,0,0,0,0
"POINT (9.228651876000072 48.814887702000078)",Unfall 210542 (2024) Kat:3, Licht: 0,210542,3,7,0,10,10,6,0,0,1,0,0,0,0,0
"POINT (9.255359814000030 48.781614050000030)",Unfall 210543 (2024) Kat:3, Licht: 0,210543,3,6,2,10,15,6,0,0,0,1,0,0,0,0
"POINT (9.109856422000064 48.750341804000072)",Unfall 210587 (2024) Kat:3, Licht: 0,210587,3,5,1,10,08,5,0,0,0,1,0,1,0,0
"POINT (9.191492174000075 48.832048092000036)",Unfall 210588 (2024) Kat:3, Licht: 0,210588,3,7,6,10,17,5,0,0,1,0,1,0,0,0
"POINT (9.267968184000040 48.754374253000037)",Unfall 210621 (2024) Kat:3, Licht: 0,210621,3,6,2,10,15,4,0,0,0,1,0,0,0,0
"POINT (9.207189163000066 48.778832044000069)",Unfall 210626 (2024) Kat:3, Licht: 0,210626,3,4,6,10,13,3,0,0,0,1,1,0,0,0
"POINT (9.229390568000042 48.833539076000079)",Unfall 210665 (2024) Kat:3, Licht: 2,210665,3,3,5,10,06,3,0,2,1,1,0,0,0,0
"POINT (9.241903512000022 48.751762607000046)",Unfall 210666 (2024) Kat:3, Licht: 0,210666,3,7,7,10,14,3,1,0,0,1,0,0,0,0
"POINT (9.175314180000044 48.799487256000077)",Unfall 210712 (2024) Kat:3, Licht: 0,210712,3,6,3,10,16,2,0,0,0,1,0,1,0,0
"POINT (9.087116285000036 48.814494042000035)",Unfall 210734 (2024) Kat:3, Licht: 0,210734,3,1,0,10,09,3,0,0,0,0,0,1,0,0
"POINT (9.154894420000062 48.841534398000078)",Unfall 210735 (2024) Kat:3, Licht: 1,210735,3,3,5,10,18,1,0,1,1,1,0,0,0,0
"POINT (9.150086538000039 48.727168748000054)",Unfall 210759 (2024) Kat:3, Licht: 0,210759,3,7,0,10,14,7,1,0,0,0,0,1,0,0
"POINT (9.264015459000063 48.750931300000047)",Unfall 210804 (2024) Kat:3, Licht: 0,210804,3,3,5,10,15,6,0,0,0,1,0,0,0,0
"POINT (9.172686973000054 48.759917935000033)",Unfall 210805 (2024) Kat:3, Licht: 0,210805,3,1,0,10,12,6,1,0,0,1,0,1,0,0
"POINT (9.247162215000060 48.769421803000057)",Unfall 210853 (2024) Kat:3, Licht: 1,210853,3,3,5,10,06,5,0,1,0,1,0,0,0,1
"POINT (9.175210409000044 48.733216800000037)",Unfall 210854 (2024) Kat:3, Licht: 0,210854,3,3,0,10,09,5,1,0,1,1,0,0,0,0
"POINT (9.147860912000056 48.837443847000031)",Unfall 210855 (2024) Kat:3, Licht: 1,210855,3,3,5,10,07,5,0,1,1,1,0,0,0,0
"POINT (9.202355300000022 48.807832296000072)",Unfall 210856 (2024) Kat:3, Licht: 2,210856,3,7,0,10,19,5,0,2,1,0,0,0,0,0
"POINT (9.207482997000056 48.808640250000053)",Unfall 210857 (2024) Kat:3, Licht: 2,210857,3,1,1,10,23,5,0,2,0,1,0,0,0,1
"POINT (9.105639747000055 48.720476673000064)",Unfall 210858 (2024) Kat:3, Licht: 2,210858,3,7,0,10,21,5,0,2,0,1,0,0,0,0
"POINT (9.160511913000050 48.778945794000037)",Unfall 210918 (2024) Kat:3, Licht: 0,210918,3,3,0,10,06,3,1,0,0,1,0,1,0,1
"POINT (9.220828165000057 48.818117281000070)",Unfall 210919 (2024) Kat:3, Licht: 0,210919,3,3,5,10,17,3,0,0,0,1,0,0,0,0
"POINT (9.159470951000060 48.768249331000050)",Unfall 210920 (2024) Kat:3, Licht: 0,210920,3,2,5,10,07,3,0,0,0,1,0,0,0,0
"POINT (9.171070085000053 48.768293523000068)",Unfall 210921 (2024) Kat:3, Licht: 2,210921,3,2,3,10,19,3,0,2,1,0,0,1,0,0
"POINT (9.228492001000063 48.820579148000036)",Unfall 210953 (2024) Kat:2, Licht: 2,210953,2,6,4,10,06,2,0,2,1,0,0,0,0,0
"POINT (9.181324717000052 48.786666553000032)",Unfall 210954 (2024) Kat:3, Licht: 0,210954,3,4,0,10,14,2,0,0,0,1,1,0,0,0
"POINT (9.092722090000052 48.825236279000080)",Unfall 210955 (2024) Kat:3, Licht: 2,210955,3,2,5,10,06,2,0,2,1,1,0,0,0,0
"POINT (9.160778910000033 48.813166750000050)",Unfall 210956 (2024) Kat:2, Licht: 0,210956,2,3,0,10,17,2,0,0,1,0,0,0,0,0
"POINT (9.162674658000071 48.769406398000058)",Unfall 210957 (2024) Kat:3, Licht: 0,210957,3,5,1,10,09,2,1,0,1,1,0,0,0,0
"POINT (9.220951630000059 48.796839612000042)",Unfall 210974 (2024) Kat:3, Licht: 2,210974,3,6,1,10,19,1,0,2,0,1,0,0,0,0
"POINT (9.176925320000066 48.774431607000054)",Unfall 210975 (2024) Kat:3, Licht: 2,210975,3,1,0,10,00,1,0,2,0,0,0,0,0,1
"POINT (9.224447307000048 48.784484549000069)",Unfall 211000 (2024) Kat:3, Licht: 0,211000,3,6,4,10,08,7,0,0,0,1,0,1,0,0
"POINT (9.218171654000059 48.802109644000041)",Unfall 211038 (2024) Kat:3, Licht: 0,211038,3,7,6,10,16,6,0,0,0,1,1,0,0,0
"POINT (9.175533377000022 48.811009637000041)",Unfall 211051 (2024) Kat:3, Licht: 0,211051,3,2,5,10,08,3,1,0,1,1,0,0,0,0
"POINT (9.176010203000033 48.784969818000036)",Unfall 211065 (2024) Kat:3, Licht: 0,211065,3,3,5,10,13,2,0,0,1,1,0,0,0,0
"POINT (9.191705742000067 48.786965299000030)",Unfall 211083 (2024) Kat:2, Licht: 0,211083,2,5,1,10,15,3,0,0,1,1,0,0,0,0
"POINT (9.198962952000045 48.789298591000033)",Unfall 211096 (2024) Kat:3, Licht: 2,211096,3,6,3,10,19,5,1,2,1,1,0,0,0,0
"POINT (9.195158852000077 48.788997779000056)",Unfall 211142 (2024) Kat:3, Licht: 1,211142,3,3,5,10,18,4,0,1,0,1,0,1,0,0
"POINT (9.190021072000036 48.792865584000026)",Unfall 211143 (2024) Kat:3, Licht: 0,211143,3,1,3,10,18,4,0,0,1,1,0,0,0,0
"POINT (9.222743179000076 48.801578284000072)",Unfall 211180 (2024) Kat:3, Licht: 0,211180,3,3,5,10,14,3,1,0,1,1,0,0,0,0
"POINT (9.139442209000038 48.710490605000075)",Unfall 211181 (2024) Kat:3, Licht: 0,211181,3,6,2,10,08,3,1,0,0,1,0,0,0,0
"POINT (9.219880897000053 48.802107036000052)",Unfall 211228 (2024) Kat:3, Licht: 0,211228,3,6,2,10,15,2,0,0,0,1,0,0,0,0
"POINT (9.171028951000039 48.828449458000080)",Unfall 211229 (2024) Kat:3, Licht: 0,211229,3,3,5,10,08,2,1,0,0,1,0,0,0,0
"POINT (9.211882956000068 48.788830990000065)",Unfall 211238 (2024) Kat:3, Licht: 0,211238,3,4,6,10,12,7,0,0,0,1,1,0,0,0
"POINT (9.210261676000073 48.785345999000072)",Unfall 211249 (2024) Kat:3, Licht: 0,211249,3,5,1,10,16,1,0,0,1,1,0,0,0,0
"POINT (9.167318383000065 48.774601699000073)",Unfall 211250 (2024) Kat:3, Licht: 0,211250,3,3,5,10,17,1,0,0,1,1,0,0,0,0
"POINT (9.168677520000074 48.771044544000063)",Unfall 211274 (2024) Kat:3, Licht: 0,211274,3,1,0,10,10,7,0,0,1,0,0,0,0,0
"POINT (9.176740800000061 48.809405875000039)",Unfall 211300 (2024) Kat:3, Licht: 0,211300,3,3,5,10,15,6,1,0,0,1,0,0,0,0
"POINT (9.224866903000077 48.802968934000035)",Unfall 211301 (2024) Kat:3, Licht: 2,211301,3,7,0,10,19,6,1,2,0,0,0,1,0,0
"POINT (9.116631477000055 48.724919353000075)",Unfall 211302 (2024) Kat:2, Licht: 2,211302,2,1,0,10,23,6,1,2,0,0,0,0,0,1
"POINT (9.186313886000050 48.773758815000065)",Unfall 211303 (2024) Kat:3, Licht: 0,211303,3,2,6,10,16,6,0,0,0,1,1,0,0,0
"POINT (9.173995582000032 48.819130541000050)",Unfall 211315 (2024) Kat:3, Licht: 2,211315,3,6,3,10,23,5,1,2,0,1,0,0,0,0
"POINT (9.186601680000024 48.823857719000046)",Unfall 211344 (2024) Kat:3, Licht: 0,211344,3,3,5,10,14,4,0,0,0,1,0,0,0,1
"POINT (9.111872518000041 48.727012131000038)",Unfall 211346 (2024) Kat:3, Licht: 0,211346,3,4,6,10,08,4,1,0,0,1,1,0,0,0
"POINT (9.176972162000027 48.791630618000056)",Unfall 211394 (2024) Kat:3, Licht: 0,211394,3,7,0,10,17,3,0,0,1,1,0,0,0,0
"POINT (9.160026289000029 48.821642724000071)",Unfall 211395 (2024) Kat:3, Licht: 0,211395,3,3,5,10,12,3,0,0,1,0,0,0,0,1
"POINT (9.161732771000061 48.837775405000059)",Unfall 211397 (2024) Kat:3, Licht: 0,211397,3,1,0,10,12,3,0,0,0,0,0,0,0,1
"POINT (9.220291935000034 48.801178529000026)",Unfall 211398 (2024) Kat:3, Licht: 2,211398,3,6,2,10,21,3,1,2,0,0,0,0,0,1
"POINT (9.165130997000063 48.778015159000063)",Unfall 211399 (2024) Kat:3, Licht: 0,211399,3,4,6,10,08,3,0,0,0,1,1,0,0,0
"POINT (9.223542973000065 48.806035314000042)",Unfall 211464 (2024) Kat:3, Licht: 0,211464,3,3,5,12,08,2,0,0,1,1,0,0,0,0
"POINT (9.170564631000047 48.782320277000053)",Unfall 211465 (2024) Kat:3, Licht: 2,211465,3,2,6,12,19,2,1,2,0,1,1,0,0,0
"POINT (9.162226145000034 48.811713754000039)",Unfall 211486 (2024) Kat:3, Licht: 0,211486,3,6,3,11,14,7,0,0,0,1,0,1,0,0
"POINT (9.150739042000055 48.731150329000059)",Unfall 211487 (2024) Kat:3, Licht: 0,211487,3,2,3,11,13,7,0,0,1,0,0,1,0,0
"POINT (9.149815123000053 48.758230935000029)",Unfall 211488 (2024) Kat:3, Licht: 0,211488,3,7,1,11,13,7,0,0,0,1,0,0,0,0
"POINT (9.190619229000049 48.778293060000067)",Unfall 211489 (2024) Kat:3, Licht: 0,211489,3,6,2,11,13,7,0,0,0,1,0,0,0,0
"POINT (9.168540721000056 48.763675571000078)",Unfall 211533 (2024) Kat:3, Licht: 2,211533,3,7,0,11,20,6,0,2,0,1,0,1,0,0
"POINT (9.183173027000066 48.782365107000032)",Unfall 211534 (2024) Kat:3, Licht: 0,211534,3,6,3,11,10,6,0,0,0,1,0,0,0,0
"POINT (9.190619229000049 48.778293060000067)",Unfall 211559 (2024) Kat:3, Licht: 2,211559,3,7,0,11,21,5,0,2,1,1,0,0,0,0
"POINT (9.177806353000051 48.815885497000068)",Unfall 211560 (2024) Kat:3, Licht: 2,211560,3,3,5,11,16,5,0,2,1,0,0,1,0,0
"POINT (9.185077286000023 48.788988776000053)",Unfall 211561 (2024) Kat:3, Licht: 2,211561,3,7,0,11,18,5,0,2,1,0,0,0,0,0
"POINT (9.169096809000052 48.784006005000037)",Unfall 211598 (2024) Kat:3, Licht: 0,211598,3,2,5,11,09,4,0,0,1,1,0,0,0,0
"POINT (9.112485755000023 48.746710964000044)",Unfall 211629 (2024) Kat:3, Licht: 1,211629,3,3,5,12,07,3,1,1,1,1,0,0,0,0
"POINT (9.171293185000025 48.790671475000067)",Unfall 211661 (2024) Kat:2, Licht: 0,211661,2,2,0,11,11,2,0,0,0,0,0,1,0,0
"POINT (9.186571963000063 48.817234589000066)",Unfall 211670 (2024) Kat:3, Licht: 0,211670,3,3,5,11,09,1,0,0,0,1,0,0,0,0
"POINT (9.216071404000047 48.829879026000071)",Unfall 211671 (2024) Kat:3, Licht: 0,211671,3,1,0,11,13,1,0,0,0,1,0,0,0,1
"POINT (9.173454079000066 48.772224749000031)",Unfall 211672 (2024) Kat:3, Licht: 0,211672,3,1,0,11,14,1,0,0,1,0,0,0,0,0
"POINT (9.155233293000038 48.761576526000056)",Unfall 211673 (2024) Kat:3, Licht: 2,211673,3,5,2,11,17,1,0,2,0,1,0,0,0,1
"POINT (9.126852430000042 48.779237675000047)",Unfall 211702 (2024) Kat:3, Licht: 0,211702,3,4,6,11,11,7,0,0,0,0,1,0,0,1
"POINT (9.180145585000048 48.783477407000078)",Unfall 211703 (2024) Kat:3, Licht: 2,211703,3,3,5,11,19,7,0,2,0,1,0,0,0,1
"POINT (9.158684828000048 48.811812382000028)",Unfall 211705 (2024) Kat:3, Licht: 2,211705,3,4,6,11,17,7,0,2,0,1,1,0,0,0
"POINT (9.220621889000029 48.799031518000049)",Unfall 211706 (2024) Kat:3, Licht: 0,211706,3,3,5,11,14,7,0,0,1,1,0,0,0,0
"POINT (9.252147389000072 48.778679372000056)",Unfall 211744 (2024) Kat:3, Licht: 2,211744,3,7,6,11,19,6,1,2,0,1,1,0,0,0
"POINT (9.156002626000031 48.850709684000037)",Unfall 211745 (2024) Kat:3, Licht: 0,211745,3,4,6,11,10,6,0,0,1,0,1,0,0,0
"POINT (9.207895163000046 48.785630748000074)",Unfall 211762 (2024) Kat:3, Licht: 0,211762,3,5,1,11,08,4,0,0,1,0,0,0,1,0
"POINT (9.202179571000045 48.793099853000058)",Unfall 211770 (2024) Kat:3, Licht: 0,211770,3,3,5,12,13,1,0,0,0,1,0,0,0,0
"POINT (9.194897387000026 48.772041342000080)",Unfall 211774 (2024) Kat:3, Licht: 0,211774,3,2,4,11,08,5,0,0,1,1,0,0,0,0
"POINT (9.155542273000037 48.835509396000077)",Unfall 211810 (2024) Kat:3, Licht: 2,211810,3,5,1,11,04,4,1,2,0,1,0,1,0,0
"POINT (9.176801132000037 48.763014729000076)",Unfall 211811 (2024) Kat:3, Licht: 0,211811,3,5,1,11,08,4,1,0,0,1,0,0,0,1
"POINT (9.180649583000047 48.767976998000051)",Unfall 211812 (2024) Kat:3, Licht: 2,211812,3,3,5,11,18,4,0,2,0,1,0,0,0,1
"POINT (9.123431661000041 48.814490963000026)",Unfall 211851 (2024) Kat:2, Licht: 0,211851,2,3,5,11,10,3,0,0,0,1,0,1,0,0
"POINT (9.146154600000045 48.723176663000061)",Unfall 211852 (2024) Kat:3, Licht: 0,211852,3,6,3,11,07,3,1,0,0,1,0,0,0,1
"POINT (9.166625577000048 48.780376877000037)",Unfall 211853 (2024) Kat:3, Licht: 0,211853,3,3,5,11,13,3,0,0,0,1,0,0,0,1
"POINT (9.156763516000069 48.835820596000076)",Unfall 211883 (2024) Kat:3, Licht: 2,211883,3,2,5,11,19,2,1,2,0,1,0,0,0,0
"POINT (9.139626058000033 48.718426264000072)",Unfall 211884 (2024) Kat:2, Licht: 2,211884,2,3,5,11,21,2,1,2,0,1,0,1,0,0
"POINT (9.149465234000047 48.754320680000035)",Unfall 211885 (2024) Kat:3, Licht: 0,211885,3,1,9,11,15,2,1,0,0,0,0,1,0,0
"POINT (9.179116731000022 48.777723853000055)",Unfall 211888 (2024) Kat:3, Licht: 2,211888,3,7,6,11,02,1,1,2,0,0,1,0,0,1
"POINT (9.174957792000043 48.783422683000026)",Unfall 211892 (2024) Kat:3, Licht: 0,211892,3,4,6,11,17,1,0,0,0,1,1,0,0,0
"POINT (9.157376926000040 48.768756685000028)",Unfall 211919 (2024) Kat:3, Licht: 2,211919,3,3,5,11,17,7,0,2,1,1,0,0,0,0
"POINT (9.174793279000028 48.776904054000056)",Unfall 211951 (2024) Kat:2, Licht: 0,211951,2,7,6,11,11,6,0,0,1,0,1,0,0,0