WKT,Name,OBJECTID,UKATEGORIE,UTYP1,UART,UMONAT,USTUNDE,UWOCHENTAG,STRZUSTAND,ULICHTVERH,ISTRAD,ISTPKW,ISTFUSS,ISTKRAD,ISTGKFZ,ISTSONSTIG
"POINT (9.165107095000053 48.776436917000069)",Unfall 211975 (2024) Kat:3, Licht: 0,211975,3,7,0,11,08,2,0,0,0,1,0,0,0,1
"POINT (9.222089498000059 48.823805498000070)",Unfall 211996 (2024) Kat:3, Licht: 2,211996,3,6,2,11,18,2,0,2,0,1,0,0,0,0
"POINT (9.146561194000071 48.724871665000080)",Unfall 211998 (2024) Kat:3, Licht: 2,211998,3,2,4,11,17,5,1,2,1,1,0,0,0,0
"POINT (9.190164307000032 48.799418855000056)",Unfall 211999 (2024) Kat:3, Licht: 0,211999,3,3,3,11,15,5,0,0,0,1,0,0,0,1
"POINT (9.202408604000027 48.780399777000071)",Unfall 212000 (2024) Kat:3, Licht: 2,212000,3,3,5,11,18,5,1,2,0,1,0,0,0,0
"POINT (9.233066478000069 48.839979884000059)",Unfall 212001 (2024) Kat:3, Licht: 0,212001,3,3,5,11,08,5,0,0,1,0,0,0,0,0
"POINT (9.159038851000048 48.780604018000076)",Unfall 212002 (2024) Kat:3, Licht: 0,212002,3,3,5,11,08,5,0,0,1,1,0,0,0,0
"POINT (9.174392320000038 48.783963428000050)",Unfall 212003 (2024) Kat:3, Licht: 0,212003,3,3,5,11,08,5,0,0,1,1,0,0,0,0
"POINT (9.170920157000069 48.782149819000040)",Unfall 212004 (2024) Kat:3, Licht: 1,212004,3,3,5,11,16,5,0,1,0,1,0,0,0,0
"POINT (9.197285531000034 48.756831856000076)",Unfall 212005 (2024) Kat:2, Licht: 1,212005,2,1,4,11,16,5,1,1,1,0,0,0,0,0
"POINT (9.156054989000040 48.774974202000067)",Unfall 212018 (2024) Kat:2, Licht: 2,212018,2,3,5,11,00,7,0,2,0,1,0,1,0,0
"POINT (9.164247760000023 48.783659254000042)",Unfall 212033 (2024) Kat:3, Licht: 2,212033,3,3,5,11,17,4,0,2,1,1,0,0,0,0
"POINT (9.168015850000074 48.772046856000031)",Unfall 212034 (2024) Kat:2, Licht: 1,212034,2,2,5,11,16,4,0,1,1,1,0,0,0,0
"POINT (9.196570611000027 48.824838035000028)",Unfall 212064 (2024) Kat:3, Licht: 1,212064,3,3,5,11,17,3,0,1,0,1,0,0,0,0
"POINT (9.194754777000071 48.773419995000040)",Unfall 212065 (2024) Kat:3, Licht: 0,212065,3,1,0,11,08,3,1,0,0,0,0,1,0,0
"POINT (9.145507328000065 48.774290079000082)",Unfall 212066 (2024) Kat:3, Licht: 2,212066,3,3,6,11,19,3,0,2,0,1,1,0,0,0
"POINT (9.192007496000031 48.802026595000029)",Unfall 212067 (2024) Kat:3, Licht: 1,212067,3,1,0,11,16,3,0,1,0,0,0,1,0,0
"POINT (9.187528075000046 48.790454741000076)",Unfall 212156 (2024) Kat:3, Licht: 0,212156,3,6,3,11,14,7,0,0,0,1,0,1,0,0
"POINT (9.211264293000056 48.778859878000048)",Unfall 212157 (2024) Kat:3, Licht: 0,212157,3,7,6,11,07,7,0,0,0,1,0,0,0,1
"POINT (9.106389608000029 48.744364672000074)",Unfall 212159 (2024) Kat:3, Licht: 0,212159,3,6,2,11,15,7,0,0,0,1,0,1,0,0
"POINT (9.155940690000023 48.810683110000070)",Unfall 212161 (2024) Kat:3, Licht: 2,212161,3,2,4,11,17,7,0,2,0,1,0,1,0,0
"POINT (9.179186527000070 48.777701728000068)",Unfall 212162 (2024) Kat:3, Licht: 2,212162,3,1,6,11,19,7,0,2,0,0,1,0,0,1
"POINT (9.148716092000029 48.833548611000026)",Unfall 212204 (2024) Kat:3, Licht: 0,212204,3,6,6,11,13,6,0,0,0,1,1,0,0,0
"POINT (9.247967206000055 48.768689347000077)",Unfall 212205 (2024) Kat:3, Licht: 0,212205,3,2,5,11,12,6,0,0,1,0,0,0,0,1
"POINT (9.157525647000057 48.811825585000065)",Unfall 212239 (2024) Kat:3, Licht: 0,212239,3,4,6,11,11,5,0,0,1,0,1,0,0,0
"POINT (9.251036490000047 48.769570166000051)",Unfall 212240 (2024) Kat:3, Licht: 2,212240,3,1,0,11,19,5,1,2,0,1,0,0,0,0
"POINT (9.250164994000045 48.767442875000029)",Unfall 212283 (2024) Kat:3, Licht: 0,212283,3,6,2,11,15,4,0,0,1,1,0,0,0,0
"POINT (9.189321937000045 48.805334269000070)",Unfall 212284 (2024) Kat:3, Licht: 2,212284,3,3,5,11,17,4,0,2,0,1,0,0,0,0
"POINT (9.101182100000074 48.725404789000038)",Unfall 212285 (2024) Kat:3, Licht: 2,212285,3,3,5,11,05,4,0,2,1,1,0,0,0,0
"POINT (9.176400662000049 48.773096073000033)",Unfall 212286 (2024) Kat:3, Licht: 2,212286,3,1,5,11,18,4,0,2,1,1,0,0,0,0
"POINT (9.188488064000069 48.777848647000042)",Unfall 212321 (2024) Kat:3, Licht: 0,212321,3,2,4,11,09,3,0,0,1,1,0,0,0,0
"POINT (9.151968866000061 48.758549882000068)",Unfall 212322 (2024) Kat:3, Licht: 0,212322,3,6,4,11,08,3,0,0,1,0,0,0,1,0
"POINT (9.167889830000036 48.778016890000060)",Unfall 212366 (2024) Kat:3, Licht: 0,212366,3,2,3,11,16,2,0,0,0,1,0,0,0,1
"POINT (9.158546541000021 48.811527083000044)",Unfall 212367 (2024) Kat:3, Licht: 2,212367,3,1,0,11,18,2,0,2,1,0,0,0,0,0
"POINT (9.108688550000068 48.810906893000038)",Unfall 212368 (2024) Kat:2, Licht: 0,212368,2,1,0,11,15,2,0,0,1,0,0,0,0,0
"POINT (9.161015631000055 48.836650051000049)",Unfall 212408 (2024) Kat:3, Licht: 2,212408,3,7,0,11,17,7,0,2,0,1,0,1,0,0
"POINT (9.236338406000073 48.803857869000069)",Unfall 212409 (2024) Kat:3, Licht: 2,212409,3,1,0,11,00,7,0,2,0,0,0,1,0,0
"POINT (9.207953230000044 48.784117972000047)",Unfall 212410 (2024) Kat:3, Licht: 0,212410,3,3,5,11,07,7,1,0,1,1,0,0,0,0
"POINT (9.212023311000053 48.809251942000060)",Unfall 212432 (2024) Kat:3, Licht: 2,212432,3,3,5,11,19,6,0,2,0,1,0,0,0,0
"POINT (9.160124953000036 48.767294349000053)",Unfall 212433 (2024) Kat:3, Licht: 0,212433,3,7,0,11,14,6,0,0,0,1,0,1,0,0
"POINT (9.161651858000027 48.762315154000078)",Unfall 212479 (2024) Kat:3, Licht: 1,212479,3,7,0,10,16,5,0,1,1,0,1,0,0,0
"POINT (9.210146055000052 48.785736633000056)",Unfall 212480 (2024) Kat:3, Licht: 1,212480,3,7,1,10,19,5,0,1,1,1,0,0,0,0
"POINT (9.169124310000029 48.765880723000066)",Unfall 212482 (2024) Kat:3, Licht: 2,212482,3,6,3,10,19,5,0,2,1,0,0,0,0,0
"POINT (9.143032987000026 48.808608600000071)",Unfall 212827 (2024) Kat:3, Licht: 2,212827,3,2,6,12,21,2,0,2,0,1,1,0,0,0
"POINT (9.156310477000034 48.803190741000037)",Unfall 212828 (2024) Kat:3, Licht: 2,212828,3,1,1,12,05,2,2,2,0,1,0,0,0,0
"POINT (9.176318227000024 48.780035411000028)",Unfall 212853 (2024) Kat:3, Licht: 2,212853,3,7,0,12,00,7,0,2,0,0,0,0,0,1
"POINT (9.118077366000023 48.810236359000044)",Unfall 212868 (2024) Kat:3, Licht: 0,212868,3,3,5,12,14,6,0,0,1,1,0,0,0,0
"POINT (9.166539606000072 48.839537513000039)",Unfall 212893 (2024) Kat:3, Licht: 0,212893,3,3,5,12,13,3,0,0,0,1,0,0,0,0
"POINT (9.183630359000063 48.765209862000063)",Unfall 212894 (2024) Kat:3, Licht: 2,212894,3,7,9,12,06,3,1,2,0,1,0,0,0,0
"POINT (9.247810400000049 48.768364702000042)",Unfall 212918 (2024) Kat:3, Licht: 0,212918,3,4,6,12,10,2,1,0,0,1,1,0,0,0
"POINT (9.118421349000073 48.735367308000036)",Unfall 212931 (2024) Kat:3, Licht: 0,212931,3,6,2,12,11,1,1,0,1,1,0,0,0,0
"POINT (9.162511589000076 48.773009536000075)",Unfall 212953 (2024) Kat:3, Licht: 0,212953,3,3,5,12,14,7,0,0,1,1,0,0,0,0
"POINT (9.207871305000026 48.785804107000047)",Unfall 212979 (2024) Kat:3, Licht: 2,212979,3,6,1,12,21,6,0,2,0,1,0,0,0,0
"POINT (9.250520764000044 48.769432026000061)",Unfall 212980 (2024) Kat:3, Licht: 0,212980,3,6,2,12,14,6,0,0,0,1,0,0,0,0
"POINT (9.206240798000067 48.841492967000079)",Unfall 213019 (2024) Kat:3, Licht: 0,213019,3,7,1,12,14,5,1,0,0,1,0,0,0,0
"POINT (9.161843580000038 48.777157739000074)",Unfall 213020 (2024) Kat:3, Licht: 2,213020,3,3,5,12,20,5,0,2,0,0,0,1,0,1
"POINT (9.175340038000058 48.835325545000046)",Unfall 213021 (2024) Kat:3, Licht: 2,213021,3,6,2,12,16,5,1,2,0,1,0,0,0,0
"POINT (9.220815316000028 48.796450572000026)",Unfall 213022 (2024) Kat:3, Licht: 2,213022,3,2,2,12,22,5,1,2,0,1,0,0,0,1
"POINT (9.170887158000028 48.782152400000030)",Unfall 213054 (2024) Kat:3, Licht: 2,213054,3,2,5,12,17,4,0,2,0,1,0,1,0,0
"POINT (9.145899755000073 48.779617675000054)",Unfall 213055 (2024) Kat:3, Licht: 0,213055,3,4,6,12,12,4,0,0,0,1,1,0,0,0
"POINT (9.207397808000053 48.784198315000026)",Unfall 213056 (2024) Kat:3, Licht: 0,213056,3,7,6,12,09,4,1,0,0,1,1,0,0,0
"POINT (9.187864163000029 48.751203077000071)",Unfall 213089 (2024) Kat:3, Licht: 2,213089,3,4,6,12,06,3,1,2,1,0,1,0,0,0
"POINT (9.207557232000056 48.779836023000030)",Unfall 213091 (2024) Kat:2, Licht: 0,213091,2,3,5,12,10,3,1,0,0,1,0,0,0,1
"POINT (9.157312541000067 48.756338934000041)",Unfall 213094 (2024) Kat:3, Licht: 0,213094,3,6,2,12,07,3,0,0,0,1,0,0,0,0
"POINT (9.178961838000021 48.791002687000059)",Unfall 213131 (2024) Kat:2, Licht: 0,213131,2,2,4,12,12,2,0,0,1,1,0,0,0,0
"POINT (9.111337538000043 48.813246951000053)",Unfall 213132 (2024) Kat:3, Licht: 2,213132,3,3,5,12,17,2,0,2,0,1,0,0,0,1
"POINT (9.246126964000041 48.777654823000034)",Unfall 213133 (2024) Kat:3, Licht: 2,213133,3,6,2,12,20,2,0,2,0,1,0,0,0,0
"POINT (9.189755418000061 48.802805013000068)",Unfall 213135 (2024) Kat:3, Licht: 0,213135,3,6,0,12,15,2,0,0,0,0,1,0,0,1
"POINT (9.248577272000034 48.788225306000072)",Unfall 213149 (2024) Kat:3, Licht: 2,213149,3,3,5,12,18,1,0,2,0,1,0,0,0,0
"POINT (9.113833067000030 48.767211479000082)",Unfall 213150 (2024) Kat:2, Licht: 2,213150,2,3,5,12,17,1,0,2,0,1,0,1,0,0
"POINT (9.160468802000025 48.763006523000058)",Unfall 213151 (2024) Kat:3, Licht: 2,213151,3,3,5,12,18,1,0,2,1,0,0,0,0,1
"POINT (9.225459578000027 48.811457262000033)",Unfall 213168 (2024) Kat:2, Licht: 0,213168,2,7,0,12,11,7,0,0,1,0,0,0,0,0
"POINT (9.216648118000023 48.781998673000032)",Unfall 213226 (2024) Kat:3, Licht: 2,213226,3,4,6,12,19,5,0,2,0,1,1,0,0,0
"POINT (9.251802882000050 48.805749695000031)",Unfall 213267 (2024) Kat:1, Licht: 2,213267,1,1,0,12,21,4,1,2,0,0,0,0,0,1
"POINT (9.165445926000075 48.810963350000065)",Unfall 213268 (2024) Kat:3, Licht: 2,213268,3,6,4,12,19,4,0,2,1,0,0,0,0,0
"POINT (9.157185927000057 48.810814179000033)",Unfall 213269 (2024) Kat:3, Licht: 0,213269,3,4,6,12,12,4,0,0,0,1,1,0,0,0
"POINT (9.128028543000028 48.740131701000053)",Unfall 213305 (2024) Kat:3, Licht: 1,213305,3,3,6,12,17,3,0,1,0,1,1,0,0,0
"POINT (9.166941469000051 48.832262060000062)",Unfall 213306 (2024) Kat:3, Licht: 2,213306,3,4,2,12,17,4,0,2,0,1,1,0,0,0
"POINT (9.221351279000032 48.810231296000040)",Unfall 213307 (2024) Kat:3, Licht: 0,213307,3,4,6,12,09,3,0,0,0,1,1,0,0,0
"POINT (9.204438711000023 48.841251656000054)",Unfall 213308 (2024) Kat:3, Licht: 0,213308,3,3,5,12,07,3,0,0,0,1,0,0,0,1
"POINT (9.150360629000033 48.729068767000058)",Unfall 213310 (2024) Kat:3, Licht: 0,213310,3,3,5,12,14,3,1,0,0,1,0,0,0,0
"POINT (9.181886126000052 48.794412050000062)",Unfall 213311 (2024) Kat:3, Licht: 0,213311,3,7,0,12,13,3,1,0,1,1,0,0,0,0
"POINT (9.163971080000067 48.792780179000033)",Unfall 213312 (2024) Kat:3, Licht: 0,213312,3,5,0,12,07,3,1,0,1,1,0,0,0,0
"POINT (9.123389386000042 48.725608586000078)",Unfall 213344 (2024) Kat:3, Licht: 0,213344,3,3,5,12,11,2,1,0,1,1,0,0,0,0
"POINT (9.149501999000051 48.754342130000055)",Unfall 213345 (2024) Kat:3, Licht: 0,213345,3,1,2,12,09,2,1,0,0,1,0,1,0,0
"POINT (9.182103817000041 48.782823436000058)",Unfall 213409 (2024) Kat:3, Licht: 2,213409,3,6,0,12,16,6,0,2,0,0,0,1,0,1
"POINT (9.179164899000057 48.782365971000047)",Unfall 213410 (2024) Kat:3, Licht: 2,213410,3,2,6,12,20,6,0,2,0,1,1,0,0,0
"POINT (9.223458529000027 48.813285531000076)",Unfall 213425 (2024) Kat:3, Licht: 0,213425,3,3,0,12,13,6,0,0,0,1,0,1,0,0
"POINT (9.142962932000046 48.810162286000036)",Unfall 213454 (2024) Kat:3, Licht: 2,213454,3,2,6,12,18,5,0,2,0,1,1,0,0,0
"POINT (9.234387957000024 48.746860921000064)",Unfall 213455 (2024) Kat:2, Licht: 2,213455,2,5,1,12,18,5,1,2,1,1,0,0,0,0
"POINT (9.210965270000031 48.821573129000058)",Unfall 213456 (2024) Kat:3, Licht: 2,213456,3,2,6,12,17,5,1,2,0,1,1,0,0,0
"POINT (9.210543655000038 48.808074128000044)",Unfall 213457 (2024) Kat:3, Licht: 2,213457,3,7,8,12,23,5,0,2,0,1,0,0,0,0
"POINT (9.207724704000043 48.785220235000054)",Unfall 213458 (2024) Kat:3, Licht: 0,213458,3,4,6,12,11,5,0,0,0,1,1,0,0,0
"POINT (9.248612350000030 48.767567913000050)",Unfall 213459 (2024) Kat:3, Licht: 0,213459,3,7,0,12,12,5,0,0,0,1,0,0,0,0
"POINT (9.161716487000035 48.716150259000074)",Unfall 213460 (2024) Kat:3, Licht: 0,213460,3,6,1,12,09,5,0,0,0,1,0,0,0,0
"POINT (9.176911411000049 48.779842683000027)",Unfall 213461 (2024) Kat:3, Licht: 2,213461,3,1,0,12,18,5,1,2,0,0,0,1,0,0
"POINT (9.173009521000040 48.825040877000049)",Unfall 213487 (2024) Kat:3, Licht: 2,213487,3,5,2,12,19,4,0,2,0,1,0,0,0,0
"POINT (9.216121159000068 48.783758750000061)",Unfall 213488 (2024) Kat:3, Licht: 0,213488,3,4,6,12,11,4,0,0,0,0,1,0,0,1
"POINT (9.134227059000068 48.726749310000059)",Unfall 213489 (2024) Kat:3, Licht: 0,213489,3,3,5,12,09,4,1,0,1,1,0,0,0,0
"POINT (9.152740506000043 48.732001857000057)",Unfall 264779 (2024) Kat:3, Licht: 0,264779,3,1,0,01,11,5,2,0,1,0,0,0,0,0
"POINT (9.218491228000062 48.793544046000079)",Unfall 264852 (2024) Kat:3, Licht: 0,264852,3,7,0,03,07,1,0,0,1,0,0,0,0,0
"POINT (9.188460827000029 48.784988332000069)",Unfall 264860 (2024) Kat:3, Licht: 0,264860,3,1,0,03,07,3,1,0,1,0,0,0,0,0
"POINT (9.133276176000038 48.734995176000041)",Unfall 264878 (2024) Kat:3, Licht: 1,264878,3,7,0,03,06,4,1,1,1,0,0,0,0,0
"POINT (9.206371655000055 48.794330167000055)",Unfall 264879 (2024) Kat:3, Licht: 0,264879,3,6,4,03,08,5,0,0,1,0,0,0,0,0
"POINT (9.190951922000067 48.803695158000039)",Unfall 264886 (2024) Kat:3, Licht: 0,264886,3,3,5,03,10,1,0,0,1,1,0,0,0,0
"POINT (9.134008444000074 48.735911230000056)",Unfall 264887 (2024) Kat:3, Licht: 0,264887,3,6,4,03,11,1,0,0,1,0,0,0,0,0
"POINT (9.286318662000042 48.781171206000067)",Unfall 264907 (2024) Kat:3, Licht: 0,264907,3,7,0,03,13,2,0,0,1,0,0,0,0,0
"POINT (9.174823662000051 48.838376932000074)",Unfall 264926 (2024) Kat:3, Licht: 0,264926,3,1,0,03,14,1,0,0,1,0,0,0,0,0
"POINT (9.112189566000040 48.764173200000073)",Unfall 264968 (2024) Kat:2, Licht: 2,264968,2,7,0,04,22,6,0,2,1,0,0,0,0,0
"POINT (9.185507579000046 48.808140402000049)",Unfall 264981 (2024) Kat:3, Licht: 0,264981,3,7,0,04,12,1,0,0,1,0,0,0,0,0
"POINT (9.090581687000054 48.758930383000063)",Unfall 264982 (2024) Kat:3, Licht: 0,264982,3,6,3,04,17,1,0,0,1,0,0,1,0,0
"POINT (9.185007772000063 48.782264951000059)",Unfall 264996 (2024) Kat:2, Licht: 0,264996,2,1,8,04,08,3,0,0,1,0,0,0,0,0
"POINT (9.194984159000057 48.792348660000073)",Unfall 264997 (2024) Kat:2, Licht: 0,264997,2,2,5,04,16,3,0,0,1,0,0,0,0,0
"POINT (9.188707768000029 48.807225991000053)",Unfall 265005 (2024) Kat:3, Licht: 0,265005,3,1,0,04,17,5,1,0,1,0,0,0,0,0
"POINT (9.226371648000054 48.807083314000067)",Unfall 265034 (2024) Kat:3, Licht: 1,265034,3,7,0,04,20,2,0,1,1,0,0,0,0,0
"POINT (9.139799737000033 48.788120497000079)",Unfall 265036 (2024) Kat:3, Licht: 1,265036,3,7,0,04,06,3,1,1,1,0,0,0,0,0
"POINT (9.210776997000039 48.769364890000077)",Unfall 265044 (2024) Kat:3, Licht: 0,265044,3,7,0,05,09,4,0,0,1,0,0,0,0,0
"POINT (9.214305910000064 48.807135730000027)",Unfall 265076 (2024) Kat:3, Licht: 0,265076,3,6,3,05,13,2,0,0,1,0,0,0,0,1
"POINT (9.208166037000069 48.799277512000060)",Unfall 265092 (2024) Kat:3, Licht: 0,265092,3,6,4,05,07,6,0,0,1,0,0,0,0,0
"POINT (9.194509227000026 48.792687170000079)",Unfall 265112 (2024) Kat:3, Licht: 0,265112,3,7,0,05,15,1,0,0,1,0,0,0,0,0
"POINT (9.182433250000031 48.804541236000034)",Unfall 265119 (2024) Kat:3, Licht: 0,265119,3,7,0,05,08,2,0,0,1,0,0,0,0,0
"POINT (9.197550403000037 48.793337962000066)",Unfall 265120 (2024) Kat:3, Licht: 0,265120,3,4,6,05,18,2,0,0,1,0,1,0,0,0
"POINT (9.243688280000072 48.846695565000061)",Unfall 265164 (2024) Kat:3, Licht: 0,265164,3,7,0,05,18,2,0,0,1,0,0,0,0,0
"POINT (9.189138494000076 48.786114861000044)",Unfall 265176 (2024) Kat:3, Licht: 0,265176,3,2,5,05,20,4,0,0,1,0,0,0,0,0
"POINT (9.194047127000033 48.845843032000062)",Unfall 265185 (2024) Kat:3, Licht: 0,265185,3,1,8,05,12,1,0,0,1,0,0,0,0,0
"POINT (9.190472910000040 48.788432063000073)",Unfall 265225 (2024) Kat:3, Licht: 0,265225,3,3,5,06,07,3,0,0,1,0,0,0,0,0
"POINT (9.136172307000038 48.754655071000059)",Unfall 265236 (2024) Kat:3, Licht: 0,265236,3,1,0,06,08,6,0,0,1,0,0,0,0,0
"POINT (9.113560543000062 48.752077134000046)",Unfall 265243 (2024) Kat:3, Licht: 0,265243,3,7,0,06,14,7,0,0,1,0,0,0,0,0
"POINT (9.195197214000075 48.805812861000049)",Unfall 265267 (2024) Kat:3, Licht: 0,265267,3,6,6,06,19,3,0,0,1,0,1,0,0,0
"POINT (9.212261642000044 48.799946651000027)",Unfall 265268 (2024) Kat:3, Licht: 0,265268,3,2,5,06,07,3,0,0,1,0,0,0,0,0
"POINT (9.181903192000050 48.713943018000066)",Unfall 265309 (2024) Kat:3, Licht: 0,265309,3,7,0,06,07,3,0,0,1,0,0,0,0,0
"POINT (9.205612416000065 48.796658172000036)",Unfall 265362 (2024) Kat:3, Licht: 2,265362,3,7,0,06,23,4,0,2,1,0,0,0,0,0
"POINT (9.195852389000038 48.792505080000069)",Unfall 265399 (2024) Kat:3, Licht: 0,265399,3,7,6,06,13,1,0,0,1,0,1,0,0,0
"POINT (9.211262184000077 48.801187894000066)",Unfall 265423 (2024) Kat:3, Licht: 0,265423,3,2,0,07,17,6,0,0,1,0,0,0,0,0
"POINT (9.197979507000070 48.793601369000044)",Unfall 265451 (2024) Kat:3, Licht: 0,265451,3,4,6,07,17,3,0,0,1,0,1,0,0,0
"POINT (9.204630205000058 48.795250299000031)",Unfall 265465 (2024) Kat:3, Licht: 0,265465,3,1,0,07,08,4,1,0,1,0,0,0,0,0
"POINT (9.090082426000038 48.780283098000041)",Unfall 265478 (2024) Kat:3, Licht: 0,265478,3,1,0,07,12,7,0,0,1,0,0,0,0,0
"POINT (9.133638374000043 48.802161950000027)",Unfall 265485 (2024) Kat:2, Licht: 2,265485,2,1,8,07,04,1,0,2,1,0,0,0,0,0
"POINT (9.236863914000025 48.843397082000081)",Unfall 265498 (2024) Kat:3, Licht: 0,265498,3,3,5,07,15,2,0,0,1,0,0,0,0,0
"POINT (9.094454040000073 48.811837251000043)",Unfall 265507 (2024) Kat:3, Licht: 0,265507,3,7,0,07,08,3,0,0,1,0,0,0,0,0
"POINT (9.139504813000030 48.730446531000041)",Unfall 265516 (2024) Kat:3, Licht: 0,265516,3,6,6,07,20,4,0,0,1,0,1,0,0,0
"POINT (9.184399660000054 48.778451432000054)",Unfall 265523 (2024) Kat:3, Licht: 0,265523,3,7,6,07,20,5,0,0,1,0,1,0,0,0
"POINT (9.168717706000052 48.779486189000067)",Unfall 265537 (2024) Kat:3, Licht: 0,265537,3,7,0,07,08,7,0,0,1,0,0,0,0,0
"POINT (9.134234673000037 48.726077124000028)",Unfall 265565 (2024) Kat:2, Licht: 0,265565,2,6,0,07,17,3,1,0,1,0,0,0,0,0
"POINT (9.172968504000039 48.781253275000040)",Unfall 265597 (2024) Kat:2, Licht: 2,265597,2,1,0,07,23,7,1,2,1,0,0,0,0,0
"POINT (9.198829398000044 48.794272504000048)",Unfall 265604 (2024) Kat:3, Licht: 0,265604,3,7,6,07,17,1,0,0,1,0,1,0,0,0
"POINT (9.182008609000036 48.736742117000063)",Unfall 265630 (2024) Kat:3, Licht: 0,265630,3,1,0,07,20,3,0,0,1,0,0,0,0,0
"POINT (9.179868488000068 48.808291256000075)",Unfall 265659 (2024) Kat:3, Licht: 0,265659,3,1,0,08,16,1,0,0,1,0,0,0,0,0
"POINT (9.111540569000056 48.710121388000061)",Unfall 265660 (2024) Kat:3, Licht: 0,265660,3,7,0,08,16,1,0,0,1,0,0,0,0,0
"POINT (9.209609004000072 48.834093297000038)",Unfall 265669 (2024) Kat:3, Licht: 0,265669,3,7,0,08,19,2,0,0,1,0,0,0,0,0
"POINT (9.139849763000029 48.849393594000048)",Unfall 265686 (2024) Kat:3, Licht: 0,265686,3,6,2,08,12,4,0,0,1,0,0,0,0,1
"POINT (9.177138690000049 48.805324631000076)",Unfall 265692 (2024) Kat:3, Licht: 0,265692,3,1,0,08,18,5,0,0,1,0,0,0,0,0
"POINT (9.184110647000068 48.781599504000042)",Unfall 265705 (2024) Kat:3, Licht: 0,265705,3,7,0,08,08,7,0,0,1,0,0,0,0,0
"POINT (9.187884042000064 48.784384416000080)",Unfall 265712 (2024) Kat:3, Licht: 0,265712,3,7,0,08,12,1,0,0,1,0,0,0,0,0
"POINT (9.194068411000046 48.844584607000058)",Unfall 265717 (2024) Kat:1, Licht: 0,265717,1,7,9,08,18,2,0,0,1,0,0,0,0,0
"POINT (9.212929703000043 48.799636031000034)",Unfall 265807 (2024) Kat:3, Licht: 0,265807,3,7,0,08,07,4,0,0,1,0,0,0,0,0
"POINT (9.229275237000024 48.838922822000029)",Unfall 265830 (2024) Kat:3, Licht: 0,265830,3,6,6,08,17,7,0,0,1,0,1,0,0,0
"POINT (9.190472893000049 48.788474812000061)",Unfall 265841 (2024) Kat:3, Licht: 0,265841,3,7,0,09,16,1,0,0,1,0,0,0,0,0
"POINT (9.251892240000075 48.762546242000042)",Unfall 265882 (2024) Kat:3, Licht: 2,265882,3,7,0,09,03,1,0,2,1,0,0,0,0,0
"POINT (9.213379219000046 48.799499801000081)",Unfall 265894 (2024) Kat:2, Licht: 1,265894,2,6,0,09,19,5,0,1,1,0,0,0,0,0
"POINT (9.251359363000063 48.778538438000055)",Unfall 265899 (2024) Kat:3, Licht: 0,265899,3,6,4,09,16,7,0,0,1,0,0,0,0,0
"POINT (9.163885580000056 48.750455689000034)",Unfall 265905 (2024) Kat:2, Licht: 0,265905,2,7,0,09,19,3,0,0,1,0,0,0,0,0
"POINT (9.216958104000071 48.808972607000044)",Unfall 265909 (2024) Kat:3, Licht: 0,265909,3,1,5,09,17,4,0,0,1,0,0,0,0,0
"POINT (9.181853424000053 48.775348640000061)",Unfall 265915 (2024) Kat:3, Licht: 0,265915,3,4,6,09,11,5,0,0,1,0,1,0,0,0
"POINT (9.227252260000057 48.818822374000035)",Unfall 265921 (2024) Kat:2, Licht: 0,265921,2,6,4,09,14,6,0,0,1,0,0,0,0,0
"POINT (9.194432213000027 48.844323955000050)",Unfall 265937 (2024) Kat:3, Licht: 0,265937,3,7,8,09,16,2,1,0,1,0,0,0,0,0
"POINT (9.150101227000050 48.765401693000058)",Unfall 265982 (2024) Kat:3, Licht: 0,265982,3,1,0,10,15,5,1,0,1,0,0,0,0,0
"POINT (9.176853435000055 48.841089009000029)",Unfall 266009 (2024) Kat:3, Licht: 0,266009,3,3,5,10,14,6,1,0,1,0,0,0,0,1
"POINT (9.189575087000037 48.806419221000056)",Unfall 266031 (2024) Kat:3, Licht: 2,266031,3,6,4,10,07,5,0,2,1,0,0,0,0,0
"POINT (9.182452396000031 48.782848152000042)",Unfall 266062 (2024) Kat:3, Licht: 0,266062,3,1,0,11,17,7,0,0,1,0,0,0,0,0
"POINT (9.126385868000057 48.818076539000060)",Unfall 266078 (2024) Kat:3, Licht: 2,266078,3,5,1,11,19,5,0,2,1,1,0,0,0,0
"POINT (9.185244746000023 48.782386058000043)",Unfall 266098 (2024) Kat:3, Licht: 0,266098,3,6,4,11,08,4,1,0,1,0,0,0,0,0
"POINT (9.232240937000029 48.840129116000071)",Unfall 266117 (2024) Kat:3, Licht: 0,266117,3,7,0,12,07,2,2,0,1,0,0,0,0,0
"POINT (9.232234426000048 48.840120198000079)",Unfall 266118 (2024) Kat:3, Licht: 0,266118,3,7,0,12,07,2,2,0,1,0,0,0,0,0
"POINT (9.199977638000064 48.801718898000047)",Unfall 266125 (2024) Kat:3, Licht: 2,266125,3,6,6,12,03,1,1,2,1,0,1,0,0,0
"POINT (9.195183606000057 48.843937867000079)",Unfall 266134 (2024) Kat:3, Licht: 0,266134,3,7,0,12,12,5,1,0,1,0,0,0,0,1